team_name,team_base,team_suffix,country_name,sport_name,season_founded,season_last
(NDLB) National Dock Labour Board,,,UK,Rugby League,1951,1977
Abbey Hills,Abbey Hills,_,UK,Rugby League,1897,1897
Aberdare,Aberdare,RLFC,UK,Rugby League,1908,1908
Ace Amateurs,Ace,Amateurs,UK,Rugby League,1971,1993
Ace Caravans,Ace,Caravans,UK,Rugby League,1976,1976
Acton & Willesden,Acton & Willesden,RLFC,UK,Rugby League,1935,1935
Allerton,Allerton,RLFC,UK,Rugby League,1896,1896
Altrincham,Altrincham,RLFC,UK,Rugby League,1897,1901
Alverthorpe,Alverthorpe,RLFC,UK,Rugby League,1899,1902
Askam,Askam,ARLFC,UK,Rugby League,1901,1994
Aspatria,Aspatria,Hornets,UK,Rugby League,1900,1901
Astley & Tyldesley,Astley & Tyldesley,RLFC,UK,Rugby League,1934,1958
Atherton Hornets,Atherton,Hornets,UK,Rugby League,1896,1896
Barnsley United,Barnsley,United,UK,Rugby League,1924,1925
Barrow,Barrow,RLFC,UK,Rugby League,1897,1994
Barrow Cambridge St,Barrow Cambridge St,RLFC,UK,Rugby League,1925,1925
Barrow Island,Barrow Island,ARLFC,UK,Rugby League,1988,1994
Barrow Marsh,Barrow Marsh,Hornets,UK,Rugby League,1932,1934
Barrow St.George's,Barrow St.George's,RLFC,UK,Rugby League,1904,1908
Barry,Barry,RLFC,UK,Rugby League,1908,1908
Barton,Barton,RLFC,UK,Rugby League,1897,1912
Batley,Batley,RLFC,UK,Rugby League,1895,1994
Beecroft and Wightman,Beecroft and Wightman,RLFC,UK,Rugby League,1976,1976
Belle Vue Rangers,Belle Vue,Rangers,UK,Rugby League,1945,1954
Beverley,Beverley,ARLFC,UK,Rugby League,1903,1994
Bickershaw,Bickershaw,Hornets,UK,Rugby League,1929,1929
Birkenhead,Birkenhead,Wanderers,UK,Rugby League,1897,1903
Birstall,Birstall,_,UK,Rugby League,1899,1899
Bisons,Bisons,_,UK,Rugby League,1989,1994
Blackbrook,Blackbrook,ARLFC,UK,Rugby League,1966,1994
Blackpool Borough,Blackpool Borough,_,UK,Rugby League,1954,1986
Blackpool Gladiators,Blackpool,Gladiators,UK,Rugby League,1992,1994
Bowling,Bowling,_,UK,Rugby League,1898,1898
Bradford,Bradford,FC,UK,Rugby League,1895,1906
Bradford Churchill,Bradford Churchill,_,UK,Rugby League,1896,1896
Bradford Dudley Hill,Bradford Dudley Hill,RLFC,UK,Rugby League,1984,1994
Bradford Northern,Bradford,Northern,UK,Rugby League,1907,1994
Bramley,Bramley,RLFC,UK,Rugby League,1896,1994
Bridgend Blue Dragons,Bridgend,Blue Dragons,UK,Rugby League,1984,1984
Brighouse Rangers,Brighouse,Rangers,UK,Rugby League,1895,1914
Brighouse St.James,Brighouse St. James,_,UK,Rugby League,1906,1906
Brookhouse,Brookhouse,_,UK,Rugby League,1961,1965
Brookland,Brookland,Rovers,UK,Rugby League,1899,1946
Broughton Moor,Broughton Moor,_,UK,Rugby League,1910,1950
Broughton Rangers,Broughton,Rangers,UK,Rugby League,1895,1945
Broughton Recreation,Broughton,Recreation,UK,Rugby League,1896,1896
Buslingthorpe Vale,Buslingthorpe Vale,_,UK,Rugby League,1947,1947
Cadishead,Cadishead,_,UK,Rugby League,1921,1921
Cadishead and Irlam,Cadishead and Irlam,_,UK,Rugby League,1922,1922
Cambridge Eagles,Cambridge,Eagles,UK,Rugby League,1993,1993
Cardiff,Cardiff,RLFC,UK,Rugby League,1949,1951
Cardiff City Blue Dragons,Cardiff City,Blue Dragons,UK,Rugby League,1981,1983
Cardiff Institute,Cardiff,Institute,UK,Rugby League,1993,1994
Carlisle,Carlisle,RLFC,UK,Rugby League,1981,1994
Carlisle City,Carlisle City,_,UK,Rugby League,1928,1928
Carnforth,Carnforth,_,UK,Rugby League,1901,1901
Castleford,Castleford,RLFC,UK,Rugby League,1922,1994
Castleford,Castleford,RFC,UK,Rugby League,1896,1913
Cawoods,Cawoods,_,UK,Rugby League,1977,1977
Chadderton,Chadderton,_,UK,Rugby League,1904,1905
Chequerfield,Chequerfield,Rangers,UK,Rugby League,1994,1994
Chorley Borough,Chorley Borough,RLFC,UK,Rugby League,1988,1988
Chorley Borough,Chorley Borough,RLFC,UK,Rugby League,1989,1994
Clayton,Clayton,ARLFC,UK,Rugby League,1993,1993
Cleckheaton,Cleckheaton,_,UK,Rugby League,1902,1902
Cottingham,Cottingham,_,UK,Rugby League,1926,1929
Coventry,Coventry,RLFC,UK,Rugby League,1910,1912
Crompton,Crompton,RLFC,UK,Rugby League,1896,1896
Crosfield Recs,Crosfields,Recreation,UK,Rugby League,1965,1965
Crosfields,Crosfields,ARLFC,UK,Rugby League,1964,1994
Crown Malet,Crown Malet,_,UK,Rugby League,1994,1994
Cutsyke,Cutsyke,ARLFC,UK,Rugby League,1990,1990
Dalton,Dalton,ARLFC,UK,Rugby League,1897,1924
Dearham,Dearham,Wanderers,UK,Rugby League,1920,1933
Dewsbury,Dewsbury,RLFC,UK,Rugby League,1898,1994
Dewsbury Celtic,Dewsbury,Celtic,UK,Rugby League,1954,1994
Doncaster,Doncaster,RLFC,UK,Rugby League,1951,1994
Dukinfield,Dukinfield,_,UK,Rugby League,1896,1896
East Leeds,East Leeds,ARLFC,UK,Rugby League,1993,1994
Eastmoor,Eastmoor,_,UK,Rugby League,1896,1994
Ebbw Vale,Ebbw Vale,RLFC,UK,Rugby League,1907,1911
Eccles,Eccles,ARLFC,UK,Rugby League,1994,1994
Egerton,Egerton,_,UK,Rugby League,1904,1906
Egremont,Egremont,Rangers,UK,Rugby League,1905,1994
Elland,Elland,_,UK,Rugby League,1898,1993
Elland Wanderers,Elland,Wanderers,UK,Rugby League,1920,1921
Ellenborough,Ellenborough,Rangers,UK,Rugby League,1993,1994
Embassy,Embassy,_,UK,Rugby League,1994,1994
Eureka,Eureka,_,UK,Rugby League,1993,1993
Farnworth Ring O'Bells,Farnworth Ring O'Bells,_,UK,Rugby League,1993,1993
Featherstone,Featherstone,_,UK,Rugby League,1898,1901
Featherstone Jrs,Featherstone,Juniors,UK,Rugby League,1929,1930
Featherstone Rovers,Featherstone,Rovers,UK,Rugby League,1905,1994
Fleetwood,Fleetwood,_,UK,Rugby League,1897,1898
Fletcher Russell,Fletcher Russell & Co,_,UK,Rugby League,1898,1898
Flimby & Fothergill,Flimby & Fothergill,United,UK,Rugby League,1924,1924
Fryston,Fryston,_,UK,Rugby League,1993,1994
Fulham,Fulham,RLFC,UK,Rugby League,1980,1990
Fulham Travellers,Fulham,Travellers,UK,Rugby League,1993,1994
Glass Houghton,Glass Houghton,_,UK,Rugby League,1937,1937
Glasson,Glasson,Rangers,UK,Rugby League,1913,1969
Golden Lions,Golden Lions,_,UK,Rugby League,1930,1930
Goole,Goole,Seaporters,UK,Rugby League,1898,1936
Great Clifton,Great Clifton,_,UK,Rugby League,1929,1931
Greetland AR,Greetland,All Rounders,UK,Rugby League,1993,1994
Groves Utd,Groves,United,UK,Rugby League,1898,1898
Halifax,Halifax,RLFC,UK,Rugby League,1895,1994
Healey St Adults,Healey St,Adults,UK,Rugby League,1919,1919
Hebden Bridge,Hebden Bridge,_,UK,Rugby League,1899,1905
Heckmondwike,Heckmondwike,FC,UK,Rugby League,1896,1902
Hemel Stags,Hemel,Stags,UK,Rugby League,1993,1994
Hensingham,Hensingham,ARLFC,UK,Rugby League,1922,1994
Heworth,Heworth,ARLFC,UK,Rugby League,1986,1994
Higginshaw,Higginshaw,ARLFC,UK,Rugby League,1932,1938
Higher Ince,Higher Ince,_,UK,Rugby League,1945,1945
Highfield,Highfield,RFC,UK,Rugby League,1991,1994
Holbeck,Holbeck,RC,UK,Rugby League,1896,1903
Huddersfield,Huddersfield,_,UK,Rugby League,1895,1983
Huddersfield,Huddersfield,_,UK,Rugby League,1988,1994
Huddersfield Barracudas,Huddersfield,Barracudas,UK,Rugby League,1984,1987
Hull BOCM,Hull BOCM,_,UK,Rugby League,1919,1970
Hull Dockers,Hull,Dockers,UK,Rugby League,1991,1993
Hull F.C.,Hull,FC,UK,Rugby League,1895,1994
Hull Juniors,Hull,Juniors,UK,Rugby League,1945,1945
Hull Kingston Rovers,Hull Kingston,Rovers,UK,Rugby League,1897,1994
Hull Marlborough,Hull Marlborough,_,UK,Rugby League,1897,1902
Hull Newington,Hull Newington,Rovers,UK,Rugby League,1905,1905
Hull St Mary's,Hull St Mary's,_,UK,Rugby League,1933,1933
Hull St Patrick's,Hull St Patrick's,_,UK,Rugby League,1923,1923
Hunslet,Hunslet,FC,UK,Rugby League,1895,1972
Hunslet,Hunslet,RLFC,UK,Rugby League,1979,1994
Huyton,Huyton,RLFC,UK,Rugby League,1968,1983
Idle,Idle,_,UK,Rugby League,1898,1902
Imperial Athletic,Imperial Athletic,_,UK,Rugby League,1962,1962
Irlam Hornets,Irlam,Hornets,UK,Rugby League,1993,1993
Jubilee Hotel,Jubilee Hotel,_,UK,Rugby League,1985,1985
Keighley,Keighley,_,UK,Rugby League,1900,1990
Keighley Cougars,Keighley,Cougars,UK,Rugby League,1991,1994
Kells,Kells,ARLFC,UK,Rugby League,1945,1994
Kells Recs Centre,Kells Recs Centre,_,UK,Rugby League,1958,1958
Kendal Hornets,Kendal,Hornets,UK,Rugby League,1899,1902
Kent Invicta,Kent,Invicta,UK,Rugby League,1983,1983
Kinsley,Kinsley,_,UK,Rugby League,1900,1927
Kippax White Swan,Kippax White Swan,_,UK,Rugby League,1973,1974
Kirkstall,Kirkstall,_,UK,Rugby League,1901,1901
Lancashire Amateurs,Lancashire,Amateurs,UK,Rugby League,1947,1956
Lancaster,Lancaster,RFC,UK,Rugby League,1897,1904
Lane End Utd,Lane End,United,UK,Rugby League,1910,1911
Langworthy Jrs,Langworthy,Juniors,UK,Rugby League,1945,1945
Latchford Albion,Latchford,Albion,UK,Rugby League,1950,1953
Latchford Rangers,Latchford,Rangers,UK,Rugby League,1896,1898
Leeds,Leeds,_,UK,Rugby League,1895,1994
Leeds Met University,Leeds Met University,_,UK,Rugby League,1994,1994
Leeds Parish Church,Leeds Parish Church,_,UK,Rugby League,1896,1900
Lees,Lees,_,UK,Rugby League,1896,1897
Leigh,Leigh,RFC,UK,Rugby League,1895,1994
Leigh East,Leigh East,ARLFC,UK,Rugby League,1990,1994
Leigh Miners Rangers,Leigh Miners',Rangers,UK,Rugby League,1994,1994
Leigh Miners' Welfare,Leigh Miners',Welfare,UK,Rugby League,1967,1994
Leigh Shamrocks,Leigh,Shamrocks,UK,Rugby League,1904,1905
Lindley,Lindley,Swifts,UK,Rugby League,1928,1931
Littleborough,Littleborough,ARLFC,UK,Rugby League,1993,1994
Liverpool City,Liverpool City,RLFC,UK,Rugby League,1906,1906
Liverpool City,Liverpool City,RLFC,UK,Rugby League,1951,1968
Liverpool Stanley,Liverpool Stanley,RLFC,UK,Rugby League,1934,1950
Liversedge,Liversedge,RFC,UK,Rugby League,1895,1901
Llanelli,Llanelli,_,UK,Rugby League,1950,1950
Lock Lane,Lock Lane,ARLFC,UK,Rugby League,1957,1994
London Broncos,London,Broncos,UK,Rugby League,1994,1994
London Colonials,London,Colonials,UK,Rugby League,1993,1993
London Crusaders,London,Crusaders,UK,Rugby League,1991,1994
London Highfield,London Highfield,_,UK,Rugby League,1933,1933
Lostock Gralam,Lostock Gralam,_,UK,Rugby League,1897,1897
Luddendenfoot,Luddendenfoot,_,UK,Rugby League,1898,1898
Manchester SC,Manchester Ship Canal,_,UK,Rugby League,1934,1934
Manningham,Manningham,FC,UK,Rugby League,1895,1902
Mansfield Marksman,Mansfield,Marksman,UK,Rugby League,1984,1988
Marsh Hornets,Marsh,Hornets,UK,Rugby League,1903,1903
Maryport,Maryport,ARLFC,UK,Rugby League,1898,1969
Mayfield,Mayfield,ARLFC,UK,Rugby League,1974,1994
Merthyr Tydfil,Merthyr Tydfil,RLFC,UK,Rugby League,1907,1910
Mid-Rhondda,Mid-Rhondda,RLFC,UK,Rugby League,1908,1908
Milford,Milford,ARLFC,UK,Rugby League,1978,1994
Milford Amateurs,Milford,Amateurs,UK,Rugby League,1988,1988
Millom,Millom,RLFC,UK,Rugby League,1897,1993
Moldgreen,Moldgreen,ARLFC,UK,Rugby League,1993,1994
Moorends,Moorends,ARLFC,UK,Rugby League,1993,1994
Morecambe,Morecambe,RFC,UK,Rugby League,1896,1905
Morley,Morley,RFC,UK,Rugby League,1897,1897
Mossley,Mossley,_,UK,Rugby League,1897,1897
Myson,Myson,RLFC,UK,Rugby League,1984,1994
New Blackpool,New Blackpool,_,UK,Rugby League,1905,1906
New Earswick,New Earswick,All Blacks,UK,Rugby League,1994,1994
New Hunslet,New Hunslet,RLFC,UK,Rugby League,1973,1978
Newcastle,Newcastle,RLFC,UK,Rugby League,1936,1937
Newington,Newington,Rovers,UK,Rugby League,1906,1906
Norland,Norland,Sharks,UK,Rugby League,1994,1994
Normanton,Normanton,_,UK,Rugby League,1898,1948
Normanton St John's,Normanton St John's,ARLFC,UK,Rugby League,1910,1912
Northampton Knights,Northampton,Knights,UK,Rugby League,1994,1994
Norwood,Norwood,_,UK,Rugby League,1922,1922
Nottingham City,Nottingham City,RLFC,UK,Rugby League,1989,1994
Oldham,Oldham,RLFC,UK,Rugby League,1895,1994
Oldham Juniors,Oldham,Juniors,UK,Rugby League,1896,1897
Oldham St Annes,Oldham St Annes,_,UK,Rugby League,1961,1994
Orchard Park,Orchard Park,_,UK,Rugby League,1993,1993
Orford Tannery,Orford Tannery,_,UK,Rugby League,1951,1957
Orrell St James,Orrell St James,ARLFC,UK,Rugby League,1993,1994
Ossett,Ossett,_,UK,Rugby League,1899,1904
Otley,Otley,_,UK,Rugby League,1900,1905
Oulton,Oulton,Raiders,UK,Rugby League,1993,1994
Outwood Church,Outwood Church,ARLFC,UK,Rugby League,1898,1903
Outwood Parish Church,Outwood Parish Church,ARLFC,UK,Rugby League,1905,1905
Ovenden,Ovenden,ARLFC,UK,Rugby League,1976,1994
Park Amateurs,Park,Amateurs,UK,Rugby League,1993,1994
Parton,Parton,_,UK,Rugby League,1902,1905
Pemberton Rovers,Pemberton,Rovers,UK,Rugby League,1906,1947
Pendlebury,Pendlebury,_,UK,Rugby League,1920,1920
Pendlebury Jnrs,Pendlebury,Juniors,UK,Rugby League,1933,1937
Penrith Utd,Penrith,United,UK,Rugby League,1901,1901
Pilkington Recs,Pilkington,Recs,UK,Rugby League,1960,1980
Pointer Panthers,Pointer,Panthers,UK,Rugby League,1975,1975
Pontefract,Pontefract,_,UK,Rugby League,1899,1906
Pontypridd,Pontypridd,RLFC,UK,Rugby League,1926,1926
Purston,Purston White Horse,_,UK,Rugby League,1909,1909
Queens,Queens,RLFC,UK,Rugby League,1993,1994
Radcliffe,Radcliffe,RFC,UK,Rugby League,1896,1906
Redhill,Redhill,_,UK,Rugby League,1993,1994
Risehow & Gillhead,Risehow & Gillhead,_,UK,Rugby League,1947,1947
Rochdale Athletic,Rochdale,Athletic,UK,Rugby League,1897,1903
Rochdale Hornets,Rochdale,Hornets,UK,Rugby League,1895,1994
Rochdale Rangers,Rochdale,Rangers,UK,Rugby League,1897,1905
Rochdale St Clements,Rochdale St Clements,_,UK,Rugby League,1896,1896
Roose,Roose,_,UK,Rugby League,1903,1962
Rothwell,Rothwell,_,UK,Rugby League,1898,1899
Runcorn,Runcorn,RFC,UK,Rugby League,1895,1914
Runcorn Highfield,Runcorn Highfield,_,UK,Rugby League,1984,1990
Runcorn Recreation,Runcorn,Recreation,UK,Rugby League,1896,1898
Ryedale-York,Ryedale-York,_,UK,Rugby League,1989,1994
Saddleworth,Saddleworth,_,UK,Rugby League,1898,1991
Saddleworth Rangers,Saddleworth,Rangers,UK,Rugby League,1993,1994
Salford,Salford,_,UK,Rugby League,1896,1994
Salford St Bart's,Salford St Bart's,_,UK,Rugby League,1897,1898
Salterhebble,Salterhebble,_,UK,Rugby League,1902,1902
Saville Green,Saville Green,_,UK,Rugby League,1905,1906
Scarborough Pirates,Scarborough,Pirates,UK,Rugby League,1991,1991
Seaton Rangers,Seaton,Rangers,UK,Rugby League,1899,1993
Sharlston Rovers,Sharlston,Rovers,UK,Rugby League,1904,1945
Shaw Cross,Shaw Cross,Sharks,UK,Rugby League,1993,1994
Sheffield Eagles,Sheffield,Eagles,UK,Rugby League,1984,1994
Shipley,Shipley,FC,UK,Rugby League,1900,1900
Simms Cross,Simms Cross,ARLFC,UK,Rugby League,1993,1994
Skirlaugh,Skirlaugh,ARLFC,UK,Rugby League,1993,1994
Smallbridge,Smallbridge,_,UK,Rugby League,1897,1897
South London,South London,_,UK,Rugby League,1994,1994
South Shields,South Shields,RLC,UK,Rugby League,1901,1903
Southend Invicta,Southend,Invicta,UK,Rugby League,1984,1984
Sowerby Bridge,Sowerby Bridge,_,UK,Rugby League,1900,1902
Springfield Borough.,Springfield Borough,_,UK,Rugby League,1987,1987
St Helens,St Helens,RFC,UK,Rugby League,1895,1994
St Helens Amateurs,St Helens,Amateurs,UK,Rugby League,1969,1970
St Helens Recs,St Helens,Recreation,UK,Rugby League,1896,1980
St. Paul's,St. Paul's,_,UK,Rugby League,1902,1902
Stanningley,Stanningley,SARLC,UK,Rugby League,1955,1963
Stockport,Stockport,RFC,UK,Rugby League,1895,1902
Stockport Rangers,Stockport,Rangers,UK,Rugby League,1896,1896
Streatham & Mitcham,Streatham & Mitcham,RLFC,UK,Rugby League,1935,1936
Swinton,Swinton,RLFC,UK,Rugby League,1896,1994
Swinton Church,Swinton Church,_,UK,Rugby League,1896,1897
Swinton Park,Swinton Park,_,UK,Rugby League,1913,1913
Thames Board Mills,Thames Board Mills,_,UK,Rugby League,1963,1971
Thatto Heath,Thatto Heath,RLFC,UK,Rugby League,1987,1994
Thornhill,Thornhill,ARLFC,UK,Rugby League,1994,1994
Thornton Rangers,Thornton,Rangers,UK,Rugby League,1896,1896
Thrum Hall,Thrum Hall,_,UK,Rugby League,1902,1902
Todmorden,Todmorden,ARLFC,UK,Rugby League,1899,1901
Trafford Borough,Trafford Borough,_,UK,Rugby League,1989,1991
Treherbert,Treherbert,RLFC,UK,Rugby League,1908,1909
Triangle Valve,Triangle Valve,_,UK,Rugby League,1955,1955
Twelve Apostles,Twelve Apostles,RFC,UK,Rugby League,1924,1927
Tyldesley,Tyldesley,FC,UK,Rugby League,1895,1900
Ulverston,Ulverston,ARLFC,UK,Rugby League,1897,1898
United Glass Bottle,United Glass Bottle,ARLFC,UK,Rugby League,1938,1938
Uno's Dabs,Uno's,Dabs,UK,Rugby League,1928,1932
Upton & Frickley,Upton & Frickley,_,UK,Rugby League,1993,1994
Victoria Rangers,Victoria,Rangers,UK,Rugby League,1904,1905
Vine Tavern,Vine Tavern,ARLFC,UK,Rugby League,1947,1948
Wakefield Loco,Wakefield,Loco,UK,Rugby League,1956,1956
Wakefield Trinity,Wakefield Trinity,RLFC,UK,Rugby League,1895,1994
Walkden,Walkden,_,UK,Rugby League,1896,1896
Walney,Walney,_,UK,Rugby League,1959,1959
Walney Central,Walney Central,_,UK,Rugby League,1993,1993
Walney Island,Walney Island,_,UK,Rugby League,1994,1994
Wardley,Wardley,_,UK,Rugby League,1914,1923
Warrington,Warrington,FC,UK,Rugby League,1895,1994
Warrington Loco,Warrington,Locos,UK,Rugby League,1896,1896
Warrington St Mary's,Warrington St Mary's,_,UK,Rugby League,1896,1898
Waterhead Hornets,Waterhead,Hornets,UK,Rugby League,1896,1896
Wath Brow Hornets,Wath Brow,Hornets,UK,Rugby League,1899,1994
Werneth,Werneth,_,UK,Rugby League,1897,1902
West Bowling,West Bowling,ARLFC,UK,Rugby League,1993,1994
West Hull,West Hull,ARLFC,UK,Rugby League,1979,1994
Westgate Redoubt,Westgate Redoubt,_,UK,Rugby League,1993,1993
Wheldale Colliery,Wheldale Colliery,ARLFC,UK,Rugby League,1946,1953
Whitehaven,Whitehaven,RLFC,UK,Rugby League,1948,1994
Whitehaven Amateurs,Whitehaven,Amateurs,UK,Rugby League,1970,1970
Whitehaven Recreation,Whitehaven,Recreation,UK,Rugby League,1899,1928
Whitehaven Town,Whitehaven Town,_,UK,Rugby League,1899,1899
Whitworth,Whitworth,_,UK,Rugby League,1897,1900
Widnes,Widnes,FC,UK,Rugby League,1895,1994
Widnes Dragons,Widnes,Dragons,UK,Rugby League,1946,1946
Widnes Rangers,Widnes,Rangers,UK,Rugby League,1905,1905
Widnes St Maries,Widnes St Maries,_,UK,Rugby League,1956,1956
Wigan,Wigan,FC,UK,Rugby League,1895,1994
Wigan Highfield,Wigan Highfield,RFC,UK,Rugby League,1903,1933
Wigan Rangers,Wigan,Rangers,UK,Rugby League,1933,1933
Wigan St Judes,Wigan St Judes,_,UK,Rugby League,1994,1994
Wigan St Patricks,Wigan St Patricks,ARLFC,UK,Rugby League,1988,1994
Windhill,Windhill,_,UK,Rugby League,1899,1902
Woolston Rovers,Woolston,Rovers,UK,Rugby League,1993,1994
Workington,Workington,_,UK,Rugby League,1898,1902
Workington Town,Workington Town,RLFC,UK,Rugby League,1945,1994
Worsley Boys Club,Worsley,Boys Club,UK,Rugby League,1949,1949
Worth Village,Worth Village,ARLFC,UK,Rugby League,1994,1994
York,York,FC,UK,Rugby League,1898,1988
York Acorn,York Acorn,ARLFC,UK,Rugby League,1993,1994
York Groves Utd,York Grove,United,UK,Rugby League,1910,1910
York Irish,York,Irish,UK,Rugby League,1909,1909
Yorkshire Amateurs,Yorkshire,Amateurs,UK,Rugby League,1946,1950