Position,Name,Number of babies
1,David,1761
2,John,1258
3,Paul,1230
4,James,1068
5,Andrew,1042
6,Steven,884
7,Scott,816
8,Mark,775
9,Robert,757
10,Christopher,747
11,Craig,705
12,Stuart,683
13,Kevin,676
14,Alan,661
15,Michael,659
16,Stephen,633
17,William,597
18,Colin,495
19,Brian,477
20,Neil,463
21,Richard,451
22,Ross,433
23,Thomas,407
24,Gary,406
25,Derek,394
26,Iain,379
27,Gordon,364
28,Graeme,363
29,Martin,352
30,Barry,342
31=,Gavin,329
31=,Ian,329
33,Kenneth,327
34,Alexander,322
35,Peter,308
36,Graham,265
37,Allan,241
38,Darren,238
39,Jamie,223
40,Simon,212
41,Lee,207
42=,George,199
42=,Keith,199
44,Stewart,191
45,Douglas,186
46,Jonathan,175
47,Matthew,168
48,Daniel,160
49,Grant,158
50,Joseph,155
51,Jason,148
52,Anthony,147
53,Ryan,141
54,Edward,140
55,Fraser,135
56,Donald,127
57,Charles,123
58,Garry,122
59,Duncan,120
60,Nicholas,116
61,Raymond,109
62,Alistair,105
63,Bryan,103
64,Philip,102
65,Alastair,101
66,Malcolm,95
67,Alasdair,87
68,Russell,86
69,Patrick,82
70=,Euan,81
70=,Ewan,81
72,Gareth,79
73,Bruce,77
74,Adam,74
75,Gerard,73
76=,Greig,68
76=,Marc,68
78,Sean,67
79,Robin,66
80,Ronald,64
81,Benjamin,63
82,Francis,62
83,Gregor,60
84=,Greg,55
84=,Hugh,55
86=,Calum,50
86=,Shaun,50
88,Cameron,47
89,Roderick,45
90=,Angus,41
90=,Gerald,41
92=,Rory,40
92=,Samuel,40
94,Wayne,39
95,Murray,38
96=,Norman,37
96=,Timothy,37
98,Dean,36
99,Martyn,34
100=,Roy,33
100=,Wesley,33
102,Liam,32
103=,Aaron,31
103=,Adrian,31
103=,Justin,31
106=,Eric,28
106=,Ewen,28
106=,Niall,28
106=,Terence,28
110,Barrie,27
111,Antony,26
112=,Gregg,25
112=,Lewis,25
114=,Callum,24
114=,Owen,24
116,Jon,23
117=,Campbell,22
117=,Glen,22
117=,Henry,22
117=,Kris,22
121=,Marcus,21
121=,Mohammed,21
121=,Phillip,21
124=,Christian,20
124=,Clark,20
124=,Gregory,20
124=,Jeffrey,20
124=,Leslie,20
124=,Ralph,20
124=,Vincent,20
131=,Alister,19
131=,Dominic,19
131=,Hamish,19
131=,Kieran,19
131=,Lindsay,19
136=,Brendan,18
136=,Damian,18
136=,Terry,18
136=,Trevor,18
140=,Dale,17
140=,Frank,17
140=,Roger,17
143,Damien,16
144=,Arthur,15
144=,Blair,15
144=,Fergus,15
144=,Luke,15
144=,Tom,15
149=,Guy,14
149=,Scot,14
151=,Alisdair,13
151=,Finlay,13
151=,Harry,13
151=,Magnus,13
151=,Oliver,13
151=,Shane,13
157=,Brett,12
157=,Geoffrey,12
157=,Innes,12
157=,Lawrence,12
157=,Leon,12
157=,Neill,12
163=,Danny,11
163=,Drew,11
163=,Maurice,11
163=,Mohammad,11
163=,Nicol,11
163=,Stefan,11
169=,Ben,10
169=,Bernard,10
169=,Darran,10
169=,Glenn,10
169=,Karl,10
169=,Kristian,10
169=,Laurence,10
169=,Leigh,10
169=,Nathan,10
169=,Nigel,10
169=,Ronnie,10
169=,Warren,10
181=,Archibald,9
181=,Billy,9
181=,Crawford,9
181=,Derrick,9
181=,Desmond,9
181=,Frazer,9
181=,Marco,9
181=,Murdo,9
181=,Neal,9
181=,Rodger,9
181=,Stanley,9
181=,Tony,9
193=,Chris,8
193=,Denis,8
193=,Frederick,8
193=,Jack,8
193=,Myles,8
193=,Nicky,8
193=,Robbie,8
193=,Rodney,8
193=,Roland,8
193=,Ruaraidh,8
193=,Stephan,8
204=,Daryl,7
204=,Dennis,7
204=,Ivan,7
204=,Jay,7
204=,Jeremy,7
204=,Kieron,7
204=,Kristopher,7
204=,Leonard,7
204=,Lorne,7
204=,Morgan,7
204=,Noel,7
204=,Roddy,7
204=,Steve,7
217=,Albert,6
217=,Allen,6
217=,Arron,6
217=,Brent,6
217=,Clifford,6
217=,Darrin,6
217=,Edwin,6
217=,Elliot,6
217=,Evan,6
217=,Ivor,6
217=,Jaimie,6
217=,Johnny,6
217=,Laurie,6
217=,Lloyd,6
217=,Walter,6
232=,Alun,5
232=,Ashley,5
232=,Atholl,5
232=,Austen,5
232=,Austin,5
232=,Darryl,5
232=,Dwayne,5
232=,Erik,5
232=,Forbes,5
232=,Gerrard,5
232=,Hector,5
232=,Howard,5
232=,Imran,5
232=,Jonathon,5
232=,Julian,5
232=,Kyle,5
232=,Maxwell,5
232=,Melvin,5
232=,Nathaniel,5
232=,Omar,5
232=,Sinclair,5
232=,Tristan,5
232=,Victor,5
232=,Wai,5
232=,Westley,5
257=,Aidan,4
257=,Alfred,4
257=,Ali,4
257=,Allister,4
257=,Antonio,4
257=,Bradley,4
257=,Carl,4
257=,Chun,4
257=,Clint,4
257=,Dylan,4
257=,Eoin,4
257=,Grahame,4
257=,Jody,4
257=,Kirk,4
257=,Kristoffer,4
257=,Lawrie,4
257=,Leo,4
257=,Mathew,4
257=,Muhammad,4
257=,Nicolas,4
257=,Niki,4
257=,Riccardo,4
257=,Richie,4
257=,Ricky,4
257=,Ruairidh,4
257=,Sidney,4
257=,Tommy,4
284=,Ahmed,3
284=,Alec,3
284=,Alex,3
284=,Alyn,3
284=,Archie,3
284=,Benedict,3
284=,Bryce,3
284=,Carlo,3
284=,Chi,3
284=,Clarke,3
284=,Clinton,3
284=,Conrad,3
284=,Darin,3
284=,Daryll,3
284=,Declan,3
284=,Dereck,3
284=,Deryck,3
284=,Domenico,3
284=,Don,3
284=,Dougal,3
284=,Edmund,3
284=,Elliott,3
284=,Ernest,3
284=,Faisal,3
284=,Gabriel,3
284=,Gilbert,3
284=,Hamilton,3
284=,Haroon,3
284=,Jacob,3
284=,Jaime,3
284=,Joel,3
284=,Johnathan,3
284=,Jordan,3
284=,Ken,3
284=,Kerr,3
284=,Lachlan,3
284=,Lyall,3
284=,Marshall,3
284=,Michal,3
284=,Mustafa,3
284=,Nadeem,3
284=,Nial,3
284=,Nikki,3
284=,Quintin,3
284=,Quinton,3
284=,Rae,3
284=,Ramsay,3
284=,Ray,3
284=,Rikki,3
284=,Ritchie,3
284=,Ronan,3
284=,Rudi,3
284=,Russel,3
284=,Sam,3
284=,Sandy,3
284=,Sebastian,3
284=,Shahid,3
284=,Sohail,3
284=,Struan,3
284=,Tariq,3
284=,Wilson,3
345=,Adewale,2
345=,Adriano,2
345=,Aedan,2
345=,Ahmad,2
345=,Ajay,2
345=,Ajaz,2
345=,Amr,2
345=,Andreas,2
345=,Aron,2
345=,Asif,2
345=,Athar,2
345=,Bashar,2
345=,Brandon,2
345=,Brodie,2
345=,Calvin,2
345=,Casey,2
345=,Chad,2
345=,Christipher,2
345=,Christy,2
345=,Clive,2
345=,Corey,2
345=,Cornelius,2
345=,Crispin,2
345=,Damion,2
345=,Daren,2
345=,Darrell,2
345=,Darron,2
345=,Darryn,2
345=,Dax,2
345=,Derick,2
345=,Dermot,2
345=,Deryk,2
345=,Diarmid,2
345=,Dirk,2
345=,Duane,2
345=,Eamon,2
345=,Edgar,2
345=,Eugene,2
345=,Fahad,2
345=,Francesco,2
345=,Frankie,2
345=,Geoff,2
345=,Gian,2
345=,Gillies,2
345=,Giovanni,2
345=,Herbert,2
345=,Hugo,2
345=,Hunter,2
345=,Innis,2
345=,Jai,2
345=,Jared,2
345=,Jerome,2
345=,Joe,2
345=,John-James,2
345=,Jon-Paul,2
345=,Joshua,2
345=,Juan,2
345=,Kai,2
345=,Kam,2
345=,Kamran,2
345=,Keir,2
345=,Kelly,2
345=,Kenny,2
345=,Kevan,2
345=,Keven,2
345=,Khalid,2
345=,Lance,2
345=,Laurent,2
345=,Lorn,2
345=,Louis,2
345=,Ludovic,2
345=,Luis,2
345=,Mandeep,2
345=,Marek,2
345=,Mario,2
345=,Max,2
345=,Micah,2
345=,Mikael,2
345=,Mohamed,2
345=,Moray,2
345=,Nadeen,2
345=,Nairn,2
345=,Naveed,2
345=,Oscar,2
345=,Pasquale,2
345=,Quentin,2
345=,Rahil,2
345=,Rakesh,2
345=,Reid,2
345=,Reza,2
345=,Ricardo,2
345=,Rowan,2
345=,Rowland,2
345=,Ruari,2
345=,Ruaridh,2
345=,Sami,2
345=,Saqib,2
345=,Sebastien,2
345=,Seth,2
345=,Sheikh,2
345=,Sherif,2
345=,Simeon,2
345=,Solomon,2
345=,Sonny,2
345=,Stacy,2
345=,Sydney,2
345=,Tarik,2
345=,Tejinder,2
345=,Theodore,2
345=,Tobias,2
345=,Toby,2
345=,Tristram,2
345=,Usman,2
345=,Waheed,2
345=,Wallace,2
345=,Zahid,2
461=,Aarron,1
461=,Abbas,1
461=,Abdelilah,1
461=,Abdul,1
461=,Abdulla,1
461=,Abid,1
461=,Abraham,1
461=,Abrar,1
461=,Abu,1
461=,Ace,1
461=,Achal,1
461=,Adaire,1
461=,Adekumle,1
461=,Adel,1
461=,Adig,1
461=,Adley,1
461=,Adnan,1
461=,Aftab,1
461=,Afzal,1
461=,Agostino,1
461=,Agyat,1
461=,Ahsan,1
461=,Aian,1
461=,Ailean,1
461=,Ajmer,1
461=,Ala,1
461=,Alain,1
461=,Alban,1
461=,Alexandro,1
461=,Alick,1
461=,Alistar,1
461=,Alleyn,1
461=,Allun,1
461=,Altmash,1
461=,Alwyn,1
461=,Amar,1
461=,Amir,1
461=,Amjad,1
461=,Amjud,1
461=,Andleeb,1
461=,Andrea,1
461=,Angelo,1
461=,Angelos,1
461=,Anil,1
461=,Anit,1
461=,Anjum,1
461=,Anson,1
461=,Antoine,1
461=,Antonie,1
461=,Aonghas,1
461=,Archer,1
461=,Arfan,1
461=,Arfane,1
461=,Arif,1
461=,Aris,1
461=,Arjan,1
461=,Arjen,1
461=,Arnaud,1
461=,Arnold,1
461=,Asad,1
461=,Ashfaq,1
461=,Ashwin,1
461=,Asiaf,1
461=,Asim,1
461=,Assad,1
461=,Assif,1
461=,Assim,1
461=,Ataa-Ur-Rehman,1
461=,Athir,1
461=,Athol,1
461=,Athole,1
461=,Atif,1
461=,Atour,1
461=,Atta-Ur-Rehman,1
461=,Auston,1
461=,Ayad,1
461=,Ayotokunbo,1
461=,Azrul,1
461=,Babar,1
461=,Badr,1
461=,Balal,1
461=,Balbir,1
461=,Baljit,1
461=,Balvindar,1
461=,Baqar,1
461=,Barclay,1
461=,Barnaby,1
461=,Barney,1
461=,Barri,1
461=,Barry-John,1
461=,Basheer,1
461=,Beinn,1
461=,Ben-Sadeek,1
461=,Benjamen,1
461=,Bernd,1
461=,Beshir,1
461=,Bhupinder,1
461=,Biagio,1
461=,Bill,1
461=,Bjorn,1
461=,Bobby,1
461=,Bonar,1
461=,Bradford,1
461=,Braham,1
461=,Bran,1
461=,Brenden,1
461=,Brendon,1
461=,Brock,1
461=,Bronson,1
461=,Brydon,1
461=,Bryn,1
461=,Bulabari,1
461=,Cailean,1
461=,Callan,1
461=,Camillus,1
461=,Carlos,1
461=,Carlton,1
461=,Carol,1
461=,Caser,1
461=,Cathal,1
461=,Cecil,1
461=,Cedric,1
461=,Chabala,1
461=,Chagai,1
461=,Charley,1
461=,Chaudhary,1
461=,Chee,1
461=,Chen,1
461=,Chi-Chung,1
461=,Chika,1
461=,Chilton,1
461=,Chriss,1
461=,Christiaan,1
461=,Christoph,1
461=,Christophen,1
461=,Chuan,1
461=,Chukwu-Emeka,1
461=,Chukwuma,1
461=,Ciaran,1
461=,Clarence,1
461=,Clement,1
461=,Coll,1
461=,Collin,1
461=,Comfort,1
461=,Conan,1
461=,Conar,1
461=,Conel,1
461=,Connor,1
461=,Corin,1
461=,Corrie,1
461=,Corry,1
461=,Crauford,1
461=,Cregg,1
461=,Crighton,1
461=,Crispian,1
461=,Curtis,1
461=,Cyrus,1
461=,Dag,1
461=,Damon,1
461=,Dan,1
461=,Danish,1
461=,Dante,1
461=,Dario,1
461=,Darrine,1
461=,Darroch,1
461=,Darwin,1
461=,Dave,1
461=,Dawson,1
461=,Debapratim,1
461=,Dee,1
461=,Del,1
461=,Delwynn,1
461=,Demetrious,1
461=,Demetris,1
461=,Demian,1
461=,Denholm,1
461=,Dennys,1
461=,Denver,1
461=,Derik,1
461=,Derry,1
461=,Devin,1
461=,Dewar,1
461=,Dharen,1
461=,Diamond,1
461=,Diggory,1
461=,Dildeep,1
461=,Dimitri,1
461=,Divinder,1
461=,Dominick,1
461=,Donald-Diarmad,1
461=,Donny,1
461=,Dougald,1
461=,Dougall,1
461=,Drewan,1
461=,Drummond,1
461=,Duan,1
461=,Dugald,1
461=,Eachan,1
461=,Eamonn,1
461=,Earshad,1
461=,Eddie,1
461=,Eduard,1
461=,Eghosa,1
461=,Eion,1
461=,Ekenedilichuku,1
461=,Elijah,1
461=,Eliot,1
461=,Ellan,1
461=,Ellis,1
461=,Elred,1
461=,Emil,1
461=,Emlyn,1
461=,Emma,1
461=,Emmet,1
461=,Emmett,1
461=,Eoghann,1
461=,Erick,1
461=,Erland,1
461=,Erling,1
461=,Erol,1
461=,Errol,1
461=,Eryk,1
461=,Evan-David,1
461=,Ewart,1
461=,Ezra,1
461=,Fabio,1
461=,Faizal,1
461=,Farhan,1
461=,Farhat,1
461=,Faris,1
461=,Farquhar,1
461=,Farrell,1
461=,Farren,1
461=,Fasol,1
461=,Felipe,1
461=,Felton,1
461=,Feroz,1
461=,Filippo,1
461=,Finlegh,1
461=,Firas,1
461=,Fokko,1
461=,Fopefolu,1
461=,Ford,1
461=,Francisco,1
461=,Franco,1
461=,Frederic,1
461=,Fuat,1
461=,Galab,1
461=,Garek,1
461=,Garrick,1
461=,Garrion,1
461=,Garsham,1
461=,Garth,1
461=,Gaven,1
461=,Gee,1
461=,Geno,1
461=,Gerardo,1
461=,Gerrad,1
461=,Gerry,1
461=,Ghsan,1
461=,Giancallo,1
461=,Giancarlo,1
461=,Gianmarco,1
461=,Gianni,1
461=,Gianpaolo,1
461=,Giles,1
461=,Gillan,1
461=,Gilleathain,1
461=,Gilmour,1
461=,Giuliano,1
461=,Giulio,1
461=,Glahm,1
461=,Glyn,1
461=,Glynn,1
461=,Govind,1
461=,Grant-John,1
461=,Grier,1
461=,Grieve,1
461=,Grigor,1
461=,Gurbarth,1
461=,Gurdave,1
461=,Gurdeed,1
461=,Gurpage,1
461=,Gurprit,1
461=,Hadley,1
461=,Hadrian,1
461=,Haig,1
461=,Haldane,1
461=,Hamaiyu,1
461=,Hamid,1
461=,Harold,1
461=,Harris,1
461=,Harth,1
461=,Hasan,1
461=,Hassan,1
461=,Hau,1
461=,Hazmi,1
461=,Heather,1
461=,Hedi,1
461=,Heimir,1
461=,Himath,1
461=,Holden,1
461=,Holly,1
461=,Homer,1
461=,Hrushikesh,1
461=,Huntly,1
461=,Hussam,1
461=,Huw,1
461=,Ian-Ruari,1
461=,Ibrahim,1
461=,Ignacio,1
461=,Ikponmwosa,1
461=,Imraan,1
461=,Imtiaz,1
461=,Iqbal,1
461=,Iqhlal,1
461=,Irfan,1
461=,Irvine,1
461=,Irwin,1
461=,Isaac,1
461=,Ishtiaq,1
461=,Islay,1
461=,Jaemey,1
461=,Jagsohan,1
461=,Jahangir,1
461=,Jake,1
461=,Jan,1
461=,Jan-Michael,1
461=,Japhet,1
461=,Jarrod,1
461=,Jasbir,1
461=,Jasper,1
461=,Jaswinder,1
461=,Javed,1
461=,Jawad,1
461=,Jean-Pierre,1
461=,Jed,1
461=,Jeetender,1
461=,Jehramy,1
461=,Jeremiah,1
461=,Jeromey,1
461=,Jerry,1
461=,Jesus,1
461=,Jethro,1
461=,Jim,1
461=,Jimmy,1
461=,Jo,1
461=,Joey,1
461=,Johan,1
461=,John-Paul,1
461=,Johnathen,1
461=,Johnnie,1
461=,Johnpaul,1
461=,Jonathen,1
461=,Joni,1
461=,Jonni,1
461=,Jonothan,1
461=,Jordache,1
461=,Jordi,1
461=,Jorgen,1
461=,Jose,1
461=,Josh,1
461=,Josie,1
461=,Joss,1
461=,Jude,1
461=,Ka,1
461=,Kaldip,1
461=,Kamaldip,1
461=,Kamraan,1
461=,Kanchan,1
461=,Kane,1
461=,Kanti,1
461=,Kar,1
461=,Karim,1
461=,Karyl,1
461=,Kashif,1
461=,Kasief,1
461=,Kassim,1
461=,Keil,1
461=,Keiran,1
461=,Keiron,1
461=,Keivan,1
461=,Kemal,1
461=,Kenliang,1
461=,Kennedy,1
461=,Kent,1
461=,Kerran,1
461=,Kerrin,1
461=,Khris,1
461=,Kieren,1
461=,Kim,1
461=,Kingsley,1
461=,Kinning,1
461=,Kirn,1
461=,Kiron,1
461=,Kirstin,1
461=,Kjeld,1
461=,Kjell,1
461=,Klas,1
461=,Kodilichi,1
461=,Konrad,1
461=,Kristen,1
461=,Kristofer,1
461=,Kristoffar,1
461=,Kristoffor,1
461=,Kristofor,1
461=,Krys,1
461=,Kulbinder,1
461=,Kuo,1
461=,Laeland,1
461=,Laing,1
461=,Larry,1
461=,Latif,1
461=,Laughlin,1
461=,Lea,1
461=,Leighton,1
461=,Lemont,1
461=,Leonardo,1
461=,Leopoldo,1
461=,Leroy,1
461=,Lesley,1
461=,Lindsey,1
461=,Linsey,1
461=,Logie,1
461=,Lonnie,1
461=,Loon-Bun,1
461=,Lorenzo,1
461=,Lorrimer-John,1
461=,Lu'ay,1
461=,Luca,1
461=,Lucas,1
461=,Luciano,1
461=,Luthais,1
461=,Lyle,1
461=,Lyndon,1
461=,Maarten,1
461=,Macdonald,1
461=,Maclean,1
461=,Mahammad,1
461=,Mahindhan,1
461=,Majid,1
461=,Malkiet,1
461=,Manjinder,1
461=,Manjit,1
461=,Manmeet,1
461=,Mansoor,1
461=,Manus,1
461=,Marcel,1
461=,Marcello,1
461=,Marcos,1
461=,Marjiwra,1
461=,Marko,1
461=,Marrack,1
461=,Matt,1
461=,Maurizio,1
461=,Megat,1
461=,Melad,1
461=,Melville,1
461=,Melvyn,1
461=,Menzies,1
461=,Merrick,1
461=,Michael-Geoffre,1
461=,Michaeljon,1
461=,Micheal,1
461=,Miebaka,1
461=,Miguel,1
461=,Mike,1
461=,Miles,1
461=,Miller,1
461=,Min,1
461=,Mirza,1
461=,Mitchell,1
461=,Mobeen,1
461=,Mohiemen,1
461=,Mohsan,1
461=,Moloy,1
461=,Muhmmad,1
461=,Munro,1
461=,Munroe,1
461=,Murdoch,1
461=,Mustansir,1
461=,Nader,1
461=,Nafees,1
461=,Naheem,1
461=,Nana,1
461=,Naqshab,1
461=,Narinder,1
461=,Nathanael,1
461=,Nathanial,1
461=,Navdeep,1
461=,Navtej,1
461=,Naweed,1
461=,Nazim,1
461=,Neale,1
461=,Neel,1
461=,Neema,1
461=,Neilson,1
461=,Nelson,1
461=,Nichol,1
461=,Nico,1
461=,Nicola,1
461=,Nicolaas,1
461=,Niel,1
461=,Nihit,1
461=,Nikhil,1
461=,Nilal,1
461=,Noam,1
461=,Noble,1
461=,Noemaan,1
461=,Nolan,1
461=,Nur,1
461=,Nyall,1
461=,Olawale,1
461=,Olufehi,1
461=,Omer,1
461=,Omotola,1
461=,Orr,1
461=,Osborne,1
461=,Oswald,1
461=,Ouse,1
461=,Owain,1
461=,Pardeep,1
461=,Paresh,1
461=,Parkash,1
461=,Patricia,1
461=,Paul-Scott,1
461=,Pavan,1
461=,Pearce,1
461=,Per,1
461=,Pervaiz,1
461=,Phineas,1
461=,Piero,1
461=,Pieter,1
461=,Ping-Tuk,1
461=,Porpur,1
461=,Portonovo,1
461=,Prisco,1
461=,Purviz,1
461=,Qaseer,1
461=,Raegan,1
461=,Rael,1
461=,Rahoof,1
461=,Raiminder,1
461=,Rajkumar,1
461=,Raju,1
461=,Rami,1
461=,Ramie,1
461=,Ramon,1
461=,Ranald,1
461=,Randall,1
461=,Randhir,1
461=,Randolph,1
461=,Randy,1
461=,Ranteer,1
461=,Raphael,1
461=,Rashid,1
461=,Ravi,1
461=,Raydon,1
461=,Raymon,1
461=,Rayner,1
461=,Razi,1
461=,Reegan,1
461=,Reginald,1
461=,Remi,1
461=,Remolo,1
461=,Rennie,1
461=,Renny,1
461=,Reshad,1
461=,Rex,1
461=,Rezwan,1
461=,Rhuaridh,1
461=,Rhuorie,1
461=,Ricard,1
461=,Richmond,1
461=,Ricki,1
461=,Rico,1
461=,Rik,1
461=,Rishi,1
461=,Rob,1
461=,Robbi,1
461=,Robbin,1
461=,Robert-James,1
461=,Roberto,1
461=,Rocco,1
461=,Rocky,1
461=,Roddie,1
461=,Rodin,1
461=,Rogan,1
461=,Rolf,1
461=,Romano,1
461=,Romon,1
461=,Ronzit,1
461=,Roshen,1
461=,Royce,1
461=,Ruairi,1
461=,Ruary,1
461=,Ruben,1
461=,Rudie,1
461=,Rudiger,1
461=,Rudy,1
461=,Rupert,1
461=,Rutherford,1
461=,Ryann,1
461=,Sabir,1
461=,Sadakat,1
461=,Sadat,1
461=,Saduf,1
461=,Sai,1
461=,Sakib,1
461=,Saleem,1
461=,Sameer,1
461=,Samim,1
461=,Samir,1
461=,Samjeev,1
461=,Samson,1
461=,Sandro,1
461=,Sanio,1
461=,Sanjay,1
461=,Sanjeev,1
461=,Santosh,1
461=,Saqub,1
461=,Sareraz,1
461=,Sathpal,1
461=,Saturnino,1
461=,Saul,1
461=,Savio,1
461=,Sawarnjit,1
461=,Sbat,1
461=,Scott-Alexander,1
461=,Scott-William,1
461=,Seamus,1
461=,Seif,1
461=,Selwan,1
461=,Seymour,1
461=,Shabir,1
461=,Shaharul,1
461=,Shahnawaz,1
461=,Shahraz,1
461=,Shahriman,1
461=,Shakoor,1
461=,Shami,1
461=,Shannon,1
461=,Sharie,1
461=,Shariff,1
461=,Shaw,1
461=,Shawn,1
461=,Shazad,1
461=,Shean,1
461=,Shehad,1
461=,Shehzada,1
461=,Shem,1
461=,Sheraz,1
461=,Shivas,1
461=,Shokat,1
461=,Sholom,1
461=,Shuard,1
461=,Sie,1
461=,Sigurd,1
461=,Sirfaraz,1
461=,Sirio,1
461=,Siu,1
461=,Siva,1
461=,Spencer,1
461=,Stefano,1
461=,Steffan,1
461=,Stephane-Jean,1
461=,Stevyn,1
461=,Sueb,1
461=,Suhail,1
461=,Sukhjimder,1
461=,Sukhjinder,1
461=,Suman,1
461=,Surat,1
461=,Suresh,1
461=,Sven,1
461=,Syed,1
461=,Symon,1
461=,Tadashi,1
461=,Tahir,1
461=,Tak,1
461=,Talal,1
461=,Talhah,1
461=,Talib,1
461=,Tallal,1
461=,Tamir,1
461=,Tammas,1
461=,Tamur,1
461=,Tan,1
461=,Taric,1
461=,Tarig,1
461=,Tarot,1
461=,Tasman,1
461=,Tauhid,1
461=,Taylor,1
461=,Terje,1
461=,Terrence,1
461=,Terrie,1
461=,Texi,1
461=,Thames,1
461=,Thomson,1
461=,Thys,1
461=,Tin,1
461=,Todd,1
461=,Tomas,1
461=,Tomoyeolawale-T,1
461=,Trefor,1
461=,Tremayne,1
461=,Tsing,1
461=,Tsun,1
461=,Tushara,1
461=,Tuyyab,1
461=,Uchechukwu,1
461=,Uchenna,1
461=,Ujah,1
461=,Ukemeobong,1
461=,Ulysses,1
461=,Valentine,1
461=,Valentino,1
461=,Varpal,1
461=,Vasilios,1
461=,Vaughan,1
461=,Vaughn,1
461=,Vern,1
461=,Verun,1
461=,Vikram,1
461=,Vikrant,1
461=,Vincenzo,1
461=,Vinod,1
461=,Virgilio,1
461=,Vito,1
461=,Volmer,1
461=,Wakkas,1
461=,Waleed,1
461=,Walker,1
461=,Wan,1
461=,Warne,1
461=,Waseem,1
461=,Wathik,1
461=,Webster,1
461=,Wildon,1
461=,Willie,1
461=,Willis,1
461=,Windsor,1
461=,Yan-Erik,1
461=,Yann,1
461=,Yat,1
461=,Yeut,1
461=,Yorick,1
461=,Yoseph,1
461=,Youssef,1
461=,Yun-Kai,1
461=,Yusof,1
461=,Yusuf,1
461=,Yuval,1
461=,Zackery,1
461=,Zain,1
461=,Zakir,1
461=,Zarathustra,1
461=,Zia,1
461=,Zowie,1
461=,Zubeir,1
,,
,,
,,
,,
,,
,,
,,
,,
,,
,,
,,
,,
,,
,,
,,
,,
,,
,,
,,
,,
,,
,,
,,
,,
,,
,,
,,
,,
,,
,,
,,
,,
,,
,,
,,
,,
,,
,,
,,
,,
,,
,,
,,
,,
,,
,,
,,
,,
,,
,,
,,
,,
,,
,,
,,
,,
,,
,,
,,
,,
,,
,,
,,
,,
,,
,,
,,
,,
,,
,,
,,
,,
,,
,,
,,
,,
,,
,,
,,
,,
,,
,,
,,
,,
,,
,,
,,
,,
,,
,,
,,
,,
,,
,,
,,
,,
,,
,,
,,
,,
,,
,,
,,
,,
,,
,,
,,
,,
,,
,,
,,
,,
,,
,,
,,
,,
,,
,,
,,
,,
,,
,,
,,
,,
,,
,,
,,
,,
,,
,,
,,
,,
,,
,,
,,
,,
,,
,,
,,
,,
,,
,,
,,
,,
,,
,,
,,
,,
,,
,,
,,
,,
,,
,,
,,
,,
,,
,,
,,
,,
,,
,,
,,
,,
,,
,,
,,
,,
,,
,,
,,
,,
,,
,,
,,
,,
,,
,,
,,
,,
,,
,,
,,
,,
,,
,,
,,
,,
,,
,,
,,
,,
,,
,,
,,
,,
,,
,,
,,
,,
,,
,,
,,
,,
,,
,,
,,
,,
,,
,,
,,
,,
,,
,,
,,
,,
,,
,,
,,
,,
,,
,,
,,
,,
,,
,,
,,
,,
,,
,,
,,
,,
,,
,,
,,
,,
,,
,,
,,
,,
,,
,,
,,
,,
,,
,,
,,
,,
,,
,,
,,
,,
,,
,,
,,
,,
,,
,,
,,
,,
,,
,,
,,
,,
,,
,,
,,
,,
,,
,,
,,
,,
,,
,,
,,
,,
,,
,,
,,
,,
,,
,,
,,
,,
,,
,,
,,
,,
,,
,,
,,
,,
,,
,,
,,
,,
,,
,,
,,
,,
,,
,,
,,
,,
,,
,,
,,
,,
,,
,,
,,
,,
,,
,,
,,
,,
,,
,,
,,
,,
,,
,,
,,
,,
,,
,,
,,
,,
,,
,,
,,
,,
,,
,,
,,
,,
,,
,,
,,
,,
,,
,,
,,
,,
,,
,,
,,
,,
,,
,,
,,
,,
,,
,,
,,
,,
,,
,,
,,
,,
,,
,,
,,
,,
,,
,,
,,
,,
,,
,,
,,
,,
,,
,,
,,
,,
,,
,,
,,
,,
,,
,,
,,
,,
,,
,,
,,
,,
,,
,,
,,
,,
,,
,,
,,
,,
,,
,,
,,
,,
,,
,,
,,
,,
,,
,,
,,
,,
,,
,,
,,
,,
,,
,,
,,
,,
,,
,,
,,
,,
,,
,,
,,
,,
,,
,,
,,
,,
,,
,,
,,
,,
,,
,,
,,
,,
,,
,,
,,
,,
,,
,,
,,
,,
,,
,,
,,
,,
,,
,,
,,
,,
,,
,,
,,
,,
,,
,,
,,
,,
,,
,,
,,
,,
,,
,,
,,
,,
,,
,,
,,
,,
,,
,,
,,
,,
,,
,,
,,
,,
,,
,,
,,
,,
,,
,,
,,
,,
,,
,,
,,
,,
,,
,,
,,
,,
,,
,,
,,
,,
,,
,,
,,
,,
,,
,,
,,
,,
,,
,,
,,
,,
,,
,,
,,
,,
,,
,,
,,
,,
,,
,,
,,
,,
,,
,,
,,
,,
,,
,,
,,
,,
,,
,,
,,
,,
,,
,,
,,
,,
,,
,,
,,
,,
,,
,,
,,
,,
,,
,,
,,
,,
,,
,,
,,
,,
,,
,,
,,
,,
,,
,,
,,
,,
,,
,,
,,
,,
,,
,,
,,
,,
,,
,,
,,
,,
,,
,,
,,
,,
,,
,,
,,
,,
,,
,,
,,
,,
,,
,,
,,
,,
,,
,,
,,
,,
,,
,,
,,
,,
,,
,,
,,
,,
,,
,,
,,
,,
,,
,,
,,
,,
,,
,,
,,
,,
,,
,,
,,
,,
,,
,,
,,
,,
,,
,,
,,
,,
,,
,,
,,
,,
,,
,,
,,
,,
,,
,,
,,
,,
,,
,,
,,
,,
,,
,,
,,
,,
,,
,,
,,
,,
,,
,,
,,
,,
,,
,,
,,
,,
,,
,,
,,
,,
,,
,,
,,
,,
,,
,,
,,
,,
,,
,,
,,
,,
,,
,,
,,
,,
,,
,,
,,
,,
,,
,,
,,
,,
,,
,,
,,
,,
,,
,,
,,
,,
,,
,,
,,
,,
,,
,,
,,
,,
,,
,,
,,
,,
,,
,,
,,
,,
,,
,,
,,
,,
,,
,,
,,
,,
,,
,,
,,
,,
,,
,,
,,
,,
,,
,,
,,
,,
,,
,,
,,
,,
,,
,,
,,
,,
,,
,,
,,
,,
,,
,,
,,
,,
,,
,,
,,
,,
,,
,,
,,
,,
,,
,,
,,
,,
,,
,,
,,
,,
,,
,,
,,
,,
,,
,,
,,
,,
,,
,,
,,
,,
,,
,,
,,
,,
,,
,,
,,
,,
,,
,,
,,
,,
,,
,,
,,
,,
,,
,,
,,
,,
,,
,,
,,
,,
,,
,,
,,
,,
,,
,,
,,
,,
,,
,,
,,
,,
,,
,,
,,
,,
,,
,,
,,
,,
,,
,,
,,
,,
,,
,,
,,
,,
,,
,,
© Crown Copyright 2015,,
