Position,Name,Number of babies
1,David,1988
2,John,1478
3,Andrew,1293
4,James,1194
5,Christopher,1071
6,Paul,1045
7,Steven,954
8,Kevin,825
9=,Robert,813
9=,Scott,813
11,Craig,805
12,Michael,775
13,Mark,738
14,Stuart,700
15,Stephen,693
16,Alan,664
17,William,601
18,Gary,559
19,Ross,545
20,Colin,542
21,Brian,479
22,Barry,471
23,Richard,464
24,Martin,458
25,Thomas,450
26,Neil,425
27,Peter,394
28,Iain,374
29,Graeme,368
30,Ian,361
31,Gordon,359
32,Alexander,351
33,Ryan,336
34,Derek,335
35,Kenneth,319
36,Allan,286
37,Jamie,279
38,Graham,277
39,Gavin,271
40,Darren,270
41,Stewart,231
42,Gareth,222
43,Jonathan,214
44,Daniel,207
45,Douglas,203
46,Grant,199
47,Lee,196
48,George,189
49,Joseph,176
50,Simon,172
51,Matthew,170
52,Keith,166
53,Anthony,163
54,Fraser,159
55,Garry,152
56,Alistair,142
57,Bryan,133
58,Philip,128
59,Adam,125
60,Sean,124
61,Duncan,119
62,Edward,113
63,Charles,109
64,Ewan,108
65,Russell,105
66,Donald,104
67,Patrick,103
68=,Alastair,101
68=,Euan,101
70=,Jason,99
70=,Nicholas,99
72,Marc,96
73,Raymond,95
74,Malcolm,88
75,Greig,87
76,Alasdair,85
77=,Greg,80
77=,Liam,80
79,Shaun,75
80,Francis,69
81,Ronald,65
82=,Benjamin,60
82=,Cameron,60
82=,Dean,60
85,Niall,57
86,Gerard,56
87=,Murray,54
87=,Robin,54
87=,Timothy,54
90=,Bruce,53
90=,Hugh,53
92,Calum,52
93=,Kris,51
93=,Wayne,51
95=,Roderick,50
95=,Samuel,50
97,Martyn,45
98=,Angus,43
98=,Gregor,43
100=,Jon,40
100=,Rory,40
102=,Callum,39
102=,Dale,39
102=,Lewis,39
105,Antony,37
106,Aaron,35
107=,Barrie,34
107=,Jordan,34
109=,Blair,33
109=,Mohammed,33
111,Gerald,29
112,Roy,28
113,Justin,26
114,Kieran,25
115=,Henry,24
115=,Owen,24
117,Eric,23
118=,Brendan,22
118=,Norman,22
118=,Robbie,22
121=,Dominic,21
121=,Kristopher,21
123=,Alisdair,20
123=,Bernard,20
123=,Campbell,20
123=,Leslie,20
123=,Oliver,20
123=,Terry,20
129=,Frank,19
129=,Gregg,19
129=,Gregory,19
129=,Mohammad,19
133=,Adrian,18
133=,Billy,18
133=,Trevor,18
136=,Ben,17
136=,Phillip,17
136=,Terence,17
136=,Tony,17
140=,Drew,16
140=,Geoffrey,16
140=,Harry,16
140=,Luke,16
140=,Nathan,16
145=,Damien,15
145=,Dennis,15
145=,Dylan,15
145=,Ewen,15
145=,Kyle,15
150=,Alister,14
150=,Hamish,14
150=,Jeffrey,14
150=,Jonathon,14
150=,Neal,14
150=,Sandy,14
156=,Arthur,13
156=,Evan,13
156=,Frazer,13
156=,Jody,13
156=,Karl,13
156=,Kristofer,13
156=,Leon,13
156=,Marcus,13
156=,Tom,13
165=,Christian,12
165=,Glen,12
165=,Jack,12
165=,Leigh,12
165=,Mathew,12
170=,Asif,11
170=,Carl,11
170=,Damian,11
170=,Denis,11
170=,Frederick,11
170=,Guy,11
170=,Kirk,11
170=,Lawrence,11
170=,Lindsay,11
170=,Stefan,11
180=,Aidan,10
180=,Allen,10
180=,Darran,10
180=,Kerr,10
180=,Kristoffer,10
180=,Laurence,10
180=,Vincent,10
180=,Wesley,10
188=,Alun,9
188=,Bobby,9
188=,Bradley,9
188=,Derrick,9
188=,Desmond,9
188=,Fergus,9
188=,Imran,9
188=,Innes,9
188=,Jay,9
188=,Kevan,9
188=,Lachlan,9
188=,Neill,9
188=,Nigel,9
188=,Roger,9
188=,Ruairidh,9
203=,Abdul,8
203=,Antonio,8
203=,Ashley,8
203=,Daryl,8
203=,Finlay,8
203=,Johnathan,8
203=,Magnus,8
203=,Marco,8
203=,Maurice,8
203=,Nicolas,8
203=,Ricky,8
203=,Ritchie,8
203=,Tristan,8
216=,Archibald,7
216=,Austin,7
216=,Brett,7
216=,Giles,7
216=,Gillon,7
216=,Julian,7
216=,Kieron,7
216=,Lloyd,7
216=,Maxwell,7
216=,Muhammad,7
216=,Murdo,7
216=,Nicol,7
216=,Ralph,7
216=,Scot,7
216=,Shane,7
231=,Chun,6
231=,Clark,6
231=,Crawford,6
231=,Don,6
231=,Gillan,6
231=,Jeremy,6
231=,Jim,6
231=,Jodie,6
231=,Kristofor,6
231=,Laurie,6
231=,Ramsay,6
231=,Ray,6
231=,Rhys,6
231=,Rikki,6
231=,Ronan,6
231=,Stanley,6
231=,Steve,6
231=,Tommy,6
249=,Albert,5
249=,Alex,5
249=,Benedict,5
249=,Clifford,5
249=,Danny,5
249=,Eamonn,5
249=,Elliot,5
249=,Erik,5
249=,Garrie,5
249=,Glenn,5
249=,Glyn,5
249=,Joe,5
249=,Joshua,5
249=,Lawrie,5
249=,Leonard,5
249=,Louis,5
249=,Moray,5
249=,Morgan,5
249=,Omar,5
249=,Roddy,5
249=,Ronnie,5
249=,Ruaridh,5
249=,Russel,5
249=,Sam,5
249=,Stefano,5
249=,Warren,5
275=,Adnan,4
275=,Amit,4
275=,Bruno,4
275=,Bryce,4
275=,Chris,4
275=,Clive,4
275=,Darrell,4
275=,Darron,4
275=,Darryn,4
275=,Edwin,4
275=,Eion,4
275=,Findlay,4
275=,Garreth,4
275=,Hector,4
275=,Hugo,4
275=,Isaac,4
275=,Joel,4
275=,Manus,4
275=,Marshall,4
275=,Myles,4
275=,Nairn,4
275=,Nicky,4
275=,Nikki,4
275=,Ranald,4
275=,Reginald,4
275=,Roland,4
275=,Rudi,4
275=,Shahid,4
275=,Wai,4
275=,Walter,4
305=,Ahmad,3
305=,Alec,3
305=,Alfred,3
305=,Allister,3
305=,Arron,3
305=,Asa,3
305=,Asim,3
305=,Austen,3
305=,Barclay,3
305=,Barnaby,3
305=,Brent,3
305=,Carlo,3
305=,Clarke,3
305=,Dante,3
305=,Dario,3
305=,Darrel,3
305=,Darrin,3
305=,Darroch,3
305=,Darryl,3
305=,Derick,3
305=,Dougal,3
305=,Duane,3
305=,Gerrard,3
305=,Gilbert,3
305=,Giovanni,3
305=,Grahame,3
305=,Howard,3
305=,Irfan,3
305=,Ivan,3
305=,Ivor,3
305=,Jacob,3
305=,Jaimie,3
305=,Jake,3
305=,Jed,3
305=,Jerome,3
305=,Kamran,3
305=,Keir,3
305=,Kristian,3
305=,Leighton,3
305=,Lorne,3
305=,Marcos,3
305=,Mario,3
305=,Miles,3
305=,Mitchell,3
305=,Mohamed,3
305=,Muhammed,3
305=,Nadeem,3
305=,Naeem,3
305=,Nathaniel,3
305=,Noel,3
305=,Reza,3
305=,Riccardo,3
305=,Rodney,3
305=,Rolf,3
305=,Sandeep,3
305=,Sinclair,3
305=,Struan,3
305=,Toby,3
305=,Victor,3
305=,Waseem,3
305=,Wilson,3
305=,Zahid,3
367=,Adeel,2
367=,Adetokunbo,2
367=,Adriano,2
367=,Adrien,2
367=,Ahmed,2
367=,Aldo,2
367=,Alyn,2
367=,Amir,2
367=,Amish,2
367=,Amran,2
367=,Anders,2
367=,Anton,2
367=,Archie,2
367=,Aron,2
367=,Ashfaq,2
367=,Ashiq,2
367=,Athol,2
367=,Atif,2
367=,Azim,2
367=,Barry-John,2
367=,Bilal,2
367=,Blake,2
367=,Boyd,2
367=,Brain,2
367=,Brendon,2
367=,Brydon,2
367=,Carlos,2
367=,Chi,2
367=,Ciaran,2
367=,Clinton,2
367=,Colum,2
367=,Connor,2
367=,Conor,2
367=,Conrad,2
367=,Corin,2
367=,Damon,2
367=,Daren,2
367=,Daryn,2
367=,Dereck,2
367=,Derryck,2
367=,Dirk,2
367=,Domnick,2
367=,Donal,2
367=,Donnie,2
367=,Dugald,2
367=,Dwayne,2
367=,Edmund,2
367=,Elliott,2
367=,Enrico,2
367=,Eoin,2
367=,Ernest,2
367=,Farouk,2
367=,Finn,2
367=,Fionn,2
367=,Forbes,2
367=,Freddie,2
367=,Gabriel,2
367=,Garth,2
367=,Geoff,2
367=,Geraint,2
367=,Gerry,2
367=,Giancarlo,2
367=,Gurpreet,2
367=,Hans,2
367=,Haroon,2
367=,Hayden,2
367=,Hunter,2
367=,Idris,2
367=,Irvine,2
367=,Jackie,2
367=,Jacques,2
367=,Jaime,2
367=,Jalal,2
367=,Jan,2
367=,Jarvis,2
367=,Jaspal,2
367=,Jayson,2
367=,Jeff,2
367=,Jimmy,2
367=,Johannes,2
367=,John-Paul,2
367=,Johnathon,2
367=,Johnny,2
367=,Jonathen,2
367=,Jorden,2
367=,Jose,2
367=,Kai,2
367=,Kais,2
367=,Kieren,2
367=,Kim,2
367=,Kuljit,2
367=,Kurtis,2
367=,Kwok,2
367=,Lennox,2
367=,Leo,2
367=,Lorenzo,2
367=,Luis,2
367=,Lyall,2
367=,Lyle,2
367=,Mansoor,2
367=,Mathieu,2
367=,Mervyn,2
367=,Morris,2
367=,Muir,2
367=,Neale,2
367=,Nial,2
367=,Niki,2
367=,Nikolas,2
367=,Nikolaus,2
367=,Oran,2
367=,Osama,2
367=,Paolo,2
367=,Pietro,2
367=,Presley,2
367=,Rajiv,2
367=,Ranjit,2
367=,Ravinder,2
367=,Richie,2
367=,Rizwan,2
367=,Rob,2
367=,Robb,2
367=,Roberto,2
367=,Roddie,2
367=,Rodger,2
367=,Rorie,2
367=,Ruaraidh,2
367=,Ruari,2
367=,Saleem,2
367=,Samer,2
367=,Sami,2
367=,Saqib,2
367=,Sebastien,2
367=,Shawn,2
367=,Sherif,2
367=,Siu,2
367=,Stephane,2
367=,Stevan,2
367=,Syed,2
367=,Taha,2
367=,Tim,2
367=,Travis,2
367=,Wallace,2
367=,Wasim,2
367=,Wing,2
367=,Youssef,2
367=,Zander,2
513=,Ab,1
513=,Abbed,1
513=,Abd,1
513=,Abdel,1
513=,Abed,1
513=,Abhishek,1
513=,Abid,1
513=,Abimbola,1
513=,Abraham,1
513=,Abrar,1
513=,Abul,1
513=,Addel,1
513=,Addrie,1
513=,Adebajo,1
513=,Adenrele,1
513=,Adetayo,1
513=,Adewale,1
513=,Adil,1
513=,Adin,1
513=,Afartei,1
513=,Afran,1
513=,Aftab,1
513=,Ahlun,1
513=,Ahmmad,1
513=,Aiden,1
513=,Ailean,1
513=,Ajit,1
513=,Ajmel,1
513=,Akbar,1
513=,Akeel,1
513=,Akingbade,1
513=,Akira,1
513=,Al-Fatih,1
513=,Alain,1
513=,Alaoma,1
513=,Alastiar,1
513=,Alberto,1
513=,Alejandro,1
513=,Alessandro,1
513=,Alexis,1
513=,Alfie,1
513=,Alfredo,1
513=,Ali,1
513=,Allesandro,1
513=,Allistair,1
513=,Ally,1
513=,Allyson,1
513=,Amanpreet,1
513=,Ambrose,1
513=,Amer,1
513=,Amitava,1
513=,Amjad,1
513=,Amjed,1
513=,Ammar,1
513=,Amreek,1
513=,Amro,1
513=,Anan,1
513=,Andronikos,1
513=,Andrw,1
513=,Andy,1
513=,Angelo,1
513=,Aniello,1
513=,Anil,1
513=,Ankur,1
513=,Anne,1
513=,Antoine,1
513=,Antoni,1
513=,Antonino,1
513=,Aonghas,1
513=,Aqeel,1
513=,Arcangelo,1
513=,Arfan,1
513=,Arif,1
513=,Armit,1
513=,Arran,1
513=,Arun,1
513=,Asaad,1
513=,Asem,1
513=,Ashleigh,1
513=,Ashok,1
513=,Assad,1
513=,Ater,1
513=,Atholl,1
513=,Aya,1
513=,Aygut,1
513=,Ayus,1
513=,Azam,1
513=,Azhar,1
513=,Azhur,1
513=,Badar,1
513=,Badr,1
513=,Bahr,1
513=,Barri,1
513=,Bartek,1
513=,Basam,1
513=,Bawan,1
513=,Behzad,1
513=,Benhamin,1
513=,Benito,1
513=,Benn,1
513=,Bert,1
513=,Besim,1
513=,Bhaskar,1
513=,Bhaveshkumar,1
513=,Bjorn,1
513=,Boaz,1
513=,Bobbie,1
513=,Bradlay,1
513=,Brady,1
513=,Brandon,1
513=,Brodie,1
513=,Buhtar,1
513=,Cailean,1
513=,Caleb,1
513=,Calvin,1
513=,Carey,1
513=,Carlie,1
513=,Chanodom,1
513=,Charandhur,1
513=,Che,1
513=,Chico,1
513=,Chou,1
513=,Chukwuemeka,1
513=,Clay,1
513=,Cliff,1
513=,Clynton,1
513=,Colby,1
513=,Coll,1
513=,Colvin,1
513=,Conal,1
513=,Conan,1
513=,Conn,1
513=,Connell,1
513=,Cormac,1
513=,Craigen,1
513=,Craigwood,1
513=,Crispin,1
513=,Cuong,1
513=,Curtis,1
513=,Cy,1
513=,Cyril,1
513=,Cyrus,1
513=,Daffyd,1
513=,Dail,1
513=,Dakarai,1
513=,Daley,1
513=,Dane,1
513=,Danial,1
513=,Danuel,1
513=,Danyel,1
513=,Daran,1
513=,Darek,1
513=,Darren-Steven,1
513=,Dary,1
513=,Daryll,1
513=,Davide,1
513=,Davie,1
513=,Davy,1
513=,Dayalan,1
513=,Dayle,1
513=,Dayll,1
513=,Deepak,1
513=,Dell,1
513=,Denham,1
513=,Denholm,1
513=,Depak,1
513=,Deryck,1
513=,Dillon,1
513=,Dino,1
513=,Dinyar,1
513=,Domenico,1
513=,Domhnall,1
513=,Donna,1
513=,Donny,1
513=,Donovan,1
513=,Drummond,1
513=,Dulbeer,1
513=,Dwane,1
513=,Dyon,1
513=,Eain,1
513=,Eamon,1
513=,Earn,1
513=,Ebadool,1
513=,Eden,1
513=,Ejikeme,1
513=,El,1
513=,Elian,1
513=,Emanuele,1
513=,Emile,1
513=,Emilio,1
513=,Emma,1
513=,Emyl,1
513=,Eoghan,1
513=,Erich,1
513=,Erlend,1
513=,Ettuveetil,1
513=,Ewan-Geoffrey,1
513=,Ezra,1
513=,Fahmi,1
513=,Faisal,1
513=,Famonn,1
513=,Farhad,1
513=,Farhan,1
513=,Farquhar,1
513=,Farrukh,1
513=,Federico,1
513=,Fehed,1
513=,Felix,1
513=,Feras,1
513=,Fernando,1
513=,Fida,1
513=,Fintan,1
513=,Fleming,1
513=,Francesco,1
513=,Franco,1
513=,Frankie,1
513=,Fred,1
513=,Fridleifur,1
513=,Fu,1
513=,Fulton,1
513=,Ga,1
513=,Gar,1
513=,Garin,1
513=,Garrath,1
513=,Garrett,1
513=,Garvin,1
513=,Garwing,1
513=,Gedeon,1
513=,Georgie,1
513=,Gerardo,1
513=,Gethin,1
513=,Gianpaolo,1
513=,Gianremo,1
513=,Gillian,1
513=,Gillin,1
513=,Gino,1
513=,Giorgio,1
513=,Giulio,1
513=,Giuseppe,1
513=,Godwill,1
513=,Goy,1
513=,Grame,1
513=,Granger,1
513=,Grieg,1
513=,Gudjon,1
513=,Guillaume,1
513=,Gulzar,1
513=,Gundeep,1
513=,Gurdit,1
513=,Gurhemat,1
513=,Gurmack,1
513=,Gurminder,1
513=,Gurmukh,1
513=,Gus,1
513=,Gusham,1
513=,Gylan,1
513=,Haddii,1
513=,Hadyn,1
513=,Haithem,1
513=,Hal,1
513=,Hamilton,1
513=,Hani,1
513=,Hanny,1
513=,Haralambos,1
513=,Hardave,1
513=,Harkesh,1
513=,Harmandeep,1
513=,Harmeet,1
513=,Harminder,1
513=,Harold,1
513=,Haroun,1
513=,Harsh,1
513=,Harveer,1
513=,Hassan,1
513=,Hayward,1
513=,Hervinder,1
513=,Hirash,1
513=,Hiu,1
513=,Ho,1
513=,Hoa,1
513=,Holden,1
513=,Hon,1
513=,Hope,1
513=,Hung-Yuen,1
513=,Husam,1
513=,Iaian,1
513=,Ibrar,1
513=,Iffanyi,1
513=,Ikenna,1
513=,Iloakagbune,1
513=,Imtaiz,1
513=,Ioanis,1
513=,Iris,1
513=,Irvin,1
513=,Ishfaq,1
513=,Islay,1
513=,Ismaeel,1
513=,Ismail,1
513=,Isobel,1
513=,Issam,1
513=,Istiak,1
513=,Isura,1
513=,Ivantara,1
513=,Ivar,1
513=,Jackson,1
513=,Jade,1
513=,Jagivan,1
513=,Jai,1
513=,James-Aarron,1
513=,Janaid,1
513=,Jardine,1
513=,Jared,1
513=,Java,1
513=,Javaid,1
513=,Jaymie,1
513=,Jean-Louis,1
513=,Jenning,1
513=,Jiang,1
513=,Jijay,1
513=,Jimi,1
513=,Jo,1
513=,Joachim,1
513=,Jocelyn,1
513=,Johan,1
513=,Johann,1
513=,John-Albert,1
513=,John-David,1
513=,Johnie,1
513=,Johnnie,1
513=,Johothan,1
513=,Jojhar,1
513=,Jon-Joe,1
513=,Jon-Paul,1
513=,Jordy,1
513=,Josie,1
513=,Juhana,1
513=,Julien,1
513=,Jura,1
513=,Juzer,1
513=,Jy-Rell,1
513=,Kakash,1
513=,Kale,1
513=,Kaleem,1
513=,Kalman,1
513=,Kam,1
513=,Kamal,1
513=,Karim,1
513=,Karma,1
513=,Kashaf,1
513=,Kashie,1
513=,Kashif,1
513=,Kasum,1
513=,Kaveh,1
513=,Kavirat,1
513=,Kazim,1
513=,Kein,1
513=,Keiran,1
513=,Kelvin,1
513=,Kelvyn,1
513=,Ken,1
513=,Kennith,1
513=,Kern,1
513=,Kerry,1
513=,Ketil,1
513=,Kevin-Marley,1
513=,Khaber,1
513=,Khalid,1
513=,Khaliq,1
513=,Kharis,1
513=,Khawar,1
513=,Khuram,1
513=,Khurram,1
513=,Kian,1
513=,Kiern,1
513=,Kirsty,1
513=,Kjartan,1
513=,Kofi,1
513=,Kon,1
513=,Kong,1
513=,Konrad,1
513=,Konstantinos,1
513=,Krishna,1
513=,Kriss,1
513=,Kristan,1
513=,Kristof,1
513=,Kuldiphe,1
513=,Kulraj,1
513=,Kumran,1
513=,Kustandinos,1
513=,Lana,1
513=,Largue,1
513=,Larry,1
513=,Lathan,1
513=,Laurin,1
513=,Leah,1
513=,Leask,1
513=,Leith,1
513=,Lenoard,1
513=,Leonardo,1
513=,Lesley,1
513=,Lester,1
513=,Lethola,1
513=,Lewiss,1
513=,Lindsey,1
513=,Lionel,1
513=,Lliam,1
513=,Logan,1
513=,Lokman,1
513=,Loren,1
513=,Lori,1
513=,Loucas,1
513=,Louie,1
513=,Luca,1
513=,Lucas,1
513=,Ludovic,1
513=,Luigi,1
513=,Lyndon,1
513=,Lynn,1
513=,Maarten,1
513=,Mahmood,1
513=,Mahmoud,1
513=,Majid,1
513=,Malik,1
513=,Mallory,1
513=,Mamidi,1
513=,Man,1
513=,Manmohan,1
513=,Manpal,1
513=,Manv,1
513=,Marc-Jean,1
513=,Marcel,1
513=,Marcella,1
513=,Marcello,1
513=,Marek,1
513=,Marinos,1
513=,Markku,1
513=,Markos,1
513=,Martinus,1
513=,Martyn-Symonds,1
513=,Marvin,1
513=,Mary,1
513=,Matthew-John,1
513=,Maureen,1
513=,Max,1
513=,Maximilian,1
513=,Mehdi,1
513=,Melanie,1
513=,Melvin,1
513=,Melvyn,1
513=,Michaelangelo,1
513=,Michele,1
513=,Miguel,1
513=,Mikal,1
513=,Miller,1
513=,Minahaz,1
513=,Minesh,1
513=,Mir-Reza,1
513=,Mobashar,1
513=,Mohamad,1
513=,Mohibul,1
513=,Mohommed,1
513=,Mozamille,1
513=,Muazzam-Ali,1
513=,Mubarik,1
513=,Mubshir,1
513=,Mugendi,1
513=,Mujahid,1
513=,Mukesh,1
513=,Mungo,1
513=,Munro,1
513=,Murat,1
513=,Murdoch,1
513=,Nabeel,1
513=,Nabil,1
513=,Nader,1
513=,Nadir,1
513=,Nafees,1
513=,Naheem,1
513=,Naiyeem,1
513=,Nanak,1
513=,Nasar,1
513=,Nasir,1
513=,Nasser,1
513=,Nathanael,1
513=,Nathanial,1
513=,Naveed,1
513=,Navid,1
513=,Navin,1
513=,Nawied,1
513=,Neeraj,1
513=,Neile,1
513=,Nelson,1
513=,Neville,1
513=,Newall,1
513=,Niaill,1
513=,Nick,1
513=,Nicklaus,1
513=,Nickos,1
513=,Nicoll,1
513=,Niek,1
513=,Niell,1
513=,Nima,1
513=,Nimrod,1
513=,Nino,1
513=,Niresh,1
513=,Nirmal,1
513=,Nonedim,1
513=,Ogmundur,1
513=,Ohiorenuan,1
513=,Olindo,1
513=,Omeed,1
513=,Omsan,1
513=,Oren,1
513=,Oscar,1
513=,Osman,1
513=,Ossama,1
513=,Ossian,1
513=,Ousame,1
513=,Owain,1
513=,Owais,1
513=,Owyn,1
513=,Pancho,1
513=,Pankaj,1
513=,Papa,1
513=,Pascal,1
513=,Pasquale,1
513=,Pauli,1
513=,Pedro,1
513=,Perry,1
513=,Phil,1
513=,Phyl,1
513=,Piers,1
513=,Pieter,1
513=,Pinky,1
513=,Prateek,1
513=,Pretham,1
513=,Qaiser,1
513=,Quintin,1
513=,Quinton,1
513=,Qutubuddin,1
513=,Rachin,1
513=,Rahul,1
513=,Raj,1
513=,Raja,1
513=,Rajan,1
513=,Rajinder,1
513=,Rajver,1
513=,Raman,1
513=,Ramsey,1
513=,Randeep,1
513=,Rany,1
513=,Raoul,1
513=,Raphy,1
513=,Ravi,1
513=,Ravindra,1
513=,Rawinder,1
513=,Razaq,1
513=,Razib,1
513=,Razin,1
513=,Razwan,1
513=,Reeve,1
513=,Rehan,1
513=,Rehman,1
513=,Reinty,1
513=,Renato,1
513=,Rene,1
513=,Renzo,1
513=,Reynaldo,1
513=,Rheon,1
513=,Rhian,1
513=,Rhoderick,1
513=,Rhudi,1
513=,Riad,1
513=,Riadh,1
513=,Ricardo,1
513=,Ricki,1
513=,Rico,1
513=,Rino,1
513=,Robbe,1
513=,Rocco,1
513=,Rod,1
513=,Rodd,1
513=,Rodi,1
513=,Rodie,1
513=,Rohan,1
513=,Roi,1
513=,Roray,1
513=,Roshie,1
513=,Rossano,1
513=,Rowan,1
513=,Rowley,1
513=,Ruariadh,1
513=,Ruarri,1
513=,Ruchin,1
513=,Rudy,1
513=,Ruksaar,1
513=,Rule,1
513=,Rupert,1
513=,Ryden,1
513=,Ryne,1
513=,Saad,1
513=,Sabahat,1
513=,Sahir,1
513=,Sajid,1
513=,Sajjad,1
513=,Sakander,1
513=,Saleh,1
513=,Salem,1
513=,Sameer,1
513=,Samir,1
513=,Sandro,1
513=,Sanjay,1
513=,Sanjeev,1
513=,Sarfraz,1
513=,Satpal,1
513=,Satvinder,1
513=,Saul,1
513=,Sceamus,1
513=,Seain,1
513=,Sebastian,1
513=,Serafim,1
513=,Sergio,1
513=,Shabbir,1
513=,Shafiq,1
513=,Shai,1
513=,Shain,1
513=,Shakeel,1
513=,Shankar,1
513=,Sharaf,1
513=,Sharif,1
513=,Sharlene,1
513=,Shaubhik,1
513=,Shaun-Paul,1
513=,Shayne,1
513=,Shazali,1
513=,Shazly,1
513=,Shehzad,1
513=,Sheraz,1
513=,Shezad,1
513=,Shujaat,1
513=,Shumshul,1
513=,Siean,1
513=,Snorri,1
513=,Solomon,1
513=,Somhairle,1
513=,Soo-Jin,1
513=,Sorjeet,1
513=,Sorley,1
513=,Stephan,1
513=,Steuart,1
513=,Stevenson,1
513=,Stevie,1
513=,Struthers,1
513=,Sukdevb,1
513=,Sukhdeep,1
513=,Sukhveer,1
513=,Sultan,1
513=,Sumit,1
513=,Sunil,1
513=,Sunjit,1
513=,Suresh,1
513=,Tadg,1
513=,Tajinder,1
513=,Taleha,1
513=,Tanveer,1
513=,Tanweer,1
513=,Tarek,1
513=,Tareq,1
513=,Tarig,1
513=,Tariq,1
513=,Tarique,1
513=,Ted,1
513=,Tejinder,1
513=,Teodor,1
513=,Terance,1
513=,Terrence,1
513=,Thanh,1
513=,Theodore,1
513=,Thorfinn,1
513=,Ting,1
513=,Tobias,1
513=,Todd,1
513=,Tomal,1
513=,Tomas,1
513=,Torcail,1
513=,Torfinn,1
513=,Torleif,1
513=,Torquil,1
513=,Travers,1
513=,Trefor,1
513=,Trinity,1
513=,Tristian,1
513=,Triston,1
513=,Tristram,1
513=,Tristrum,1
513=,Tsen,1
513=,Turki,1
513=,Ty,1
513=,Ujjal,1
513=,Usama,1
513=,Usman,1
513=,Ussman,1
513=,Uyi,1
513=,Valerio,1
513=,Varinder,1
513=,Vasim,1
513=,Vicente,1
513=,Vicky,1
513=,Victoria,1
513=,Vidyadhar,1
513=,Vijay,1
513=,Vikraj,1
513=,Vytis,1
513=,Walker,1
513=,Waqas,1
513=,Warner,1
513=,Wassim,1
513=,Waylon,1
513=,Webster,1
513=,Welland,1
513=,Wen,1
513=,Willean,1
513=,Willem,1
513=,Willie,1
513=,Wolfgang,1
513=,Yahya,1
513=,Yasar,1
513=,Yasin,1
513=,Yasir,1
513=,Yat,1
513=,Yau,1
513=,Yazan,1
513=,Yew,1
513=,Yick,1
513=,Yiu,1
513=,Yoke,1
513=,Yul,1
513=,Yun,1
513=,Zabair,1
513=,Zachary,1
513=,Zaheed,1
513=,Zahir,1
513=,Zak,1
513=,Zamran,1
513=,Zane,1
513=,Zeeshan,1
513=,Zeid,1
513=,Ziggi,1
513=,Zishan,1
513=,Ziyad,1
513=,Zubair,1
513=,Zubeir,1
,,
,,
,,
,,
,,
,,
,,
,,
,,
,,
,,
,,
,,
,,
,,
,,
,,
,,
,,
,,
,,
,,
,,
,,
,,
,,
,,
,,
,,
,,
,,
,,
,,
,,
,,
,,
,,
,,
,,
,,
,,
,,
,,
,,
,,
,,
,,
,,
,,
,,
,,
,,
,,
,,
,,
,,
,,
,,
,,
,,
,,
,,
,,
,,
,,
,,
,,
,,
,,
,,
,,
,,
,,
,,
,,
,,
,,
,,
,,
,,
,,
,,
,,
,,
,,
,,
,,
,,
,,
,,
,,
,,
,,
,,
,,
,,
,,
,,
,,
,,
,,
,,
,,
,,
,,
,,
,,
,,
,,
,,
,,
,,
,,
,,
,,
,,
,,
,,
,,
,,
,,
,,
,,
,,
,,
,,
,,
,,
,,
,,
,,
,,
,,
,,
,,
,,
,,
,,
,,
,,
,,
,,
,,
,,
,,
,,
,,
,,
,,
,,
,,
,,
,,
,,
,,
,,
,,
,,
,,
,,
,,
,,
,,
,,
,,
,,
,,
,,
,,
,,
,,
,,
,,
,,
,,
,,
,,
,,
,,
,,
,,
,,
,,
,,
,,
,,
,,
,,
,,
,,
,,
,,
,,
,,
,,
,,
,,
,,
,,
,,
,,
,,
,,
,,
,,
,,
,,
,,
,,
,,
,,
,,
,,
,,
,,
,,
,,
,,
,,
,,
,,
,,
,,
,,
,,
,,
,,
,,
,,
,,
,,
,,
,,
,,
,,
,,
,,
,,
,,
,,
,,
,,
,,
,,
,,
,,
,,
,,
,,
,,
,,
,,
,,
,,
,,
,,
,,
,,
,,
,,
,,
,,
,,
,,
,,
,,
,,
,,
,,
,,
,,
,,
,,
,,
,,
,,
,,
,,
,,
,,
,,
,,
,,
,,
,,
,,
,,
,,
,,
,,
,,
,,
,,
,,
,,
,,
,,
,,
,,
,,
,,
,,
,,
,,
,,
,,
,,
,,
,,
,,
,,
,,
,,
,,
,,
,,
,,
,,
,,
,,
,,
,,
,,
,,
,,
,,
,,
,,
,,
,,
,,
,,
,,
,,
,,
,,
,,
,,
,,
,,
,,
,,
,,
,,
,,
,,
,,
,,
,,
,,
,,
,,
,,
,,
,,
,,
,,
,,
,,
,,
,,
,,
,,
,,
,,
,,
,,
,,
,,
,,
,,
,,
,,
,,
,,
,,
,,
,,
,,
,,
,,
,,
,,
,,
,,
,,
,,
,,
,,
,,
,,
,,
,,
,,
,,
,,
,,
,,
,,
,,
,,
,,
,,
,,
,,
,,
,,
,,
,,
,,
,,
,,
,,
,,
,,
,,
,,
,,
,,
,,
,,
,,
,,
,,
,,
,,
,,
,,
,,
,,
,,
,,
,,
,,
,,
,,
,,
,,
,,
,,
,,
,,
,,
,,
,,
,,
,,
,,
,,
,,
,,
,,
,,
,,
,,
,,
,,
,,
,,
,,
,,
,,
,,
,,
,,
,,
,,
,,
,,
,,
,,
,,
,,
,,
,,
,,
,,
,,
,,
,,
,,
,,
,,
,,
,,
,,
,,
,,
,,
,,
,,
,,
,,
,,
,,
,,
,,
,,
,,
,,
,,
,,
,,
,,
,,
,,
,,
,,
,,
,,
,,
,,
,,
,,
,,
,,
,,
,,
,,
,,
,,
,,
,,
,,
,,
,,
,,
,,
,,
,,
,,
,,
,,
,,
,,
,,
,,
,,
,,
,,
,,
,,
,,
,,
,,
,,
,,
,,
,,
,,
,,
,,
,,
,,
,,
,,
,,
,,
,,
,,
,,
,,
,,
,,
,,
,,
,,
,,
,,
,,
,,
,,
,,
,,
,,
,,
,,
,,
,,
,,
,,
,,
,,
,,
,,
,,
,,
,,
,,
,,
,,
,,
,,
,,
,,
,,
,,
,,
,,
,,
,,
,,
,,
,,
,,
,,
,,
,,
,,
,,
,,
,,
,,
,,
,,
,,
,,
,,
,,
,,
,,
,,
,,
,,
,,
,,
,,
,,
,,
,,
,,
,,
,,
,,
,,
,,
,,
,,
,,
,,
,,
,,
,,
,,
,,
,,
,,
,,
,,
,,
,,
,,
,,
,,
,,
,,
,,
,,
,,
,,
,,
,,
,,
,,
,,
,,
,,
,,
,,
,,
,,
,,
,,
,,
,,
,,
,,
,,
,,
,,
,,
,,
,,
,,
,,
,,
,,
,,
,,
,,
,,
,,
,,
,,
,,
,,
,,
,,
,,
,,
,,
,,
,,
,,
,,
,,
,,
,,
,,
,,
,,
,,
,,
,,
,,
,,
,,
,,
,,
,,
,,
,,
,,
,,
,,
,,
,,
,,
,,
,,
,,
,,
,,
,,
,,
,,
,,
,,
,,
,,
,,
,,
,,
,,
,,
,,
,,
,,
,,
,,
,,
,,
,,
,,
,,
,,
,,
,,
,,
,,
,,
,,
,,
,,
,,
,,
,,
,,
,,
,,
,,
,,
,,
,,
,,
,,
,,
,,
,,
,,
,,
,,
,,
,,
,,
,,
,,
,,
,,
,,
,,
,,
,,
,,
,,
,,
,,
,,
,,
,,
,,
,,
,,
,,
,,
,,
,,
,,
,,
,,
,,
,,
,,
,,
,,
,,
,,
,,
,,
,,
,,
,,
,,
,,
,,
,,
,,
,,
,,
,,
,,
,,
,,
,,
,,
,,
,,
,,
,,
,,
,,
,,
,,
,,
,,
,,
,,
,,
,,
,,
,,
,,
,,
,,
,,
,,
,,
,,
,,
,,
,,
,,
,,
,,
,,
,,
,,
,,
,,
,,
,,
,,
,,
,,
,,
,,
,,
,,
,,
,,
,,
,,
,,
,,
,,
,,
,,
,,
,,
,,
,,
,,
,,
,,
,,
,,
,,
,,
,,
,,
,,
,,
,,
,,
,,
,,
,,
,,
,,
,,
,,
,,
,,
,,
,,
,,
,,
,,
,,
,,
,,
,,
,,
,,
,,
,,
,,
,,
,,
,,
,,
,,
,,
,,
,,
,,
,,
,,
,,
,,
,,
,,
,,
,,
© Crown Copyright 2015,,
