Position,Name,Number of babies
1,David,1891
2,Christopher,1374
3,Andrew,1275
4,John,1260
5,James,1156
6,Craig,992
7,Steven,950
8,Paul,901
9,Michael,768
10,Scott,740
11,Robert,721
12,Mark,719
13,William,658
14,Kevin,657
15,Stuart,641
16,Stephen,584
17,Alan,562
18,Gary,522
19,Ross,509
20,Colin,467
21,Richard,451
22,Martin,446
23,Thomas,401
24,Neil,393
25,Ryan,372
26,Graeme,343
27,Brian,341
28,Peter,335
29,Gordon,321
30=,Darren,316
30=,Ian,316
32,Jamie,305
33=,Alexander,303
33=,Iain,303
35,Graham,284
36,Barry,278
37=,Allan,266
37=,Jonathan,266
39,Daniel,257
40,Gavin,251
41,Derek,238
42,Kenneth,235
43,Sean,214
44,Matthew,211
45,Lee,200
46,George,183
47,Nicholas,176
48=,Anthony,174
48=,Stewart,174
50,Fraser,166
51,Douglas,160
52,Keith,159
53,Joseph,149
54,Grant,145
55,Marc,134
56,Adam,127
57,Simon,123
58,Alistair,120
59,Garry,118
60,Alastair,116
61,Bryan,113
62,Liam,109
63,Jason,107
64=,Duncan,106
64=,Euan,106
66,Charles,105
67,Greg,103
68=,Edward,102
68=,Philip,102
70=,Russell,96
70=,Shaun,96
72,Gareth,93
73,Ewan,92
74,Calum,89
75,Callum,86
76,Donald,84
77=,Cameron,81
77=,Raymond,81
79,Patrick,80
80,Alasdair,79
81,Dean,70
82,Greig,67
83,Lewis,66
84,Benjamin,65
85,Malcolm,62
86,Niall,60
87,Gerard,58
88,Martyn,54
89,Jordan,52
90=,Aaron,50
90=,Francis,50
92,Hugh,49
93=,Gregor,48
93=,Mohammed,48
95,Robin,47
96,Samuel,46
97=,Angus,43
97=,Bruce,43
99,Kris,40
100,Ronald,39
101=,Dale,37
101=,Rory,37
103=,Dominic,35
103=,Jon,35
105,Blair,34
106,Kyle,33
107=,Brendan,32
107=,Kristopher,32
107=,Murray,32
110=,Timothy,29
110=,Wayne,29
112,Roderick,28
113=,Adrian,26
113=,Gerald,26
113=,Luke,26
113=,Owen,26
113=,Roy,26
118,Oliver,24
119=,Antony,23
119=,Jack,23
119=,Kieran,23
119=,Kristofer,23
119=,Mohammad,23
124,Eric,22
125=,Barrie,21
125=,Ben,21
125=,Daryl,21
125=,Nicky,21
125=,Terry,21
130=,Drew,20
130=,Tony,20
132=,Kristoffer,18
132=,Rikki,18
132=,Robbie,18
135=,Glen,17
135=,Gregory,17
135=,Henry,17
135=,Phillip,17
139=,Alex,16
139=,Frazer,16
139=,Lawrence,16
142=,Campbell,15
142=,Damien,15
142=,Darryl,15
142=,Hamish,15
142=,Johnathan,15
147=,Alister,14
147=,Allen,14
147=,Billy,14
147=,Ewen,14
147=,Frank,14
147=,Nathan,14
147=,Ricky,14
147=,Terence,14
155=,Brett,13
155=,Fergus,13
155=,Imran,13
155=,Jay,13
155=,Lindsay,13
155=,Norman,13
161=,Ali,12
161=,Damian,12
161=,Derrick,12
161=,Elliot,12
161=,Kirk,12
161=,Leon,12
161=,Mathew,12
161=,Tom,12
161=,Vincent,12
170=,Ciaran,11
170=,Danny,11
170=,Finlay,11
170=,Harry,11
170=,Julian,11
170=,Justin,11
170=,Marcus,11
170=,Trevor,11
178=,Arthur,10
178=,Evan,10
178=,Glenn,10
178=,Jeffrey,10
178=,Jeremy,10
178=,Jonathon,10
178=,Kerr,10
185=,Bobby,9
185=,Geoffrey,9
185=,Gregg,9
185=,Guy,9
185=,Joel,9
185=,Joshua,9
185=,Karl,9
185=,Keir,9
185=,Leslie,9
185=,Louis,9
185=,Muhammad,9
185=,Sam,9
185=,Shane,9
198=,Abdul,8
198=,Ashley,8
198=,Carl,8
198=,Crawford,8
198=,Innes,8
198=,Leigh,8
198=,Marco,8
198=,Neal,8
198=,Nicolas,8
198=,Nikki,8
198=,Stefan,8
198=,Struan,8
210=,Alisdair,7
210=,Darran,7
210=,Denis,7
210=,Dylan,7
210=,Kevan,7
210=,Laurie,7
210=,Murdo,7
210=,Neale,7
210=,Omar,7
210=,Sandy,7
210=,Steve,7
210=,Walter,7
222=,Ahmed,6
222=,Aidan,6
222=,Albert,6
222=,Chi,6
222=,Clark,6
222=,Darrell,6
222=,Dennis,6
222=,Desmond,6
222=,Don,6
222=,Edwin,6
222=,Frederick,6
222=,Jeff,6
222=,Kieron,6
222=,Laurence,6
222=,Leo,6
222=,Lloyd,6
222=,Maxwell,6
222=,Mitchell,6
222=,Ralph,6
222=,Ramsay,6
222=,Usman,6
243=,Ahmad,5
243=,Anton,5
243=,Archibald,5
243=,Austin,5
243=,Bernard,5
243=,Bradley,5
243=,Chris,5
243=,Daren,5
243=,Elliott,5
243=,Eoghan,5
243=,Faisal,5
243=,Jackson,5
243=,Jim,5
243=,Jody,5
243=,Johnny,5
243=,Lance,5
243=,Leonard,5
243=,Magnus,5
243=,Max,5
243=,Mohamad,5
243=,Moray,5
243=,Myles,5
243=,Ricardo,5
243=,Roddy,5
243=,Ruairidh,5
243=,Ruaraidh,5
243=,Ruaridh,5
243=,Sandeep,5
243=,Sebastian,5
243=,Spencer,5
243=,Victor,5
243=,Warren,5
243=,Wilson,5
276=,Abdullah,4
276=,Amit,4
276=,Andre,4
276=,Antonio,4
276=,Arron,4
276=,Brent,4
276=,Calvin,4
276=,Darrin,4
276=,Daryll,4
276=,Eoin,4
276=,Gilbert,4
276=,Glyn,4
276=,Grahame,4
276=,Hector,4
276=,Howard,4
276=,Jackie,4
276=,Jacob,4
276=,Jaime,4
276=,Kasim,4
276=,Kristofor,4
276=,Man,4
276=,Mario,4
276=,Maurice,4
276=,Nadeem,4
276=,Naveed,4
276=,Neill,4
276=,Nigel,4
276=,Richie,4
276=,Ritchie,4
276=,Rodney,4
276=,Roger,4
276=,Roland,4
276=,Ronan,4
276=,Shakeel,4
276=,Steffan,4
276=,Syed,4
276=,Taylor,4
276=,Wai,4
314=,Adnan,3
314=,Alec,3
314=,Alessandro,3
314=,Alun,3
314=,Anas,3
314=,Andreas,3
314=,Arfan,3
314=,Arran,3
314=,Atholl,3
314=,Azeem,3
314=,Bryce,3
314=,Bryon,3
314=,Clifford,3
314=,Dwayne,3
314=,Edmund,3
314=,Erik,3
314=,Francesco,3
314=,Garrie,3
314=,Gerrard,3
314=,Giancarlo,3
314=,Giles,3
314=,Giovanni,3
314=,Hardeep,3
314=,Irfan,3
314=,Jodie,3
314=,Joe,3
314=,Jordon,3
314=,Kamran,3
314=,Kar,3
314=,Kashif,3
314=,Kelly,3
314=,Kenny,3
314=,Kristian,3
314=,Kwok,3
314=,Logan,3
314=,Lorenzo,3
314=,Lorne,3
314=,Lyall,3
314=,Mohamed,3
314=,Mohd,3
314=,Morgan,3
314=,Nairn,3
314=,Noel,3
314=,Ray,3
314=,Sami,3
314=,Shabaz,3
314=,Shahbaz,3
314=,Shawn,3
314=,Shazad,3
314=,Stanley,3
314=,Tobias,3
314=,Tristan,3
314=,Waseem,3
314=,Zachary,3
314=,Zahid,3
369=,Abbas,2
369=,Abrar,2
369=,Adil,2
369=,Ajay,2
369=,Alexis,2
369=,Allister,2
369=,Allyn,2
369=,Alyn,2
369=,Amar,2
369=,Antoni,2
369=,Ashleigh,2
369=,Asim,2
369=,Barclay,2
369=,Beau,2
369=,Benn,2
369=,Bilal,2
369=,Bret,2
369=,Byron,2
369=,Carlo,2
369=,Cary,2
369=,Christian,2
369=,Chun,2
369=,Ciaron,2
369=,Clarke,2
369=,Clayton,2
369=,Corey,2
369=,Corry,2
369=,Davinder,2
369=,Declan,2
369=,Derick,2
369=,Diarmid,2
369=,Duane,2
369=,Eamon,2
369=,Eamonn,2
369=,Edmond,2
369=,Eli,2
369=,Faraz,2
369=,Fergal,2
369=,Findlay,2
369=,Finn,2
369=,Georg,2
369=,Gideon,2
369=,Giuseppe,2
369=,Hasan,2
369=,Hisham,2
369=,Hon,2
369=,Ivor,2
369=,Jacques,2
369=,Jan,2
369=,Jared,2
369=,Jean,2
369=,Jerry,2
369=,Johnnathan,2
369=,Johnpaul,2
369=,Jose,2
369=,Josef,2
369=,Joss,2
369=,Juan,2
369=,Jun,2
369=,Kai,2
369=,Kehinde,2
369=,Khalid,2
369=,Kham,2
369=,Kin,2
369=,Kok,2
369=,Lachlan,2
369=,Levi,2
369=,Louie,2
369=,Luciano,2
369=,Luigi,2
369=,Malik,2
369=,Manzoor,2
369=,Marshall,2
369=,Marwan,2
369=,Melville,2
369=,Miguel,2
369=,Morris,2
369=,Mustapha,2
369=,Nicki,2
369=,Nicol,2
369=,Osman,2
369=,Paolo,2
369=,Pietro,2
369=,Qasim,2
369=,Raheel,2
369=,Raja,2
369=,Rajeev,2
369=,Rana,2
369=,Raymund,2
369=,Razwan,2
369=,Remo,2
369=,Reuben,2
369=,Rhys,2
369=,Riccardo,2
369=,Rizwan,2
369=,Robb,2
369=,Roberto,2
369=,Ronny,2
369=,Rowan,2
369=,Rudi,2
369=,Sarfraz,2
369=,Scot,2
369=,Seamus,2
369=,Seth,2
369=,Shahid,2
369=,Shezad,2
369=,Simeon,2
369=,Spence,2
369=,Stephan,2
369=,Stevie,2
369=,Sulman,2
369=,Sunil,2
369=,Suraj,2
369=,Tariq,2
369=,Toby,2
369=,Tommy,2
369=,Troy,2
369=,Vishal,2
369=,Vito,2
369=,Wallace,2
369=,Wesley,2
369=,Zak,2
369=,Zohaib,2
492=,Aamer,1
492=,Aaren,1
492=,Aarron,1
492=,Abbid,1
492=,Abdul-Karime,1
492=,Abduladeem,1
492=,Abdulaziz,1
492=,Abdulla,1
492=,Abdulrahman,1
492=,Abram,1
492=,Adair,1
492=,Adedeji,1
492=,Adeel,1
492=,Adham,1
492=,Adrees,1
492=,Adriano,1
492=,Afzal,1
492=,Ahdul,1
492=,Ainsley,1
492=,Ainslie,1
492=,Akmal,1
492=,Alaa,1
492=,Alaister,1
492=,Aldo,1
492=,Aldous,1
492=,Alfonso,1
492=,Alfred,1
492=,Alim,1
492=,Alphonsus,1
492=,Alston,1
492=,Alvin,1
492=,Amandeep,1
492=,Amardeep,1
492=,Ameet,1
492=,Amer,1
492=,Amerritjeet,1
492=,Aminur,1
492=,Amireck,1
492=,Ammar,1
492=,Amrit,1
492=,Anass,1
492=,Andres,1
492=,Andri,1
492=,Andros,1
492=,Andy,1
492=,Angus-James,1
492=,Anik,1
492=,Annand,1
492=,Antoine,1
492=,Antonino,1
492=,Archie,1
492=,Arfaan,1
492=,Aria,1
492=,Arif,1
492=,Armaan,1
492=,Armen,1
492=,Arminder,1
492=,Armond,1
492=,Arshid,1
492=,Aryan,1
492=,Asad,1
492=,Ashrul,1
492=,Ashton,1
492=,Ashumantha,1
492=,Asif,1
492=,Asows,1
492=,Assam,1
492=,Atbaan,1
492=,Atif,1
492=,Atilay,1
492=,Atul,1
492=,Augusto,1
492=,Aulay,1
492=,Austen,1
492=,Avik,1
492=,Avinash,1
492=,Ayaz,1
492=,Aylwyn,1
492=,Ayman,1
492=,Aymen,1
492=,Aynsley,1
492=,Azad,1
492=,Azizul,1
492=,Balfour,1
492=,Baljinder,1
492=,Ballal,1
492=,Balraj,1
492=,Ban,1
492=,Banjamin,1
492=,Barinder,1
492=,Barnabas,1
492=,Barnaby,1
492=,Barray,1
492=,Barry-John,1
492=,Barry-Jon,1
492=,Barrymore,1
492=,Belal,1
492=,Benedict,1
492=,Bertie,1
492=,Bhavraj,1
492=,Biagio,1
492=,Bikram,1
492=,Bill,1
492=,Billie,1
492=,Bing,1
492=,Bjorn,1
492=,Blale,1
492=,Blyth,1
492=,Blythe,1
492=,Bobak,1
492=,Boruch,1
492=,Boyd,1
492=,Bram,1
492=,Brandon,1
492=,Breandan,1
492=,Brendhain,1
492=,Brendon,1
492=,Briony,1
492=,Brodie,1
492=,Brogan,1
492=,Brydon,1
492=,Burkan,1
492=,Cailean,1
492=,Calam,1
492=,Caleb,1
492=,Callan,1
492=,Carol,1
492=,Carson,1
492=,Cathal,1
492=,Cathel,1
492=,Ceiran,1
492=,Cesar,1
492=,Chaloner,1
492=,Charlie,1
492=,Chaz,1
492=,Chien,1
492=,Chimezie,1
492=,Chin,1
492=,Chiu,1
492=,Chou,1
492=,Christophe,1
492=,Chuck,1
492=,Chukwuemeka,1
492=,Chukwunwike,1
492=,Chung,1
492=,Ciarin,1
492=,Cillian,1
492=,Clarence,1
492=,Claudio,1
492=,Clem,1
492=,Clement,1
492=,Clinton,1
492=,Clive,1
492=,Cody,1
492=,Coinneach,1
492=,Colby,1
492=,Conan,1
492=,Connor,1
492=,Conon,1
492=,Conor,1
492=,Conrad,1
492=,Craigie,1
492=,Creag,1
492=,Cristiano,1
492=,Cynrig,1
492=,Daanish,1
492=,Damiano,1
492=,Damion,1
492=,Dannyboy,1
492=,Dario,1
492=,Darral,1
492=,Darrel,1
492=,Darroch,1
492=,Davis,1
492=,Dayle,1
492=,Deane,1
492=,Deborshi,1
492=,Dein,1
492=,Denell,1
492=,Dereck,1
492=,Derry,1
492=,Derryl,1
492=,Deryck,1
492=,Devajanan,1
492=,Devinder,1
492=,Devlin,1
492=,Dewar,1
492=,Dharmendra,1
492=,Di,1
492=,Dickon,1
492=,Dimitrios,1
492=,Dion,1
492=,Djshwar,1
492=,Domhnall,1
492=,Donnie,1
492=,Donny,1
492=,Dougal,1
492=,Dougald,1
492=,Drummond,1
492=,Duart,1
492=,Dumo-Teim,1
492=,Dyfrig,1
492=,Eaon,1
492=,Easmoul,1
492=,Edemumo,1
492=,Edgar,1
492=,Edouard,1
492=,Ehson,1
492=,Eiran,1
492=,Eivind,1
492=,Elgan,1
492=,Elias,1
492=,Elim,1
492=,Elio,1
492=,Eliot,1
492=,Elizabeth,1
492=,Ellan,1
492=,Emiel,1
492=,Emilio,1
492=,Emilios,1
492=,Emun,1
492=,Enrico,1
492=,Eraclis,1
492=,Erin,1
492=,Erling,1
492=,Eseosa,1
492=,Eshan,1
492=,Ete-Ete,1
492=,Ethan,1
492=,Etienne,1
492=,Fahad,1
492=,Faheem,1
492=,Farhad,1
492=,Farhan,1
492=,Farkh,1
492=,Farman,1
492=,Farooq,1
492=,Farzad,1
492=,Fawad,1
492=,Feharzad,1
492=,Fernando,1
492=,Feroz,1
492=,Fhionn,1
492=,Fiaz,1
492=,Finn-Erik,1
492=,Folarin,1
492=,Fouirat,1
492=,Frankie,1
492=,Fraz,1
492=,Freddie,1
492=,Frempong,1
492=,Fu,1
492=,Fulton,1
492=,Gaelan,1
492=,Garey,1
492=,Garfield,1
492=,Garreth,1
492=,Gavyn,1
492=,Gee,1
492=,Gelvin,1
492=,Geoff,1
492=,Georffrey,1
492=,Georgios,1
492=,Gerrad,1
492=,Gerri,1
492=,Gerry,1
492=,Ghulam,1
492=,Gianluca,1
492=,Gianpiero,1
492=,Gillan,1
492=,Gillies,1
492=,Glencairn,1
492=,Glynn,1
492=,Grame,1
492=,Gregar,1
492=,Guramarit,1
492=,Gurcharn,1
492=,Gurdave,1
492=,Gurdeep,1
492=,Gurjeet,1
492=,Gurmale,1
492=,Gurmaydr,1
492=,Gurmeat,1
492=,Gurminder,1
492=,Gurpreet,1
492=,Gurprem,1
492=,Haakon,1
492=,Hafeez,1
492=,Hal,1
492=,Hamed,1
492=,Hamzah,1
492=,Harnek,1
492=,Harold,1
492=,Haroun,1
492=,Harvey,1
492=,Harvinder,1
492=,Hasnain,1
492=,Hatem,1
492=,Hayden,1
492=,Hejaz,1
492=,Hemanth,1
492=,Hew,1
492=,Hinaan,1
492=,Hiu,1
492=,Ho-Yin,1
492=,Hok,1
492=,Hong-Phong,1
492=,Hossain,1
492=,Hussain,1
492=,Hussam,1
492=,Hussan,1
492=,Hussein,1
492=,Hussen,1
492=,Hydar,1
492=,Hywel,1
492=,Iason,1
492=,Ifeoluwapo,1
492=,Imry,1
492=,Inderjit,1
492=,Iqbal,1
492=,Irvine,1
492=,Isaac,1
492=,Ishtiaq,1
492=,Italo,1
492=,Jacky,1
492=,Jacobus,1
492=,Jahanzeb,1
492=,Jai,1
492=,Jaimie,1
492=,Jake,1
492=,Jalaluddin,1
492=,Jamal,1
492=,Jamel,1
492=,James-Alexander,1
492=,Jamie-Stuart,1
492=,Jaroslav,1
492=,Jarvis,1
492=,Jasam,1
492=,Jasper,1
492=,Jasvinder,1
492=,Jaswinder,1
492=,Jaswynder,1
492=,Jatinder,1
492=,Javad,1
492=,Jawaad,1
492=,Jaymie,1
492=,Jayson,1
492=,Jean-Bernard,1
492=,Jean-Christophe,1
492=,Jean-Pierre,1
492=,Jed,1
492=,Jeevan,1
492=,Jeffery,1
492=,Jemmison,1
492=,Jen,1
492=,Jennifer,1
492=,Jeroen,1
492=,Jia,1
492=,Jiger,1
492=,Jimmy,1
492=,Jimy,1
492=,Johan,1
492=,John-David,1
492=,John-Findlay,1
492=,Johnathon,1
492=,Johnston,1
492=,Jolson,1
492=,Joran,1
492=,Jorge,1
492=,Julien,1
492=,Junior,1
492=,Jwad,1
492=,Ka,1
492=,Kai-Hong,1
492=,Kaifung,1
492=,Kal,1
492=,Kam,1
492=,Karamveer,1
492=,Kari,1
492=,Karol,1
492=,Kashaf,1
492=,Kasra,1
492=,Kassam,1
492=,Kayode,1
492=,Keane,1
492=,Keigh,1
492=,Keil,1
492=,Keiron,1
492=,Kelvin,1
492=,Ken,1
492=,Kenton,1
492=,Kern,1
492=,Kerrin,1
492=,Keven,1
492=,Keyvan,1
492=,Khairu'l,1
492=,Khrum,1
492=,Khubaib,1
492=,Khuram,1
492=,Khurrum,1
492=,Ki,1
492=,Kian,1
492=,Kieren,1
492=,Kimberley,1
492=,Kiran,1
492=,Kishore,1
492=,Kit,1
492=,Koneino,1
492=,Kraig,1
492=,Kriss,1
492=,Kristjan,1
492=,Krzysztof,1
492=,Kuljit,1
492=,Kunal,1
492=,Kurk,1
492=,Kurtis,1
492=,Kwabena,1
492=,Kyriakos,1
492=,Laith,1
492=,Larry,1
492=,Lauder,1
492=,Lawerence,1
492=,Lawrie,1
492=,Leam,1
492=,Lech,1
492=,Lee-Fan,1
492=,Leee,1
492=,Leith,1
492=,Len,1
492=,Leopold,1
492=,Lesley,1
492=,Lesley-Anne,1
492=,Linzie,1
492=,Lisa,1
492=,Livingstone,1
492=,Loic,1
492=,Lorn,1
492=,Loudon,1
492=,Luca,1
492=,Lucas,1
492=,Luck,1
492=,Luis,1
492=,Lyndon,1
492=,Maarten,1
492=,Mabeel,1
492=,Maher,1
492=,Mahmood,1
492=,Majahad,1
492=,Mamun,1
492=,Mandela,1
492=,Manoj,1
492=,Marcel,1
492=,Marcello,1
492=,Markus,1
492=,Marnix,1
492=,Maro,1
492=,Marvin,1
492=,Masood,1
492=,Massimo,1
492=,Matteo,1
492=,Maxim,1
492=,Maximillian,1
492=,Mazin,1
492=,Megat,1
492=,Melbourn,1
492=,Melvin,1
492=,Mervyn,1
492=,Meshary,1
492=,Micheal,1
492=,Mikal,1
492=,Minaz,1
492=,Mirza,1
492=,Moffat,1
492=,Mohsan,1
492=,Mohsin,1
492=,Momin,1
492=,Monaf,1
492=,Moore,1
492=,Mosa,1
492=,Moses,1
492=,Motassem,1
492=,Muhanned,1
492=,Muhd,1
492=,Muhmmad,1
492=,Murdanie,1
492=,Murdoch,1
492=,Mustafa,1
492=,Muzammal,1
492=,Mwansa,1
492=,Myk,1
492=,Nabiel,1
492=,Nadjib,1
492=,Naill,1
492=,Naim,1
492=,Najd,1
492=,Nana,1
492=,Narinder,1
492=,Nasr,1
492=,Nathaniel,1
492=,Navfed,1
492=,Navid,1
492=,Navin,1
492=,Navjeet,1
492=,Neall,1
492=,Nebeolisa,1
492=,Necip,1
492=,Neusha,1
492=,Neville,1
492=,Nezar,1
492=,Ngoc,1
492=,Nial,1
492=,Nick,1
492=,Nicola,1
492=,Nicolaas,1
492=,Nidhal,1
492=,Niel,1
492=,Niels,1
492=,Nikhil,1
492=,Nikolas,1
492=,Ninian,1
492=,Njal,1
492=,Nor,1
492=,Nwaz,1
492=,O'neil,1
492=,Odai,1
492=,Oghale,1
492=,Olaoluwa,1
492=,Olaoluwanianje,1
492=,Olisaemedua,1
492=,Olivier,1
492=,Olusegun,1
492=,Oluwasheyi,1
492=,Omair,1
492=,Omer,1
492=,Oran,1
492=,Oritseweyinmi,1
492=,Orphy,1
492=,Osama,1
492=,Oscar,1
492=,Osilama,1
492=,Osmann,1
492=,Ossian,1
492=,Ou,1
492=,Ozkan,1
492=,Paejmaan,1
492=,Parae,1
492=,Paris,1
492=,Parmjit,1
492=,Parvinder,1
492=,Pasha,1
492=,Patrizio,1
492=,Pedram,1
492=,Perminder,1
492=,Peter-Daniel,1
492=,Philipp,1
492=,Philippe,1
492=,Piero,1
492=,Pieter,1
492=,Pip,1
492=,Prabhjit,1
492=,Presley,1
492=,Prevaz,1
492=,Pui,1
492=,Qadeer,1
492=,Quincy,1
492=,Quinton,1
492=,Quoc,1
492=,Rae,1
492=,Rafael,1
492=,Rafan,1
492=,Rafeel,1
492=,Raffaele,1
492=,Rafiq,1
492=,Rahmy,1
492=,Rahul,1
492=,Rajpal,1
492=,Rameshwer,1
492=,Randolph,1
492=,Raqib,1
492=,Rayhan,1
492=,Reece,1
492=,Rehan,1
492=,Rehman,1
492=,Reid,1
492=,Reinier,1
492=,Rennie,1
492=,Reo,1
492=,Reza,1
492=,Rhodri,1
492=,Rhuri,1
492=,Riaz,1
492=,Ricki,1
492=,Rikky,1
492=,Roahry,1
492=,Roald,1
492=,Rocco,1
492=,Rodger,1
492=,Rodrick,1
492=,Roel,1
492=,Roelof-Alexande,1
492=,Rogan,1
492=,Rolf,1
492=,Romano,1
492=,Ron,1
492=,Ronnie,1
492=,Rorie,1
492=,Roshan,1
492=,Rowland,1
492=,Royheim,1
492=,Ruan,1
492=,Ruari,1
492=,Ruarri,1
492=,Rudy,1
492=,Rupert,1
492=,Russel,1
492=,Ryan-Andrew,1
492=,Ryan-Edward,1
492=,Safe,1
492=,Safran,1
492=,Sahidur,1
492=,Sahir,1
492=,Sai,1
492=,Saif,1
492=,Saim,1
492=,Sajaad,1
492=,Sajad,1
492=,Sajid,1
492=,Saleem,1
492=,Salman,1
492=,Salvatore,1
492=,Saman,1
492=,Samer,1
492=,Samhuinn,1
492=,Sander,1
492=,Sanjai,1
492=,Sanjay,1
492=,Saqib-Jamal,1
492=,Sardar,1
492=,Sarel,1
492=,Sarwar,1
492=,Satbir,1
492=,Satnam,1
492=,Satvindar,1
492=,Saxbourne,1
492=,Sayf,1
492=,See,1
492=,Senthilnathan,1
492=,Serfraz,1
492=,Sergio,1
492=,Seumas,1
492=,Seyed,1
492=,Shaan,1
492=,Shabir,1
492=,Shah,1
492=,Shaheen,1
492=,Shahiduir,1
492=,Shaiy,1
492=,Shand,1
492=,Shannon,1
492=,Sharaz,1
492=,Shargil,1
492=,Sharjeel,1
492=,Shashank,1
492=,Shaw,1
492=,Shehzad,1
492=,Shein,1
492=,Sheraz,1
492=,Shihabadeen,1
492=,Shihzad,1
492=,Shinda,1
492=,Shiran,1
492=,Shloime,1
492=,Sholto,1
492=,Shozel,1
492=,Shuja-At,1
492=,Shujaat,1
492=,Sikander,1
492=,Sinchi,1
492=,Sinclair,1
492=,Sirkar,1
492=,Siroosh,1
492=,Skye,1
492=,Sohaib,1
492=,Somiruwhn,1
492=,Soon,1
492=,Sooren,1
492=,Steel,1
492=,Stefanie,1
492=,Stephen-Alexand,1
492=,Steuart,1
492=,Stevan,1
492=,Stevenson,1
492=,Stevi,1
492=,Stevyn,1
492=,Strath,1
492=,Sufyaan,1
492=,Sukchen,1
492=,Sukhvinderpal,1
492=,Suleman,1
492=,Sundeep,1
492=,Sweyn,1
492=,Symon,1
492=,Tahar,1
492=,Tahir,1
492=,Talagy,1
492=,Talvir,1
492=,Tameel,1
492=,Tamin,1
492=,Tanvir,1
492=,Tareq,1
492=,Tauqeer,1
492=,Taut,1
492=,Taverishima,1
492=,Telford,1
492=,Tendai,1
492=,Terrance,1
492=,Thaddaeus,1
492=,Thomson,1
492=,Thorfinn,1
492=,Thorvald,1
492=,Tiernan,1
492=,Ting,1
492=,Tore,1
492=,Tracy,1
492=,Travis,1
492=,Trefor,1
492=,Trystram,1
492=,Tuhal,1
492=,Tyler,1
492=,Ugochinyere,1
492=,Ugonna,1
492=,Umran,1
492=,Urfam,1
492=,Usama,1
492=,Uwais,1
492=,Van,1
492=,Varoon,1
492=,Vasilis,1
492=,Vernon,1
492=,Veroo,1
492=,Vijay,1
492=,Vikas,1
492=,Vikash,1
492=,Vincenzo,1
492=,Vineet,1
492=,Vivian,1
492=,Waell,1
492=,Waheed,1
492=,Wakas,1
492=,Waleed,1
492=,Wan,1
492=,Wasim,1
492=,Watson,1
492=,Wellington,1
492=,Weng,1
492=,Wilhelm,1
492=,Willem,1
492=,William-Ross,1
492=,Win-Ken,1
492=,Wladyslaw,1
492=,Yai,1
492=,Yannick,1
492=,Yaschar,1
492=,Yaseen,1
492=,Yassar-Ud-Din,1
492=,Yasseen,1
492=,Yasser,1
492=,Yehyah,1
492=,Yonatan,1
492=,Yoseph,1
492=,Yousif,1
492=,Youssef,1
492=,Yue,1
492=,Yumann,1
492=,Yusif,1
492=,Zaber,1
492=,Zabir,1
492=,Zaed,1
492=,Zaki,1
492=,Zeeyad,1
492=,Zeshan,1
492=,Ziad,1
492=,Zino,1
492=,Zishaan,1
492=,Zishan,1
492=,Zulfiqar,1
,,
,,
,,
,,
,,
,,
,,
,,
,,
,,
,,
,,
,,
,,
,,
,,
,,
,,
,,
,,
,,
,,
,,
,,
,,
,,
,,
,,
,,
,,
,,
,,
,,
,,
,,
,,
,,
,,
,,
,,
,,
,,
,,
,,
,,
,,
,,
,,
,,
,,
,,
,,
,,
,,
,,
,,
,,
,,
,,
,,
,,
,,
,,
,,
,,
,,
,,
,,
,,
,,
,,
,,
,,
,,
,,
,,
,,
,,
,,
,,
,,
,,
,,
,,
,,
,,
,,
,,
,,
,,
,,
,,
,,
,,
,,
,,
,,
,,
,,
,,
,,
,,
,,
,,
,,
,,
,,
,,
,,
,,
,,
,,
,,
,,
,,
,,
,,
,,
,,
,,
,,
,,
,,
,,
,,
,,
,,
,,
,,
,,
,,
,,
,,
,,
,,
,,
,,
,,
,,
,,
,,
,,
,,
,,
,,
,,
,,
,,
,,
,,
,,
,,
,,
,,
,,
,,
,,
,,
,,
,,
,,
,,
,,
,,
,,
,,
,,
,,
,,
,,
,,
,,
,,
,,
,,
,,
,,
,,
,,
,,
,,
,,
,,
,,
,,
,,
,,
,,
,,
,,
,,
,,
,,
,,
,,
,,
,,
,,
,,
,,
,,
,,
,,
,,
,,
,,
,,
,,
,,
,,
,,
,,
,,
,,
,,
,,
,,
,,
,,
,,
,,
,,
,,
,,
,,
,,
,,
,,
,,
,,
,,
,,
,,
,,
,,
,,
,,
,,
,,
,,
,,
,,
,,
,,
,,
,,
,,
,,
,,
,,
,,
,,
,,
,,
,,
,,
,,
,,
,,
,,
,,
,,
,,
,,
,,
,,
,,
,,
,,
,,
,,
,,
,,
,,
,,
,,
,,
,,
,,
,,
,,
,,
,,
,,
,,
,,
,,
,,
,,
,,
,,
,,
,,
,,
,,
,,
,,
,,
,,
,,
,,
,,
,,
,,
,,
,,
,,
,,
,,
,,
,,
,,
,,
,,
,,
,,
,,
,,
,,
,,
,,
,,
,,
,,
,,
,,
,,
,,
,,
,,
,,
,,
,,
,,
,,
,,
,,
,,
,,
,,
,,
,,
,,
,,
,,
,,
,,
,,
,,
,,
,,
,,
,,
,,
,,
,,
,,
,,
,,
,,
,,
,,
,,
,,
,,
,,
,,
,,
,,
,,
,,
,,
,,
,,
,,
,,
,,
,,
,,
,,
,,
,,
,,
,,
,,
,,
,,
,,
,,
,,
,,
,,
,,
,,
,,
,,
,,
,,
,,
,,
,,
,,
,,
,,
,,
,,
,,
,,
,,
,,
,,
,,
,,
,,
,,
,,
,,
,,
,,
,,
,,
,,
,,
,,
,,
,,
,,
,,
,,
,,
,,
,,
,,
,,
,,
,,
,,
,,
,,
,,
,,
,,
,,
,,
,,
,,
,,
,,
,,
,,
,,
,,
,,
,,
,,
,,
,,
,,
,,
,,
,,
,,
,,
,,
,,
,,
,,
,,
,,
,,
,,
,,
,,
,,
,,
,,
,,
,,
,,
,,
,,
,,
,,
,,
,,
,,
,,
,,
,,
,,
,,
,,
,,
,,
,,
,,
,,
,,
,,
,,
,,
,,
,,
,,
,,
,,
,,
,,
,,
,,
,,
,,
,,
,,
,,
,,
,,
,,
,,
,,
,,
,,
,,
,,
,,
,,
,,
,,
,,
,,
,,
,,
,,
,,
,,
,,
,,
,,
,,
,,
,,
,,
,,
,,
,,
,,
,,
,,
,,
,,
,,
,,
,,
,,
,,
,,
,,
,,
,,
,,
,,
,,
,,
,,
,,
,,
,,
,,
,,
,,
,,
,,
,,
,,
,,
,,
,,
,,
,,
,,
,,
,,
,,
,,
,,
,,
,,
,,
,,
,,
,,
,,
,,
,,
,,
,,
,,
,,
,,
,,
,,
,,
,,
,,
,,
,,
,,
,,
,,
,,
,,
,,
,,
,,
,,
,,
,,
,,
,,
,,
,,
,,
,,
,,
,,
,,
,,
,,
,,
,,
,,
,,
,,
,,
,,
,,
,,
,,
,,
,,
,,
,,
,,
,,
,,
,,
,,
,,
,,
,,
,,
,,
,,
,,
,,
,,
,,
,,
,,
,,
,,
,,
,,
,,
,,
,,
,,
,,
,,
,,
,,
,,
,,
,,
,,
,,
,,
,,
,,
,,
,,
,,
,,
,,
,,
,,
,,
,,
,,
,,
,,
,,
,,
,,
,,
,,
,,
,,
,,
,,
,,
,,
,,
,,
,,
,,
,,
,,
,,
,,
,,
,,
,,
,,
,,
,,
,,
,,
,,
,,
,,
,,
,,
,,
,,
,,
,,
,,
,,
,,
,,
,,
,,
,,
,,
,,
,,
,,
,,
,,
,,
,,
,,
,,
,,
,,
,,
,,
,,
,,
,,
,,
,,
,,
,,
,,
,,
,,
,,
,,
,,
,,
,,
,,
,,
,,
,,
,,
,,
,,
,,
,,
,,
,,
,,
,,
,,
,,
,,
,,
,,
,,
,,
,,
,,
,,
,,
,,
,,
,,
,,
,,
,,
,,
,,
,,
,,
,,
,,
,,
,,
,,
,,
,,
,,
,,
,,
,,
,,
,,
,,
,,
,,
,,
,,
,,
,,
,,
,,
,,
,,
,,
,,
,,
,,
,,
,,
,,
,,
,,
,,
,,
,,
,,
,,
,,
,,
,,
,,
,,
,,
,,
,,
,,
,,
,,
,,
,,
,,
,,
,,
,,
,,
,,
,,
,,
,,
,,
,,
,,
,,
,,
,,
,,
,,
,,
,,
,,
,,
,,
,,
,,
,,
,,
,,
,,
,,
,,
,,
,,
,,
,,
,,
,,
,,
,,
,,
,,
,,
,,
,,
,,
,,
,,
,,
,,
,,
,,
,,
,,
,,
,,
,,
,,
,,
,,
,,
,,
,,
,,
,,
,,
,,
,,
,,
,,
,,
,,
,,
,,
,,
,,
,,
,,
,,
,,
,,
,,
,,
,,
,,
,,
,,
,,
,,
,,
,,
,,
,,
,,
,,
,,
,,
,,
,,
,,
,,
,,
,,
,,
,,
,,
,,
,,
,,
,,
,,
,,
,,
,,
,,
,,
,,
,,
,,
,,
,,
,,
,,
,,
,,
,,
,,
,,
,,
,,
,,
,,
,,
,,
,,
,,
© Crown Copyright 2015,,
