Position,Name,Number of babies
1,David,1623
2,Christopher,1292
3,Andrew,1178
4,James,1100
5,John,1090
6,Craig,984
7,Steven,946
8,Michael,891
9,Scott,842
10,Mark,832
11,Paul,816
12,Robert,652
13,Stuart,626
14,Ross,591
15,Stephen,580
16,Gary,577
17,Kevin,567
18,William,552
19,Jamie,465
20,Martin,456
21,Ryan,444
22,Alan,422
23=,Graeme,419
23=,Thomas,419
25,Daniel,415
26,Darren,371
27,Richard,367
28,Sean,336
29,Colin,314
30,Alexander,305
31,Peter,296
32,Iain,291
33,Lee,276
34,Ian,269
35,Brian,268
36,Graham,260
37,Matthew,258
38,Gordon,252
39,Barry,247
40,Adam,241
41,Gavin,236
42,Jonathan,234
43,Neil,226
44,Allan,209
45,Marc,206
46,Kenneth,196
47,Kyle,194
48,Fraser,189
49,Shaun,187
50,Jason,183
51=,Derek,180
51=,Grant,180
53,Liam,176
54,Anthony,162
55,Joseph,161
56,Stewart,153
57,Greg,146
58,Douglas,137
59,Nicholas,135
60,Calum,132
61=,George,127
61=,Simon,127
63,Duncan,122
64,Alistair,119
65=,Callum,116
65=,Dean,116
67,Bryan,114
68,Keith,109
69,Euan,108
70=,Garry,106
70=,Philip,106
72,Patrick,103
73,Donald,96
74,Edward,94
75,Jordan,89
76,Cameron,88
77,Charles,85
78,Gareth,84
79,Martyn,81
80,Lewis,77
81,Ewan,76
82=,Aaron,73
82=,Benjamin,73
84,Alastair,72
85,Raymond,70
86,Kieran,67
87,Rory,65
88,Alasdair,62
89=,Mohammed,59
89=,Samuel,59
91,Malcolm,58
92,Murray,55
93=,Blair,54
93=,Niall,54
95=,Kristopher,53
95=,Wayne,53
97=,Bruce,51
97=,Gerard,51
97=,Kris,51
100,Russell,50
101,Greig,49
102,Francis,48
103,Jack,46
104,Dale,45
105,Ronald,44
106,Ben,42
107,Gregor,39
108,Daryl,37
109=,Angus,35
109=,Mohammad,35
111=,Brendan,34
111=,Tony,34
113=,Antony,32
113=,Robbie,32
115,Robin,31
116,Terry,30
117=,Hugh,29
117=,Timothy,29
119,Frazer,28
120=,Adrian,27
120=,Sam,27
122=,Dominic,26
122=,Luke,26
124=,Henry,25
124=,Jon,25
124=,Ricky,25
127=,Campbell,23
127=,Nathan,23
129=,Eric,21
129=,Joshua,21
131=,Gregory,20
131=,Harry,20
131=,Justin,20
134=,Kristofer,19
134=,Roderick,19
136=,Billy,18
136=,Joe,18
136=,Lawrence,18
136=,Mathew,18
136=,Vincent,18
141=,Ciaran,17
141=,Kristoffer,17
141=,Oliver,17
141=,Terence,17
145=,Damian,16
145=,Damien,16
145=,Darryl,16
145=,Jonathon,16
145=,Nicky,16
150=,Danny,15
150=,Gerald,15
150=,Norman,15
150=,Roy,15
154=,Drew,14
154=,Fergus,14
154=,Finlay,14
154=,Gregg,14
154=,Hamish,14
154=,Owen,14
160=,Ahmed,13
160=,Aidan,13
160=,Alisdair,13
160=,Guy,13
160=,Leigh,13
160=,Neale,13
160=,Stefan,13
167=,Allen,12
167=,Bernard,12
167=,Elliot,12
167=,Louis,12
167=,Scot,12
167=,Tom,12
173=,Ashley,11
173=,Frank,11
173=,Glen,11
173=,Jay,11
173=,Keir,11
173=,Leslie,11
173=,Omar,11
180=,Alex,10
180=,Arron,10
180=,Barrie,10
180=,Bobby,10
180=,Bradley,10
180=,Calvin,10
180=,Dennis,10
180=,Derrick,10
180=,Evan,10
180=,Glenn,10
180=,Jeffrey,10
180=,Keiran,10
180=,Kerr,10
180=,Lloyd,10
180=,Mitchell,10
180=,Neal,10
180=,Nikki,10
180=,Sandy,10
198=,Carl,9
198=,Geoffrey,9
198=,Leon,9
198=,Magnus,9
198=,Phillip,9
198=,Rikki,9
198=,Struan,9
198=,Trevor,9
206=,Alister,8
206=,Bryce,8
206=,Dylan,8
206=,Imran,8
206=,Laurie,8
206=,Muhammad,8
206=,Riccardo,8
206=,Ruairidh,8
206=,Ruari,8
206=,Ruaridh,8
206=,Tommy,8
217=,Ali,7
217=,Arran,7
217=,Arthur,7
217=,Brett,7
217=,Clark,7
217=,Ewen,7
217=,Jaimie,7
217=,Joel,7
217=,Johnathan,7
217=,Kenny,7
217=,Laurence,7
217=,Ronnie,7
217=,Shawn,7
217=,Warren,7
231=,Albert,6
231=,Blaine,6
231=,Bobbie,6
231=,Damon,6
231=,Don,6
231=,Jake,6
231=,Jim,6
231=,Karl,6
231=,Kieron,6
231=,Kirk,6
231=,Lawrie,6
231=,Leo,6
231=,Lyle,6
231=,Mario,6
231=,Max,6
231=,Nicol,6
231=,Niki,6
231=,Ralph,6
231=,Sebastian,6
250=,Ahmad,5
250=,Alun,5
250=,Archibald,5
250=,Arif,5
250=,Bilal,5
250=,Brodie,5
250=,Carlo,5
250=,Dane,5
250=,Darryn,5
250=,Eamonn,5
250=,Eoin,5
250=,Jaime,5
250=,Jeff,5
250=,Jordon,5
250=,Kelvin,5
250=,Kristofor,5
250=,Leonard,5
250=,Marcus,5
250=,Neill,5
250=,Roddy,5
250=,Steve,5
250=,Toby,5
250=,Usman,5
250=,Walter,5
274=,Abdul,4
274=,Alec,4
274=,Amir,4
274=,Antonio,4
274=,Bryn,4
274=,Christian,4
274=,Connor,4
274=,Darran,4
274=,Declan,4
274=,Denis,4
274=,Desmond,4
274=,Edmund,4
274=,Forbes,4
274=,Francesco,4
274=,Gerrard,4
274=,Innes,4
274=,Jackie,4
274=,Jan,4
274=,Jeremy,4
274=,Jody,4
274=,Johnathon,4
274=,Jonas,4
274=,Khalid,4
274=,Kiel,4
274=,Kristian,4
274=,Lachlan,4
274=,Lindsay,4
274=,Luigi,4
274=,Marco,4
274=,Murdo,4
274=,Myles,4
274=,Nadeem,4
274=,Paolo,4
274=,Rhys,4
274=,Richie,4
274=,Roger,4
274=,Ronan,4
274=,Rowan,4
274=,Ruaraidh,4
274=,Shane,4
274=,Stanley,4
274=,Stefano,4
274=,Wilson,4
317=,Abid,3
317=,Aiden,3
317=,Allistair,3
317=,Allister,3
317=,Alyn,3
317=,Asim,3
317=,Benedetto,3
317=,Brandon,3
317=,Brent,3
317=,Carlos,3
317=,Chris,3
317=,Clarke,3
317=,Conrad,3
317=,Crawford,3
317=,Dario,3
317=,Darrel,3
317=,Daryn,3
317=,Dayle,3
317=,Dustin,3
317=,Edwin,3
317=,Erik,3
317=,Faisal,3
317=,Faraz,3
317=,Findlay,3
317=,Frederick,3
317=,Geoff,3
317=,Gian,3
317=,Giovanni,3
317=,Hans,3
317=,Hussein,3
317=,Josh,3
317=,Julian,3
317=,Kai,3
317=,Kashif,3
317=,Ken,3
317=,Kevan,3
317=,Logan,3
317=,Lorne,3
317=,Lyall,3
317=,Marshall,3
317=,Maxwell,3
317=,Morgan,3
317=,Nigel,3
317=,Raja,3
317=,Ranald,3
317=,Ricardo,3
317=,Ricki,3
317=,Rickie,3
317=,Ritchie,3
317=,Roberto,3
317=,Ruairi,3
317=,Samir,3
317=,Sammy,3
317=,Sinclair,3
317=,Stevie,3
317=,Victor,3
317=,Wai,3
317=,Wallace,3
317=,Waseem,3
376=,Aaran,2
376=,Abdullah,2
376=,Adeel,2
376=,Adil,2
376=,Ainslie,2
376=,Aled,2
376=,Alessandro,2
376=,Alfred,2
376=,Allyn,2
376=,Amar,2
376=,Amer,2
376=,Andy,2
376=,Aron,2
376=,Asif,2
376=,Atif,2
376=,Bert,2
376=,Blain,2
376=,Blake,2
376=,Blayne,2
376=,Brad,2
376=,Bryden,2
376=,Chance,2
376=,Charlie,2
376=,Clifford,2
376=,Conan,2
376=,Cristopher,2
376=,Danni,2
376=,Daren,2
376=,Darrell,2
376=,Daryll,2
376=,Denny,2
376=,Dion,2
376=,Dominique,2
376=,Doran,2
376=,Dougal,2
376=,Duane,2
376=,Dwain,2
376=,Elias,2
376=,Elliott,2
376=,Erlend,2
376=,Feargal,2
376=,Floyd,2
376=,Frankie,2
376=,Giles,2
376=,Giuseppe,2
376=,Hal,2
376=,Hardeep,2
376=,Haroon,2
376=,Harrison,2
376=,Hector,2
376=,Herbert,2
376=,Hugo,2
376=,Huw,2
376=,Izaak,2
376=,Jai,2
376=,Jak,2
376=,Jamal,2
376=,Jefferson,2
376=,Jerry,2
376=,Jia,2
376=,Johnny,2
376=,Josiah,2
376=,Julien,2
376=,Ka,2
376=,Karim,2
376=,Ker,2
376=,Kieren,2
376=,Kurt,2
376=,Lance,2
376=,Leighton,2
376=,Lliam,2
376=,Louie,2
376=,Man,2
376=,Massimo,2
376=,Maurice,2
376=,Michele,2
376=,Miller,2
376=,Mohamed,2
376=,Mohd,2
376=,Moray,2
376=,Muhammed,2
376=,Muir,2
376=,Mustakim,2
376=,Nabeel,2
376=,Nadim,2
376=,Naeem,2
376=,Nathaniel,2
376=,Naveed,2
376=,Nicki,2
376=,Nico,2
376=,Nicolas,2
376=,Nikhil,2
376=,Omer,2
376=,Oscar,2
376=,Pierce,2
376=,Piero,2
376=,Qasim,2
376=,Rae,2
376=,Ramsay,2
376=,Ray,2
376=,Reece,2
376=,Reuben,2
376=,Rhydian,2
376=,Rishi,2
376=,Rudi,2
376=,Sameer,2
376=,Sameh,2
376=,Sami,2
376=,Sandeep,2
376=,Sanjay,2
376=,Seamus,2
376=,Sebastien,2
376=,Shahbaz,2
376=,Shahid,2
376=,Shaw,2
376=,Shazad,2
376=,Shehbaz,2
376=,Sohail,2
376=,Solomon,2
376=,Stephan,2
376=,Suhayl,2
376=,Sunil,2
376=,Sydney,2
376=,Syed,2
376=,Tahir,2
376=,Tariq,2
376=,Tim,2
376=,Torquil,2
376=,Tristan,2
376=,Tyrone,2
376=,Umar,2
376=,Waqar,2
376=,Waqas,2
376=,Wesley,2
376=,Will,2
376=,Wing,2
376=,Yaseen,2
376=,Younis,2
376=,Yu,2
376=,Zachary,2
376=,Zain,2
376=,Zander,2
376=,Zoheb,2
519=,Aadil,1
519=,Aamar,1
519=,Aamir,1
519=,Aarran,1
519=,Aarrone,1
519=,Aasif,1
519=,Abaiada,1
519=,Abbas,1
519=,Abd-Alnasser,1
519=,Abdelrahman,1
519=,Abdul-Rahman,1
519=,Abdulkareem,1
519=,Abdullahi,1
519=,Abdulrahman,1
519=,Abdulraouf,1
519=,Abdur,1
519=,Abhad,1
519=,Abie-Scot,1
519=,Abu-Herera,1
519=,Abubakir,1
519=,Adedeji,1
519=,Adhnan,1
519=,Adian,1
519=,Adnan,1
519=,Ady,1
519=,Aftab,1
519=,Aghe,1
519=,Ahadullah,1
519=,Ahmar,1
519=,Aidhan,1
519=,Aitken,1
519=,Ajaz,1
519=,Ajit,1
519=,Ajitpal,1
519=,Akanmi,1
519=,Akhil,1
519=,Akhlaq,1
519=,Akhrif,1
519=,Akwasi,1
519=,Alaa,1
519=,Alain,1
519=,Alban,1
519=,Aleck,1
519=,Aleem,1
519=,Aleksander,1
519=,Alexsander,1
519=,Alexzander,1
519=,Alishaan,1
519=,Alistaire,1
519=,Amaar,1
519=,Amachukwu,1
519=,Amarjit,1
519=,Ameer,1
519=,Amendeep,1
519=,Amjed,1
519=,Ammar,1
519=,Amreek,1
519=,Amrinder,1
519=,Andreas,1
519=,Andres,1
519=,Andrew-John,1
519=,Andrzej,1
519=,Aneel,1
519=,Aneil,1
519=,Angelo,1
519=,Anil,1
519=,Anish,1
519=,Anson,1
519=,Anthony-Yu,1
519=,Anton,1
519=,Antoni,1
519=,Antonius,1
519=,Anver,1
519=,Aodhan,1
519=,Aonghus,1
519=,Aqueel,1
519=,Arfan,1
519=,Arian,1
519=,Arish,1
519=,Armando,1
519=,Arnaud,1
519=,Arnold,1
519=,Art,1
519=,Arun,1
519=,Asa,1
519=,Asher,1
519=,Ashif,1
519=,Ashlea,1
519=,Asjad,1
519=,Asseem,1
519=,Asser,1
519=,Atli,1
519=,Aubrey,1
519=,Ausama,1
519=,Ausman,1
519=,Avwais,1
519=,Ayaz,1
519=,Ayden,1
519=,Azam,1
519=,Azeem,1
519=,Azize,1
519=,Babbar,1
519=,Bahvar,1
519=,Balbir,1
519=,Baljinder,1
519=,Baljit,1
519=,Balpreet,1
519=,Barclay,1
519=,Bari,1
519=,Barrington,1
519=,Basem,1
519=,Bayo,1
519=,Bejan,1
519=,Benedict,1
519=,Bennet,1
519=,Bhavesh,1
519=,Billie,1
519=,Bin,1
519=,Blu,1
519=,Blyth,1
519=,Boyd,1
519=,Brady,1
519=,Breno,1
519=,Brenton,1
519=,Bret,1
519=,Brien,1
519=,Broch,1
519=,Bruno,1
519=,Caird,1
519=,Callam,1
519=,Callan,1
519=,Camus,1
519=,Casey,1
519=,Caspar,1
519=,Cathal,1
519=,Cecil,1
519=,Cedric,1
519=,Ceiriog,1
519=,Chad,1
519=,Cheuk,1
519=,Chi,1
519=,Chistopher,1
519=,Christophe,1
519=,Chu,1
519=,Chukudubem,1
519=,Chun,1
519=,Chung-Yin,1
519=,Churk,1
519=,Claudio,1
519=,Cliffy,1
519=,Clinton,1
519=,Codie,1
519=,Collin,1
519=,Colum,1
519=,Comnier,1
519=,Conor,1
519=,Coran,1
519=,Corey,1
519=,Corin,1
519=,Cornelius,1
519=,Corwin,1
519=,Cory,1
519=,Costas,1
519=,Creag,1
519=,Creagh,1
519=,Crispian,1
519=,Cristiaan,1
519=,Curtis,1
519=,Cy,1
519=,Dafydd,1
519=,Daine,1
519=,Daley,1
519=,Damin,1
519=,Dani,1
519=,Danial,1
519=,Daniele,1
519=,Dannie,1
519=,Daran,1
519=,Darron,1
519=,Darryll,1
519=,Dason,1
519=,David-Michael,1
519=,Davie,1
519=,Davinder,1
519=,Davyn,1
519=,Dawud,1
519=,Dayl,1
519=,Deane,1
519=,Declen,1
519=,Dehiwalage,1
519=,Dereck,1
519=,Derick,1
519=,Deryck,1
519=,Devon,1
519=,Dex,1
519=,Dharmendra,1
519=,Diarmid,1
519=,Diarmuid,1
519=,Dilshad,1
519=,Dimitrios,1
519=,Dino,1
519=,Djamel,1
519=,Domenico,1
519=,Donavan,1
519=,Donian,1
519=,Donn,1
519=,Donnan,1
519=,Donnie,1
519=,Donny,1
519=,Dougie,1
519=,Drummond,1
519=,Dugald,1
519=,Dumezie,1
519=,Durham,1
519=,Dwayne,1
519=,Dyett,1
519=,Eamon,1
519=,Easton,1
519=,Eddie,1
519=,Eden,1
519=,Edmond,1
519=,Efstratios,1
519=,Eion,1
519=,Elio,1
519=,Eliot,1
519=,Ellis,1
519=,Emad,1
519=,Emir,1
519=,Enilio,1
519=,Eran,1
519=,Erich,1
519=,Erland,1
519=,Erling,1
519=,Eugene,1
519=,Evander,1
519=,Ezra,1
519=,Fabio,1
519=,Faez,1
519=,Fahad,1
519=,Fahid,1
519=,Fareid,1
519=,Farhan,1
519=,Farukh,1
519=,Fearghas,1
519=,Feliciano,1
519=,Felipe,1
519=,Felix,1
519=,Ferdinando,1
519=,Fergal,1
519=,Fesal,1
519=,Filson,1
519=,Finn,1
519=,Firas,1
519=,Firaz,1
519=,Forde,1
519=,Francois,1
519=,Freddie,1
519=,Frederic,1
519=,Frits,1
519=,Gabriel,1
519=,Gardner,1
519=,Gari,1
519=,Garreth,1
519=,Garrett,1
519=,Garrith,1
519=,Gavine,1
519=,Gaznawi,1
519=,Gebran,1
519=,Gerad,1
519=,Gerarde,1
519=,Gerhard,1
519=,Gianmarco,1
519=,Gianpaolo,1
519=,Gideon,1
519=,Gil,1
519=,Gilbert,1
519=,Gillies,1
519=,Giorgio,1
519=,Giorgos,1
519=,Girish,1
519=,Giustino,1
519=,Glyn,1
519=,Glynn,1
519=,Grahame,1
519=,Graig,1
519=,Griorgair,1
519=,Guillaume,1
519=,Gurbakshsh,1
519=,Gurdaveraj,1
519=,Gurdeep,1
519=,Gurjit,1
519=,Gurmail,1
519=,Gurmair,1
519=,Gurnam,1
519=,Gurpage,1
519=,Gurparbet,1
519=,Gurrajdave,1
519=,Gurtakh,1
519=,Gurvinder,1
519=,Guthrie,1
519=,Gyles,1
519=,Habib,1
519=,Hadi,1
519=,Halbert,1
519=,Hamayoun,1
519=,Hamza,1
519=,Hamzah,1
519=,Hanan,1
519=,Hannan,1
519=,Harjeev,1
519=,Harold,1
519=,Haroun,1
519=,Harpal,1
519=,Harris,1
519=,Harvey,1
519=,Hassan,1
519=,Hayden,1
519=,Haydn,1
519=,Hendrik,1
519=,Hesham,1
519=,Hichem,1
519=,Ho,1
519=,Ho-Fung,1
519=,Hol,1
519=,Hong,1
519=,Horatio,1
519=,Hossain,1
519=,Houston,1
519=,Hughie,1
519=,Humayun,1
519=,Humza,1
519=,Hunter,1
519=,Hurmit,1
519=,Husain,1
519=,Husam,1
519=,Huseyin,1
519=,Huzeifa,1
519=,Iaian,1
519=,Ibrar,1
519=,Ieuan,1
519=,Illya,1
519=,Ilyosha,1
519=,Inderpal,1
519=,Irshaad,1
519=,Irshahidin,1
519=,Irvine,1
519=,Irzhahidin,1
519=,Isam,1
519=,Isfahan,1
519=,Ishfaq,1
519=,Ishmael,1
519=,Islay,1
519=,Isman,1
519=,Isroel,1
519=,Jackson,1
519=,Jacky,1
519=,Jacques,1
519=,Jagjeet,1
519=,Jagveer,1
519=,Jaimi,1
519=,Jaki,1
519=,Jameel,1
519=,Jamiel,1
519=,Jamieson,1
519=,Jamile,1
519=,Jared,1
519=,Jarrad,1
519=,Jarron,1
519=,Jas,1
519=,Jason-Lee,1
519=,Jaspreet,1
519=,Jatinder,1
519=,Javaid,1
519=,Javed,1
519=,Jayson,1
519=,Jaz,1
519=,Jed,1
519=,Jeffery,1
519=,Jehan,1
519=,Jerdan,1
519=,Jerrard,1
519=,Jesse,1
519=,Jimmy,1
519=,Jo,1
519=,Jochem,1
519=,Jodi,1
519=,Johan,1
519=,John-Andrew,1
519=,John-Blue,1
519=,John-Paul,1
519=,John-Robert,1
519=,John-Ross,1
519=,John-William,1
519=,Johnedward,1
519=,Johnnie,1
519=,Johnothan,1
519=,Jon-James,1
519=,Jon-Paul,1
519=,Jonny,1
519=,Jonpaul,1
519=,Jory,1
519=,Josephine,1
519=,Joss,1
519=,Jozef,1
519=,Juan,1
519=,Jujhar,1
519=,Julio,1
519=,Jun,1
519=,Junior,1
519=,Junya,1
519=,Jurgen,1
519=,Ka-Hoo,1
519=,Kahlum,1
519=,Kainenechukwu,1
519=,Kairne,1
519=,Kaleem,1
519=,Kalim,1
519=,Kalle,1
519=,Kamal,1
519=,Kamraan,1
519=,Kamran,1
519=,Kan,1
519=,Kane,1
519=,Kari,1
519=,Karl-George,1
519=,Karmbir,1
519=,Kasiam,1
519=,Kaspar,1
519=,Kassem,1
519=,Keane,1
519=,Kearan,1
519=,Keegan,1
519=,Keiron,1
519=,Kelven,1
519=,Kenan,1
519=,Kenjiro,1
519=,Kent,1
519=,Kerrie,1
519=,Kerryn,1
519=,Keser,1
519=,Keven,1
519=,Kevyn,1
519=,Khieth,1
519=,Kiall,1
519=,Kiaran,1
519=,Kiarash,1
519=,Kierrin,1
519=,Kilian,1
519=,King,1
519=,Kiran,1
519=,Kirpal,1
519=,Kit,1
519=,Klark,1
519=,Klem,1
519=,Kostas,1
519=,Kristopher-Davi,1
519=,Kwong,1
519=,Lachie,1
519=,Laith,1
519=,Lakhvir,1
519=,Lars,1
519=,Lauren,1
519=,Laurens,1
519=,Leah,1
519=,Leandro,1
519=,Lee-Jon,1
519=,Leeron,1
519=,Lei,1
519=,Leigh-Jon,1
519=,Leith,1
519=,Lekh,1
519=,Lennox,1
519=,Lenville,1
519=,Lester,1
519=,Lez,1
519=,Liah,1
519=,Lian,1
519=,Liegh,1
519=,Liliano,1
519=,Lindsey,1
519=,Linford,1
519=,Loyd,1
519=,Luck,1
519=,Ludovic,1
519=,Luqman,1
519=,Lynton,1
519=,Magnum,1
519=,Mahdi,1
519=,Mahir,1
519=,Mahmod,1
519=,Majdi,1
519=,Malik,1
519=,Malin,1
519=,Mamoon,1
519=,Mamoun,1
519=,Mandar,1
519=,Manos,1
519=,Manzar,1
519=,Marcello,1
519=,Marley,1
519=,Marvin,1
519=,Masahiro,1
519=,Mason,1
519=,Mathijs,1
519=,Matt,1
519=,Mazen,1
519=,Maziear,1
519=,Mckenzie,1
519=,Mehboob,1
519=,Mehdi,1
519=,Merlin,1
519=,Mhorvan,1
519=,Micheal,1
519=,Micheil,1
519=,Mickey,1
519=,Mihalis,1
519=,Miles,1
519=,Millar,1
519=,Mirza,1
519=,Moataz,1
519=,Mohamad,1
519=,Mohsin,1
519=,Morten,1
519=,Mu'ad,1
519=,Mubasheer,1
519=,Mubashir,1
519=,Mudassar,1
519=,Muftah,1
519=,Muhanad,1
519=,Muhd,1
519=,Mukhtar,1
519=,Mulham,1
519=,Muneer-Ul-Hasan,1
519=,Munn,1
519=,Munro,1
519=,Musab,1
519=,Mutaal,1
519=,Mwewa,1
519=,Myer,1
519=,Mykel,1
519=,Mylie,1
519=,Naal,1
519=,Nabil,1
519=,Nadir,1
519=,Nahayan,1
519=,Naheem,1
519=,Nairn,1
519=,Najah,1
519=,Namaan,1
519=,Nap,1
519=,Naseer,1
519=,Nasir,1
519=,Nasyeem,1
519=,Navaratnam,1
519=,Navdeep,1
519=,Navjeet,1
519=,Naysun,1
519=,Nazier,1
519=,Nazir,1
519=,Neilie,1
519=,Nicandre,1
519=,Nicholis,1
519=,Nick,1
519=,Nickolas,1
519=,Nicolaas,1
519=,Nik,1
519=,Nike,1
519=,Niki-Lee,1
519=,Nikkie,1
519=,Nikolas,1
519=,Nilam,1
519=,Nils,1
519=,Nima,1
519=,Nimrod,1
519=,Noel,1
519=,Nolan,1
519=,Norrie,1
519=,Odalo,1
519=,Odysseus,1
519=,Olu,1
519=,Oluwa,1
519=,Omere,1
519=,Orion,1
519=,Ormond,1
519=,Osama,1
519=,Osayande,1
519=,Osman,1
519=,Ossman,1
519=,Oswin,1
519=,Ottis,1
519=,Ousameh,1
519=,Ousman,1
519=,Owain,1
519=,Padraig,1
519=,Panayiotis,1
519=,Paramjeet,1
519=,Parminder,1
519=,Parvez,1
519=,Pascal,1
519=,Pat,1
519=,Patrice,1
519=,Paul-Rory,1
519=,Pavitar,1
519=,Pedro,1
519=,Pepper,1
519=,Per-Ivar,1
519=,Percy,1
519=,Perjit,1
519=,Perry,1
519=,Petros,1
519=,Philm,1
519=,Pierre,1
519=,Pierre-Alexandr,1
519=,Plato,1
519=,Pollock,1
519=,Pouy,1
519=,Preston,1
519=,Primo-Vincenzo,1
519=,Pritam,1
519=,Prithipal,1
519=,Pritipal,1
519=,Puna,1
519=,Puneet,1
519=,Quintos,1
519=,Raafeh,1
519=,Raeed,1
519=,Rafan,1
519=,Raghav,1
519=,Raheel,1
519=,Rahul,1
519=,Rajbir,1
519=,Rajdeep,1
519=,Rajeev,1
519=,Ralf,1
519=,Ramadan,1
519=,Ramandeep,1
519=,Rana,1
519=,Randall,1
519=,Ranjeet,1
519=,Rashpal,1
519=,Rehmeiz,1
519=,Reid,1
519=,Remco,1
519=,Renwick,1
519=,Resham,1
519=,Reza,1
519=,Rhardhi,1
519=,Rhuari,1
519=,Rian,1
519=,Ricci,1
519=,Rici,1
519=,Rick,1
519=,Ridwan,1
519=,Riyad,1
519=,Riza,1
519=,Rizwan,1
519=,Roan,1
519=,Rob,1
519=,Robb,1
519=,Robby,1
519=,Robertjohn,1
519=,Robertson,1
519=,Rocco,1
519=,Rod,1
519=,Roddie,1
519=,Rodrigo,1
519=,Rogan,1
519=,Rohim,1
519=,Roland,1
519=,Roman,1
519=,Rommelli,1
519=,Ros,1
519=,Rose,1
519=,Rossano,1
519=,Royan,1
519=,Royce,1
519=,Ruaidhri,1
519=,Rudy,1
519=,Russel,1
519=,Saad,1
519=,Saahil,1
519=,Sabir,1
519=,Saief,1
519=,Saifal,1
519=,Sajjad,1
519=,Salem,1
519=,Salman,1
519=,Samier,1
519=,Samuel-Scott,1
519=,Saqib,1
519=,Sarangadeva,1
519=,Saren,1
519=,Sascha,1
519=,Satinder,1
519=,Saul,1
519=,Sayed,1
519=,Scott-Ross,1
519=,Sean-Paul,1
519=,Selasie,1
519=,Senthil,1
519=,Sergio,1
519=,Seung,1
519=,Severin,1
519=,Severino,1
519=,Seyed,1
519=,Shabab,1
519=,Shabaz,1
519=,Shabir,1
519=,Shafaqat,1
519=,Shah,1
519=,Shaheed,1
519=,Shahin,1
519=,Shahzada,1
519=,Shahzade,1
519=,Shaid,1
519=,Shairaz,1
519=,Shakeel,1
519=,Shamon,1
519=,Shannon,1
519=,Shaun-Michael,1
519=,Shazedin,1
519=,Sheraz,1
519=,Shereef,1
519=,Shivraj,1
519=,Shmuel,1
519=,Shuja,1
519=,Silas,1
519=,Simone,1
519=,Simpson,1
519=,Simranjeet,1
519=,Siraj,1
519=,Siu,1
519=,Skea,1
519=,Sohaib,1
519=,Sonny,1
519=,Souhil,1
519=,Souhyb,1
519=,Stegan,1
519=,Stepan,1
519=,Steuart,1
519=,Stevan,1
519=,Stevin,1
519=,Stiva,1
519=,Strvan,1
519=,Stuert,1
519=,Sufeian,1
519=,Sufian,1
519=,Sufiyan,1
519=,Sufyan,1
519=,Sui,1
519=,Sujit,1
519=,Sukhjinder,1
519=,Sunjay,1
519=,Surinder,1
519=,Sven,1
519=,Syamer,1
519=,Sylvain,1
519=,Symen,1
519=,Symon,1
519=,Tafozzul,1
519=,Taha,1
519=,Tahseen,1
519=,Tak,1
519=,Talvinder,1
519=,Tamoor,1
519=,Tane,1
519=,Tarek,1
519=,Tariek,1
519=,Tarig,1
519=,Tarik,1
519=,Taylor,1
519=,Temejin,1
519=,Terrence,1
519=,Terri,1
519=,Terrie,1
519=,Thai,1
519=,Thamer,1
519=,Tharanjit,1
519=,Thom,1
519=,Thorfinn,1
519=,Tilden,1
519=,Tobias,1
519=,Tod,1
519=,Todd,1
519=,Torrance,1
519=,Travis,1
519=,Tristano,1
519=,Tristian,1
519=,Tuseef,1
519=,Tyler,1
519=,Tze,1
519=,Tze-Hung,1
519=,Ub'ae,1
519=,Umair,1
519=,Umer,1
519=,Ummair,1
519=,Umran,1
519=,Usmaan,1
519=,Uttam,1
519=,Vasilis,1
519=,Vince,1
519=,Vinicius,1
519=,Vishay,1
519=,Wahi,1
519=,Wahid,1
519=,Waimen,1
519=,Wakaas,1
519=,Wakas,1
519=,Waleed,1
519=,Wan,1
519=,Waqaas,1
519=,Warwick,1
519=,Wasim,1
519=,Willem,1
519=,Wincent,1
519=,Wolfgang,1
519=,Wouter,1
519=,Wray,1
519=,Wylie,1
519=,Wyndham,1
519=,Xavier,1
519=,Yama,1
519=,Yasar,1
519=,Yaser,1
519=,Yasser,1
519=,Yazan,1
519=,Yil,1
519=,Younas,1
519=,Yousaf,1
519=,Yousef,1
519=,Youssef,1
519=,Yue,1
519=,Yuen,1
519=,Yuki,1
519=,Yves,1
519=,Zac,1
519=,Zafar,1
519=,Zain-Ul-Abideen,1
519=,Zak,1
519=,Zamir,1
519=,Zeeshan,1
519=,Zehab,1
519=,Zhen,1
519=,Zied,1
519=,Zing,1
519=,Zique,1
519=,Zrar,1
519=,Zubair,1
519=,Zubin,1
519=,Zuhair,1
519=,Zulhisham,1
,,
,,
,,
,,
,,
,,
,,
,,
,,
,,
,,
,,
,,
,,
,,
,,
,,
,,
,,
,,
,,
,,
,,
,,
,,
,,
,,
,,
,,
,,
,,
,,
,,
,,
,,
,,
,,
,,
,,
,,
,,
,,
,,
,,
,,
,,
,,
,,
,,
,,
,,
,,
,,
,,
,,
,,
,,
,,
,,
,,
,,
,,
,,
,,
,,
,,
,,
,,
,,
,,
,,
,,
,,
,,
,,
,,
,,
,,
,,
,,
,,
,,
,,
,,
,,
,,
,,
,,
,,
,,
,,
,,
,,
,,
,,
,,
,,
,,
,,
,,
,,
,,
,,
,,
,,
,,
,,
,,
,,
,,
,,
,,
,,
,,
,,
,,
,,
,,
,,
,,
,,
,,
,,
,,
,,
,,
,,
,,
,,
,,
,,
,,
,,
,,
,,
,,
,,
,,
,,
,,
,,
,,
,,
,,
,,
,,
,,
,,
,,
,,
,,
,,
,,
,,
,,
,,
,,
,,
,,
,,
,,
,,
,,
,,
,,
,,
,,
,,
,,
,,
,,
,,
,,
,,
,,
,,
,,
,,
,,
,,
,,
,,
,,
,,
,,
,,
,,
,,
,,
,,
,,
,,
,,
,,
,,
,,
,,
,,
,,
,,
,,
,,
,,
,,
,,
,,
,,
,,
,,
,,
,,
,,
,,
,,
,,
,,
,,
,,
,,
,,
,,
,,
,,
,,
,,
,,
,,
,,
,,
,,
,,
,,
,,
,,
,,
,,
,,
,,
,,
,,
,,
,,
,,
,,
,,
,,
,,
,,
,,
,,
,,
,,
,,
,,
,,
,,
,,
,,
,,
,,
,,
,,
,,
,,
,,
,,
,,
,,
,,
,,
,,
,,
,,
,,
,,
,,
,,
,,
,,
,,
,,
,,
,,
,,
,,
,,
,,
,,
,,
,,
,,
,,
,,
,,
,,
,,
,,
,,
,,
,,
,,
,,
,,
,,
,,
,,
,,
,,
,,
,,
,,
,,
,,
,,
,,
,,
,,
,,
,,
,,
,,
,,
,,
,,
,,
,,
,,
,,
,,
,,
,,
,,
,,
,,
,,
,,
,,
,,
,,
,,
,,
,,
,,
,,
,,
,,
,,
,,
,,
,,
,,
,,
,,
,,
,,
,,
,,
,,
,,
,,
,,
,,
,,
,,
,,
,,
,,
,,
,,
,,
,,
,,
,,
,,
,,
,,
,,
,,
,,
,,
,,
,,
,,
,,
,,
,,
,,
,,
,,
,,
,,
,,
,,
,,
,,
,,
,,
,,
,,
,,
,,
,,
,,
,,
,,
,,
,,
,,
,,
,,
,,
,,
,,
,,
,,
,,
,,
,,
,,
,,
,,
,,
,,
,,
,,
,,
,,
,,
,,
,,
,,
,,
,,
,,
,,
,,
,,
,,
,,
,,
,,
,,
,,
,,
,,
,,
,,
,,
,,
,,
,,
,,
,,
,,
,,
,,
,,
,,
,,
,,
,,
,,
,,
,,
,,
,,
,,
,,
,,
,,
,,
,,
,,
,,
,,
,,
,,
,,
,,
,,
,,
,,
,,
,,
,,
,,
,,
,,
,,
,,
,,
,,
,,
,,
,,
,,
,,
,,
,,
,,
,,
,,
,,
,,
,,
,,
,,
,,
,,
,,
,,
,,
,,
,,
,,
,,
,,
,,
,,
,,
,,
,,
,,
,,
,,
,,
,,
,,
,,
,,
,,
,,
,,
,,
,,
,,
,,
,,
,,
,,
,,
,,
,,
,,
,,
,,
,,
,,
,,
,,
,,
,,
,,
,,
,,
,,
,,
,,
,,
,,
,,
,,
,,
,,
,,
,,
,,
,,
,,
,,
,,
,,
,,
,,
,,
,,
,,
,,
,,
,,
,,
,,
,,
,,
,,
,,
,,
,,
,,
,,
,,
,,
,,
,,
,,
,,
,,
,,
,,
,,
,,
,,
,,
,,
,,
,,
,,
,,
,,
,,
,,
,,
,,
,,
,,
,,
,,
,,
,,
,,
,,
,,
,,
,,
,,
,,
,,
,,
,,
,,
,,
,,
,,
,,
,,
,,
,,
,,
,,
,,
,,
,,
,,
,,
,,
,,
,,
,,
,,
,,
,,
,,
,,
,,
,,
,,
,,
,,
,,
,,
,,
,,
,,
,,
,,
,,
,,
,,
,,
,,
,,
,,
,,
,,
,,
,,
,,
,,
,,
,,
,,
,,
,,
,,
,,
,,
,,
,,
,,
,,
,,
,,
,,
,,
,,
,,
,,
,,
,,
,,
,,
,,
,,
,,
,,
,,
,,
,,
,,
,,
,,
,,
,,
,,
,,
,,
,,
,,
,,
,,
,,
,,
,,
,,
,,
,,
,,
,,
,,
,,
,,
,,
,,
,,
,,
,,
,,
,,
,,
,,
,,
,,
,,
,,
,,
,,
,,
,,
,,
,,
,,
,,
,,
,,
,,
,,
,,
,,
,,
,,
,,
,,
,,
,,
,,
,,
,,
,,
,,
,,
,,
,,
,,
,,
,,
,,
,,
,,
,,
,,
,,
,,
,,
,,
,,
,,
,,
,,
,,
,,
,,
,,
,,
,,
,,
,,
,,
,,
,,
,,
,,
,,
,,
,,
,,
,,
,,
,,
,,
,,
,,
,,
,,
,,
,,
,,
,,
,,
,,
,,
,,
,,
,,
,,
,,
,,
,,
,,
,,
,,
,,
,,
,,
,,
,,
,,
,,
,,
,,
,,
,,
,,
,,
,,
,,
,,
,,
,,
,,
,,
,,
,,
,,
,,
,,
,,
,,
,,
,,
,,
,,
,,
,,
,,
,,
,,
,,
,,
,,
,,
,,
,,
,,
,,
,,
,,
,,
,,
,,
,,
,,
,,
,,
,,
,,
,,
,,
,,
,,
,,
,,
,,
,,
,,
,,
,,
,,
,,
,,
,,
,,
,,
,,
,,
,,
,,
,,
,,
,,
,,
,,
,,
,,
,,
,,
,,
,,
,,
,,
,,
,,
,,
,,
,,
,,
,,
,,
,,
,,
,,
,,
,,
,,
,,
,,
,,
,,
,,
,,
,,
,,
,,
,,
,,
,,
,,
,,
,,
,,
,,
,,
,,
,,
,,
,,
,,
,,
,,
,,
,,
,,
,,
,,
,,
,,
,,
,,
,,
,,
,,
,,
,,
,,
,,
,,
,,
,,
,,
,,
,,
,,
,,
,,
,,
,,
,,
,,
,,
,,
,,
,,
,,
,,
,,
,,
,,
,,
,,
,,
,,
,,
,,
,,
,,
,,
,,
,,
,,
,,
,,
,,
,,
,,
,,
,,
,,
,,
,,
,,
,,
,,
,,
,,
,,
,,
,,
,,
,,
,,
,,
,,
,,
,,
,,
,,
,,
,,
,,
,,
,,
,,
,,
,,
,,
,,
,,
,,
,,
,,
,,
,,
,,
,,
,,
,,
,,
,,
,,
,,
,,
,,
,,
,,
,,
,,
,,
,,
,,
,,
,,
,,
,,
,,
,,
,,
,,
,,
,,
,,
,,
,,
,,
© Crown Copyright 2015,,
