Position,Name,Number of babies
1,David,1333
2,Christopher,1160
3,Scott,1071
4,James,1012
5,Andrew,987
6,Michael,968
7,Craig,879
8,John,859
9,Ross,703
10,Mark,702
11,Jamie,699
12,Paul,680
13,Steven,679
14,Stuart,570
15,Robert,549
16,Daniel,542
17,Ryan,504
18,Sean,503
19,Stephen,490
20,Gary,488
21,William,445
22,Darren,428
23,Kevin,419
24,Martin,404
25,Graeme,354
26,Thomas,350
27,Jonathan,324
28,Matthew,311
29,Alan,303
30=,Alexander,287
30=,Iain,287
32,Richard,260
33,Jason,255
34,Lee,253
35,Callum,248
36,Liam,245
37,Calum,238
38=,Adam,231
38=,Colin,231
40,Peter,222
41,Fraser,217
42,Shaun,208
43,Neil,205
44,Dean,201
45,Brian,195
46,Graham,191
47,Grant,187
48,Gavin,186
49,Ian,184
50,Gordon,181
51,Marc,174
52,Greg,169
53,Nicholas,165
54=,Allan,152
54=,Stewart,152
56,Anthony,149
57,Kyle,147
58,Lewis,146
59=,Jordan,144
59=,Joseph,144
61,Kenneth,135
62,Alistair,131
63,Derek,122
64,Barry,111
65,Euan,110
66,Douglas,108
67,Philip,100
68,Kieran,99
69,Simon,98
70=,Aaron,97
70=,Jack,97
72,Cameron,96
73,George,95
74=,Ewan,90
74=,Garry,90
76,Benjamin,87
77,Blair,86
78,Duncan,84
79,Samuel,80
80,Charles,79
81=,Bryan,78
81=,Dale,78
81=,Patrick,78
84,Alasdair,77
85,Alastair,76
86,Rory,74
87=,Joshua,73
87=,Nathan,73
89,Martyn,69
90,Keith,68
91,Donald,66
92,Greig,64
93=,Ben,62
93=,Daryl,62
95=,Gregor,59
95=,Luke,59
97,Edward,58
98,Robbie,57
99=,Gareth,55
99=,Murray,55
101,Niall,54
102,Malcolm,52
103,Bruce,51
104,Mohammed,49
105,Sam,48
106,Raymond,47
107,Stefan,41
108=,Kristopher,40
108=,Russell,40
110=,Antony,39
110=,Kris,39
112,Gerard,38
113,Jonathon,37
114=,Francis,34
114=,Tony,34
116,Dominic,33
117,Angus,32
118=,Connor,31
118=,Jon,31
120=,Frazer,29
120=,Hugh,29
120=,Oliver,29
120=,Owen,29
124=,Mohammad,26
124=,Shane,26
126=,Justin,25
126=,Kristofer,25
126=,Timothy,25
129=,Josh,24
129=,Terry,24
131,Billy,23
132=,Conor,22
132=,Danny,22
132=,Wayne,22
135=,Brendan,21
135=,Fergus,21
135=,Harry,21
135=,Mathew,21
135=,Ronald,21
140,Ciaran,20
141=,Bradley,19
141=,Nicky,19
141=,Robin,19
141=,Terence,19
145=,Arran,18
145=,Finlay,18
145=,Hamish,18
148=,Damien,17
148=,Johnathan,17
148=,Roderick,17
148=,Ruairidh,17
152=,Drew,16
152=,Elliot,16
152=,Roy,16
155=,Brett,15
155=,Frank,15
155=,Henry,15
155=,Joe,15
155=,Lloyd,15
155=,Ricky,15
155=,Vincent,15
162=,Adrian,14
162=,Alisdair,14
162=,Arron,14
162=,Ashley,14
162=,Damian,14
162=,Ewen,14
162=,Gerald,14
162=,Keiran,14
162=,Kerr,14
162=,Kristoffer,14
162=,Omar,14
162=,Tom,14
174=,Aidan,13
174=,Anton,13
174=,Barrie,13
174=,Frederick,13
174=,Glen,13
174=,Karl,13
174=,Rikki,13
174=,Sandy,13
174=,Struan,13
183=,Christian,12
183=,Dane,12
183=,Darryl,12
183=,Gregg,12
183=,Gregory,12
188=,Bobby,11
188=,Eric,11
188=,Guy,11
188=,Jake,11
188=,Leigh,11
188=,Louis,11
188=,Muhammad,11
195=,Alex,10
195=,Calvin,10
195=,Campbell,10
195=,Clark,10
195=,Leon,10
195=,Marco,10
195=,Max,10
195=,Warren,10
203=,Declan,9
203=,Glenn,9
203=,Jay,9
203=,Jeff,9
203=,Joel,9
203=,Kieron,9
203=,Laurie,9
203=,Lawrence,9
203=,Marcus,9
203=,Mitchell,9
203=,Ronan,9
203=,Ruari,9
203=,Ruaridh,9
203=,Scot,9
203=,Usman,9
218=,Arthur,8
218=,Carl,8
218=,Damon,8
218=,Keir,8
218=,Logan,8
218=,Lyle,8
218=,Mohamed,8
218=,Neal,8
218=,Neale,8
218=,Neill,8
218=,Nico,8
218=,Norman,8
218=,Phillip,8
218=,Ruaraidh,8
218=,Taylor,8
233=,Ahmed,7
233=,Amir,7
233=,Austin,7
233=,Blaine,7
233=,Darrell,7
233=,Evan,7
233=,Innes,7
233=,Jim,7
233=,Laurence,7
233=,Nicolas,7
233=,Nikki,7
233=,Ricki,7
245=,Alister,6
245=,Allen,6
245=,Colm,6
245=,Curtis,6
245=,Darran,6
245=,Dylan,6
245=,Erik,6
245=,Johnathon,6
245=,Lawrie,6
245=,Lindsay,6
245=,Lyall,6
245=,Moray,6
245=,Reece,6
245=,Rhys,6
245=,Ricardo,6
245=,Roddy,6
245=,Shawn,6
245=,Toby,6
263=,Adil,5
263=,Adnan,5
263=,Alfred,5
263=,Amar,5
263=,Archie,5
263=,Bernard,5
263=,Brad,5
263=,Brodie,5
263=,Cal,5
263=,Chris,5
263=,Corey,5
263=,Darryn,5
263=,Dayle,5
263=,Finn,5
263=,Hamza,5
263=,Jan,5
263=,Jed,5
263=,Kelvin,5
263=,Kenny,5
263=,Kirk,5
263=,Lucas,5
263=,Magnus,5
263=,Maurice,5
263=,Miles,5
263=,Murdo,5
263=,Myles,5
263=,Nigel,5
263=,Niki,5
263=,Ray,5
263=,Stanley,5
263=,Tommy,5
263=,Umar,5
295=,Arfan,4
295=,Arif,4
295=,Asa,4
295=,Byron,4
295=,Casey,4
295=,Clarke,4
295=,Daryll,4
295=,Denis,4
295=,Dougal,4
295=,Eamonn,4
295=,Edwin,4
295=,Elliott,4
295=,Gabriel,4
295=,Geoffrey,4
295=,Isaac,4
295=,Jaime,4
295=,Jaimie,4
295=,Jeffrey,4
295=,Jeremy,4
295=,Jody,4
295=,Johnny,4
295=,Jordon,4
295=,Julian,4
295=,Kamran,4
295=,Kane,4
295=,Keiron,4
295=,Lachlan,4
295=,Leo,4
295=,Leslie,4
295=,Lorne,4
295=,Maxwell,4
295=,Morgan,4
295=,Nicol,4
295=,Nikolas,4
295=,Qasim,4
295=,Raja,4
295=,Rob,4
295=,Rowan,4
295=,Seamus,4
295=,Todd,4
335=,Aarron,3
335=,Aiden,3
335=,Ajay,3
335=,Allister,3
335=,Alyn,3
335=,Cailean,3
335=,Carlo,3
335=,Charlie,3
335=,Connal,3
335=,Conner,3
335=,Cory,3
335=,Daley,3
335=,Darrel,3
335=,Daryn,3
335=,Duane,3
335=,Dwayne,3
335=,Eoin,3
335=,Ethan,3
335=,Faisal,3
335=,Forbes,3
335=,Frankie,3
335=,Garrie,3
335=,Grahame,3
335=,Hardeep,3
335=,Haris,3
335=,Haroon,3
335=,Harris,3
335=,Harvey,3
335=,Hashim,3
335=,Ibrahim,3
335=,Imran,3
335=,Jackson,3
335=,Jared,3
335=,John-Paul,3
335=,Kal,3
335=,Khalid,3
335=,Kieren,3
335=,Kriss,3
335=,Kurtis,3
335=,Lance,3
335=,Nabeel,3
335=,Nathen,3
335=,Noel,3
335=,Roger,3
335=,Ronnie,3
335=,Saul,3
335=,Sebastian,3
335=,Stefano,3
335=,Stephan,3
335=,Steve,3
335=,Theodore,3
335=,Tobias,3
335=,Trevor,3
335=,Victor,3
335=,Wilson,3
335=,Zachary,3
335=,Zak,3
335=,Zoheb,3
393=,Aaran,2
393=,Abdul,2
393=,Abdullah,2
393=,Ahad,2
393=,Ahmad,2
393=,Albert,2
393=,Alec,2
393=,Alejandro,2
393=,Ali,2
393=,Allistair,2
393=,Alun,2
393=,Alwyn,2
393=,Ammar,2
393=,Andre,2
393=,Andreas,2
393=,Andy,2
393=,Angelo,2
393=,Antonio,2
393=,Archibald,2
393=,Aron,2
393=,Asad,2
393=,Ashleigh,2
393=,Asif,2
393=,Atif,2
393=,Bilal,2
393=,Blain,2
393=,Blane,2
393=,Brent,2
393=,Bryon,2
393=,Callan,2
393=,Carey,2
393=,Carlos,2
393=,Christon,2
393=,Crawford,2
393=,Dael,2
393=,Damion,2
393=,Danish,2
393=,Darin,2
393=,Dario,2
393=,Darius,2
393=,Dennis,2
393=,Derick,2
393=,Derrick,2
393=,Derry,2
393=,Desmond,2
393=,Dimitris,2
393=,Domenico,2
393=,Dominick,2
393=,Don,2
393=,Eamon,2
393=,Ellis,2
393=,Emile,2
393=,Emlyn,2
393=,Eoghainn,2
393=,Eoghan,2
393=,Eoghann,2
393=,Erlend,2
393=,Eugene,2
393=,Fahad,2
393=,Fayyaz,2
393=,Fearghas,2
393=,Gar,2
393=,Garreth,2
393=,Geoff,2
393=,Gerrard,2
393=,Gianni,2
393=,Gurdeep,2
393=,Hal,2
393=,Harrison,2
393=,Hasan,2
393=,Hashem,2
393=,Hector,2
393=,Ho,2
393=,Howard,2
393=,Ivan,2
393=,Jacob,2
393=,Jai,2
393=,Jaimi,2
393=,Jamie-Lee,2
393=,Jarrod,2
393=,Jeffery,2
393=,John-James,2
393=,Joss,2
393=,Ka,2
393=,Kai,2
393=,Kain,2
393=,Kallum,2
393=,Kamal,2
393=,Kenni,2
393=,Kevan,2
393=,Kevyn,2
393=,Khai,2
393=,Khaled,2
393=,Kiefer,2
393=,Kiel,2
393=,Kiern,2
393=,Kraig,2
393=,Kristofor,2
393=,Lea,2
393=,Leonardo,2
393=,Levi,2
393=,Liston,2
393=,Lorn,2
393=,Majid,2
393=,Mario,2
393=,Marshall,2
393=,Marten,2
393=,Maximilian,2
393=,Mehdi,2
393=,Mohannad,2
393=,Mungo,2
393=,Murdoch,2
393=,Mustafa,2
393=,Nadeem,2
393=,Nathaniel,2
393=,Naveed,2
393=,Nial,2
393=,Nicki,2
393=,Omair,2
393=,Osama,2
393=,Osman,2
393=,Paolo,2
393=,Paull,2
393=,Piers,2
393=,Ralph,2
393=,Ramsay,2
393=,Ranald,2
393=,Ravinder,2
393=,Rehan,2
393=,Rhuaridh,2
393=,Rhyan,2
393=,Riki,2
393=,Ritchie,2
393=,Robie,2
393=,Ruairi,2
393=,Sajid,2
393=,Samir,2
393=,Sandeep,2
393=,Saqib,2
393=,Seumas,2
393=,Shabaz,2
393=,Shakeel,2
393=,Spencer,2
393=,Steffen,2
393=,Stephane,2
393=,Stevie,2
393=,Sukhdeep,2
393=,Tariq,2
393=,Theo,2
393=,Tim,2
393=,Tomas,2
393=,Travis,2
393=,Usmaan,2
393=,Wai,2
393=,Walid,2
393=,Yosef,2
393=,Zackary,2
393=,Zeeshan,2
551=,Aadam,1
551=,Aahron,1
551=,Abd,1
551=,Abd-Ar-Rahman,1
551=,Abdulkhaleg,1
551=,Abdulrahman,1
551=,Abdus,1
551=,Abe,1
551=,Abid,1
551=,Abraham,1
551=,Abrar,1
551=,Abtin,1
551=,Adal,1
551=,Addison,1
551=,Adeel,1
551=,Adeleke,1
551=,Aden,1
551=,Adham,1
551=,Adib,1
551=,Adiel,1
551=,Adin,1
551=,Adrien,1
551=,Aerminder,1
551=,Aeron,1
551=,Ailwyn,1
551=,Ajitpal,1
551=,Ajmal,1
551=,Akhlac,1
551=,Akif,1
551=,Akram,1
551=,Alain,1
551=,Alaisdair,1
551=,Alamgir,1
551=,Aleem,1
551=,Alessandro,1
551=,Alexanda,1
551=,Alexandre,1
551=,Alexandros,1
551=,Alexei,1
551=,Alexzander,1
551=,Alfie,1
551=,Alick,1
551=,Alisder,1
551=,Alistar,1
551=,Alla,1
551=,Allistar,1
551=,Ally,1
551=,Alstair,1
551=,Alvin,1
551=,Alyas,1
551=,Amal,1
551=,Aman,1
551=,Amardeep,1
551=,Amarpal,1
551=,Amer,1
551=,Amran,1
551=,Anas,1
551=,Andeep,1
551=,Aneel,1
551=,Anees,1
551=,Anirudh,1
551=,Anisah,1
551=,Ansar,1
551=,Anthont,1
551=,Antonino,1
551=,Aonghus,1
551=,Ardemis,1
551=,Armin,1
551=,Arni,1
551=,Arrol,1
551=,Arsalan,1
551=,Arun,1
551=,Asama,1
551=,Asher,1
551=,Asim,1
551=,Aska,1
551=,Asmaeil,1
551=,Assad,1
551=,Aston,1
551=,Aswad,1
551=,Atholl,1
551=,Atul,1
551=,Aulo,1
551=,Avais,1
551=,Avinash,1
551=,Awangku,1
551=,Awess,1
551=,Axel,1
551=,Ayodeji,1
551=,Ayuash,1
551=,Azam,1
551=,Azeem,1
551=,Azim,1
551=,Azmal,1
551=,Azzeddine,1
551=,Baasil,1
551=,Babar,1
551=,Babber,1
551=,Baljit,1
551=,Balsa,1
551=,Barclay,1
551=,Barnaby,1
551=,Barri,1
551=,Bartley,1
551=,Bashir,1
551=,Basil,1
551=,Bejay,1
551=,Benazir,1
551=,Benn,1
551=,Bennett,1
551=,Bhalraj,1
551=,Bharatram,1
551=,Bhrian,1
551=,Bhurqat,1
551=,Billal,1
551=,Blake,1
551=,Boyd,1
551=,Bradford,1
551=,Brandon,1
551=,Bremner,1
551=,Brendon,1
551=,Bret,1
551=,Brock,1
551=,Bryden,1
551=,Brydon,1
551=,Bryn,1
551=,Bryson,1
551=,Buddy,1
551=,Cailan,1
551=,Cain,1
551=,Cairns,1
551=,Calan,1
551=,Calumn,1
551=,Camryn,1
551=,Carlin,1
551=,Caspar,1
551=,Cavan,1
551=,Cesare,1
551=,Cevan,1
551=,Chae,1
551=,Charli,1
551=,Chee-Sam,1
551=,Cheun,1
551=,Chi-Fung,1
551=,Chierene,1
551=,Chinazaekpere,1
551=,Ching,1
551=,Choire,1
551=,Christie,1
551=,Christoffer,1
551=,Christy,1
551=,Chuck,1
551=,Chun,1
551=,Ciaron,1
551=,Cieran,1
551=,Claire,1
551=,Clifford,1
551=,Clinton,1
551=,Clive,1
551=,Clyde,1
551=,Cody,1
551=,Coid,1
551=,Coll,1
551=,Colum,1
551=,Conal,1
551=,Conall,1
551=,Connar,1
551=,Connel,1
551=,Connery,1
551=,Cornelius,1
551=,Cosmo,1
551=,Courtney,1
551=,Craig-David,1
551=,Crisdean,1
551=,Cristean,1
551=,Cristopher,1
551=,Curby,1
551=,Cyril,1
551=,Daen,1
551=,Daigan,1
551=,Daimen,1
551=,Daljinder,1
551=,Damon-Dean,1
551=,Dan,1
551=,Daniele,1
551=,Danyal,1
551=,Darnell,1
551=,Darrin,1
551=,Darron,1
551=,Das,1
551=,David-John,1
551=,Dawood,1
551=,Dayne,1
551=,Declin,1
551=,Deen,1
551=,Dene,1
551=,Deniz,1
551=,Dereck,1
551=,Dexter,1
551=,Dhanu,1
551=,Diederik,1
551=,Dilal,1
551=,Dildarjeet,1
551=,Dillon,1
551=,Dio,1
551=,Dirdar,1
551=,Dixie,1
551=,Domhnull,1
551=,Dominque,1
551=,Doni,1
551=,Donn,1
551=,Donnie,1
551=,Donovan,1
551=,Dubem,1
551=,Dugald,1
551=,Duk,1
551=,Eachann,1
551=,Eain,1
551=,Eammon,1
551=,Ean,1
551=,Easton,1
551=,Ebi,1
551=,Eddie,1
551=,Edem,1
551=,Eden,1
551=,Edrian,1
551=,Efrain,1
551=,Ellison,1
551=,Emeric,1
551=,Emma,1
551=,Enrico,1
551=,Enver,1
551=,Eoghain,1
551=,Erasmo,1
551=,Ernest,1
551=,Eunjoon,1
551=,Evans,1
551=,Eyas,1
551=,Fabian,1
551=,Fabrizio,1
551=,Fadel,1
551=,Fahid,1
551=,Faraz,1
551=,Faron,1
551=,Farooq,1
551=,Fathe,1
551=,Fathel,1
551=,Fawed,1
551=,Felix,1
551=,Fergal,1
551=,Ferghal,1
551=,Fezan,1
551=,Finbarr,1
551=,Finnbar,1
551=,Fintan,1
551=,Fiona,1
551=,Floris,1
551=,Ford,1
551=,Foysol,1
551=,Francesco,1
551=,Frans,1
551=,Freddie,1
551=,Furqan,1
551=,Gagandeep,1
551=,Galen,1
551=,Gari,1
551=,Garrick,1
551=,Garry-John,1
551=,Gary-Joe,1
551=,Geordan,1
551=,George-James,1
551=,Georgios,1
551=,Gerhardus,1
551=,Ghaith,1
551=,Ghobhainn,1
551=,Giancarlo,1
551=,Gianluca,1
551=,Gianniluca,1
551=,Gijs,1
551=,Gilbert,1
551=,Giles,1
551=,Gillaleldein,1
551=,Gillan,1
551=,Gillies,1
551=,Giorgio,1
551=,Giuseppe,1
551=,Glyn,1
551=,Glynn,1
551=,Gong,1
551=,Greir,1
551=,Gurdip,1
551=,Gurdit,1
551=,Gurparit,1
551=,Gurpej,1
551=,Gurpreet,1
551=,Haamid,1
551=,Haddon,1
551=,Haetam,1
551=,Hafiz,1
551=,Haig,1
551=,Hameed,1
551=,Hamid,1
551=,Hammad,1
551=,Hani,1
551=,Hannan,1
551=,Hans,1
551=,Hao,1
551=,Harjit,1
551=,Harley,1
551=,Harold,1
551=,Harpreet,1
551=,Harri,1
551=,Harvinder,1
551=,Harvir,1
551=,Haseeb,1
551=,Hassan,1
551=,Haydn,1
551=,Hazem,1
551=,Hectgor,1
551=,Hellal,1
551=,Hendry,1
551=,Herminder,1
551=,Hew,1
551=,Hisham,1
551=,Hoi,1
551=,Homer,1
551=,Horace,1
551=,Hou,1
551=,Hugo,1
551=,Hung,1
551=,Husnian,1
551=,Huw,1
551=,Hyder,1
551=,Ibrarh,1
551=,Iedan,1
551=,Imaad,1
551=,Imram,1
551=,Indiana,1
551=,Innis,1
551=,Ioan,1
551=,Irfan,1
551=,Islam,1
551=,Ismael,1
551=,Ismail,1
551=,Ivar,1
551=,Iwan,1
551=,Izaak,1
551=,Izam,1
551=,Jabir,1
551=,Jabriel,1
551=,Jac,1
551=,Jackie,1
551=,Jadon,1
551=,Jaeson,1
551=,Jagdeep,1
551=,Jagjeevan,1
551=,Jagvinderpal,1
551=,Jahazabe,1
551=,Jak,1
551=,Jaleel,1
551=,James-Lee,1
551=,Jamie-Francis,1
551=,Jamielee,1
551=,Jamieson,1
551=,Jan-Peter,1
551=,Janek,1
551=,Janie,1
551=,Jaq,1
551=,Jarred,1
551=,Jarryd,1
551=,Jaswant,1
551=,Jawad,1
551=,Jayant,1
551=,Jaymin,1
551=,Jaysen,1
551=,Jean,1
551=,Jenaid,1
551=,Jennifer,1
551=,Jephrey,1
551=,Jereny,1
551=,Jerrece,1
551=,Jerry,1
551=,Jethro,1
551=,Jibran,1
551=,Joanan,1
551=,Jock,1
551=,Joey,1
551=,John-Robert,1
551=,Johnson,1
551=,Jon-Christopher,1
551=,Jonathyn,1
551=,Jools,1
551=,Jordan-Lee,1
551=,Jordane,1
551=,Jordyn,1
551=,Jory,1
551=,Josslyn,1
551=,Jubran,1
551=,Jules,1
551=,Julio,1
551=,Kadir,1
551=,Kagen,1
551=,Kahlab,1
551=,Kaj,1
551=,Kalum,1
551=,Kalvinder,1
551=,Karac,1
551=,Kashif,1
551=,Kavan,1
551=,Kays,1
551=,Keenan,1
551=,Keeran,1
551=,Kees,1
551=,Keiren,1
551=,Keirin,1
551=,Kelly,1
551=,Kemal,1
551=,Kendall,1
551=,Kenney,1
551=,Kent,1
551=,Kerim,1
551=,Keser,1
551=,Khadim,1
551=,Khalif,1
551=,Khorum,1
551=,Khuram,1
551=,Khurram,1
551=,Kian,1
551=,Kier,1
551=,Kierhan,1
551=,Kierrien,1
551=,Killian,1
551=,Kimball,1
551=,Kimberley,1
551=,Kiran,1
551=,Kishan,1
551=,Krishamu,1
551=,Krishna,1
551=,Krist,1
551=,Kristian,1
551=,Kristifor,1
551=,Kristophor,1
551=,Kuarmveer,1
551=,Kureys,1
551=,Kurt,1
551=,Kwaku,1
551=,Kwok,1
551=,Kyron,1
551=,Lakhveer,1
551=,Lamont,1
551=,Lathan,1
551=,Laura,1
551=,Lauren,1
551=,Lawerence,1
551=,Leam,1
551=,Leiam,1
551=,Leith,1
551=,Leonard,1
551=,Levis,1
551=,Lew,1
551=,Leyton,1
551=,Lorenzo,1
551=,Louie,1
551=,Louise,1
551=,Loy,1
551=,Luca,1
551=,Luciano,1
551=,Luigi,1
551=,Luka,1
551=,Lyal,1
551=,Lydon,1
551=,Mack,1
551=,Mahmud,1
551=,Majd,1
551=,Maksymilian,1
551=,Malcolum,1
551=,Malkeet,1
551=,Mamnoon,1
551=,Manus,1
551=,Marawan,1
551=,Marcel,1
551=,Marcelo,1
551=,Marcin,1
551=,Marik,1
551=,Marish,1
551=,Marlo,1
551=,Marvin,1
551=,Masato,1
551=,Masum,1
551=,Matchy,1
551=,Mathieu,1
551=,Matteo,1
551=,Mauro,1
551=,Maximillion,1
551=,May,1
551=,Mazhar,1
551=,Medhat,1
551=,Mehul,1
551=,Mekuria,1
551=,Mekwail,1
551=,Mel,1
551=,Merlin,1
551=,Mervyn,1
551=,Mian,1
551=,Mica,1
551=,Micheal,1
551=,Michele,1
551=,Mickeal,1
551=,Migdam,1
551=,Mikail,1
551=,Mikolas,1
551=,Min-Hyun,1
551=,Mirza,1
551=,Moaadh,1
551=,Moazzum,1
551=,Moeen,1
551=,Mohamad,1
551=,Mohaned,1
551=,Mohsin,1
551=,Morabet,1
551=,Moshan,1
551=,Mosiah,1
551=,Moujil,1
551=,Muaaz,1
551=,Muaz,1
551=,Muazim,1
551=,Muhammed,1
551=,Muhsin,1
551=,Mujahid,1
551=,Munkombwe,1
551=,Munro,1
551=,Muntaser,1
551=,Muzamal,1
551=,Muzamil,1
551=,Mykael,1
551=,Nabil,1
551=,Nafees,1
551=,Nairn,1
551=,Naithan,1
551=,Nana,1
551=,Nasif,1
551=,Navdeep,1
551=,Nazeem,1
551=,Nazrul,1
551=,Neilson,1
551=,Nelson,1
551=,Neyland,1
551=,Nicandro,1
551=,Nicci,1
551=,Nickie,1
551=,Nickolas,1
551=,Nicola,1
551=,Nijinsky,1
551=,Nikhil,1
551=,Nikky,1
551=,Nikolaos,1
551=,Nye,1
551=,Nykolhas,1
551=,Olamipo,1
551=,Oluwasegun,1
551=,Orobosa,1
551=,Ou,1
551=,Ozan,1
551=,Padraig,1
551=,Padraigh,1
551=,Padruig,1
551=,Parmjeet,1
551=,Percy,1
551=,Peter-Ross,1
551=,Phelim,1
551=,Philip-George,1
551=,Philippe,1
551=,Phulah,1
551=,Phylip,1
551=,Pierre,1
551=,Pieter,1
551=,Pietro,1
551=,Pol,1
551=,Prabh,1
551=,Preetcharan,1
551=,Qamar,1
551=,Qammar,1
551=,Quintin,1
551=,Ra'if,1
551=,Rachid,1
551=,Radley,1
551=,Rafael,1
551=,Raffaele,1
551=,Rahman,1
551=,Raiza,1
551=,Rajesh,1
551=,Rakesh,1
551=,Ramiz,1
551=,Ramon,1
551=,Ramone,1
551=,Ramzi,1
551=,Rana,1
551=,Rannal,1
551=,Rauridh,1
551=,Raushan,1
551=,Rayth,1
551=,Raza,1
551=,Reagan,1
551=,Redmond,1
551=,Rees,1
551=,Reheman,1
551=,Rehman,1
551=,Remo,1
551=,Reuben,1
551=,Rhain,1
551=,Rheece,1
551=,Rhuadhri,1
551=,Rhuairidh,1
551=,Rhuaraidh,1
551=,Rian,1
551=,Ricardo-Lee,1
551=,Richie,1
551=,Riece,1
551=,Righteous,1
551=,Riley,1
551=,Rishi,1
551=,Ritchie-James,1
551=,Rizvan,1
551=,Rizwan,1
551=,Roan,1
551=,Robby,1
551=,Robi,1
551=,Rodric,1
551=,Rogan,1
551=,Rohan,1
551=,Rohit,1
551=,Roilan,1
551=,Rondeep,1
551=,Ronson,1
551=,Rori,1
551=,Rorie,1
551=,Roscoe,1
551=,Roshan,1
551=,Ruaibhri,1
551=,Ruarie,1
551=,Rudi,1
551=,Rudie,1
551=,Rudygar,1
551=,Ruiraidh,1
551=,Rupert,1
551=,Ryley,1
551=,Ryne,1
551=,Sacha,1
551=,Sadam,1
551=,Sadiq,1
551=,Safian,1
551=,Sagar,1
551=,Sahaj,1
551=,Sahand,1
551=,Sahir,1
551=,Salem,1
551=,Sami,1
551=,Samiullah,1
551=,Samm,1
551=,Sammy,1
551=,Samson,1
551=,Samtino,1
551=,Sarfraz,1
551=,Sarmad,1
551=,Satnam,1
551=,Satvinder,1
551=,Satya,1
551=,Sean-Adam,1
551=,Severino,1
551=,Shaan,1
551=,Shabih-Ulhagan,1
551=,Shadab,1
551=,Shah,1
551=,Shahensha,1
551=,Shaikh,1
551=,Shami,1
551=,Shamus,1
551=,Shannon,1
551=,Sharafat,1
551=,Sharan,1
551=,Sharaz,1
551=,Shaylen,1
551=,Shayne,1
551=,Shea,1
551=,Sheikh,1
551=,Sherwyn,1
551=,Sheryl,1
551=,Sheun,1
551=,Shoaib,1
551=,Shola,1
551=,Shravan,1
551=,Shuaib,1
551=,Shuhag,1
551=,Sikander,1
551=,Sinclair,1
551=,Siobhan,1
551=,Sion,1
551=,Siu,1
551=,Soahil,1
551=,Sobhan,1
551=,Sohaib,1
551=,Sohail,1
551=,Sol,1
551=,Solomon,1
551=,Sonny,1
551=,Sorren,1
551=,Souheil,1
551=,Stacey,1
551=,Steell,1
551=,Stefen,1
551=,Steffan,1
551=,Stevie-Lee,1
551=,Subhan,1
551=,Sucraj,1
551=,Sufyaan,1
551=,Suhayl,1
551=,Sujeel,1
551=,Sukhpreet,1
551=,Sultan,1
551=,Sunil,1
551=,Sunjit,1
551=,Swein,1
551=,Sweyn,1
551=,Syed,1
551=,Symon,1
551=,Tahir,1
551=,Tai,1
551=,Taimoor,1
551=,Talal,1
551=,Tanweer,1
551=,Taranpreet,1
551=,Tarquin,1
551=,Tarun,1
551=,Taylor-John,1
551=,Teague,1
551=,Teirnan,1
551=,Thomson,1
551=,Thorfin,1
551=,Thorfinn,1
551=,Tilman,1
551=,Tobien,1
551=,Tomi,1
551=,Tommi,1
551=,Tomoya,1
551=,Toni,1
551=,Tooru,1
551=,Torquil,1
551=,Tote,1
551=,Tristan,1
551=,Tristian,1
551=,Tsega,1
551=,Tsering,1
551=,Tugay,1
551=,Tuseef,1
551=,Tushar,1
551=,Tyler,1
551=,Umezeyi,1
551=,Ummar,1
551=,Uwais,1
551=,Valerie,1
551=,Varinder,1
551=,Varun,1
551=,Veejay,1
551=,Vikaas,1
551=,Vikas,1
551=,Vishnu,1
551=,Viswanadha,1
551=,Vito,1
551=,Vjay,1
551=,Wade,1
551=,Waheed,1
551=,Wakas,1
551=,Waqaas,1
551=,Waqas,1
551=,Warwick,1
551=,Wasak,1
551=,Waseem,1
551=,Wesley,1
551=,Yacin,1
551=,Yacine,1
551=,Yamika,1
551=,Yanis,1
551=,Yann,1
551=,Yasir,1
551=,Yassar,1
551=,Yee,1
551=,Yin,1
551=,Yishan,1
551=,Yitzchak,1
551=,Yousaf,1
551=,Yousef,1
551=,Yuk,1
551=,Yul,1
551=,Yusif,1
551=,Yusuf,1
551=,Zaber,1
551=,Zach,1
551=,Zahid,1
551=,Zahir,1
551=,Zaid,1
551=,Zain,1
551=,Zaki,1
551=,Zane,1
551=,Zein,1
551=,Zeinul,1
551=,Zennon,1
551=,Zeph,1
551=,Zeshan,1
551=,Zohaib,1
551=,Zoulkernain,1
551=,Zubair,1
551=,Zubin,1
,,
,,
,,
,,
,,
,,
,,
,,
,,
,,
,,
,,
,,
,,
,,
,,
,,
,,
,,
,,
,,
,,
,,
,,
,,
,,
,,
,,
,,
,,
,,
,,
,,
,,
,,
,,
,,
,,
,,
,,
,,
,,
,,
,,
,,
,,
,,
,,
,,
,,
,,
,,
,,
,,
,,
,,
,,
,,
,,
,,
,,
,,
,,
,,
,,
,,
,,
,,
,,
,,
,,
,,
,,
,,
,,
,,
,,
,,
,,
,,
,,
,,
,,
,,
,,
,,
,,
,,
,,
,,
,,
,,
,,
,,
,,
,,
,,
,,
,,
,,
,,
,,
,,
,,
,,
,,
,,
,,
,,
,,
,,
,,
,,
,,
,,
,,
,,
,,
,,
,,
,,
,,
,,
,,
,,
,,
,,
,,
,,
,,
,,
,,
,,
,,
,,
,,
,,
,,
,,
,,
,,
,,
,,
,,
,,
,,
,,
,,
,,
,,
,,
,,
,,
,,
,,
,,
,,
,,
,,
,,
,,
,,
,,
,,
,,
,,
,,
,,
,,
,,
,,
,,
,,
,,
,,
,,
,,
,,
,,
,,
,,
,,
,,
,,
,,
,,
,,
,,
,,
,,
,,
,,
,,
,,
,,
,,
,,
,,
,,
,,
,,
,,
,,
,,
,,
,,
,,
,,
,,
,,
,,
,,
,,
,,
,,
,,
,,
,,
,,
,,
,,
,,
,,
,,
,,
,,
,,
,,
,,
,,
,,
,,
,,
,,
,,
,,
,,
,,
,,
,,
,,
,,
,,
,,
,,
,,
,,
,,
,,
,,
,,
,,
,,
,,
,,
,,
,,
,,
,,
,,
,,
,,
,,
,,
,,
,,
,,
,,
,,
,,
,,
,,
,,
,,
,,
,,
,,
,,
,,
,,
,,
,,
,,
,,
,,
,,
,,
,,
,,
,,
,,
,,
,,
,,
,,
,,
,,
,,
,,
,,
,,
,,
,,
,,
,,
,,
,,
,,
,,
,,
,,
,,
,,
,,
,,
,,
,,
,,
,,
,,
,,
,,
,,
,,
,,
,,
,,
,,
,,
,,
,,
,,
,,
,,
,,
,,
,,
,,
,,
,,
,,
,,
,,
,,
,,
,,
,,
,,
,,
,,
,,
,,
,,
,,
,,
,,
,,
,,
,,
,,
,,
,,
,,
,,
,,
,,
,,
,,
,,
,,
,,
,,
,,
,,
,,
,,
,,
,,
,,
,,
,,
,,
,,
,,
,,
,,
,,
,,
,,
,,
,,
,,
,,
,,
,,
,,
,,
,,
,,
,,
,,
,,
,,
,,
,,
,,
,,
,,
,,
,,
,,
,,
,,
,,
,,
,,
,,
,,
,,
,,
,,
,,
,,
,,
,,
,,
,,
,,
,,
,,
,,
,,
,,
,,
,,
,,
,,
,,
,,
,,
,,
,,
,,
,,
,,
,,
,,
,,
,,
,,
,,
,,
,,
,,
,,
,,
,,
,,
,,
,,
,,
,,
,,
,,
,,
,,
,,
,,
,,
,,
,,
,,
,,
,,
,,
,,
,,
,,
,,
,,
,,
,,
,,
,,
,,
,,
,,
,,
,,
,,
,,
,,
,,
,,
,,
,,
,,
,,
,,
,,
,,
,,
,,
,,
,,
,,
,,
,,
,,
,,
,,
,,
,,
,,
,,
,,
,,
,,
,,
,,
,,
,,
,,
,,
,,
,,
,,
,,
,,
,,
,,
,,
,,
,,
,,
,,
,,
,,
,,
,,
,,
,,
,,
,,
,,
,,
,,
,,
,,
,,
,,
,,
,,
,,
,,
,,
,,
,,
,,
,,
,,
,,
,,
,,
,,
,,
,,
,,
,,
,,
,,
,,
,,
,,
,,
,,
,,
,,
,,
,,
,,
,,
,,
,,
,,
,,
,,
,,
,,
,,
,,
,,
,,
,,
,,
,,
,,
,,
,,
,,
,,
,,
,,
,,
,,
,,
,,
,,
,,
,,
,,
,,
,,
,,
,,
,,
,,
,,
,,
,,
,,
,,
,,
,,
,,
,,
,,
,,
,,
,,
,,
,,
,,
,,
,,
,,
,,
,,
,,
,,
,,
,,
,,
,,
,,
,,
,,
,,
,,
,,
,,
,,
,,
,,
,,
,,
,,
,,
,,
,,
,,
,,
,,
,,
,,
,,
,,
,,
,,
,,
,,
,,
,,
,,
,,
,,
,,
,,
,,
,,
,,
,,
,,
,,
,,
,,
,,
,,
,,
,,
,,
,,
,,
,,
,,
,,
,,
,,
,,
,,
,,
,,
,,
,,
,,
,,
,,
,,
,,
,,
,,
,,
,,
,,
,,
,,
,,
,,
,,
,,
,,
,,
,,
,,
,,
,,
,,
,,
,,
,,
,,
,,
,,
,,
,,
,,
,,
,,
,,
,,
,,
,,
,,
,,
,,
,,
,,
,,
,,
,,
,,
,,
,,
,,
,,
,,
,,
,,
,,
,,
,,
,,
,,
,,
,,
,,
,,
,,
,,
,,
,,
,,
,,
,,
,,
,,
,,
,,
,,
,,
,,
,,
,,
,,
,,
,,
,,
,,
,,
,,
,,
,,
,,
,,
,,
,,
,,
,,
,,
,,
,,
,,
,,
,,
,,
,,
,,
,,
,,
,,
,,
,,
,,
,,
,,
,,
,,
,,
,,
,,
,,
,,
,,
,,
,,
,,
,,
,,
,,
,,
,,
,,
,,
,,
,,
,,
,,
,,
,,
,,
,,
,,
,,
,,
,,
,,
,,
,,
,,
,,
,,
,,
,,
,,
,,
,,
,,
,,
,,
,,
,,
,,
,,
,,
,,
,,
,,
,,
,,
,,
,,
,,
,,
,,
,,
,,
,,
,,
,,
,,
,,
,,
,,
,,
,,
,,
,,
,,
,,
,,
,,
,,
,,
,,
,,
,,
,,
,,
,,
,,
,,
,,
,,
,,
,,
,,
,,
,,
,,
,,
,,
,,
,,
,,
,,
,,
,,
,,
,,
,,
,,
,,
,,
,,
,,
,,
,,
,,
,,
,,
,,
,,
,,
,,
,,
,,
,,
,,
,,
,,
,,
,,
,,
,,
,,
,,
,,
,,
,,
,,
,,
,,
,,
,,
,,
,,
,,
,,
,,
,,
,,
,,
,,
,,
,,
,,
,,
,,
,,
,,
,,
,,
,,
,,
,,
,,
,,
,,
,,
,,
,,
,,
,,
,,
,,
,,
,,
,,
,,
,,
,,
,,
,,
,,
,,
,,
,,
,,
,,
,,
,,
,,
,,
,,
,,
,,
,,
,,
,,
,,
,,
,,
,,
,,
,,
,,
,,
,,
,,
,,
,,
,,
,,
,,
,,
,,
,,
,,
,,
,,
,,
,,
,,
,,
,,
,,
,,
,,
,,
,,
,,
,,
,,
,,
,,
,,
,,
,,
,,
,,
,,
,,
,,
,,
,,
,,
,,
,,
,,
,,
,,
,,
,,
,,
,,
,,
,,
,,
,,
,,
,,
,,
,,
,,
,,
,,
,,
,,
,,
,,
,,
,,
,,
,,
,,
,,
,,
,,
,,
,,
,,
,,
,,
,,
,,
,,
,,
,,
,,
,,
,,
,,
,,
,,
,,
,,
,,
,,
,,
,,
,,
,,
,,
,,
,,
,,
,,
,,
,,
,,
,,
,,
,,
,,
,,
,,
,,
,,
,,
,,
,,
,,
,,
,,
,,
,,
,,
,,
,,
,,
,,
,,
,,
,,
,,
,,
,,
,,
,,
,,
,,
,,
,,
,,
,,
,,
,,
,,
,,
,,
,,
,,
,,
,,
,,
,,
,,
,,
,,
,,
,,
,,
,,
,,
,,
,,
,,
,,
,,
,,
,,
,,
,,
,,
,,
,,
,,
,,
,,
,,
,,
,,
,,
,,
,,
,,
,,
,,
,,
,,
,,
,,
,,
,,
,,
,,
,,
,,
,,
,,
,,
,,
,,
,,
,,
,,
,,
,,
,,
,,
,,
,,
,,
,,
,,
,,
,,
,,
,,
,,
,,
,,
,,
,,
,,
,,
,,
,,
,,
,,
,,
,,
,,
,,
,,
,,
,,
,,
,,
,,
,,
,,
,,
,,
,,
,,
,,
,,
,,
,,
,,
,,
,,
© Crown Copyright 2015,,
