Position,Name,Number of babies
1,David,1038
2,Scott,951
3,Andrew,913
4,James,912
5,Christopher,874
6,Michael,852
7,Craig,825
8,Ryan,821
9,Daniel,792
10,Ross,755
11,Jamie,701
12,Sean,634
13,John,629
14,Jordan,541
15,Robert,523
16,Steven,516
17,Liam,489
18,Mark,484
19,Paul,483
20,Stuart,459
21=,Matthew,413
21=,Stephen,413
23,Thomas,397
24,Callum,377
25,Darren,367
26,Gary,356
27,Lewis,333
28,William,332
29,Connor,321
30=,Calum,318
30=,Martin,318
32,Grant,311
33=,Adam,300
33=,Alexander,300
35,Kyle,280
36,Lee,277
37,Kevin,261
38,Jonathan,260
39,Shaun,254
40,Fraser,243
41,Kieran,235
42,Jack,226
43,Dean,219
44,Cameron,206
45,Peter,195
46,Alan,191
47,Iain,187
48,Marc,185
49,Greg,182
50,Graeme,179
51=,Conor,173
51=,Ian,173
53,Euan,168
54,Gavin,163
55,Richard,161
56,Blair,151
57,Colin,146
58,Joseph,145
59=,Aaron,143
59=,Dale,143
61=,Neil,136
61=,Sam,136
63=,Jason,131
63=,Joshua,131
65=,Gordon,127
65=,Samuel,127
67,Stewart,124
68,Nathan,120
69,Nicholas,118
70=,Anthony,115
70=,Douglas,115
72,Rory,112
73=,Alistair,111
73=,Brian,111
75,Allan,110
76=,Ewan,104
76=,George,104
78,Duncan,102
79,Graham,101
80,Ben,99
81,Benjamin,94
82,Gregor,88
83,Declan,87
84,Patrick,85
85,Dylan,77
86,Kenneth,76
87,Derek,75
88,Alasdair,74
89,Owen,73
90,Greig,71
91,Barry,69
92=,Aidan,65
92=,Gareth,65
92=,Josh,65
95=,Charles,64
95=,Daryl,64
97=,Garry,63
97=,Simon,63
99,Robbie,61
100,Alastair,60
101,Martyn,58
102=,Donald,57
102=,Luke,57
104,Murray,53
105=,Angus,52
105=,Philip,52
107,Mohammed,51
108,Bryan,50
109=,Kristopher,49
109=,Reece,49
111=,Ciaran,48
111=,Edward,48
111=,Russell,48
114,Keith,47
115=,Finlay,44
115=,Jay,44
117,Niall,43
118,Darryl,42
119,Rhys,40
120,Ruairidh,38
121=,Jake,37
121=,Stefan,37
123=,Corey,36
123=,Keiran,36
123=,Oliver,36
126=,Frazer,35
126=,Glen,35
126=,Jonathon,35
126=,Kristofer,35
130=,Danny,34
130=,Dominic,34
130=,Glenn,34
133=,Harry,32
133=,Marcus,32
135=,Elliot,31
135=,Raymond,31
137,Antony,30
138=,Arran,29
138=,Brendan,29
138=,Conner,29
138=,Kerr,29
142=,Kieron,28
142=,Louis,28
142=,Robin,28
142=,Tony,28
146=,Joe,27
146=,Kris,27
146=,Mathew,27
149,Shane,26
150=,Francis,25
150=,Hamish,25
150=,Jon,25
153=,Malcolm,24
153=,Ruaridh,24
155=,Arron,23
155=,Billy,23
155=,Bradley,23
155=,Bruce,23
155=,Calvin,23
155=,Taylor,23
161=,Max,22
161=,Struan,22
163=,Drew,21
163=,Fergus,21
163=,Hugh,21
166=,Alex,19
166=,Evan,19
168=,Gerard,18
168=,Johnathan,18
168=,Justin,18
168=,Lloyd,18
168=,Ronald,18
168=,Tom,18
174=,Aiden,17
174=,Damian,17
174=,Henry,17
174=,Jacob,17
174=,Muhammad,17
174=,Terry,17
180=,Alister,16
180=,Campbell,16
180=,Damien,16
180=,Guy,16
180=,Mohammad,16
185=,Ewen,15
185=,Jordon,15
185=,Keir,15
185=,Laurence,15
185=,Lawrence,15
185=,Mitchell,15
185=,Nicky,15
185=,Roderick,15
193=,Bryce,14
193=,Joel,14
193=,Zachary,14
193=,Zak,14
197=,Bobby,13
197=,Eric,13
197=,Gregg,13
197=,Roy,13
197=,Ruaraidh,13
197=,Timothy,13
203=,Alisdair,12
203=,Ethan,12
203=,Findlay,12
203=,Frank,12
203=,Karl,12
203=,Kristoffer,12
203=,Lachlan,12
203=,Leon,12
203=,Omar,12
203=,Ricky,12
203=,Sandy,12
203=,Wayne,12
215=,Ali,11
215=,Anton,11
215=,Elliott,11
215=,Frederick,11
215=,Gregory,11
215=,Kieren,11
215=,Logan,11
222=,Ashley,10
222=,Brett,10
222=,Christian,10
222=,Hassan,10
222=,Marco,10
222=,Neal,10
222=,Nico,10
222=,Ronan,10
222=,Sonny,10
231=,Arthur,9
231=,Cory,9
231=,Eoin,9
231=,Hayden,9
231=,Innes,9
231=,Jed,9
231=,Kristian,9
231=,Leo,9
231=,Maxwell,9
231=,Murdo,9
231=,Ruari,9
231=,Scot,9
231=,Terence,9
244=,Blake,8
244=,Brandon,8
244=,Curtis,8
244=,Damon,8
244=,Darrell,8
244=,Dayle,8
244=,Finn,8
244=,Lyle,8
244=,Nathaniel,8
244=,Neill,8
244=,Phillip,8
244=,Vincent,8
256=,Aarron,7
256=,Adrian,7
256=,Bernard,7
256=,Brad,7
256=,Brodie,7
256=,Chris,7
256=,Conar,7
256=,Denis,7
256=,Ellis,7
256=,Harrison,7
256=,Haydn,7
256=,Hector,7
256=,Kirk,7
256=,Laurie,7
256=,Leigh,7
256=,Lorne,7
256=,Magnus,7
256=,Rowan,7
274=,Allister,6
274=,Austin,6
274=,Bilal,6
274=,Blaine,6
274=,Cailean,6
274=,Callan,6
274=,Chad,6
274=,Corrie,6
274=,Darryn,6
274=,Daryn,6
274=,Dennis,6
274=,Dillon,6
274=,Gerald,6
274=,Jared,6
274=,Jeff,6
274=,Joss,6
274=,Keiron,6
274=,Matt,6
274=,Neale,6
274=,Norman,6
274=,Rikki,6
274=,Roddy,6
274=,Steve,6
274=,Tomas,6
298=,Abdul,5
298=,Adeel,5
298=,Ahmed,5
298=,Barrie,5
298=,Brogan,5
298=,Cal,5
298=,Carl,5
298=,Charlie,5
298=,Christie,5
298=,Dane,5
298=,Dario,5
298=,Darran,5
298=,Erik,5
298=,Harley,5
298=,Harris,5
298=,Imran,5
298=,Isaac,5
298=,Johnny,5
298=,Jordyn,5
298=,Kai,5
298=,Kelvin,5
298=,Kenny,5
298=,Kurt,5
298=,Levi,5
298=,Miles,5
298=,Qasim,5
298=,Ralph,5
298=,Reuben,5
298=,Ritchie,5
298=,Rob,5
298=,Sebastian,5
298=,Stevie,5
298=,Syed,5
298=,Tommy,5
298=,Troy,5
298=,Umar,5
298=,Walter,5
298=,Warren,5
336=,Aden,4
336=,Adil,4
336=,Adnan,4
336=,Ahmad,4
336=,Archibald,4
336=,Arif,4
336=,Asif,4
336=,Austen,4
336=,Blane,4
336=,Christy,4
336=,Clark,4
336=,Connaire,4
336=,Connar,4
336=,Conrad,4
336=,Daryll,4
336=,Eamon,4
336=,Edwin,4
336=,Erlend,4
336=,Felix,4
336=,Fionnlagh,4
336=,Hunter,4
336=,Jackson,4
336=,Jim,4
336=,Jody,4
336=,John-Paul,4
336=,Julian,4
336=,Kal,4
336=,Kamran,4
336=,Kasim,4
336=,Louie,4
336=,Luca,4
336=,Marti,4
336=,Miller,4
336=,Myles,4
336=,Nicol,4
336=,Rhuaridh,4
336=,Ricki,4
336=,Sami,4
336=,Seamus,4
336=,Shannon,4
336=,Toby,4
336=,Tristan,4
336=,Usman,4
336=,Victor,4
380=,Abbas,3
380=,Akeel,3
380=,Alec,3
380=,Alessandro,3
380=,Allen,3
380=,Amir,3
380=,Anas,3
380=,Archie,3
380=,Atif,3
380=,Beau,3
380=,Bryden,3
380=,Cairan,3
380=,Calan,3
380=,Carlo,3
380=,Cathal,3
380=,Conall,3
380=,Connel,3
380=,Crawford,3
380=,Darius,3
380=,Darragh,3
380=,Darroch,3
380=,Darron,3
380=,Darryll,3
380=,Davide,3
380=,Dechlan,3
380=,Deen,3
380=,Derrick,3
380=,Don,3
380=,Eamonn,3
380=,Eoghann,3
380=,Fahad,3
380=,Faisal,3
380=,Francesco,3
380=,Geoffrey,3
380=,Gianluca,3
380=,Grahame,3
380=,Hashim,3
380=,Ibrahim,3
380=,Ivan,3
380=,Jaimie,3
380=,Jan,3
380=,Jimmy,3
380=,Kane,3
380=,Kiefer,3
380=,Kit,3
380=,Kriss,3
380=,Kristofor,3
380=,Kurtis,3
380=,Lawrie,3
380=,Leighton,3
380=,Leslie,3
380=,Lucas,3
380=,Man,3
380=,Mason,3
380=,Maximillian,3
380=,Micheal,3
380=,Mohsin,3
380=,Moray,3
380=,Nadeem,3
380=,Naveed,3
380=,Perry,3
380=,Ramsay,3
380=,Raza,3
380=,Reiss,3
380=,Rian,3
380=,Rogan,3
380=,Ronnie,3
380=,Ruairi,3
380=,Sammy,3
380=,Spencer,3
380=,Stanley,3
380=,Stephan,3
380=,Sui,3
380=,Tobias,3
380=,Tyler,3
380=,Wallace,3
380=,Waqas,3
380=,Zac,3
380=,Zack,3
380=,Zain,3
380=,Zohaib,3
461=,Aaran,2
461=,Abdullah,2
461=,Alaster,2
461=,Albert,2
461=,Alessio,2
461=,Alfred,2
461=,Alix,2
461=,Alun,2
461=,Amar,2
461=,Anders,2
461=,Andi,2
461=,Andre,2
461=,Angelo,2
461=,Anil,2
461=,Antonio,2
461=,Aonghas,2
461=,Aqib,2
461=,Aron,2
461=,Asim,2
461=,Avinash,2
461=,Ayden,2
461=,Brady,2
461=,Brendon,2
461=,Bret,2
461=,Cai,2
461=,Calumn,2
461=,Casey,2
461=,Cavan,2
461=,Ciar,2
461=,Clarke,2
461=,Clive,2
461=,Cole,2
461=,Conal,2
461=,Conan,2
461=,Cori,2
461=,Corin,2
461=,Correy,2
461=,Dalton,2
461=,Dan,2
461=,Dani,2
461=,Dariusz,2
461=,Darrel,2
461=,Darrin,2
461=,Deane,2
461=,Decklyn,2
461=,Denny,2
461=,Derry,2
461=,Desmond,2
461=,Diarmid,2
461=,Dion,2
461=,Donny,2
461=,Edmond,2
461=,Edmund,2
461=,Eion,2
461=,Enrico,2
461=,Ernest,2
461=,Fabio,2
461=,Faraz,2
461=,Farhan,2
461=,Fergal,2
461=,Floyd,2
461=,Francisco,2
461=,Fred,2
461=,Gerrard,2
461=,Glynn,2
461=,Haroon,2
461=,Harun,2
461=,Hasan,2
461=,Hussain,2
461=,Huw,2
461=,Irvine,2
461=,Irving,2
461=,Jackie,2
461=,Jagjit,2
461=,Jai,2
461=,Jaime,2
461=,Jaimi,2
461=,Jameel,2
461=,Jardine,2
461=,Jarred,2
461=,Jasper,2
461=,Jay-Jay,2
461=,Jeffrey,2
461=,Jeremy,2
461=,Johnathon,2
461=,Keenan,2
461=,Keiren,2
461=,Keirran,2
461=,Kevan,2
461=,Khaled,2
461=,Kier,2
461=,Kierin,2
461=,Kraig,2
461=,Kristin,2
461=,Kylle,2
461=,Laurens,2
461=,Lindsay,2
461=,Lorenzo,2
461=,Luis,2
461=,Lyall,2
461=,Mackenzie,2
461=,Marley,2
461=,Marvin,2
461=,Matthias,2
461=,Millar,2
461=,Mitchel,2
461=,Mohamed,2
461=,Morgan,2
461=,Muhammed,2
461=,Munro,2
461=,Nathanael,2
461=,Nelson,2
461=,Nick,2
461=,Nicki,2
461=,Nickolas,2
461=,Nicolas,2
461=,Nikolas,2
461=,Nima,2
461=,Numan,2
461=,Osman,2
461=,Padraig,2
461=,Pieter,2
461=,Pietro,2
461=,Quinn,2
461=,Quintin,2
461=,Ray,2
461=,Reay,2
461=,Reginald,2
461=,Ricardo,2
461=,Robb,2
461=,Roberto,2
461=,Rodger,2
461=,Roger,2
461=,Rori,2
461=,Rorie,2
461=,Ruaidhri,2
461=,Russel,2
461=,Saif,2
461=,Salman,2
461=,Samir,2
461=,Sean-Paul,2
461=,Seumas,2
461=,Shaw,2
461=,Shawn,2
461=,Shayne,2
461=,Shehroz,2
461=,Simeon,2
461=,Sohaib,2
461=,Stacey,2
461=,Steffan,2
461=,Suhaib,2
461=,Sukhjot,2
461=,Suleman,2
461=,Tarek,2
461=,Terrence,2
461=,Trevor,2
461=,Tyrone,2
461=,Tze,2
461=,Umair,2
461=,Vince,2
461=,Wai,2
461=,Wakas,2
461=,Waqar,2
461=,Waseem,2
461=,Wei,2
461=,Wesley,2
461=,Willem,2
461=,Wing,2
461=,Zakir,2
461=,Zeshan,2
461=,Zoheb,2
632=,Aadam,1
632=,Aaftab,1
632=,Aamir,1
632=,Aarran,1
632=,Abbey,1
632=,Abd,1
632=,Abdallah,1
632=,Abdelmalik,1
632=,Abdulah,1
632=,Abdulhamid,1
632=,Abdulkadir,1
632=,Abdulmalek,1
632=,Abdulrahman,1
632=,Abdurahman,1
632=,Abhinav,1
632=,Abhiram,1
632=,Abraham,1
632=,Adair,1
632=,Adal,1
632=,Adeeb,1
632=,Ademola,1
632=,Aderyn,1
632=,Adhum,1
632=,Adin,1
632=,Adrien,1
632=,Adrish,1
632=,Aedan,1
632=,Aeneas,1
632=,Aeryn,1
632=,Ahren,1
632=,Ahyd,1
632=,Aiman,1
632=,Ajay,1
632=,Ajeet,1
632=,Akash,1
632=,Akib,1
632=,Akshay,1
632=,Ala,1
632=,Alasdhear,1
632=,Alban,1
632=,Aldo,1
632=,Aled,1
632=,Alen,1
632=,Alf,1
632=,Alfie,1
632=,Allastair,1
632=,Allen-James,1
632=,Allistair,1
632=,Allix,1
632=,Ally,1
632=,Altham,1
632=,Alyn,1
632=,Amaar,1
632=,Amanber,1
632=,Ameer,1
632=,Amer,1
632=,Ameur,1
632=,Amin,1
632=,Aminul,1
632=,Amit,1
632=,Amjad,1
632=,Ammar,1
632=,Amos,1
632=,Amrit,1
632=,Anand,1
632=,Andres,1
632=,Andrzej,1
632=,Andy,1
632=,Aneece,1
632=,Aneel,1
632=,Aniel,1
632=,Anindya,1
632=,Aniq,1
632=,Ankush,1
632=,Anlon,1
632=,Anna,1
632=,Annis,1
632=,Anoop,1
632=,Anubhav,1
632=,Anupam,1
632=,Aodhan,1
632=,Apurva,1
632=,Aqaf,1
632=,Aqeel,1
632=,Aran,1
632=,Arash,1
632=,Arden,1
632=,Arfan,1
632=,Arfon,1
632=,Arie,1
632=,Arin,1
632=,Arjan,1
632=,Arman,1
632=,Armelle,1
632=,Armen,1
632=,Arnie,1
632=,Arron-Lee,1
632=,Arsalaan,1
632=,Aryan,1
632=,Asaduz,1
632=,Asaph,1
632=,Ashleigh,1
632=,Aston,1
632=,Asuteru,1
632=,Athanasios,1
632=,Atholl,1
632=,Avetare,1
632=,Awais,1
632=,Axel,1
632=,Axl,1
632=,Ayman,1
632=,Ayodeji,1
632=,Azam,1
632=,Azan,1
632=,Azaz,1
632=,Azeem,1
632=,Azhar,1
632=,Azim,1
632=,Aziz,1
632=,Bahaeddin,1
632=,Barah,1
632=,Bari,1
632=,Barkat,1
632=,Barnabas,1
632=,Barri,1
632=,Barron,1
632=,Bashir,1
632=,Bashshar,1
632=,Ben-Samuel,1
632=,Benjahmin,1
632=,Benjiman,1
632=,Benn,1
632=,Bennet,1
632=,Bert,1
632=,Bertram,1
632=,Bevis,1
632=,Bhein,1
632=,Bilawal,1
632=,Billal,1
632=,Blaal,1
632=,Blain,1
632=,Blaire,1
632=,Blal,1
632=,Blawal,1
632=,Blue,1
632=,Bobak,1
632=,Bonner,1
632=,Bowule,1
632=,Boyd,1
632=,Bracken,1
632=,Bradford,1
632=,Brahim,1
632=,Bran,1
632=,Branden,1
632=,Braun,1
632=,Brenden,1
632=,Brennan,1
632=,Brian-James,1
632=,Brice,1
632=,Broderick,1
632=,Brooke,1
632=,Bryant,1
632=,Bryn,1
632=,Brynmor,1
632=,Bueford,1
632=,Buster,1
632=,Byron,1
632=,Cairn,1
632=,Calder,1
632=,Caleb,1
632=,Calgary,1
632=,Calven,1
632=,Cameran,1
632=,Cammeron,1
632=,Cammy,1
632=,Camran,1
632=,Carey,1
632=,Carson,1
632=,Carsten,1
632=,Cassius,1
632=,Cavin,1
632=,Cedric,1
632=,Ceiron,1
632=,Chadd,1
632=,Chae,1
632=,Chaz,1
632=,Che,1
632=,Chelsea,1
632=,Chevez,1
632=,Chi,1
632=,Chidubem,1
632=,Chock,1
632=,Chok,1
632=,Cholla,1
632=,Christer,1
632=,Christien,1
632=,Christoff,1
632=,Christophar,1
632=,Christophe,1
632=,Christopher-And,1
632=,Christophor,1
632=,Christpher,1
632=,Chung,1
632=,Cieron,1
632=,Cillian,1
632=,Clement,1
632=,Clinton,1
632=,Cody,1
632=,Coinneach,1
632=,Colenn,1
632=,Colum,1
632=,Colvin,1
632=,Conchobhar,1
632=,Coner,1
632=,Conn,1
632=,Connah,1
632=,Connal,1
632=,Connell,1
632=,Connelly,1
632=,Constantine,1
632=,Coran,1
632=,Corbyn,1
632=,Cormac,1
632=,Cornelius,1
632=,Corran,1
632=,Corry,1
632=,Cosmo,1
632=,Courtaney,1
632=,Cowan,1
632=,Creag,1
632=,Cristiano,1
632=,Cristopher,1
632=,Cuan,1
632=,Cuillin,1
632=,Culum,1
632=,Cyrus,1
632=,Dahni,1
632=,Dailin,1
632=,Daimien,1
632=,Daimlan,1
632=,Dak,1
632=,Daljit,1
632=,Daly,1
632=,Damen,1
632=,Damion,1
632=,Danial,1
632=,Danilo,1
632=,Daniyall,1
632=,Dante,1
632=,Danuel,1
632=,Danyle,1
632=,Darcy,1
632=,Darel,1
632=,Darien,1
632=,Darin,1
632=,Darreniai,1
632=,Darri,1
632=,Darriol,1
632=,Darris,1
632=,Darroll,1
632=,Darshan,1
632=,Darwin,1
632=,Daryle,1
632=,Daryoush,1
632=,Daud,1
632=,Dave,1
632=,David-Alan,1
632=,David-Andrew,1
632=,David-James,1
632=,Davie,1
632=,Davin,1
632=,Davis,1
632=,Davuud,1
632=,Davy,1
632=,Davyd,1
632=,Dax,1
632=,Daylin,1
632=,Daymond,1
632=,Deaglan,1
632=,Deans,1
632=,Declyn,1
632=,Deklan,1
632=,Deklynd,1
632=,Dekylin,1
632=,Dene,1
632=,Denie,1
632=,Denton,1
632=,Denver,1
632=,Deric,1
632=,Derick,1
632=,Derik,1
632=,Derrell,1
632=,Detroit,1
632=,Devinder,1
632=,Devyn,1
632=,Dewi,1
632=,Dexter,1
632=,Dicken,1
632=,Digory,1
632=,Dimitri,1
632=,Doalty,1
632=,Dolton,1
632=,Domenic,1
632=,Domenico,1
632=,Dominico,1
632=,Donavin,1
632=,Donnie,1
632=,Donovan,1
632=,Dougal,1
632=,Driss,1
632=,Dwayne,1
632=,Dyfrig,1
632=,Dylon,1
632=,Eddie,1
632=,Eden,1
632=,Ehizokhai,1
632=,Elias,1
632=,Elio,1
632=,Eliot,1
632=,Eliott,1
632=,Emilio,1
632=,Emmett,1
632=,Endreas,1
632=,Eoghain,1
632=,Eoghan,1
632=,Eraclees,1
632=,Erez,1
632=,Ergun,1
632=,Erland,1
632=,Erran,1
632=,Ersan,1
632=,Erwin,1
632=,Fabiano,1
632=,Fabrizio,1
632=,Fadie,1
632=,Faezan,1
632=,Fahadh,1
632=,Fairaaz,1
632=,Faizaan,1
632=,Faris,1
632=,Faron,1
632=,Faruq,1
632=,Fawwaz,1
632=,Faysal,1
632=,Feroz,1
632=,Fhianan,1
632=,Fintan,1
632=,Fionn,1
632=,Forbes,1
632=,Ford,1
632=,Forrest,1
632=,Francis-Dominic,1
632=,Fraser-James,1
632=,Frazer-Niall,1
632=,Fredric,1
632=,Fredrik,1
632=,Furkan,1
632=,Gagandeep,1
632=,Gardiner,1
632=,Garey,1
632=,Gari-Jo,1
632=,Garreth,1
632=,Garrett,1
632=,Garylee,1
632=,Garyth,1
632=,Gauhar,1
632=,Gautam,1
632=,Gawain,1
632=,Ged,1
632=,Gee,1
632=,Geoff,1
632=,Geordan,1
632=,Georden,1
632=,Geordie,1
632=,Geraint,1
632=,Gerrid,1
632=,Gershom,1
632=,Ghulam,1
632=,Gian,1
632=,Gian-Marco,1
632=,Giancarlo,1
632=,Giann,1
632=,Giles,1
632=,Gilles,1
632=,Gillie,1
632=,Gino,1
632=,Giovanni,1
632=,Goe,1
632=,Gong,1
632=,Greame,1
632=,Greger,1
632=,Grier,1
632=,Grigor,1
632=,Guillermo,1
632=,Gurdev,1
632=,Gursharn,1
632=,Gwilym,1
632=,Gwydion,1
632=,Gwyllym,1
632=,Haaris,1
632=,Habib,1
632=,Hadyn,1
632=,Hagen,1
632=,Haider,1
632=,Haig,1
632=,Haji,1
632=,Hal,1
632=,Hamaad,1
632=,Hamad,1
632=,Hamid,1
632=,Hamilton,1
632=,Hamza,1
632=,Hamzah,1
632=,Hannes,1
632=,Haris,1
632=,Harjinder,1
632=,Harman,1
632=,Hartesh,1
632=,Haseeb,1
632=,Haw,1
632=,Hendry,1
632=,Hesham,1
632=,Hidetomo,1
632=,Ho-Loon,1
632=,Hoa,1
632=,Hoi,1
632=,Hong,1
632=,Howard,1
632=,Humza,1
632=,Hunain,1
632=,Husayn,1
632=,Hussam,1
632=,Hussen,1
632=,Hutchison,1
632=,Huzaifah,1
632=,Ibn,1
632=,Ibraheem,1
632=,Ibrar,1
632=,Idris,1
632=,Immanuel,1
632=,Inness-Ian,1
632=,Innis,1
632=,Iona,1
632=,Iqbal,1
632=,Irfaan,1
632=,Irfan,1
632=,Isa,1
632=,Ishiakaishi,1
632=,Ishtiaq,1
632=,Jac,1
632=,Jace,1
632=,Jade,1
632=,Jaden,1
632=,Jafar,1
632=,Jahanzab,1
632=,Jahren,1
632=,Jak,1
632=,Jamal,1
632=,Jamie-John,1
632=,Jamie-Lee,1
632=,Jamil,1
632=,Janosh,1
632=,Janusz,1
632=,Jarad,1
632=,Jarren,1
632=,Jarrid,1
632=,Jarrod,1
632=,Jarvis,1
632=,Jaryl,1
632=,Jasdeep,1
632=,Jaspal,1
632=,Jaspreet,1
632=,Jastej,1
632=,Jayce,1
632=,Jaydee,1
632=,Jayden,1
632=,Jayme,1
632=,Jaymie,1
632=,Jaymmi,1
632=,Jayni,1
632=,Jayson,1
632=,Jedd,1
632=,Jelle,1
632=,Jem,1
632=,Jerome,1
632=,Jerry,1
632=,Jesse,1
632=,Jethro,1
632=,Jevon,1
632=,Jihad,1
632=,Jo,1
632=,Johan,1
632=,Johannes,1
632=,John-Arnold,1
632=,John-James,1
632=,John-Robert,1
632=,Johnstone,1
632=,Johny,1
632=,Johrdann,1
632=,Jon-Paul,1
632=,Jonnie,1
632=,Jonothan,1
632=,Joost,1
632=,Jordie,1
632=,Jorge,1
632=,Josef,1
632=,Josiah,1
632=,Josslyn,1
632=,Jules,1
632=,Jun,1
632=,Ka,1
632=,Kabir,1
632=,Kael,1
632=,Kai-Hoi,1
632=,Kailum,1
632=,Kairn,1
632=,Kale,1
632=,Kaleem,1
632=,Kalin,1
632=,Kallium,1
632=,Kalum,1
632=,Kalvin,1
632=,Kam,1
632=,Kameil,1
632=,Kanav,1
632=,Kar,1
632=,Karam,1
632=,Karan,1
632=,Karishe,1
632=,Karma,1
632=,Kasey,1
632=,Kashif,1
632=,Kassim,1
632=,Kate,1
632=,Kathryn,1
632=,Kavin,1
632=,Kawri,1
632=,Kazumasa,1
632=,Keane,1
632=,Keano,1
632=,Keegan,1
632=,Kegan,1
632=,Keifer,1
632=,Keiffer,1
632=,Kelly,1
632=,Kelvan,1
632=,Kelwyn,1
632=,Kemp,1
632=,Ken-Tarro,1
632=,Kenan,1
632=,Kennedy,1
632=,Kennie,1
632=,Kerry,1
632=,Keshav,1
632=,Kester,1
632=,Keven,1
632=,Keyan,1
632=,Khadir,1
632=,Khai,1
632=,Khalid,1
632=,Khern,1
632=,Khuram,1
632=,Khurram,1
632=,Khurum,1
632=,Kian,1
632=,Kiaran,1
632=,Kiean,1
632=,Kiel,1
632=,Kiern,1
632=,Kierran,1
632=,Kierron,1
632=,Kilian,1
632=,Kinnaird,1
632=,Kinnon,1
632=,Kirkpatrick,1
632=,Kitt,1
632=,Kobi,1
632=,Kodi,1
632=,Konrad,1
632=,Kourram,1
632=,Krishin,1
632=,Kristafer,1
632=,Kristain,1
632=,Kristen,1
632=,Kunal,1
632=,Kurandeep,1
632=,Kwaku,1
632=,Kwok,1
632=,Kyall,1
632=,Lachlann,1
632=,Laith,1
632=,Lance,1
632=,Larry,1
632=,Lars,1
632=,Lauchlan,1
632=,Laura,1
632=,Lawry,1
632=,Layton,1
632=,Lea,1
632=,Leam,1
632=,Leeam,1
632=,Lehem,1
632=,Lennox,1
632=,Leonard,1
632=,Leonardo,1
632=,Leum,1
632=,Levan,1
632=,Lewis-William,1
632=,Lewiss,1
632=,Lewys,1
632=,Leyton,1
632=,Lief,1
632=,Lige,1
632=,Linden,1
632=,Lisle,1
632=,Lliam,1
632=,Loai,1
632=,Loc,1
632=,Lochan,1
632=,Lochlan,1
632=,Lochlann,1
632=,Lorcan,1
632=,Lorn,1
632=,Louise,1
632=,Louix,1
632=,Loyd,1
632=,Lucan,1
632=,Luciano,1
632=,Ludo,1
632=,Lugh,1
632=,Luigi,1
632=,Lukas,1
632=,Luther,1
632=,Lyon,1
632=,Maaz,1
632=,Macaulay,1
632=,Macaully,1
632=,Madhav,1
632=,Madsar,1
632=,Mahir,1
632=,Mahmud,1
632=,Majid,1
632=,Mamunoor,1
632=,Manson,1
632=,Manveer,1
632=,Mario,1
632=,Mark-John,1
632=,Marky,1
632=,Marnoch,1
632=,Martainn,1
632=,Marwan,1
632=,Marzel,1
632=,Masood,1
632=,Massimo,1
632=,Mathias,1
632=,Matiu,1
632=,Matteo,1
632=,Maurice,1
632=,Mehdi,1
632=,Mehmet,1
632=,Mel,1
632=,Melville,1
632=,Men,1
632=,Meredith,1
632=,Merlyn,1
632=,Meshkat,1
632=,Mesut,1
632=,Metha,1
632=,Meurig,1
632=,Mhmud,1
632=,Michele,1
632=,Midge,1
632=,Miguel,1
632=,Mikael,1
632=,Mike,1
632=,Miki,1
632=,Milo,1
632=,Ming,1
632=,Miquel,1
632=,Mirza,1
632=,Mitcheal,1
632=,Mohamad,1
632=,Mohith,1
632=,Mohsen,1
632=,Moneeb,1
632=,Montague,1
632=,Morsie,1
632=,Mounier,1
632=,Muazzam,1
632=,Mubarak,1
632=,Muhesh,1
632=,Muir,1
632=,Muneeb,1
632=,Munim,1
632=,Munmeet,1
632=,Murrey,1
632=,Musaab,1
632=,Mustafa,1
632=,Mutaher,1
632=,Mycheal,1
632=,Mylie,1
632=,Nabeel,1
632=,Nabhan,1
632=,Nabil,1
632=,Nadhir,1
632=,Nadim,1
632=,Naill,1
632=,Naim,1
632=,Nairne,1
632=,Najmaun,1
632=,Naseem,1
632=,Nasim-James,1
632=,Nasir,1
632=,Nataniel,1
632=,Nathanial,1
632=,Nathen,1
632=,Nauman,1
632=,Nayieem,1
632=,Nazri,1
632=,Neils,1
632=,Nester,1
632=,Nezar,1
632=,Ngo,1
632=,Nicci,1
632=,Nicklaus,1
632=,Nico-Mejella,1
632=,Nigel,1
632=,Nikky,1
632=,Niklaes,1
632=,Nils,1
632=,Niocal,1
632=,Nomaan,1
632=,Noor,1
632=,Norry,1
632=,Norton,1
632=,Nozmul,1
632=,Nyle,1
632=,Oakley,1
632=,Olamipo,1
632=,Olan,1
632=,Olivier,1
632=,Omaar,1
632=,Omair,1
632=,Omer,1
632=,Oren,1
632=,Osamah,1
632=,Osmaan,1
632=,Ossian,1
632=,Ostin,1
632=,Owais,1
632=,Ozair,1
632=,Pablo,1
632=,Padrig,1
632=,Pang,1
632=,Paolo,1
632=,Patrik,1
632=,Paula,1
632=,Pavandeep,1
632=,Paviter,1
632=,Pearse,1
632=,Pedro,1
632=,Pejman,1
632=,Petros,1
632=,Pierce,1
632=,Pierros,1
632=,Piet,1
632=,Prince,1
632=,Pryce,1
632=,Ptolemy,1
632=,Qagim,1
632=,Quentin,1
632=,Quincy,1
632=,Quinten,1
632=,Raees,1
632=,Rael,1
632=,Ragan,1
632=,Rahath-James,1
632=,Raif,1
632=,Raihan,1
632=,Raishon,1
632=,Raja,1
632=,Rajindar,1
632=,Rajvinder,1
632=,Ram,1
632=,Ramee,1
632=,Ramone,1
632=,Ramzan,1
632=,Randeep,1
632=,Randolph,1
632=,Rasad,1
632=,Ravi,1
632=,Rayhan,1
632=,Raymie,1
632=,Raymund,1
632=,Reace,1
632=,Rehman,1
632=,Reis,1
632=,Remi,1
632=,Renard,1
632=,Rennie,1
632=,Rheas,1
632=,Rheece,1
632=,Rhian,1
632=,Rhoan,1
632=,Rhuairidh,1
632=,Rhudi,1
632=,Rhuri,1
632=,Rhuridgh,1
632=,Rhury,1
632=,Rhyce,1
632=,Riain,1
632=,Riccardo,1
632=,Richey,1
632=,Richie,1
632=,Rickylee,1
632=,Rik,1
632=,Rikky,1
632=,Riminjeet,1
632=,Rinaldo,1
632=,Rio,1
632=,Ritchy,1
632=,Riyaad,1
632=,Rizwan,1
632=,Roan,1
632=,Robaidh,1
632=,Roberts,1
632=,Rohail,1
632=,Rohan,1
632=,Rolf,1
632=,Romain,1
632=,Roni,1
632=,Ronny,1
632=,Rorry,1
632=,Roshan,1
632=,Rossano,1
632=,Roydon,1
632=,Ruairaidh,1
632=,Ruairdh,1
632=,Ruarigh,1
632=,Ruben,1
632=,Rudi,1
632=,Rudolf,1
632=,Ruhidul,1
632=,Rupert,1
632=,Ryen,1
632=,Sabraj,1
632=,Sacha,1
632=,Saddiq,1
632=,Saeed,1
632=,Saeid,1
632=,Sahr,1
632=,Saied,1
632=,Saikou,1
632=,Saiyad,1
632=,Sajid,1
632=,Saleem,1
632=,Salem,1
632=,Samadjan,1
632=,Samer,1
632=,Samirali,1
632=,Samson,1
632=,Samwell,1
632=,Sanan,1
632=,Sandie,1
632=,Sanjay,1
632=,Santiago,1
632=,Santino,1
632=,Sardar,1
632=,Sasha,1
632=,Satnam,1
632=,Satvinder,1
632=,Saud,1
632=,Saul,1
632=,Schaun,1
632=,Sean-Alexander,1
632=,Sean-James,1
632=,Sebastiaan,1
632=,Sebvastian,1
632=,Sedras,1
632=,Seiorse,1
632=,Selali,1
632=,Semih,1
632=,Seoras,1
632=,Serar,1
632=,Sergio,1
632=,Seth,1
632=,Seyyed,1
632=,Shadi,1
632=,Shahid,1
632=,Shahzabe,1
632=,Shala,1
632=,Shanan,1
632=,Sharan,1
632=,Shaunne,1
632=,Shawen,1
632=,Shayantan,1
632=,Shea,1
632=,Shehbaz,1
632=,Shehzad,1
632=,Sheldon,1
632=,Sheraz,1
632=,Shezad,1
632=,Shimon,1
632=,Shohaib,1
632=,Shonaidh,1
632=,Shraz,1
632=,Shujahat,1
632=,Shwan,1
632=,Siddharth,1
632=,Sigmund,1
632=,Simiran,1
632=,Simron,1
632=,Sinan,1
632=,Sinclair,1
632=,Sion,1
632=,Siqandar,1
632=,Slaheddine,1
632=,Sofiane,1
632=,Sohail,1
632=,Soheal,1
632=,Soon,1
632=,Spandan,1
632=,Spiros,1
632=,Stafford,1
632=,Stasys,1
632=,Stavros,1
632=,Steaphan,1
632=,Stefano,1
632=,Stein,1
632=,Stevan,1
632=,Steven-John,1
632=,Storm,1
632=,Stuartie,1
632=,Su,1
632=,Subtaien,1
632=,Sucdave,1
632=,Suhail,1
632=,Suhayb,1
632=,Sulayman,1
632=,Sulman,1
632=,Sundeep,1
632=,Sunny,1
632=,Suraj,1
632=,Suresh,1
632=,Sushant,1
632=,Sven,1
632=,Sydney,1
632=,Symon,1
632=,Tadeusz,1
632=,Taha,1
632=,Tahleel,1
632=,Tahmin,1
632=,Taimur,1
632=,Taisei,1
632=,Taiyub,1
632=,Taj,1
632=,Talveer,1
632=,Talvinder,1
632=,Tamoor,1
632=,Tanwir,1
632=,Tarik,1
632=,Taro,1
632=,Tauseef,1
632=,Tayler,1
632=,Tayyib,1
632=,Teale,1
632=,Tee-Jay,1
632=,Tejinder,1
632=,Thani,1
632=,Themba,1
632=,Theodore,1
632=,Thiago,1
632=,Thor,1
632=,Tim,1
632=,Tipu,1
632=,Todd,1
632=,Tokeer,1
632=,Tomasz,1
632=,Tommer,1
632=,Tommi,1
632=,Tommie,1
632=,Toni,1
632=,Torstein,1
632=,Traeger,1
632=,Travis,1
632=,Trent,1
632=,Tyrinne,1
632=,Tyron,1
632=,Tyson,1
632=,Uist,1
632=,Ummar,1
632=,Usama,1
632=,Vaaqas,1
632=,Vaeman,1
632=,Vajid,1
632=,Vaqar,1
632=,Vasilios,1
632=,Vaughan,1
632=,Venkataraman,1
632=,Viashal,1
632=,Vikramjeet,1
632=,Vincento,1
632=,Vincenzo,1
632=,Visdean,1
632=,Vishal,1
632=,Vishnu,1
632=,Vivien,1
632=,Waasim,1
632=,Wade,1
632=,Wadood,1
632=,Wahid,1
632=,Waled,1
632=,Walid,1
632=,Walker,1
632=,Waqaar,1
632=,Waring,1
632=,Waseem-U-Rehman,1
632=,Wasim,1
632=,Wess,1
632=,Wouter,1
632=,Xavier,1
632=,Yahia,1
632=,Yahya,1
632=,Yan,1
632=,Yar,1
632=,Yaser,1
632=,Yat,1
632=,Yeager,1
632=,Yesser,1
632=,Yin,1
632=,Yiu,1
632=,Yoon,1
632=,Yoshua,1
632=,Yousef,1
632=,Yousif,1
632=,Yousuf,1
632=,Yuki,1
632=,Yunis,1
632=,Yusuf,1
632=,Zachariah,1
632=,Zachery,1
632=,Zackary,1
632=,Zahaib,1
632=,Zain-Ul-Abidin,1
632=,Zakariya,1
632=,Zakary,1
632=,Zamaan,1
632=,Zander,1
632=,Zeeshan,1
632=,Zen,1
632=,Zenith,1
632=,Zeshaan,1
632=,Zeshian,1
632=,Zhi,1
632=,Ziad,1
632=,Zico,1
632=,Zinc,1
632=,Zishan,1
632=,Zubair,1
632=,Zuber,1
632=,Zuhir,1
632=,Zulkamal,1
632=,Zyiad,1
,,
,,
,,
,,
,,
,,
,,
,,
,,
,,
,,
,,
,,
,,
,,
,,
,,
,,
,,
,,
,,
,,
,,
,,
,,
,,
,,
,,
,,
,,
,,
,,
,,
,,
,,
,,
,,
,,
,,
,,
,,
,,
,,
,,
,,
,,
,,
,,
,,
,,
,,
,,
,,
,,
,,
,,
,,
,,
,,
,,
,,
,,
,,
,,
,,
,,
,,
,,
,,
,,
,,
,,
,,
,,
,,
,,
,,
,,
,,
,,
,,
,,
,,
,,
,,
,,
,,
,,
,,
,,
,,
,,
,,
,,
,,
,,
,,
,,
,,
,,
,,
,,
,,
,,
,,
,,
,,
,,
,,
,,
,,
,,
,,
,,
,,
,,
,,
,,
,,
,,
,,
,,
,,
,,
,,
,,
,,
,,
,,
,,
,,
,,
,,
,,
,,
,,
,,
,,
,,
,,
,,
,,
,,
,,
,,
,,
,,
,,
,,
,,
,,
,,
,,
,,
,,
,,
,,
,,
,,
,,
,,
,,
,,
,,
,,
,,
,,
,,
,,
,,
,,
,,
,,
,,
,,
,,
,,
,,
,,
,,
,,
,,
,,
,,
,,
,,
,,
,,
,,
,,
,,
,,
,,
,,
,,
,,
,,
,,
,,
,,
,,
,,
,,
,,
,,
,,
,,
,,
,,
,,
,,
,,
,,
,,
,,
,,
,,
,,
,,
,,
,,
,,
,,
,,
,,
,,
,,
,,
,,
,,
,,
,,
,,
,,
,,
,,
,,
,,
,,
,,
,,
,,
,,
,,
,,
,,
,,
,,
,,
,,
,,
,,
,,
,,
,,
,,
,,
,,
,,
,,
,,
,,
,,
,,
,,
,,
,,
,,
,,
,,
,,
,,
,,
,,
,,
,,
,,
,,
,,
,,
,,
,,
,,
,,
,,
,,
,,
,,
,,
,,
,,
,,
,,
,,
,,
,,
,,
,,
,,
,,
,,
,,
,,
,,
,,
,,
,,
,,
,,
,,
,,
,,
,,
,,
,,
,,
,,
,,
,,
,,
,,
,,
,,
,,
,,
,,
,,
,,
,,
,,
,,
,,
,,
,,
,,
,,
,,
,,
,,
,,
,,
,,
,,
,,
,,
,,
,,
,,
,,
,,
,,
,,
,,
,,
,,
,,
,,
,,
,,
,,
,,
,,
,,
,,
,,
,,
,,
,,
,,
,,
,,
,,
,,
,,
,,
,,
,,
,,
,,
,,
,,
,,
,,
,,
,,
,,
,,
,,
,,
,,
,,
,,
,,
,,
,,
,,
,,
,,
,,
,,
,,
,,
,,
,,
,,
,,
,,
,,
,,
,,
,,
,,
,,
,,
,,
,,
,,
,,
,,
,,
,,
,,
,,
,,
,,
,,
,,
,,
,,
,,
,,
,,
,,
,,
,,
,,
,,
,,
,,
,,
,,
,,
,,
,,
,,
,,
,,
,,
,,
,,
,,
,,
,,
,,
,,
,,
,,
,,
,,
,,
,,
,,
,,
,,
,,
,,
,,
,,
,,
,,
,,
,,
,,
,,
,,
,,
,,
,,
,,
,,
,,
,,
,,
,,
,,
,,
,,
,,
,,
,,
,,
,,
,,
,,
,,
,,
,,
,,
,,
,,
,,
,,
,,
,,
,,
,,
,,
,,
,,
,,
,,
,,
,,
,,
,,
,,
,,
,,
,,
,,
,,
,,
,,
,,
,,
,,
,,
,,
,,
,,
,,
,,
,,
,,
,,
,,
,,
,,
,,
,,
,,
,,
,,
,,
,,
,,
,,
,,
,,
,,
,,
,,
,,
,,
,,
,,
,,
,,
,,
,,
,,
,,
,,
,,
,,
,,
,,
,,
,,
,,
,,
,,
,,
,,
,,
,,
,,
,,
,,
,,
,,
,,
,,
,,
,,
,,
,,
,,
,,
,,
,,
,,
,,
,,
,,
,,
,,
,,
,,
,,
,,
,,
,,
,,
,,
,,
,,
,,
,,
,,
,,
,,
,,
,,
,,
,,
,,
,,
,,
,,
,,
,,
,,
,,
,,
,,
,,
,,
,,
,,
,,
,,
,,
,,
,,
,,
,,
,,
,,
,,
,,
,,
,,
,,
,,
,,
,,
,,
,,
,,
,,
,,
,,
,,
,,
,,
,,
,,
,,
,,
,,
,,
,,
,,
,,
,,
,,
,,
,,
,,
,,
,,
,,
,,
,,
,,
,,
,,
,,
,,
,,
,,
,,
,,
,,
,,
,,
,,
,,
,,
,,
,,
,,
,,
,,
,,
,,
,,
,,
,,
,,
,,
,,
,,
,,
,,
,,
,,
,,
,,
,,
,,
,,
,,
,,
,,
,,
,,
,,
,,
,,
,,
,,
,,
,,
,,
,,
,,
,,
,,
,,
,,
,,
,,
,,
,,
,,
,,
,,
,,
,,
,,
,,
,,
,,
,,
,,
,,
,,
,,
,,
,,
,,
,,
,,
,,
,,
,,
,,
,,
,,
,,
,,
,,
,,
,,
,,
,,
,,
,,
,,
,,
,,
,,
,,
,,
,,
,,
,,
,,
,,
,,
,,
,,
,,
,,
,,
,,
,,
,,
,,
,,
,,
,,
,,
,,
,,
,,
,,
,,
,,
,,
,,
,,
,,
,,
,,
,,
,,
,,
,,
,,
,,
,,
,,
,,
,,
,,
,,
,,
,,
,,
,,
,,
,,
,,
,,
,,
,,
,,
,,
,,
,,
,,
,,
,,
,,
,,
,,
,,
,,
,,
,,
,,
,,
,,
,,
,,
,,
,,
,,
,,
,,
,,
,,
,,
,,
,,
,,
,,
,,
,,
,,
,,
,,
,,
,,
,,
,,
,,
,,
,,
,,
,,
,,
,,
,,
,,
,,
,,
,,
,,
,,
,,
,,
,,
,,
,,
,,
,,
,,
,,
,,
,,
,,
,,
,,
,,
,,
,,
,,
,,
,,
,,
,,
,,
,,
,,
,,
,,
,,
,,
,,
,,
,,
,,
,,
,,
,,
,,
,,
,,
,,
,,
,,
,,
,,
,,
,,
,,
,,
,,
,,
,,
,,
,,
,,
,,
,,
,,
,,
,,
,,
,,
,,
,,
,,
,,
,,
,,
,,
,,
,,
,,
,,
,,
,,
,,
,,
,,
,,
,,
,,
,,
,,
,,
,,
,,
,,
,,
,,
,,
,,
,,
,,
,,
,,
,,
,,
,,
,,
,,
,,
,,
,,
,,
,,
,,
,,
,,
,,
,,
,,
,,
,,
,,
,,
,,
,,
,,
,,
,,
,,
,,
,,
,,
,,
,,
,,
,,
,,
,,
,,
,,
,,
,,
,,
,,
,,
,,
,,
,,
,,
,,
,,
,,
,,
,,
,,
,,
,,
,,
,,
,,
,,
,,
,,
,,
,,
,,
,,
,,
,,
,,
,,
,,
,,
,,
,,
,,
,,
,,
,,
,,
,,
,,
,,
,,
,,
,,
,,
,,
,,
,,
,,
,,
,,
,,
,,
,,
,,
,,
,,
,,
,,
,,
,,
,,
,,
,,
,,
,,
,,
,,
,,
,,
,,
,,
,,
,,
,,
,,
,,
,,
,,
,,
,,
,,
,,
,,
,,
,,
,,
,,
,,
,,
,,
,,
,,
,,
,,
,,
,,
,,
,,
,,
,,
,,
,,
,,
,,
,,
,,
,,
,,
,,
,,
,,
,,
,,
,,
,,
,,
,,
,,
,,
,,
,,
,,
,,
,,
,,
,,
,,
,,
,,
,,
,,
,,
,,
,,
,,
,,
,,
,,
,,
,,
,,
,,
,,
,,
,,
,,
,,
,,
,,
,,
,,
,,
,,
,,
,,
,,
,,
,,
,,
,,
© Crown Copyright 2015,,
