Position,Name,Number of babies
1,Andrew,1099
2,Ryan,922
3,David,908
4,Scott,848
5,James,791
6,Michael,784
7,Christopher,780
8,Ross,766
9,Craig,706
10,Jordan,664
11,Daniel,641
12,Jamie,622
13,John,554
14,Steven,513
15,Sean,488
16,Mark,478
17,Liam,446
18,Lewis,407
19,Stuart,406
20=,Matthew,396
20=,Paul,396
22,Thomas,394
23=,Robert,391
23=,Stephen,391
25,Connor,387
26,Callum,385
27,Cameron,356
28,Darren,343
29,Calum,334
30,Jack,321
31,Gary,312
32,Adam,303
33,Alexander,302
34,William,299
35,Kieran,292
36,Kyle,276
37,Jonathan,260
38,Fraser,250
39,Grant,249
40,Dean,240
41,Kevin,237
42,Shaun,235
43,Martin,229
44,Lee,220
45,Alan,174
46,Iain,171
47,Gavin,162
48,Peter,159
49,Dylan,158
50,Euan,157
51,Dale,156
52=,Aaron,155
52=,Conor,155
54,Greg,152
55,Jason,151
56,Marc,149
57,Alistair,135
58,Nathan,134
59,Joseph,133
60,Joshua,132
61,Richard,131
62,Anthony,130
63,Nicholas,125
64=,Blair,124
64=,Samuel,124
66,Declan,123
67,Neil,118
68=,Benjamin,113
68=,Stewart,113
70,Aidan,111
71,Graeme,110
72,Colin,106
73,Ewan,105
74,Allan,104
75=,Ben,101
75=,Ian,101
77=,Brian,98
77=,Graham,98
79,Gordon,96
80,Duncan,95
81,George,92
82,Sam,90
83,Robbie,89
84,Douglas,86
85,Gregor,84
86,Luke,83
87,Jake,78
88,Patrick,77
89,Rory,74
90,Alasdair,73
91,Kenneth,68
92,Charles,67
93,Rhys,65
94,Josh,64
95,Philip,63
96,Barry,62
97,Alastair,60
98,Garry,58
99,Angus,57
100=,Daryl,55
100=,Simon,55
102,Niall,54
103=,Greig,53
103=,Mohammed,53
105=,Donald,52
105=,Gareth,52
105=,Martyn,52
105=,Murray,52
105=,Owen,52
110,Reece,51
111=,Bradley,50
111=,Edward,50
113,Derek,49
114=,Bryan,48
114=,Glen,48
116=,Ciaran,47
116=,Dominic,47
116=,Jay,47
119,Taylor,42
120=,Aiden,40
120=,Keith,40
120=,Max,40
123=,Marcus,39
123=,Oliver,39
125,Joe,38
126,Brendan,36
127=,Glenn,35
127=,Ruairidh,35
129=,Finlay,34
129=,Harry,34
129=,Jon,34
129=,Keiran,34
129=,Stefan,34
134,Hugh,31
135,Jonathon,30
136=,Bruce,29
136=,Kris,29
136=,Mathew,29
136=,Shane,29
140=,Alex,28
140=,Antony,28
140=,Calvin,28
140=,Hamish,28
140=,Louis,28
140=,Raymond,28
140=,Russell,28
147=,Corey,27
147=,Kerr,27
147=,Kristopher,27
147=,Robin,27
147=,Ruaridh,27
152,Billy,26
153=,Drew,25
153=,Elliot,25
153=,Frazer,25
153=,Mohammad,25
153=,Tom,25
158=,Arran,24
158=,Conner,24
158=,Fergus,24
161=,Jacob,23
161=,Keir,23
161=,Kristofer,23
164=,Darryl,22
164=,Gerard,22
164=,Lloyd,22
164=,Struan,22
168,Danny,21
169=,Blake,20
169=,Damien,20
169=,Justin,20
169=,Malcolm,20
169=,Ronan,20
174=,Arron,19
174=,Evan,19
174=,Jed,19
177=,Jordon,18
177=,Tony,18
179=,Johnathan,17
179=,Leon,17
179=,Terry,17
182=,Brandon,16
182=,Brett,16
182=,Damian,16
182=,Francis,16
182=,Henry,16
182=,Kieron,16
182=,Timothy,16
189=,Guy,15
189=,Kieren,15
191=,Darrell,14
191=,Joel,14
191=,Mitchell,14
191=,Roderick,14
191=,Sandy,14
196=,Campbell,13
196=,Ewen,13
196=,Logan,13
196=,Ronald,13
200=,Corrie,12
200=,Dayle,12
200=,Eoin,12
200=,Kelvin,12
200=,Maxwell,12
200=,Omar,12
200=,Zak,12
207=,Brad,11
207=,Gregg,11
207=,Kristoffer,11
207=,Nico,11
207=,Scot,11
212=,Bobby,10
212=,Darryn,10
212=,Dillon,10
212=,Ethan,10
212=,Findlay,10
212=,Hayden,10
212=,Isaac,10
212=,Karl,10
212=,Lawrence,10
212=,Lyle,10
212=,Usman,10
223=,Alec,9
223=,Ali,9
223=,Anton,9
223=,Chris,9
223=,Connar,9
223=,Eric,9
223=,Frank,9
223=,Gerald,9
223=,Harris,9
223=,Lachlan,9
223=,Laurence,9
223=,Mohamed,9
223=,Muhammad,9
223=,Ricky,9
223=,Roy,9
223=,Ruaraidh,9
223=,Shawn,9
223=,Wayne,9
241=,Alister,8
241=,Brodie,8
241=,Cal,8
241=,Charlie,8
241=,Conar,8
241=,Ellis,8
241=,Hassan,8
241=,Johnny,8
241=,Kane,8
241=,Magnus,8
241=,Marco,8
241=,Neal,8
241=,Tomas,8
241=,Tommy,8
241=,Tyler,8
241=,Vincent,8
257=,Aden,7
257=,Barrie,7
257=,Bilal,7
257=,Bryce,7
257=,Cailean,7
257=,Curtis,7
257=,Damon,7
257=,Darrel,7
257=,Dennis,7
257=,Frederick,7
257=,Jackson,7
257=,Jared,7
257=,Kirk,7
257=,Kristian,7
257=,Laurie,7
257=,Leigh,7
257=,Leo,7
257=,Lucas,7
257=,Morgan,7
257=,Nicky,7
257=,Qasim,7
257=,Ruairi,7
257=,Stevie,7
257=,Terence,7
257=,Zach,7
282=,Adil,6
282=,Ahmed,6
282=,Alisdair,6
282=,Allister,6
282=,Amir,6
282=,Ashley,6
282=,Callan,6
282=,Clark,6
282=,Elliott,6
282=,Gregory,6
282=,Kai,6
282=,Kevan,6
282=,Kurt,6
282=,Leslie,6
282=,Lindsay,6
282=,Nathaniel,6
282=,Nicol,6
282=,Norman,6
282=,Ramsay,6
282=,Seamus,6
282=,Steffan,6
282=,Zachary,6
282=,Zain,6
305=,Archie,5
305=,Austin,5
305=,Blaine,5
305=,Christian,5
305=,Conal,5
305=,Dario,5
305=,Daryll,5
305=,Daryn,5
305=,Faisal,5
305=,Fearghas,5
305=,Felix,5
305=,Grahame,5
305=,Harrison,5
305=,Haydn,5
305=,Hector,5
305=,Jai,5
305=,John-Paul,5
305=,Johnathon,5
305=,Kamran,5
305=,Kashif,5
305=,Murdo,5
305=,Nicolas,5
305=,Oscar,5
305=,Rikki,5
305=,Ritchie,5
305=,Rob,5
305=,Samir,5
305=,Trevor,5
305=,Warren,5
334=,Adrian,4
334=,Allen,4
334=,Andy,4
334=,Aran,4
334=,Ayden,4
334=,Benedict,4
334=,Bernard,4
334=,Cavan,4
334=,Chad,4
334=,Christy,4
334=,Clarke,4
334=,Cole,4
334=,Connaire,4
334=,Cory,4
334=,Darrin,4
334=,Deane,4
334=,Derry,4
334=,Diarmid,4
334=,Eamonn,4
334=,Hamza,4
334=,Harley,4
334=,Harvey,4
334=,Jeff,4
334=,Jordyn,4
334=,Keeran,4
334=,Kenny,4
334=,Kurtis,4
334=,Lorne,4
334=,Lyall,4
334=,Mason,4
334=,Maximillian,4
334=,Muhammed,4
334=,Myles,4
334=,Nairn,4
334=,Nikki,4
334=,Phillip,4
334=,Reiss,4
334=,Ronnie,4
334=,Seumas,4
334=,Sonny,4
334=,Stefano,4
334=,Syed,4
334=,Victor,4
334=,Zack,4
378=,Aaran,3
378=,Abbas,3
378=,Abdul,3
378=,Abdullah,3
378=,Adeel,3
378=,Ahmad,3
378=,Allistair,3
378=,Ally,3
378=,Allyn,3
378=,Angelo,3
378=,Archibald,3
378=,Aron,3
378=,Brody,3
378=,Bruno,3
378=,Cairn,3
378=,Cody,3
378=,Colm,3
378=,Connal,3
378=,Darryll,3
378=,Del,3
378=,Dene,3
378=,Derrick,3
378=,Edwin,3
378=,Eoghan,3
378=,Farhan,3
378=,Finn,3
378=,Garreth,3
378=,Giancarlo,3
378=,Imran,3
378=,Jaimie,3
378=,Jedd,3
378=,Josef,3
378=,Kasim,3
378=,Kiefer,3
378=,Lauchlan,3
378=,Leonard,3
378=,Levi,3
378=,Luis,3
378=,Mahomed,3
378=,Marcello,3
378=,Marley,3
378=,Mikey,3
378=,Mitchel,3
378=,Moray,3
378=,Muir,3
378=,Nabeel,3
378=,Ray,3
378=,Richie,3
378=,Robb,3
378=,Roddy,3
378=,Rogan,3
378=,Roshan,3
378=,Ruari,3
378=,Sebastian,3
378=,Sohail,3
378=,Steve,3
378=,Sultan,3
378=,Tobias,3
378=,Tristan,3
378=,Troy,3
378=,Umar,3
378=,Umer,3
440=,Abd,2
440=,Adnan,2
440=,Aeden,2
440=,Aftab,2
440=,Alain,2
440=,Albert,2
440=,Alfred,2
440=,Alfredo,2
440=,Amar,2
440=,Antoni,2
440=,Antonio,2
440=,Aqib,2
440=,Arif,2
440=,Arthur,2
440=,Asad,2
440=,Asher,2
440=,Ashraf,2
440=,Aslam,2
440=,Aston,2
440=,Atholl,2
440=,Aydan,2
440=,Blane,2
440=,Bleu,2
440=,Brady,2
440=,Brennan,2
440=,Brent,2
440=,Brydon,2
440=,Bryn,2
440=,Byron,2
440=,Callam,2
440=,Carlo,2
440=,Carlton,2
440=,Che,2
440=,Chi,2
440=,Christie,2
440=,Chun,2
440=,Clint,2
440=,Conall,2
440=,Conan,2
440=,Connan,2
440=,Cormac,2
440=,Creag,2
440=,Dagan,2
440=,Damion,2
440=,Dan,2
440=,Daren,2
440=,Darin,2
440=,Dariusz,2
440=,Denholm,2
440=,Denis,2
440=,Dillan,2
440=,Dustin,2
440=,Emmet,2
440=,Fabian,2
440=,Fabio,2
440=,Fintan,2
440=,Francesco,2
440=,Frankie,2
440=,Gabriel,2
440=,Gage,2
440=,Geordie,2
440=,Giovanni,2
440=,Haaris,2
440=,Harpreet,2
440=,Heather,2
440=,Idrees,2
440=,Innes,2
440=,Irfan,2
440=,Iyan,2
440=,Jackie,2
440=,Jak,2
440=,Jamal,2
440=,Jamil,2
440=,Jan,2
440=,Jarvis,2
440=,Jaskaran,2
440=,Jefferson,2
440=,Jeremy,2
440=,Jeroen,2
440=,Jerome,2
440=,Jess,2
440=,Jory,2
440=,Joss,2
440=,Julian,2
440=,Ka,2
440=,Kal,2
440=,Keanu,2
440=,Keenan,2
440=,Keiren,2
440=,Keiron,2
440=,Keirran,2
440=,Khalid,2
440=,Kiaran,2
440=,Kier,2
440=,Kierin,2
440=,King,2
440=,Kiran,2
440=,Konor,2
440=,Kraig,2
440=,Kriss,2
440=,Kyran,2
440=,Lawrie,2
440=,Leroy,2
440=,Lliam,2
440=,Lorenzo,2
440=,Manvir,2
440=,Marcos,2
440=,Marty,2
440=,Matt,2
440=,Mehran,2
440=,Meredith,2
440=,Micheal,2
440=,Miller,2
440=,Mohsen,2
440=,Mohsin,2
440=,Morton,2
440=,Munro,2
440=,Nadeem,2
440=,Nadir,2
440=,Naveed,2
440=,Neale,2
440=,Neill,2
440=,Nickolas,2
440=,Nik,2
440=,Nikolai,2
440=,Nikolas,2
440=,Omer,2
440=,Ossian,2
440=,Rachel,2
440=,Rafal,2
440=,Ralph,2
440=,Redmond,2
440=,Rhuaraidh,2
440=,Rhuari,2
440=,Rian,2
440=,Ricardo,2
440=,Riccardo,2
440=,Ricki,2
440=,Robby,2
440=,Rohan,2
440=,Rudi,2
440=,Rustam,2
440=,Salman,2
440=,Sammy,2
440=,Sanjay,2
440=,Saqib,2
440=,Saul,2
440=,Shannon,2
440=,Sinclair,2
440=,Solomon,2
440=,Stanley,2
440=,Stefanos,2
440=,Subhan,2
440=,Suhail,2
440=,Theo,2
440=,Thorfinn,2
440=,Tim,2
440=,Toby,2
440=,Todd,2
440=,Tor,2
440=,Tyrone,2
440=,Wahid,2
440=,Wallace,2
440=,Walter,2
440=,Wan,2
440=,Waqas,2
440=,Wesley,2
440=,Yannick,2
440=,Yiu,2
440=,Zac,2
440=,Zaid,2
440=,Zaki,2
440=,Zane,2
440=,Zen,2
440=,Zohaib,2
440=,Zubair,2
616=,Aadam,1
616=,Aamar,1
616=,Aaqib,1
616=,Aareon,1
616=,Aaron-Stewart,1
616=,Aaronjit,1
616=,Aarran,1
616=,Aarron,1
616=,Abdel,1
616=,Abdu,1
616=,Abdul-Karim,1
616=,Abdul-Rahim,1
616=,Abdula,1
616=,Abdulghader,1
616=,Abdulla,1
616=,Abdulrahman,1
616=,Abdurrahman,1
616=,Abhaijit,1
616=,Abid,1
616=,Abraar,1
616=,Abubaker,1
616=,Abud-Alrhman,1
616=,Adden,1
616=,Addison,1
616=,Adeeb,1
616=,Adel,1
616=,Adhil,1
616=,Adian,1
616=,Adin,1
616=,Adnaan,1
616=,Adrees,1
616=,Adrien,1
616=,Aedan,1
616=,Afzal,1
616=,Ahamad,1
616=,Ahmir,1
616=,Aidyn,1
616=,Aimen,1
616=,Ajayraj,1
616=,Akib,1
616=,Akram,1
616=,Akwal,1
616=,Alac,1
616=,Alaf,1
616=,Alan-James,1
616=,Alastar,1
616=,Alastiar,1
616=,Albaraa,1
616=,Aleef,1
616=,Alessandro,1
616=,Alexander-James,1
616=,Alexandre,1
616=,Alexandros,1
616=,Alexei,1
616=,Alick,1
616=,Alistaire,1
616=,Alistar,1
616=,Alix,1
616=,Allastair,1
616=,Alysandyr,1
616=,Alyxs,1
616=,Amad,1
616=,Aman,1
616=,Amiel,1
616=,Amirullah,1
616=,Amit,1
616=,Ammar,1
616=,Amos,1
616=,Amrah,1
616=,Amrik,1
616=,Anas,1
616=,Anderson,1
616=,Andi,1
616=,Andie,1
616=,Andreas,1
616=,Andres,1
616=,Andrew-James,1
616=,Anees,1
616=,Anel,1
616=,Anil,1
616=,Anish,1
616=,Annam,1
616=,Annus,1
616=,Anson,1
616=,Antanis,1
616=,Antoine,1
616=,Antonie,1
616=,Anuraag,1
616=,Anuss,1
616=,Aodan,1
616=,Aonghas,1
616=,Aqeel,1
616=,Arfan,1
616=,Arhum,1
616=,Arjen,1
616=,Armaan,1
616=,Arman,1
616=,Armin,1
616=,Arnold,1
616=,Arrandeep,1
616=,Arren,1
616=,Arri,1
616=,Arslan,1
616=,Art,1
616=,Arun,1
616=,Asam,1
616=,Aseel,1
616=,Ashleigh,1
616=,Ashton,1
616=,Asid,1
616=,Asim,1
616=,Assman,1
616=,Ataa,1
616=,Ataf,1
616=,Atif,1
616=,Atiqie,1
616=,Atta-Ur-Razzaq,1
616=,Avess,1
616=,Awab,1
616=,Awaiss,1
616=,Awaiz,1
616=,Axel,1
616=,Aybur,1
616=,Aynslie,1
616=,Ayoin,1
616=,Azam,1
616=,Azeem,1
616=,Aziz,1
616=,Azzam,1
616=,Baber,1
616=,Balraj,1
616=,Barnaby,1
616=,Barney,1
616=,Bart,1
616=,Basher,1
616=,Bavo,1
616=,Bechir,1
616=,Beinn,1
616=,Bejan,1
616=,Bejay,1
616=,Ben-Ami,1
616=,Benn,1
616=,Bhaavin,1
616=,Bhupinder,1
616=,Bilaal,1
616=,Blayney,1
616=,Blue,1
616=,Bob,1
616=,Bora,1
616=,Boyd,1
616=,Braden,1
616=,Brem,1
616=,Brenden,1
616=,Brendon,1
616=,Bret,1
616=,Brogan,1
616=,Brynn,1
616=,Bryon,1
616=,Buster,1
616=,Cailaen,1
616=,Cailan,1
616=,Caile,1
616=,Caillin,1
616=,Cain,1
616=,Caine,1
616=,Cairan,1
616=,Cairen,1
616=,Caithan,1
616=,Calder,1
616=,Caleb,1
616=,Callumn,1
616=,Caluin,1
616=,Calumn,1
616=,Caolan,1
616=,Cardo,1
616=,Carey,1
616=,Carl,1
616=,Carlos,1
616=,Carwyn,1
616=,Casey,1
616=,Cassidy,1
616=,Cathal,1
616=,Cavin,1
616=,Ceiran,1
616=,Cem,1
616=,Cesar,1
616=,Chae,1
616=,Charley,1
616=,Charnjit,1
616=,Chat,1
616=,Chavez,1
616=,Chay,1
616=,Chee,1
616=,Cheng,1
616=,Chetan,1
616=,Ching-Hsuan,1
616=,Chirag,1
616=,Chiu,1
616=,Chrisopher,1
616=,Ciar,1
616=,Ciarain,1
616=,Cieran,1
616=,Cierhan,1
616=,Clarence,1
616=,Claudio,1
616=,Clayton,1
616=,Clounos,1
616=,Cohn,1
616=,Cohnr,1
616=,Col,1
616=,Colan,1
616=,Conah,1
616=,Coner,1
616=,Conlan,1
616=,Connon,1
616=,Connor-Jon,1
616=,Conrad,1
616=,Conran,1
616=,Corcy,1
616=,Cori,1
616=,Corin,1
616=,Corri,1
616=,Corrin,1
616=,Covid,1
616=,Crawford,1
616=,Crayg,1
616=,Credie,1
616=,Crinan,1
616=,Cristopher,1
616=,Cuebong,1
616=,Cyrus,1
616=,Czeslaw,1
616=,Daanyaal,1
616=,Dael,1
616=,Dafydd,1
616=,Daibhidh,1
616=,Dalbir,1
616=,Dalton,1
616=,Damein,1
616=,Danial,1
616=,Daniella,1
616=,Danil,1
616=,Danilo,1
616=,Daniyal,1
616=,Dannie,1
616=,Darey,1
616=,Darius,1
616=,Darrian,1
616=,Darril,1
616=,David-Liam,1
616=,Davide,1
616=,Davis,1
616=,Davy,1
616=,Dawda,1
616=,Dawoud,1
616=,Dayne,1
616=,Deaclan,1
616=,Decklyn,1
616=,Declan-James,1
616=,Decland,1
616=,Declyn,1
616=,Deen,1
616=,Deklan,1
616=,Dellan,1
616=,Denny,1
616=,Denver,1
616=,Derec,1
616=,Dereck,1
616=,Deric,1
616=,Derri,1
616=,Derrin,1
616=,Dev,1
616=,Devran,1
616=,Devyn,1
616=,Dhara,1
616=,Diarmad,1
616=,Diego,1
616=,Dieter,1
616=,Dino,1
616=,Dion,1
616=,Dochas,1
616=,Domenico,1
616=,Domhnall,1
616=,Dominick,1
616=,Dominik,1
616=,Domnik,1
616=,Donal,1
616=,Donato,1
616=,Doneil,1
616=,Doni,1
616=,Dorian,1
616=,Downes,1
616=,Drummond,1
616=,Duane,1
616=,Duanne,1
616=,Dudley,1
616=,Dugald,1
616=,Dughlas,1
616=,Duvall,1
616=,Dyllan,1
616=,Dylon,1
616=,Eain,1
616=,Eamon,1
616=,Easa,1
616=,Eathan,1
616=,Eaun,1
616=,Eben,1
616=,Eden,1
616=,Edmond,1
616=,Edmund,1
616=,Eelco,1
616=,Eid,1
616=,Eildon,1
616=,Eli,1
616=,Elias,1
616=,Elijah,1
616=,Eliot,1
616=,Ellice,1
616=,Elyas,1
616=,Emba,1
616=,Emerson,1
616=,Emiel,1
616=,Emilio,1
616=,Emma,1
616=,Emmanuel,1
616=,Eoghann,1
616=,Erik,1
616=,Erin,1
616=,Erland,1
616=,Ernest,1
616=,Errol,1
616=,Etienne,1
616=,Ezekiel,1
616=,Faheem,1
616=,Fahim,1
616=,Fane,1
616=,Farakh,1
616=,Farquhar,1
616=,Farrukh,1
616=,Fearghus,1
616=,Fhiannan,1
616=,Filip,1
616=,Finnbar,1
616=,Finnegan,1
616=,Flinn,1
616=,Floyd,1
616=,Franc,1
616=,Franco,1
616=,Freddie,1
616=,Freya,1
616=,Furhan,1
616=,Gabril,1
616=,Gallocher,1
616=,Galvin,1
616=,Gamon,1
616=,Garden,1
616=,Gari,1
616=,Garri,1
616=,Garrick,1
616=,Garrie,1
616=,Garth,1
616=,Gautam,1
616=,Ged,1
616=,Gee,1
616=,Geoff,1
616=,Geoffrey,1
616=,Gergely,1
616=,Giacomo,1
616=,Gianmarco,1
616=,Gianni,1
616=,Gianpaolo,1
616=,Gideon,1
616=,Gilbert,1
616=,Gilchrist,1
616=,Giles,1
616=,Gillen,1
616=,Gilmore,1
616=,Giorgos,1
616=,Giuliano,1
616=,Giuseppe,1
616=,Glyn,1
616=,Grier,1
616=,Guillaume,1
616=,Gurdave,1
616=,Gurdita,1
616=,Gurpal,1
616=,Gurprage,1
616=,Gurpreet,1
616=,Gus,1
616=,H,1
616=,Hadarali,1
616=,Hadyn,1
616=,Haider,1
616=,Hal,1
616=,Halpawattage,1
616=,Hamaza,1
616=,Hamid,1
616=,Hamid-Reza,1
616=,Hamilton,1
616=,Hamzeh,1
616=,Hannan,1
616=,Harcharan,1
616=,Harde,1
616=,Hardip,1
616=,Hari,1
616=,Harinder,1
616=,Haris,1
616=,Harmail,1
616=,Haroon,1
616=,Hasaan,1
616=,Hasan,1
616=,Haseeb,1
616=,Hashem,1
616=,Hashim,1
616=,Hasib,1
616=,Hassen,1
616=,Haumza,1
616=,Hazwan,1
616=,Henry-Joshua,1
616=,Herman,1
616=,Heydon,1
616=,Hill,1
616=,Hing,1
616=,Ho,1
616=,Hok,1
616=,Hosam,1
616=,Hou,1
616=,Houdifa,1
616=,Hoy-Ho,1
616=,Hsin-Wei,1
616=,Hugo,1
616=,Hunter,1
616=,Husain,1
616=,Hussnain,1
616=,Huw,1
616=,Huzaifa,1
616=,Ibrahim,1
616=,Ickey,1
616=,Ievan,1
616=,Ifran,1
616=,Ilyes,1
616=,Inam,1
616=,Ioannis,1
616=,Iona,1
616=,Irfaan,1
616=,Irvine,1
616=,Isfandiar,1
616=,Ishak,1
616=,Ivan,1
616=,Izaac,1
616=,Izaak,1
616=,Jaasdeep,1
616=,Jabed,1
616=,Jace,1
616=,Jacqueline,1
616=,Jacques,1
616=,Jad,1
616=,Jadon,1
616=,Jae,1
616=,Jagthar,1
616=,Jagwinder,1
616=,Jaik,1
616=,Jaime,1
616=,Jamielee,1
616=,Jancarte,1
616=,Jane,1
616=,Jardan,1
616=,Jardine,1
616=,Jarod,1
616=,Jarred,1
616=,Jarrod,1
616=,Jasmeet,1
616=,Jassen,1
616=,Javad,1
616=,Jawaad,1
616=,Jax,1
616=,Jayden,1
616=,Jaye,1
616=,Jayjames,1
616=,Jayme,1
616=,Jaymes,1
616=,Jaymey,1
616=,Jayne,1
616=,Jeffrey,1
616=,Jegan,1
616=,Jem,1
616=,Jens,1
616=,Jensen,1
616=,Jesper,1
616=,Jesse,1
616=,Jethro,1
616=,Jetindra,1
616=,Jevin,1
616=,Jharone,1
616=,Jhuniad,1
616=,Jibran,1
616=,Jimmy,1
616=,Jo,1
616=,Joao,1
616=,Jodi,1
616=,Jodie,1
616=,Jody,1
616=,Joeseph,1
616=,Johannes,1
616=,John-Andrew,1
616=,John-Bruce,1
616=,John-Harris,1
616=,John-Joe,1
616=,John-Luke,1
616=,Johnathan-Charl,1
616=,Johnathen,1
616=,Johnie,1
616=,Johnnie,1
616=,Johnross,1
616=,Johnston,1
616=,Jon-Alan,1
616=,Jonas,1
616=,Joni,1
616=,Jonothan,1
616=,Jordanlee,1
616=,Jordy,1
616=,Jorge,1
616=,Jori,1
616=,Jos,1
616=,Josiah,1
616=,Jousef,1
616=,Jubayar,1
616=,Jura,1
616=,Jussi,1
616=,Kahtan,1
616=,Kaide,1
616=,Kain,1
616=,Kairin,1
616=,Kallen,1
616=,Kalon,1
616=,Kameron,1
616=,Kanan,1
616=,Kareem,1
616=,Karim,1
616=,Karndeep,1
616=,Kassam,1
616=,Katie,1
616=,Kayne,1
616=,Keefer,1
616=,Keegan,1
616=,Keerin,1
616=,Keifner,1
616=,Keilan,1
616=,Keiland,1
616=,Keiraan,1
616=,Keirain,1
616=,Keirin,1
616=,Keirynn,1
616=,Kejjar,1
616=,Keld,1
616=,Kelso,1
616=,Kelt,1
616=,Kemal,1
616=,Ken,1
616=,Kennor,1
616=,Kenolisa,1
616=,Kenta,1
616=,Kerein,1
616=,Kerim,1
616=,Kern,1
616=,Kerrick,1
616=,Keven,1
616=,Kevyn,1
616=,Khaleel,1
616=,Khalil,1
616=,Khurkh,1
616=,Kierein,1
616=,Kiern,1
616=,Kierran,1
616=,Kierron,1
616=,Kinan,1
616=,Kinnell,1
616=,Kinnison,1
616=,Kirsty,1
616=,Kjartan,1
616=,Kojo,1
616=,Konnor,1
616=,Korey,1
616=,Kori,1
616=,Korri,1
616=,Kostandinos,1
616=,Kourosh,1
616=,Kristjan,1
616=,Kristofor,1
616=,Kulraj,1
616=,Kulvinder,1
616=,Kum,1
616=,Kumron,1
616=,Kweku,1
616=,Kwok,1
616=,Kwun,1
616=,Kylle,1
616=,Kynan,1
616=,Lachlann,1
616=,Laikram,1
616=,Laing,1
616=,Laith,1
616=,Lareab,1
616=,Lars,1
616=,Larter,1
616=,Laura,1
616=,Lawrance,1
616=,Layton,1
616=,Lea,1
616=,Leigham,1
616=,Leighton,1
616=,Leith,1
616=,Lennier,1
616=,Leslaw,1
616=,Lewis-Scott,1
616=,Lian,1
616=,Linton,1
616=,Lisa,1
616=,Lochlann,1
616=,Loeis,1
616=,Logan-Craig,1
616=,Logen,1
616=,Lok,1
616=,Loris,1
616=,Lorn,1
616=,Louie,1
616=,Luca,1
616=,Luckveer,1
616=,Lynn,1
616=,Macalisdair,1
616=,Machiel,1
616=,Macinnes,1
616=,Mahmaud,1
616=,Mahmoud,1
616=,Mahmud,1
616=,Majed,1
616=,Makbool,1
616=,Malak,1
616=,Malinga,1
616=,Malkit,1
616=,Man,1
616=,Manbir,1
616=,Mandep,1
616=,Manolis,1
616=,Mansoor,1
616=,Manus,1
616=,Mario,1
616=,Marius,1
616=,Mark-Andrew,1
616=,Marshal,1
616=,Martainn,1
616=,Martin-James,1
616=,Massimo,1
616=,Matheau,1
616=,Matteo,1
616=,Maurice,1
616=,Maurie,1
616=,Mauro,1
616=,Maxim,1
616=,Maximilian,1
616=,Maxton,1
616=,Mcgregor,1
616=,Mclain,1
616=,Mcphail,1
616=,Md,1
616=,Mehboob,1
616=,Melvyn,1
616=,Menzies,1
616=,Mert,1
616=,Metehan,1
616=,Micheil,1
616=,Michele,1
616=,Miles,1
616=,Millar,1
616=,Milo,1
616=,Milton,1
616=,Mitch,1
616=,Moad,1
616=,Mohad,1
616=,Mohd,1
616=,Moninder,1
616=,Morrison,1
616=,Mosab,1
616=,Mossie,1
616=,Mousab,1
616=,Mozen,1
616=,Mufid,1
616=,Mukitur,1
616=,Mungo,1
616=,Muqaddas,1
616=,Murdoch,1
616=,Murphy,1
616=,Murrey,1
616=,Musaddiq,1
616=,Mustafa,1
616=,Muzamal,1
616=,Mykailo,1
616=,Mykel,1
616=,Myrane,1
616=,Nadav,1
616=,Naithan,1
616=,Najam,1
616=,Naman,1
616=,Nasar,1
616=,Naser,1
616=,Nasir,1
616=,Nasser,1
616=,Nassim,1
616=,Nathan-Daniel,1
616=,Nathanael,1
616=,Nathanial,1
616=,Nawar,1
616=,Nawaz,1
616=,Nayim,1
616=,Neeman,1
616=,Neiko,1
616=,Nelson,1
616=,Neshan,1
616=,Nial,1
616=,Nicholai,1
616=,Nick,1
616=,Nicola,1
616=,Nikeaton,1
616=,Niki,1
616=,Nikola,1
616=,Nikolaos,1
616=,Nikoly,1
616=,Niku,1
616=,Nils,1
616=,Nimrit,1
616=,Nisar,1
616=,Noel,1
616=,Noelen,1
616=,Norrie,1
616=,Numman,1
616=,Oatis,1
616=,Orrin,1
616=,Osama,1
616=,Osian,1
616=,Oskar,1
616=,Osker,1
616=,Osman,1
616=,Ottavio,1
616=,Otto,1
616=,Owain,1
616=,Palli,1
616=,Panashe,1
616=,Panduke,1
616=,Parkash,1
616=,Parupkar,1
616=,Patraig,1
616=,Patterson,1
616=,Paulwinder,1
616=,Peregrine,1
616=,Perrie,1
616=,Perry,1
616=,Peyman,1
616=,Pierce,1
616=,Piers,1
616=,Prashant,1
616=,Pryderi,1
616=,Pui,1
616=,Puvanroop,1
616=,Quaid,1
616=,Qurban,1
616=,Radleigh,1
616=,Rae,1
616=,Rael,1
616=,Raghav,1
616=,Raghnall,1
616=,Raheel,1
616=,Rahim,1
616=,Rahman,1
616=,Rainier,1
616=,Rajiv,1
616=,Rajvir,1
616=,Rameez,1
616=,Ramy,1
616=,Rana,1
616=,Ranald,1
616=,Randall,1
616=,Ranjeev,1
616=,Ranulph,1
616=,Raphael,1
616=,Rashad,1
616=,Rashed,1
616=,Rashid,1
616=,Raza,1
616=,Reave,1
616=,Redwan,1
616=,Rees,1
616=,Reese,1
616=,Reess,1
616=,Reggie,1
616=,Rehan,1
616=,Reis,1
616=,Reisse,1
616=,Remy,1
616=,Respati,1
616=,Rex,1
616=,Reyner,1
616=,Reza,1
616=,Rhan'aeroch,1
616=,Rheece,1
616=,Rhian,1
616=,Rhobbie,1
616=,Rhonan,1
616=,Rhuaridh,1
616=,Rhuary,1
616=,Richwinder,1
616=,Rickey,1
616=,Rickie,1
616=,Riley,1
616=,Rippu,1
616=,Rishpale,1
616=,Riyad,1
616=,Roan,1
616=,Robaidh,1
616=,Roben,1
616=,Robert-James,1
616=,Robert-John,1
616=,Robert-Ryan,1
616=,Roberts,1
616=,Roger,1
616=,Roland,1
616=,Roman,1
616=,Ronjon,1
616=,Roonie,1
616=,Rorie,1
616=,Rossano,1
616=,Rossco,1
616=,Rowan,1
616=,Rowen,1
616=,Royce,1
616=,Royston,1
616=,Ruaraidu,1
616=,Ruarri,1
616=,Rubeel,1
616=,Ry,1
616=,Ryan-Jon,1
616=,Ryhs,1
616=,Ryo,1
616=,Saad,1
616=,Saajan,1
616=,Sacha,1
616=,Sadeg,1
616=,Sadiq,1
616=,Sagar,1
616=,Sahil,1
616=,Saiem,1
616=,Saif,1
616=,Saifyaan,1
616=,Sajed,1
616=,Sajjad,1
616=,Saleh,1
616=,Salim,1
616=,Salvatore,1
616=,Samad,1
616=,Sameer,1
616=,Sami,1
616=,Samie,1
616=,Samm,1
616=,Samrat,1
616=,Samual,1
616=,Sandeep,1
616=,Sanjeev,1
616=,Saquib,1
616=,Sardar,1
616=,Satvinder,1
616=,Saud,1
616=,Sayeed,1
616=,Sayf,1
616=,Schon,1
616=,Scott-Daniel,1
616=,Seain,1
616=,Sean-Lee,1
616=,Sean-Paul,1
616=,Seann,1
616=,Seanpaul,1
616=,Selim,1
616=,Seoras,1
616=,Serag,1
616=,Sergio,1
616=,Serioja,1
616=,Seth,1
616=,Seumidh,1
616=,Seyed,1
616=,Shaan,1
616=,Shae,1
616=,Shafquat,1
616=,Shahab,1
616=,Shaiss,1
616=,Shakeeb,1
616=,Shaktiraj,1
616=,Shaman,1
616=,Shan,1
616=,Shaquille,1
616=,Shashwath,1
616=,Shau,1
616=,Shaun-Michael,1
616=,Shayn,1
616=,Sheikh,1
616=,Sherveen,1
616=,Shin,1
616=,Shinya,1
616=,Shiva,1
616=,Shivdev,1
616=,Shmonder,1
616=,Shonan,1
616=,Shou,1
616=,Shuhei,1
616=,Sigurd,1
616=,Simeon,1
616=,Siobhan,1
616=,Sira,1
616=,Siraj,1
616=,Slavko,1
616=,Smair,1
616=,Sofyan,1
616=,Sohab,1
616=,Sohibe,1
616=,Soloman,1
616=,Sonan,1
616=,Sorley,1
616=,Spike,1
616=,Srivikram,1
616=,Steafen,1
616=,Steff,1
616=,Steffen,1
616=,Stephan,1
616=,Stephane,1
616=,Stephanie,1
616=,Stirling,1
616=,Strachan,1
616=,Suchin,1
616=,Suhayl,1
616=,Suhib,1
616=,Sukhpal,1
616=,Suliman,1
616=,Sulman,1
616=,Sunder,1
616=,Suraj,1
616=,Sven,1
616=,Syandayl,1
616=,Sylvester,1
616=,T-Jay,1
616=,Taha,1
616=,Tahir,1
616=,Taimer,1
616=,Taimu,1
616=,Takashi,1
616=,Talal,1
616=,Taliesin,1
616=,Talwinder,1
616=,Tanya,1
616=,Tarek,1
616=,Tarik,1
616=,Tariq,1
616=,Tarus,1
616=,Taufique,1
616=,Tayler,1
616=,Tearlach,1
616=,Temel,1
616=,Temoho,1
616=,Terrence,1
616=,Terri,1
616=,Thain,1
616=,Theodore-Anthon,1
616=,Thiemo,1
616=,Thom,1
616=,Thomaslea,1
616=,Tien,1
616=,Tiernan,1
616=,Timote,1
616=,Tobyaus,1
616=,Toni,1
616=,Torin,1
616=,Torquil,1
616=,Travers,1
616=,Travis,1
616=,Traylan,1
616=,Trey,1
616=,Tyree,1
616=,Tze,1
616=,Uisdean,1
616=,Umair,1
616=,Uneeb,1
616=,Uzmaan,1
616=,Vaios,1
616=,Vakass,1
616=,Valentino,1
616=,Vance,1
616=,Vasco,1
616=,Verinder,1
616=,Vikram,1
616=,Vishnu,1
616=,Vitor,1
616=,Wah,1
616=,Wai,1
616=,Wajid,1
616=,Waqar,1
616=,Waseem,1
616=,Wasim,1
616=,Willem,1
616=,Willie,1
616=,Win,1
616=,Winson,1
616=,Xavier,1
616=,Yacine,1
616=,Yadhvinder,1
616=,Yahya,1
616=,Yan,1
616=,Yaojie,1
616=,Yariv,1
616=,Yaseen,1
616=,Yasha,1
616=,Yasser,1
616=,Yassin,1
616=,Yee,1
616=,Yehudah,1
616=,Ying,1
616=,Yohan,1
616=,Yoseph,1
616=,Yousef,1
616=,Yu,1
616=,Yu-Chieh,1
616=,Yuan-Shie,1
616=,Yusif,1
616=,Yusuf,1
616=,Yut,1
616=,Yutsil,1
616=,Yves,1
616=,Yvo,1
616=,Zacare,1
616=,Zachariah,1
616=,Zackary,1
616=,Zaheem,1
616=,Zahid,1
616=,Zai,1
616=,Zakary,1
616=,Zakk,1
616=,Zarak,1
616=,Zaran,1
616=,Zawarzar,1
616=,Zayshaan,1
616=,Zeeshan,1
616=,Zein,1
616=,Zenn,1
616=,Zeth,1
616=,Zishan,1
616=,Zlato-Bobi,1
616=,Zoheb,1
616=,Zonash,1
616=,Zubar,1
,,
,,
,,
,,
,,
,,
,,
,,
,,
,,
,,
,,
,,
,,
,,
,,
,,
,,
,,
,,
,,
,,
,,
,,
,,
,,
,,
,,
,,
,,
,,
,,
,,
,,
,,
,,
,,
,,
,,
,,
,,
,,
,,
,,
,,
,,
,,
,,
,,
,,
,,
,,
,,
,,
,,
,,
,,
,,
,,
,,
,,
,,
,,
,,
,,
,,
,,
,,
,,
,,
,,
,,
,,
,,
,,
,,
,,
,,
,,
,,
,,
,,
,,
,,
,,
,,
,,
,,
,,
,,
,,
,,
,,
,,
,,
,,
,,
,,
,,
,,
,,
,,
,,
,,
,,
,,
,,
,,
,,
,,
,,
,,
,,
,,
,,
,,
,,
,,
,,
,,
,,
,,
,,
,,
,,
,,
,,
,,
,,
,,
,,
,,
,,
,,
,,
,,
,,
,,
,,
,,
,,
,,
,,
,,
,,
,,
,,
,,
,,
,,
,,
,,
,,
,,
,,
,,
,,
,,
,,
,,
,,
,,
,,
,,
,,
,,
,,
,,
,,
,,
,,
,,
,,
,,
,,
,,
,,
,,
,,
,,
,,
,,
,,
,,
,,
,,
,,
,,
,,
,,
,,
,,
,,
,,
,,
,,
,,
,,
,,
,,
,,
,,
,,
,,
,,
,,
,,
,,
,,
,,
,,
,,
,,
,,
,,
,,
,,
,,
,,
,,
,,
,,
,,
,,
,,
,,
,,
,,
,,
,,
,,
,,
,,
,,
,,
,,
,,
,,
,,
,,
,,
,,
,,
,,
,,
,,
,,
,,
,,
,,
,,
,,
,,
,,
,,
,,
,,
,,
,,
,,
,,
,,
,,
,,
,,
,,
,,
,,
,,
,,
,,
,,
,,
,,
,,
,,
,,
,,
,,
,,
,,
,,
,,
,,
,,
,,
,,
,,
,,
,,
,,
,,
,,
,,
,,
,,
,,
,,
,,
,,
,,
,,
,,
,,
,,
,,
,,
,,
,,
,,
,,
,,
,,
,,
,,
,,
,,
,,
,,
,,
,,
,,
,,
,,
,,
,,
,,
,,
,,
,,
,,
,,
,,
,,
,,
,,
,,
,,
,,
,,
,,
,,
,,
,,
,,
,,
,,
,,
,,
,,
,,
,,
,,
,,
,,
,,
,,
,,
,,
,,
,,
,,
,,
,,
,,
,,
,,
,,
,,
,,
,,
,,
,,
,,
,,
,,
,,
,,
,,
,,
,,
,,
,,
,,
,,
,,
,,
,,
,,
,,
,,
,,
,,
,,
,,
,,
,,
,,
,,
,,
,,
,,
,,
,,
,,
,,
,,
,,
,,
,,
,,
,,
,,
,,
,,
,,
,,
,,
,,
,,
,,
,,
,,
,,
,,
,,
,,
,,
,,
,,
,,
,,
,,
,,
,,
,,
,,
,,
,,
,,
,,
,,
,,
,,
,,
,,
,,
,,
,,
,,
,,
,,
,,
,,
,,
,,
,,
,,
,,
,,
,,
,,
,,
,,
,,
,,
,,
,,
,,
,,
,,
,,
,,
,,
,,
,,
,,
,,
,,
,,
,,
,,
,,
,,
,,
,,
,,
,,
,,
,,
,,
,,
,,
,,
,,
,,
,,
,,
,,
,,
,,
,,
,,
,,
,,
,,
,,
,,
,,
,,
,,
,,
,,
,,
,,
,,
,,
,,
,,
,,
,,
,,
,,
,,
,,
,,
,,
,,
,,
,,
,,
,,
,,
,,
,,
,,
,,
,,
,,
,,
,,
,,
,,
,,
,,
,,
,,
,,
,,
,,
,,
,,
,,
,,
,,
,,
,,
,,
,,
,,
,,
,,
,,
,,
,,
,,
,,
,,
,,
,,
,,
,,
,,
,,
,,
,,
,,
,,
,,
,,
,,
,,
,,
,,
,,
,,
,,
,,
,,
,,
,,
,,
,,
,,
,,
,,
,,
,,
,,
,,
,,
,,
,,
,,
,,
,,
,,
,,
,,
,,
,,
,,
,,
,,
,,
,,
,,
,,
,,
,,
,,
,,
,,
,,
,,
,,
,,
,,
,,
,,
,,
,,
,,
,,
,,
,,
,,
,,
,,
,,
,,
,,
,,
,,
,,
,,
,,
,,
,,
,,
,,
,,
,,
,,
,,
,,
,,
,,
,,
,,
,,
,,
,,
,,
,,
,,
,,
,,
,,
,,
,,
,,
,,
,,
,,
,,
,,
,,
,,
,,
,,
,,
,,
,,
,,
,,
,,
,,
,,
,,
,,
,,
,,
,,
,,
,,
,,
,,
,,
,,
,,
,,
,,
,,
,,
,,
,,
,,
,,
,,
,,
,,
,,
,,
,,
,,
,,
,,
,,
,,
,,
,,
,,
,,
,,
,,
,,
,,
,,
,,
,,
,,
,,
,,
,,
,,
,,
,,
,,
,,
,,
,,
,,
,,
,,
,,
,,
,,
,,
,,
,,
,,
,,
,,
,,
,,
,,
,,
,,
,,
,,
,,
,,
,,
,,
,,
,,
,,
,,
,,
,,
,,
,,
,,
,,
,,
,,
,,
,,
,,
,,
,,
,,
,,
,,
,,
,,
,,
,,
,,
,,
,,
,,
,,
,,
,,
,,
,,
,,
,,
,,
,,
,,
,,
,,
,,
,,
,,
,,
,,
,,
,,
,,
,,
,,
,,
,,
,,
,,
,,
,,
,,
,,
,,
,,
,,
,,
,,
,,
,,
,,
,,
,,
,,
,,
,,
,,
,,
,,
,,
,,
,,
,,
,,
,,
,,
,,
,,
,,
,,
,,
,,
,,
,,
,,
,,
,,
,,
,,
,,
,,
,,
,,
,,
,,
,,
,,
,,
,,
,,
,,
,,
,,
,,
,,
,,
,,
,,
,,
,,
,,
,,
,,
,,
,,
,,
,,
,,
,,
,,
,,
,,
,,
,,
,,
,,
,,
,,
,,
,,
,,
,,
,,
,,
,,
,,
,,
,,
,,
,,
,,
,,
,,
,,
,,
,,
,,
,,
,,
,,
,,
,,
,,
,,
,,
,,
,,
,,
,,
,,
,,
,,
,,
,,
,,
,,
,,
,,
,,
,,
,,
,,
,,
,,
,,
,,
,,
,,
,,
,,
,,
,,
,,
,,
,,
,,
,,
,,
,,
,,
,,
,,
,,
,,
,,
,,
,,
,,
,,
,,
,,
,,
,,
,,
,,
,,
,,
,,
,,
,,
,,
,,
,,
,,
,,
,,
,,
,,
,,
,,
,,
,,
,,
,,
,,
,,
,,
,,
,,
,,
,,
,,
,,
,,
,,
,,
,,
,,
,,
,,
,,
,,
,,
,,
,,
,,
,,
,,
,,
,,
,,
,,
,,
,,
,,
,,
,,
,,
,,
,,
,,
,,
,,
,,
,,
,,
,,
,,
,,
,,
,,
,,
,,
,,
,,
,,
,,
,,
,,
,,
,,
,,
,,
,,
,,
,,
,,
,,
,,
,,
,,
,,
,,
,,
,,
,,
,,
,,
,,
,,
,,
,,
,,
,,
,,
,,
,,
,,
,,
,,
,,
,,
,,
,,
,,
,,
,,
,,
,,
,,
,,
,,
,,
,,
,,
,,
,,
,,
,,
,,
,,
,,
,,
,,
,,
,,
,,
,,
,,
,,
,,
,,
,,
,,
,,
,,
,,
,,
,,
,,
,,
,,
,,
,,
,,
,,
,,
,,
,,
,,
,,
,,
,,
,,
,,
,,
,,
,,
,,
,,
,,
,,
,,
,,
,,
,,
,,
,,
,,
,,
,,
,,
,,
,,
,,
,,
,,
,,
,,
,,
,,
,,
,,
,,
,,
,,
,,
,,
,,
,,
,,
,,
,,
,,
,,
,,
,,
,,
,,
,,
,,
,,
,,
,,
,,
,,
,,
,,
,,
,,
,,
,,
,,
,,
,,
,,
,,
,,
,,
,,
,,
,,
,,
,,
,,
,,
,,
,,
,,
,,
,,
,,
,,
,,
,,
,,
,,
,,
,,
,,
,,
© Crown Copyright 2015,,
