Position,Name,Number of babies
1,Ryan,1098
2,Andrew,913
3,Scott,817
4,David,768
5,Michael,694
6,James,687
7,Jordan,652
8,Christopher,646
9,Ross,634
10,Craig,615
11,Daniel,598
12,Jack,528
13,John,512
14,Mark,484
15,Connor,479
16,Jamie,477
17,Liam,452
18,Sean,427
19,Lewis,426
20,Matthew,414
21,Callum,413
22,Cameron,404
23,Steven,389
24,Kieran,374
25,Thomas,373
26,Robert,371
27,Stuart,352
28,Calum,335
29,Darren,327
30,Stephen,325
31,Paul,316
32,Adam,291
33,Kyle,286
34,Fraser,285
35=,Alexander,280
35=,William,280
37,Dean,264
38,Lee,260
39,Jonathan,248
40,Gary,239
41,Martin,222
42,Shaun,212
43,Dylan,205
44,Dale,203
45,Grant,198
46,Kevin,194
47,Conor,181
48=,Aaron,166
48=,Declan,166
50,Peter,165
51,Joseph,159
52,Euan,154
53=,Marc,144
53=,Robbie,144
55,Alan,143
56,Jason,140
57,Blair,136
58,Sam,135
59=,Gavin,134
59=,Luke,134
61,Joshua,131
62,Nathan,128
63,Iain,124
64,Samuel,122
65,Greg,121
66,Anthony,116
67,Neil,114
68,Douglas,112
69,Nicholas,111
70,Stewart,110
71,Alistair,109
72,Colin,106
73,Duncan,99
74,Graeme,97
75=,Aidan,96
75=,Benjamin,96
77,Rory,95
78,Josh,92
79,Alasdair,88
80,Reece,87
81=,Jake,86
81=,Richard,86
83=,Gordon,85
83=,Ian,85
83=,Rhys,85
86,Ben,84
87=,Ewan,83
87=,Gregor,83
87=,Patrick,83
90,Graham,82
91,Brian,79
92,George,75
93,Charles,73
94,Allan,71
95,Kenneth,68
96,Angus,67
97,Alastair,65
98,Keiran,60
99,Murray,58
100,Niall,55
101=,Ciaran,54
101=,Owen,54
103=,Bradley,51
103=,Derek,51
105,Daryl,50
106=,Dominic,49
106=,Gareth,49
108=,Harry,48
108=,Taylor,48
110=,Donald,47
110=,Mohammed,47
112=,Edward,46
112=,Oliver,46
114,Bryan,44
115=,Bruce,43
115=,Jay,43
117,Marcus,42
118=,Elliot,41
118=,Ruairidh,41
118=,Simon,41
121=,Greig,40
121=,Philip,40
123=,Barry,39
123=,Corey,39
123=,Finlay,39
126=,Arran,38
126=,Brandon,38
128=,Glen,36
128=,Martyn,36
128=,Shane,36
131=,Frazer,35
131=,Joe,35
133,Garry,33
134=,Aiden,32
134=,Jacob,32
134=,Louis,32
134=,Stefan,32
138,Jonathon,31
139,Max,30
140=,Keith,29
140=,Tom,29
142=,Conner,28
142=,Drew,28
144,Mathew,27
145=,Brendan,26
145=,Calvin,26
145=,Hamish,26
145=,Hugh,26
145=,Kerr,26
145=,Russell,26
151=,Fergus,25
151=,Gerard,25
153,Mohammad,24
154=,Antony,23
154=,Campbell,23
154=,Lawrence,23
154=,Malcolm,23
154=,Ruaridh,23
159=,Darryl,22
159=,Dillon,22
159=,Struan,22
162=,Evan,21
162=,Jed,21
162=,Jon,21
162=,Robin,21
166=,Alex,20
166=,Danny,20
166=,Kris,20
166=,Kristopher,20
166=,Raymond,20
166=,Tony,20
172=,Brett,19
172=,Justin,19
172=,Muhammad,19
172=,Ronan,19
176=,Arron,18
176=,Billy,18
176=,Brodie,18
176=,Harris,18
176=,Lyle,18
181=,Dayle,17
181=,Francis,17
181=,Keir,17
184=,Damien,16
184=,Ethan,16
184=,Joel,16
184=,Jordon,16
184=,Kane,16
184=,Mitchell,16
184=,Timothy,16
191=,Eoin,15
191=,Gregory,15
191=,Kieron,15
191=,Zachary,15
195=,Ewen,14
195=,Henry,14
195=,Logan,14
195=,Marco,14
199=,Elliott,13
199=,Glenn,13
199=,Lloyd,13
199=,Tyler,13
203=,Corrie,12
203=,Findlay,12
203=,Johnathan,12
203=,Kristofer,12
203=,Leigh,12
203=,Magnus,12
203=,Terry,12
210=,Abdul,11
210=,Adrian,11
210=,Ashley,11
210=,Charlie,11
210=,Cory,11
210=,Hayden,11
210=,Innes,11
210=,Maxwell,11
210=,Omar,11
210=,Ricky,11
210=,Ronald,11
210=,Roy,11
222=,Ali,10
222=,Carl,10
222=,Curtis,10
222=,Ramsay,10
226=,Brad,9
226=,Frank,9
226=,Guy,9
226=,Keiron,9
226=,Kieren,9
226=,Nicky,9
226=,Phillip,9
226=,Roderick,9
226=,Sebastian,9
235=,Alisdair,8
235=,Alister,8
235=,Bernard,8
235=,Christian,8
235=,Darrell,8
235=,Dennis,8
235=,Isaac,8
235=,Jackson,8
235=,Nico,8
235=,Nicol,8
245=,Cal,7
245=,Callan,7
245=,Chris,7
245=,Corin,7
245=,Damian,7
245=,Damon,7
245=,Daryn,7
245=,Eddie,7
245=,Ellis,7
245=,Haris,7
245=,Harrison,7
245=,Haydn,7
245=,Joss,7
245=,Kenny,7
245=,Laurence,7
245=,Levi,7
245=,Nathaniel,7
245=,Neal,7
245=,Oscar,7
245=,Ritchie,7
245=,Rowan,7
245=,Saif,7
245=,Sandy,7
245=,Terence,7
245=,Theo,7
245=,Tristan,7
245=,Umar,7
245=,Zain,7
245=,Zak,7
274=,Adil,6
274=,Ahmed,6
274=,Antonio,6
274=,Austin,6
274=,Benedict,6
274=,Benn,6
274=,Blake,6
274=,Connaire,6
274=,Crawford,6
274=,Finn,6
274=,Gerald,6
274=,Hamza,6
274=,Haroon,6
274=,Hassan,6
274=,Johnathon,6
274=,Karl,6
274=,Kierran,6
274=,Lachlan,6
274=,Laurie,6
274=,Leon,6
274=,Lucas,6
274=,Mason,6
274=,Nicolas,6
274=,Scot,6
274=,Toby,6
299=,Alec,5
299=,Anton,5
299=,Cailean,5
299=,Caleb,5
299=,Chay,5
299=,Christy,5
299=,Cole,5
299=,Daryll,5
299=,Deane,5
299=,Derrick,5
299=,Frederick,5
299=,Gabriel,5
299=,Gregg,5
299=,Jared,5
299=,Jeff,5
299=,Junaid,5
299=,Kelvin,5
299=,Kristian,5
299=,Kristoffer,5
299=,Kurt,5
299=,Lawrie,5
299=,Murdo,5
299=,Ruaidhri,5
299=,Ruaraidh,5
299=,Syed,5
299=,Wayne,5
325=,Aamir,4
325=,Aarron,4
325=,Adnan,4
325=,Amir,4
325=,Aron,4
325=,Asif,4
325=,Ayden,4
325=,Boyd,4
325=,Cian,4
325=,Clark,4
325=,Conal,4
325=,Conall,4
325=,Conar,4
325=,Dane,4
325=,Dario,4
325=,Declyn,4
325=,Dillan,4
325=,Dion,4
325=,Donnie,4
325=,Edwin,4
325=,Eric,4
325=,Faisal,4
325=,Harley,4
325=,Harvey,4
325=,Hugo,4
325=,Imran,4
325=,Jaimie,4
325=,Keiren,4
325=,Lyall,4
325=,Mackenzie,4
325=,Miles,4
325=,Morgan,4
325=,Neill,4
325=,Nikki,4
325=,Qasim,4
325=,Rian,4
325=,Ronnie,4
325=,Ruari,4
325=,Samir,4
325=,Sammy,4
325=,Seamus,4
325=,Shannon,4
325=,Shawn,4
325=,Todd,4
325=,Tomas,4
325=,Usman,4
325=,Vincent,4
325=,Wallace,4
325=,Warren,4
325=,Zach,4
375=,Aaran,3
375=,Ahmad,3
375=,Alessandro,3
375=,Alexandros,3
375=,Ally,3
375=,Aodhan,3
375=,Archibald,3
375=,Barrie,3
375=,Blayne,3
375=,Bobby,3
375=,Chad,3
375=,Christie,3
375=,Chun,3
375=,Cieran,3
375=,Connel,3
375=,Connell,3
375=,Conrad,3
375=,Courtney,3
375=,Darius,3
375=,Darran,3
375=,Denver,3
375=,Dyllan,3
375=,Dylon,3
375=,Eamon,3
375=,Eamonn,3
375=,Gianluca,3
375=,Gurpreet,3
375=,Hasan,3
375=,Ieuan,3
375=,Irfan,3
375=,Ivan,3
375=,Jaymie,3
375=,Jayson,3
375=,Jeffrey,3
375=,Jeremy,3
375=,Jethro,3
375=,John-Paul,3
375=,Johnny,3
375=,Jordin,3
375=,Josef,3
375=,Julian,3
375=,Jun,3
375=,Kai,3
375=,Kamran,3
375=,Kier,3
375=,Kirk,3
375=,Kishan,3
375=,Kurtis,3
375=,Kyran,3
375=,Leighton,3
375=,Lindsay,3
375=,Lorne,3
375=,Louie,3
375=,Luis,3
375=,Marcos,3
375=,Marti,3
375=,Muir,3
375=,Myles,3
375=,Neale,3
375=,Paolo,3
375=,Pierce,3
375=,Pierre,3
375=,Ranald,3
375=,Riccardo,3
375=,Richie,3
375=,Rikki,3
375=,Rudi,3
375=,Rupert,3
375=,Seoras,3
375=,Seumas,3
375=,Sohail,3
375=,Spencer,3
375=,Steffan,3
375=,Stephan,3
375=,Stevie,3
375=,Tommy,3
375=,Trevor,3
375=,Walter,3
375=,Waqar,3
375=,Waqas,3
375=,Wesley,3
375=,Zac,3
375=,Zackary,3
375=,Zohaib,3
459=,Aadam,2
459=,Aadil,2
459=,Abdel,2
459=,Abdullah,2
459=,Abid,2
459=,Adeeb,2
459=,Adeel,2
459=,Aden,2
459=,Aeron,2
459=,Ahsan,2
459=,Akash,2
459=,Aleksander,2
459=,Allen,2
459=,Allister,2
459=,Alvin,2
459=,Aman,2
459=,Amer,2
459=,Amit,2
459=,Ammar,2
459=,Amritpal,2
459=,Andrea,2
459=,Andy,2
459=,Anees,2
459=,Antoni,2
459=,Aonghas,2
459=,Arjun,2
459=,Arthur,2
459=,Asim,2
459=,Azeem,2
459=,Baljit,2
459=,Barnaby,2
459=,Basil,2
459=,Brady,2
459=,Bryce,2
459=,Brydon,2
459=,Byron,2
459=,Cain,2
459=,Cairan,2
459=,Carson,2
459=,Casey,2
459=,Cem,2
459=,Chi,2
459=,Cody,2
459=,Colm,2
459=,Connal,2
459=,Cormac,2
459=,Correy,2
459=,D'arcy,2
459=,Dameon,2
459=,Damion,2
459=,Dani,2
459=,Danilo,2
459=,Daniyal,2
459=,Danyal,2
459=,Daren,2
459=,Dechlan,2
459=,Deklan,2
459=,Deklyn,2
459=,Derri,2
459=,Derry,2
459=,Desmond,2
459=,Devlin,2
459=,Dimitri,2
459=,Eliot,2
459=,Emilio,2
459=,Eoghan,2
459=,Erik,2
459=,Ernest,2
459=,Fabian,2
459=,Farhan,2
459=,Finley,2
459=,Galen,2
459=,Garth,2
459=,Geoff,2
459=,Geoffrey,2
459=,Geordie,2
459=,Gerry,2
459=,Gino,2
459=,Giovanni,2
459=,Haaris,2
459=,Haider,2
459=,Harald,2
459=,Harpreet,2
459=,Hector,2
459=,Ibrahim,2
459=,Idrees,2
459=,Ilyaas,2
459=,Innis,2
459=,Ioannis,2
459=,Jae,2
459=,Jamie-Lee,2
459=,Jarred,2
459=,Jaskaran,2
459=,Jasper,2
459=,Jay-Thomas,2
459=,Jaye,2
459=,Jimi,2
459=,John-Ross,2
459=,Johnnie,2
459=,Jordyn,2
459=,Josiah,2
459=,Jozef,2
459=,Junior,2
459=,Justyn,2
459=,Ka,2
459=,Kal,2
459=,Kallum,2
459=,Karim,2
459=,Kealan,2
459=,Keelan,2
459=,Keenan,2
459=,Ker,2
459=,Kerin,2
459=,Khalid,2
459=,Kierin,2
459=,Kiran,2
459=,Kriss,2
459=,Leigham,2
459=,Leo,2
459=,Leyton,2
459=,Lorenzo,2
459=,Lori,2
459=,Luc,2
459=,Luca,2
459=,Luthais,2
459=,Mac,2
459=,Man,2
459=,Markus,2
459=,Marshall,2
459=,Massimo,2
459=,Mathias,2
459=,Matthias,2
459=,Maximillian,2
459=,Michele,2
459=,Miguel,2
459=,Mohamed,2
459=,Mohd,2
459=,Muhammed,2
459=,Mustafa,2
459=,Nadeem,2
459=,Nairn,2
459=,Nathanial,2
459=,Nigel,2
459=,Norman,2
459=,Nyall,2
459=,Osamah,2
459=,Owain,2
459=,Ralph,2
459=,Ray,2
459=,Raza,2
459=,Reginald,2
459=,Rhuary,2
459=,Ricki,2
459=,Riley,2
459=,Roan,2
459=,Robb,2
459=,Robbi,2
459=,Robby,2
459=,Robert-James,2
459=,Roddy,2
459=,Rogan,2
459=,Ruairi,2
459=,Russel,2
459=,Ryhs,2
459=,Saeed,2
459=,Saleem,2
459=,Sami,2
459=,Sammi,2
459=,Santino,2
459=,Sarah-Jane,2
459=,Sasha,2
459=,Saul,2
459=,Shahbaz,2
459=,Shaune,2
459=,Sion,2
459=,Steve,2
459=,Stirling,2
459=,Tahir,2
459=,Tariq,2
459=,Terrence,2
459=,Tim,2
459=,Travis,2
459=,Tyrone,2
459=,Uisdean,2
459=,Victor,2
459=,Wing,2
459=,Xavier,2
459=,Zaid,2
459=,Zakaria,2
459=,Zakary,2
459=,Zayyan,2
459=,Zen,2
459=,Zishan,2
652=,Aalim,1
652=,Aaman,1
652=,Aarun,1
652=,Abbaas,1
652=,Abdallah,1
652=,Abdeldjalil,1
652=,Abdol,1
652=,Abdolrazak,1
652=,Abdul-Kareem,1
652=,Abdul-Rehman,1
652=,Abdulazeam,1
652=,Abdulaziz,1
652=,Abdulbadeea,1
652=,Abdulhamed,1
652=,Abdulhameed,1
652=,Abdulkarim,1
652=,Abdulmohsin,1
652=,Abdulrahman,1
652=,Abdulsamih,1
652=,Abdur,1
652=,Abhinandan,1
652=,Abraham,1
652=,Adem,1
652=,Adnaan,1
652=,Adnann,1
652=,Adolfo,1
652=,Adum,1
652=,Aedan,1
652=,Aftab,1
652=,Agostino,1
652=,Ahamer,1
652=,Ahmet,1
652=,Aidyn,1
652=,Ailean,1
652=,Aimen,1
652=,Ajay,1
652=,Ajhod,1
652=,Akbar,1
652=,Akif,1
652=,Akshay,1
652=,Alaa,1
652=,Alaeddeen,1
652=,Alejandro,1
652=,Alessio,1
652=,Alexandar,1
652=,Alexander-Josep,1
652=,Alexis,1
652=,Alfred,1
652=,Alfredo,1
652=,Ali-Milad,1
652=,Alick,1
652=,Alisha,1
652=,Allah-Rukha,1
652=,Allistair,1
652=,Allyn,1
652=,Almir,1
652=,Aly,1
652=,Alyn,1
652=,Alyx,1
652=,Alzahir,1
652=,Amal,1
652=,Amandeep,1
652=,Amar,1
652=,Amber,1
652=,Ameen,1
652=,Ameer-Khan,1
652=,Amendeep,1
652=,Amier,1
652=,Amr,1
652=,Amran,1
652=,Amrit,1
652=,Amritanshu,1
652=,Amun,1
652=,Amy,1
652=,Anas,1
652=,Anddy,1
652=,Andre,1
652=,Andreas,1
652=,Andrej,1
652=,Andres,1
652=,Angelo,1
652=,Anis,1
652=,Antoin,1
652=,Aodan,1
652=,Aqeeb,1
652=,Aqeel,1
652=,Aqib,1
652=,Arainn,1
652=,Aravindaraghava,1
652=,Archie,1
652=,Ardalan,1
652=,Areeb,1
652=,Argyle,1
652=,Arif,1
652=,Arkan,1
652=,Arne,1
652=,Arran-Craig,1
652=,Arun,1
652=,Asgar,1
652=,Ashcon,1
652=,Ashir,1
652=,Ashton,1
652=,Assad,1
652=,Asyhrafuddin,1
652=,Ateeq,1
652=,Atholl,1
652=,Atif,1
652=,Atta,1
652=,Austen,1
652=,Austinlee,1
652=,Aya,1
652=,Aydan,1
652=,Aydin,1
652=,Ayoub,1
652=,Ayrton,1
652=,Azaad,1
652=,Azar,1
652=,Azhar,1
652=,Azzam,1
652=,Baha,1
652=,Bahoo,1
652=,Bahre,1
652=,Baillie,1
652=,Bas,1
652=,Baxter,1
652=,Beinn,1
652=,Benaries,1
652=,Benedic,1
652=,Besah,1
652=,Bheinn,1
652=,Bilal,1
652=,Billi,1
652=,Billie,1
652=,Billy-James,1
652=,Blade,1
652=,Blain,1
652=,Blane,1
652=,Blare,1
652=,Blue,1
652=,Blythe,1
652=,Bobbi,1
652=,Bodhi,1
652=,Bonnar,1
652=,Boston,1
652=,Braden,1
652=,Bradey,1
652=,Bradlee,1
652=,Braidy,1
652=,Branko,1
652=,Brendon,1
652=,Brent,1
652=,Breon,1
652=,Bret,1
652=,Briar,1
652=,Brogan,1
652=,Broghin,1
652=,Brook,1
652=,Bror,1
652=,Bruck,1
652=,Bryden,1
652=,Brydone,1
652=,Bryer,1
652=,Bryn,1
652=,Cadriann,1
652=,Caelin,1
652=,Cailin,1
652=,Cainan,1
652=,Cairn,1
652=,Cairns,1
652=,Calam,1
652=,Calan,1
652=,Calanach,1
652=,Calder,1
652=,Calen,1
652=,Calumn,1
652=,Calvyn,1
652=,Caolan,1
652=,Carlo,1
652=,Carmichael,1
652=,Carney,1
652=,Cary,1
652=,Caspar,1
652=,Cathal,1
652=,Ceidiog,1
652=,Chadarran,1
652=,Chaim,1
652=,Charley,1
652=,Chelsea,1
652=,Chen,1
652=,Chez,1
652=,Ching,1
652=,Chiron,1
652=,Choudhry,1
652=,Chu,1
652=,Chung,1
652=,Ciar'an,1
652=,Claran,1
652=,Clarke,1
652=,Clayne,1
652=,Clayton,1
652=,Clement,1
652=,Clive,1
652=,Cnochur,1
652=,Coinneach,1
652=,Collwyn,1
652=,Colton,1
652=,Colum,1
652=,Comhnall,1
652=,Coner,1
652=,Conhor,1
652=,Conna,1
652=,Connall,1
652=,Connan,1
652=,Connar,1
652=,Connon,1
652=,Connor-Lee,1
652=,Conor-Jamie,1
652=,Conran,1
652=,Cori,1
652=,Cornelius,1
652=,Corri,1
652=,Corrin,1
652=,Corry,1
652=,Cosmo,1
652=,Craigh,1
652=,Creag,1
652=,Cresswell,1
652=,Crispin,1
652=,Csanad,1
652=,Cullen,1
652=,Culzean,1
652=,Cy,1
652=,Cynan,1
652=,Daibidh,1
652=,Dain,1
652=,Dan,1
652=,Danaan,1
652=,Danaidh,1
652=,Danayal,1
652=,Daneel,1
652=,Daniell,1
652=,Danielle,1
652=,Danne,1
652=,Danni,1
652=,Dannie,1
652=,Dara,1
652=,Darcie,1
652=,Darien,1
652=,Dariusz,1
652=,Daroll,1
652=,Darroch,1
652=,Darron,1
652=,Darryll,1
652=,Darryn,1
652=,Davie,1
652=,Davoud,1
652=,Dayl,1
652=,Daylan,1
652=,Daylen,1
652=,Deacon,1
652=,Decklan,1
652=,Declin,1
652=,Deepak,1
652=,Deepinder,1
652=,Deha,1
652=,Deihtriece,1
652=,Dein,1
652=,Delali,1
652=,Delroy,1
652=,Demi-Jo,1
652=,Dene,1
652=,Denis,1
652=,Denny,1
652=,Denzel,1
652=,Dermot,1
652=,Derri-Jason,1
652=,Derryjames,1
652=,Derryn,1
652=,Deryck,1
652=,Devin,1
652=,Devindar,1
652=,Devon,1
652=,Dewar,1
652=,Dhananjay,1
652=,Diarmid,1
652=,Diderik,1
652=,Dieter,1
652=,Dilip,1
652=,Diljit,1
652=,Dillin,1
652=,Dillion,1
652=,Dilraaj,1
652=,Dimitris,1
652=,Dinos,1
652=,Djamel,1
652=,Dmitri,1
652=,Domenic,1
652=,Domhnall,1
652=,Dominick,1
652=,Don,1
652=,Donal,1
652=,Donavan,1
652=,Donnchadh,1
652=,Donovan,1
652=,Dor,1
652=,Doran,1
652=,Dougie,1
652=,Drey,1
652=,Duke,1
652=,Dwayne,1
652=,Eachan,1
652=,Eadan,1
652=,Eann,1
652=,Edouard,1
652=,Ehsaan,1
652=,Ehsin,1
652=,Eigo,1
652=,Eion,1
652=,Eithan,1
652=,Ejaz,1
652=,El-Hussein,1
652=,Elijah,1
652=,Eliott,1
652=,Emerson,1
652=,Emhemed,1
652=,Emille,1
652=,Engku,1
652=,Enrico,1
652=,Enrique,1
652=,Eric-John,1
652=,Erland,1
652=,Erlend,1
652=,Eughan,1
652=,Eunis,1
652=,Ewing,1
652=,Ezra,1
652=,Faasle,1
652=,Fabio,1
652=,Fahad,1
652=,Faheem,1
652=,Fahim,1
652=,Fahrhed,1
652=,Faizaan,1
652=,Faizan,1
652=,Faizul,1
652=,Faraaz,1
652=,Faraz,1
652=,Faris,1
652=,Faroz,1
652=,Farquhar,1
652=,Farris,1
652=,Fayzan,1
652=,Feargal,1
652=,Feargus,1
652=,Felix,1
652=,Fenton,1
652=,Fenwick,1
652=,Fillan,1
652=,Findley,1
652=,Fion,1
652=,Fionnlagh,1
652=,Flavio,1
652=,Florian,1
652=,Flynn,1
652=,Forbes,1
652=,Forrest,1
652=,Franco,1
652=,Francois,1
652=,Frankie,1
652=,Franklin,1
652=,Franky,1
652=,Fred,1
652=,Freddie,1
652=,Freddy,1
652=,Fredrik,1
652=,Furkan,1
652=,Furqan,1
652=,Ga-Keen,1
652=,Gage,1
652=,Gagondeep,1
652=,Gavan,1
652=,Gavyn,1
652=,Gennaro,1
652=,Geordan,1
652=,Georden,1
652=,Georgeos,1
652=,Geraint,1
652=,Gia-Hou,1
652=,Gian-Carlo,1
652=,Giancarlo,1
652=,Gianni,1
652=,Giles,1
652=,Giulio,1
652=,Giuseppe,1
652=,Giustino,1
652=,Gorvinder,1
652=,Grady,1
652=,Grahame,1
652=,Grieg,1
652=,Grigor,1
652=,Grymmsdyke,1
652=,Guillaume,1
652=,Gurcharn,1
652=,Gurjeet,1
652=,Gursamson,1
652=,Gurveer,1
652=,Gustavo,1
652=,Habeeb-U-Rehman,1
652=,Haig,1
652=,Hakim,1
652=,Hal,1
652=,Haldane,1
652=,Halil,1
652=,Hamad,1
652=,Hammam,1
652=,Hamzah,1
652=,Hanahn,1
652=,Hani,1
652=,Hanif,1
652=,Harinder,1
652=,Harith,1
652=,Harold,1
652=,Haroun,1
652=,Haseeb,1
652=,Hashim,1
652=,Hatley,1
652=,Haydin,1
652=,Hazim,1
652=,Hazique,1
652=,Hazwan,1
652=,He,1
652=,Heath,1
652=,Hei,1
652=,Heindrik,1
652=,Hesham,1
652=,Hieronymus,1
652=,Hiroki,1
652=,Hoa,1
652=,Hong,1
652=,Hov,1
652=,Hughie,1
652=,Humza,1
652=,Humzah,1
652=,Hunter,1
652=,Hussein,1
652=,Hzair,1
652=,Iddo,1
652=,Ido,1
652=,Idris,1
652=,Ihsan,1
652=,Ilyas,1
652=,Inderbir,1
652=,Iqbal,1
652=,Irteza,1
652=,Ismail,1
652=,Issam,1
652=,Izak,1
652=,Izzat,1
652=,Izzatillah,1
652=,Jac,1
652=,Jace,1
652=,Jackie,1
652=,Jacky,1
652=,Jacqueline,1
652=,Jade,1
652=,Jagdev,1
652=,Jagroop,1
652=,Jai,1
652=,Jaime,1
652=,Jak,1
652=,Jakub,1
652=,Jamaal,1
652=,Jamie-John,1
652=,Jamieson,1
652=,Janek,1
652=,Jansimran,1
652=,Jarad,1
652=,Jardine,1
652=,Jareth,1
652=,Jarl,1
652=,Jarrett,1
652=,Jarrid,1
652=,Jarrod,1
652=,Jason-Lee,1
652=,Jaspreet,1
652=,Javed,1
652=,Javeed,1
652=,Jaydan,1
652=,Jayde,1
652=,Jean,1
652=,Jedd,1
652=,Jeetinder,1
652=,Jefferson,1
652=,Jens,1
652=,Jenson,1
652=,Jera,1
652=,Jermain,1
652=,Jerome,1
652=,Jess,1
652=,Jez,1
652=,Jim,1
652=,Jimmy,1
652=,Jing,1
652=,Jinge,1
652=,Jo,1
652=,Joachim,1
652=,Joaquin,1
652=,Joash,1
652=,Jock,1
652=,Joealan,1
652=,Joey,1
652=,John-Angus,1
652=,John-Gerard,1
652=,John-Greig,1
652=,John-Michael,1
652=,John-Robert,1
652=,John-William,1
652=,Johnah,1
652=,Johnathanjames,1
652=,Johnlewis,1
652=,Johnryan,1
652=,Jon-Bradley,1
652=,Jon-Paul,1
652=,Jonah,1
652=,Jonjoe,1
652=,Jonn,1
652=,Jonstone,1
652=,Joop,1
652=,Jordan-Kyle,1
652=,Jorden,1
652=,Jordie,1
652=,Jorge,1
652=,Jorrie,1
652=,Jory,1
652=,Jos,1
652=,Jose,1
652=,Joseph-George,1
652=,Joshau,1
652=,Jude,1
652=,Julien,1
652=,Junad,1
652=,Justen,1
652=,Kade,1
652=,Kadeem,1
652=,Kadir,1
652=,Kaffe,1
652=,Kalim,1
652=,Kalum,1
652=,Kalvin,1
652=,Kalvyn,1
652=,Kameron,1
652=,Karam,1
652=,Karan,1
652=,Karandeep,1
652=,Karanvir,1
652=,Karr,1
652=,Kasam,1
652=,Kasim,1
652=,Kate,1
652=,Katherine,1
652=,Katie,1
652=,Katy,1
652=,Kavan,1
652=,Kayil,1
652=,Kaymen,1
652=,Kearn,1
652=,Keff,1
652=,Keifer,1
652=,Keirran,1
652=,Keirron,1
652=,Kelly,1
652=,Ken,1
652=,Kent,1
652=,Kerran,1
652=,Kerrin,1
652=,Kes,1
652=,Keshev,1
652=,Keven,1
652=,Kevyn,1
652=,Khalil,1
652=,Khazar,1
652=,Khezer,1
652=,Khurram,1
652=,Khwaja,1
652=,Kiaran,1
652=,Kiefer,1
652=,Kielan,1
652=,Kieran-John,1
652=,Kiernan,1
652=,Kin,1
652=,Kirsti,1
652=,Kit,1
652=,Kjeilan,1
652=,Kok,1
652=,Konar,1
652=,Konnar,1
652=,Konnor,1
652=,Konstantinos,1
652=,Kook-Cheol,1
652=,Korede,1
652=,Kori,1
652=,Koya,1
652=,Krishnavhardhan,1
652=,Kristen,1
652=,Kristofor,1
652=,Kultaar,1
652=,Kumar,1
652=,Kunaal,1
652=,Kurk,1
652=,Kwok,1
652=,Kyasat,1
652=,Kyl,1
652=,Kyljit,1
652=,Kynan,1
652=,Kyron,1
652=,Lachie,1
652=,Lachlann,1
652=,Laird,1
652=,Laith,1
652=,Lauchlan,1
652=,Layton,1
652=,Lea,1
652=,Leandro,1
652=,Leom,1
652=,Leonard,1
652=,Leopold,1
652=,Leslie,1
652=,Lhiam,1
652=,Li,1
652=,Liall,1
652=,Lian,1
652=,Linton,1
652=,Lisle,1
652=,Llyr,1
652=,Lochlan,1
652=,Logie,1
652=,Lok,1
652=,Lorn,1
652=,Lucanas,1
652=,Luciano-Max,1
652=,Lukas,1
652=,Lyndon,1
652=,Macaulay,1
652=,Madni,1
652=,Mafi,1
652=,Mahar,1
652=,Maher,1
652=,Malachi,1
652=,Malik,1
652=,Manish,1
652=,Mansell,1
652=,Mansoor,1
652=,Manveer,1
652=,Marcello,1
652=,Marley,1
652=,Marlin,1
652=,Martin-Anthony-,1
652=,Marty,1
652=,Marwan,1
652=,Mateo,1
652=,Mathieu,1
652=,Matt,1
652=,Matteo,1
652=,Maurice,1
652=,Maxmillian-Dani,1
652=,Maxx,1
652=,Mazhar,1
652=,Md,1
652=,Mehran,1
652=,Melville,1
652=,Menachem,1
652=,Merfyn,1
652=,Merlin,1
652=,Mhayo,1
652=,Michall,1
652=,Micheal,1
652=,Micky,1
652=,Mikel,1
652=,Mikey,1
652=,Mikie,1
652=,Miller,1
652=,Ming,1
652=,Mir,1
652=,Mirko,1
652=,Miro,1
652=,Mitesh,1
652=,Moghaddas,1
652=,Mohanned,1
652=,Mohit,1
652=,Mohummed,1
652=,Mojtaba,1
652=,Moktar,1
652=,Moneer,1
652=,Montassar,1
652=,Montgomery,1
652=,Morad,1
652=,Moray,1
652=,Mordechai,1
652=,Morris,1
652=,Morrison,1
652=,Mortimer,1
652=,Moses,1
652=,Moshin,1
652=,Mostafa,1
652=,Mowa,1
652=,Mowad,1
652=,Mowafag,1
652=,Muaadh,1
652=,Muaaz,1
652=,Mukhtar,1
652=,Mun,1
652=,Murphy,1
652=,Murrae,1
652=,Murtaza,1
652=,Mustjab,1
652=,Mykael,1
652=,Mykell,1
652=,Naeem,1
652=,Naeem-Ur-Rahman,1
652=,Nafees,1
652=,Nahum,1
652=,Nahyan,1
652=,Narain,1
652=,Nasif,1
652=,Natale,1
652=,Nathanael,1
652=,Nathaneal,1
652=,Navdeep,1
652=,Nawful,1
652=,Nazim,1
652=,Nazmal,1
652=,Nazmul,1
652=,Neall,1
652=,Nedal,1
652=,Nehal,1
652=,Nethan,1
652=,Neville,1
652=,Niall-Andrew,1
652=,Nick,1
652=,Nicki,1
652=,Nickolas,1
652=,Nicola,1
652=,Nils,1
652=,Niven,1
652=,Noam,1
652=,Noel,1
652=,Norrie,1
652=,Nortey,1
652=,Norwood,1
652=,Nur,1
652=,Nyle,1
652=,Oasmaan,1
652=,Oban,1
652=,Obinna,1
652=,Ole,1
652=,Oleg,1
652=,Olivier,1
652=,Olmo,1
652=,Omer,1
652=,Omid,1
652=,On-Chung,1
652=,Oran,1
652=,Orlanzo,1
652=,Orrin,1
652=,Osama,1
652=,Osi,1
652=,Oskar,1
652=,Osman,1
652=,Otis,1
652=,Ousman,1
652=,Owsama,1
652=,Padraig,1
652=,Padraigh,1
652=,Paul-Louis,1
652=,Pearce,1
652=,Pepe,1
652=,Perminder,1
652=,Pervinder,1
652=,Phelim,1
652=,Phil,1
652=,Philipe,1
652=,Pietrantonio,1
652=,Pradyum,1
652=,Pranav,1
652=,Preetam,1
652=,Puyan,1
652=,Quade,1
652=,Quaid,1
652=,Rafael,1
652=,Rafee,1
652=,Rahat,1
652=,Rahman,1
652=,Raja,1
652=,Rajab,1
652=,Rajah,1
652=,Rajbir,1
652=,Rajiv,1
652=,Rakash,1
652=,Raman,1
652=,Randall,1
652=,Rashid,1
652=,Rauridh,1
652=,Ravinder,1
652=,Rayan,1
652=,Reece-David,1
652=,Rees,1
652=,Reg,1
652=,Reggie,1
652=,Rehan,1
652=,Rehmat,1
652=,Reice,1
652=,Reiss,1
652=,Rene-Marcel,1
652=,Rheece,1
652=,Rhian,1
652=,Rhodri,1
652=,Rhuairidh,1
652=,Rhuardi,1
652=,Rhuaridh,1
652=,Rhuridh,1
652=,Rhy,1
652=,Rhys-Allan,1
652=,Ricardo,1
652=,Richey,1
652=,Richmond,1
652=,Ridhwan,1
652=,Riess,1
652=,Riki,1
652=,Rio,1
652=,Riyad,1
652=,Rizwan,1
652=,Rob,1
652=,Roberto,1
652=,Rodney,1
652=,Rodrigo,1
652=,Roger,1
652=,Rohail,1
652=,Romain,1
652=,Romano,1
652=,Ronak,1
652=,Roraidh,1
652=,Rori,1
652=,Rorie,1
652=,Roshan,1
652=,Ruraidh,1
652=,Ryen,1
652=,Ryhan,1
652=,Sa'aid,1
652=,Saad,1
652=,Safa,1
652=,Safah,1
652=,Safwaan,1
652=,Sahan,1
652=,Sahil,1
652=,Sahir,1
652=,Saif-Ali,1
652=,Sakib,1
652=,Salim,1
652=,Salim-Edine,1
652=,Saliu,1
652=,Salman,1
652=,Sameer,1
652=,Samil,1
652=,Samiullah,1
652=,Sammie,1
652=,Samual,1
652=,Sandeep,1
652=,Sander,1
652=,Sanders,1
652=,Sandesh,1
652=,Sani,1
652=,Sanjay,1
652=,Sanjeevan,1
652=,Saqib,1
652=,Sarah,1
652=,Sarfraz,1
652=,Sarjit,1
652=,Sathveer,1
652=,Sean-Paul,1
652=,Seimi,1
652=,Sena,1
652=,Seonaidh,1
652=,Seorus,1
652=,Seumus,1
652=,Shabazz,1
652=,Shahrukh,1
652=,Shahzad,1
652=,Shakeal,1
652=,Shakeel,1
652=,Shakir,1
652=,Shamas,1
652=,Shames,1
652=,Shamsun,1
652=,Shan,1
652=,Shang,1
652=,Shannan,1
652=,Sharez,1
652=,Shariq,1
652=,Shaughn,1
652=,Shaunie,1
652=,Shayne,1
652=,Shazad,1
652=,Shazadah,1
652=,Shazaib,1
652=,Shea,1
652=,Sheikh,1
652=,Shem,1
652=,Sheridan,1
652=,Sherif,1
652=,Sherwin,1
652=,Shi-Da,1
652=,Shim,1
652=,Shing,1
652=,Shirazi,1
652=,Shoaib,1
652=,Shon,1
652=,Shuyab,1
652=,Sil,1
652=,Sinclair,1
652=,Slaine,1
652=,Snorri,1
652=,Soban,1
652=,Sohabe,1
652=,Sohaib,1
652=,Sol,1
652=,Sonny,1
652=,Soo,1
652=,Sophien,1
652=,Soufian,1
652=,Spielberg,1
652=,Stanley,1
652=,Stanton,1
652=,Stefano,1
652=,Stephanos,1
652=,Steven-James,1
652=,Stevenson,1
652=,Stevyn,1
652=,Suckwinder,1
652=,Sufyaan,1
652=,Suhayb,1
652=,Sukhdeep,1
652=,Sukhjeven,1
652=,Sulman,1
652=,Sultan-Bahoo,1
652=,Suraaj,1
652=,Suraj,1
652=,Suret,1
652=,Sutherland,1
652=,Sven,1
652=,Tahsin,1
652=,Tajinder,1
652=,Takuhiro,1
652=,Talal,1
652=,Talen,1
652=,Taler,1
652=,Tamer,1
652=,Tanveer,1
652=,Taran,1
652=,Tarkan,1
652=,Tarlochan,1
652=,Tarsvinder,1
652=,Taryn,1
652=,Taurab,1
652=,Tawgeer,1
652=,Teddi,1
652=,Teddie,1
652=,Teddin,1
652=,Teitur,1
652=,Tejay,1
652=,Thaddeus,1
652=,Thaine,1
652=,Tharmveer,1
652=,Thiemo,1
652=,Thom,1
652=,Tien,1
652=,Tobias,1
652=,Tommi,1
652=,Tomos,1
652=,Torii,1
652=,Torin,1
652=,Torquil,1
652=,Torrin,1
652=,Trell,1
652=,Troy,1
652=,Troy-Fraser,1
652=,Trym,1
652=,Tufan,1
652=,Ty,1
652=,Tyler-James,1
652=,Tyler-Jordan,1
652=,Tyrell,1
652=,Umberto,1
652=,Umeer,1
652=,Usaamah,1
652=,Usama,1
652=,Usamah,1
652=,Valentin,1
652=,Vassilios,1
652=,Vaughan,1
652=,Venkat,1
652=,Verdun,1
652=,Vhaeed,1
652=,Vheshman,1
652=,Vichren,1
652=,Vickram,1
652=,Vikramjeet,1
652=,Vincenzo,1
652=,Vinni,1
652=,Viren,1
652=,Vishal,1
652=,Vivek,1
652=,Waheem,1
652=,Wahid,1
652=,Wajahat,1
652=,Wajhaht,1
652=,Waleed,1
652=,Wijnand,1
652=,Wilfred,1
652=,Will,1
652=,Willem,1
652=,William-John,1
652=,Willum,1
652=,Wilson,1
652=,Wufric,1
652=,Xander,1
652=,Yan,1
652=,Yazan,1
652=,Yehudah,1
652=,Yinghua,1
652=,Yinnam,1
652=,Yiu,1
652=,Young,1
652=,Young-Suk,1
652=,Yousaf,1
652=,Yousif,1
652=,Yousuf,1
652=,Yozan,1
652=,Yuh-Ming,1
652=,Yusuf,1
652=,Yves,1
652=,Zaak,1
652=,Zachariah,1
652=,Zack,1
652=,Zackaria,1
652=,Zackiri,1
652=,Zaheed,1
652=,Zaheer,1
652=,Zahir,1
652=,Zain-Ul-Abideen,1
652=,Zakariya,1
652=,Zakwan,1
652=,Zander,1
652=,Zanoor,1
652=,Zarak,1
652=,Zaveia,1
652=,Zayd,1
652=,Ze,1
652=,Zed,1
652=,Zein,1
652=,Zeke,1
652=,Zeshaan,1
652=,Zimar,1
652=,Zuber,1
,,
,,
,,
,,
,,
,,
,,
,,
,,
,,
,,
,,
,,
,,
,,
,,
,,
,,
,,
,,
,,
,,
,,
,,
,,
,,
,,
,,
,,
,,
,,
,,
,,
,,
,,
,,
,,
,,
,,
,,
,,
,,
,,
,,
,,
,,
,,
,,
,,
,,
,,
,,
,,
,,
,,
,,
,,
,,
,,
,,
,,
,,
,,
,,
,,
,,
,,
,,
,,
,,
,,
,,
,,
,,
,,
,,
,,
,,
,,
,,
,,
,,
,,
,,
,,
,,
,,
,,
,,
,,
,,
,,
,,
,,
,,
,,
,,
,,
,,
,,
,,
,,
,,
,,
,,
,,
,,
,,
,,
,,
,,
,,
,,
,,
,,
,,
,,
,,
,,
,,
,,
,,
,,
,,
,,
,,
,,
,,
,,
,,
,,
,,
,,
,,
,,
,,
,,
,,
,,
,,
,,
,,
,,
,,
,,
,,
,,
,,
,,
,,
,,
,,
,,
,,
,,
,,
,,
,,
,,
,,
,,
,,
,,
,,
,,
,,
,,
,,
,,
,,
,,
,,
,,
,,
,,
,,
,,
,,
,,
,,
,,
,,
,,
,,
,,
,,
,,
,,
,,
,,
,,
,,
,,
,,
,,
,,
,,
,,
,,
,,
,,
,,
,,
,,
,,
,,
,,
,,
,,
,,
,,
,,
,,
,,
,,
,,
,,
,,
,,
,,
,,
,,
,,
,,
,,
,,
,,
,,
,,
,,
,,
,,
,,
,,
,,
,,
,,
,,
,,
,,
,,
,,
,,
,,
,,
,,
,,
,,
,,
,,
,,
,,
,,
,,
,,
,,
,,
,,
,,
,,
,,
,,
,,
,,
,,
,,
,,
,,
,,
,,
,,
,,
,,
,,
,,
,,
,,
,,
,,
,,
,,
,,
,,
,,
,,
,,
,,
,,
,,
,,
,,
,,
,,
,,
,,
,,
,,
,,
,,
,,
,,
,,
,,
,,
,,
,,
,,
,,
,,
,,
,,
,,
,,
,,
,,
,,
,,
,,
,,
,,
,,
,,
,,
,,
,,
,,
,,
,,
,,
,,
,,
,,
,,
,,
,,
,,
,,
,,
,,
,,
,,
,,
,,
,,
,,
,,
,,
,,
,,
,,
,,
,,
,,
,,
,,
,,
,,
,,
,,
,,
,,
,,
,,
,,
,,
,,
,,
,,
,,
,,
,,
,,
,,
,,
,,
,,
,,
,,
,,
,,
,,
,,
,,
,,
,,
,,
,,
,,
,,
,,
,,
,,
,,
,,
,,
,,
,,
,,
,,
,,
,,
,,
,,
,,
,,
,,
,,
,,
,,
,,
,,
,,
,,
,,
,,
,,
,,
,,
,,
,,
,,
,,
,,
,,
,,
,,
,,
,,
,,
,,
,,
,,
,,
,,
,,
,,
,,
,,
,,
,,
,,
,,
,,
,,
,,
,,
,,
,,
,,
,,
,,
,,
,,
,,
,,
,,
,,
,,
,,
,,
,,
,,
,,
,,
,,
,,
,,
,,
,,
,,
,,
,,
,,
,,
,,
,,
,,
,,
,,
,,
,,
,,
,,
,,
,,
,,
,,
,,
,,
,,
,,
,,
,,
,,
,,
,,
,,
,,
,,
,,
,,
,,
,,
,,
,,
,,
,,
,,
,,
,,
,,
,,
,,
,,
,,
,,
,,
,,
,,
,,
,,
,,
,,
,,
,,
,,
,,
,,
,,
,,
,,
,,
,,
,,
,,
,,
,,
,,
,,
,,
,,
,,
,,
,,
,,
,,
,,
,,
,,
,,
,,
,,
,,
,,
,,
,,
,,
,,
,,
,,
,,
,,
,,
,,
,,
,,
,,
,,
,,
,,
,,
,,
,,
,,
,,
,,
,,
,,
,,
,,
,,
,,
,,
,,
,,
,,
,,
,,
,,
,,
,,
,,
,,
,,
,,
,,
,,
,,
,,
,,
,,
,,
,,
,,
,,
,,
,,
,,
,,
,,
,,
,,
,,
,,
,,
,,
,,
,,
,,
,,
,,
,,
,,
,,
,,
,,
,,
,,
,,
,,
,,
,,
,,
,,
,,
,,
,,
,,
,,
,,
,,
,,
,,
,,
,,
,,
,,
,,
,,
,,
,,
,,
,,
,,
,,
,,
,,
,,
,,
,,
,,
,,
,,
,,
,,
,,
,,
,,
,,
,,
,,
,,
,,
,,
,,
,,
,,
,,
,,
,,
,,
,,
,,
,,
,,
,,
,,
,,
,,
,,
,,
,,
,,
,,
,,
,,
,,
,,
,,
,,
,,
,,
,,
,,
,,
,,
,,
,,
,,
,,
,,
,,
,,
,,
,,
,,
,,
,,
,,
,,
,,
,,
,,
,,
,,
,,
,,
,,
,,
,,
,,
,,
,,
,,
,,
,,
,,
,,
,,
,,
,,
,,
,,
,,
,,
,,
,,
,,
,,
,,
,,
,,
,,
,,
,,
,,
,,
,,
,,
,,
,,
,,
,,
,,
,,
,,
,,
,,
,,
,,
,,
,,
,,
,,
,,
,,
,,
,,
,,
,,
,,
,,
,,
,,
,,
,,
,,
,,
,,
,,
,,
,,
,,
,,
,,
,,
,,
,,
,,
,,
,,
,,
,,
,,
,,
,,
,,
,,
,,
,,
,,
,,
,,
,,
,,
,,
,,
,,
,,
,,
,,
,,
,,
,,
,,
,,
,,
,,
,,
,,
,,
,,
,,
,,
,,
,,
,,
,,
,,
,,
,,
,,
,,
,,
,,
,,
,,
,,
,,
,,
,,
,,
,,
,,
,,
,,
,,
,,
,,
,,
,,
,,
,,
,,
,,
,,
,,
,,
,,
,,
,,
,,
,,
,,
,,
,,
,,
,,
,,
,,
,,
,,
,,
,,
,,
,,
,,
,,
,,
,,
,,
,,
,,
,,
,,
,,
,,
,,
,,
,,
,,
,,
,,
,,
,,
,,
,,
,,
,,
,,
,,
,,
,,
,,
,,
,,
,,
,,
,,
,,
,,
,,
,,
,,
,,
,,
,,
,,
,,
,,
,,
,,
,,
,,
,,
,,
,,
,,
,,
,,
,,
,,
,,
,,
,,
,,
,,
,,
,,
,,
,,
,,
,,
,,
,,
,,
,,
,,
,,
,,
,,
,,
,,
,,
,,
,,
,,
,,
,,
,,
,,
,,
,,
,,
,,
,,
,,
,,
,,
,,
,,
,,
,,
,,
,,
,,
,,
,,
,,
,,
,,
,,
,,
,,
,,
,,
,,
,,
,,
,,
,,
,,
,,
,,
,,
,,
,,
,,
,,
,,
,,
,,
,,
,,
,,
,,
,,
,,
,,
,,
,,
,,
,,
,,
,,
,,
,,
,,
,,
,,
,,
,,
,,
,,
,,
,,
,,
,,
,,
,,
,,
,,
,,
,,
,,
,,
,,
,,
,,
,,
,,
,,
,,
,,
,,
,,
,,
,,
,,
,,
,,
,,
,,
,,
,,
,,
,,
,,
,,
,,
,,
,,
,,
,,
,,
,,
,,
,,
,,
,,
,,
,,
,,
,,
,,
,,
,,
,,
,,
,,
,,
,,
,,
,,
,,
,,
,,
,,
,,
,,
,,
,,
,,
,,
,,
,,
,,
,,
,,
,,
,,
,,
,,
,,
,,
,,
,,
,,
,,
,,
,,
,,
,,
,,
,,
,,
,,
,,
,,
,,
,,
,,
,,
,,
,,
,,
,,
,,
,,
,,
,,
,,
,,
,,
,,
,,
,,
,,
© Crown Copyright 2015,,
