Position,Name,Number of babies
1,Ryan,1026
2,Andrew,859
3,Daniel,699
4,Scott,692
5,James,662
6,David,646
7,Connor,621
8,Ross,614
9,Jack,612
10,Jordan,605
11,Liam,571
12,Craig,564
13,Michael,542
14,Christopher,524
15,Kieran,509
16,Lewis,507
17,Cameron,476
18,Sean,475
19,Mark,455
20,John,439
21,Callum,407
22,Jamie,403
23,Matthew,400
24=,Calum,372
24=,Kyle,372
26,Thomas,360
27,Dylan,355
28,Steven,325
29,Stuart,320
30,Robert,318
31,Alexander,301
32=,Adam,292
32=,Darren,292
34,Paul,280
35,Fraser,275
36,William,250
37,Stephen,247
38,Lee,220
39,Grant,215
40,Declan,189
41=,Dean,186
41=,Jonathan,186
41=,Shaun,186
44,Conor,184
45,Joshua,171
46,Nathan,168
47,Gary,167
48,Aaron,158
49,Euan,156
50=,Gavin,155
50=,Marc,155
52,Jason,147
53,Martin,143
54,Kevin,142
55,Dale,141
56,Joseph,140
57,Luke,136
58,Greg,135
59,Ben,132
60,Sam,129
61,Samuel,123
62,Aidan,121
63=,Blair,117
63=,Robbie,117
63=,Rory,117
66,Peter,116
67,Josh,114
68,Alan,111
69,Ian,108
70=,Patrick,103
70=,Reece,103
72,Benjamin,102
73=,Duncan,101
73=,Iain,101
75,Alistair,97
76,Ewan,94
77,Anthony,93
78,Stewart,91
79=,Jake,90
79=,Richard,90
81,Gregor,89
82=,Brian,87
82=,Colin,87
84,Nicholas,86
85,Neil,85
86,Angus,81
87,Rhys,79
88,Harry,78
89,Gordon,75
90,Alasdair,68
91=,Charles,67
91=,Graham,67
93=,Bradley,66
93=,Graeme,66
95,Allan,65
96,George,64
97=,Ciaran,61
97=,Keiran,61
99=,Douglas,59
99=,Murray,59
101,Dominic,56
102,Taylor,55
103,Corey,54
104=,Brandon,53
104=,Kenneth,53
104=,Oliver,53
107=,Niall,52
107=,Owen,52
109,Finlay,51
110=,Alastair,50
110=,Mohammed,50
112,Jay,48
113,Dillon,44
114,Louis,42
115=,Drew,41
115=,Hamish,41
117=,Barry,40
117=,Max,40
119=,Brendan,39
119=,Calvin,39
121=,Edward,38
121=,Elliot,38
121=,Joe,38
121=,Marcus,38
125=,Derek,37
125=,Garry,37
125=,Jacob,37
128=,Donald,35
128=,Fergus,35
128=,Ruairidh,35
131=,Daryl,33
131=,Greig,33
133=,Arran,31
133=,Keith,31
135=,Curtis,30
135=,Martyn,30
137,Glen,29
138=,Bruce,28
138=,Conner,28
138=,Logan,28
138=,Philip,28
138=,Shane,28
143=,Bryan,27
143=,Frazer,27
143=,Gareth,27
143=,Keir,27
143=,Ruaridh,27
148=,Billy,26
148=,Tom,26
148=,Tyler,26
151=,Alex,25
151=,Danny,25
151=,Jon,25
151=,Jonathon,25
155=,Jordon,24
155=,Kieron,24
155=,Kristopher,24
155=,Mohammad,24
155=,Russell,24
160=,Kieren,23
160=,Stefan,23
160=,Tony,23
163=,Campbell,22
163=,Charlie,22
163=,Simon,22
166=,Brodie,21
166=,Darryl,21
166=,Hugh,21
166=,Raymond,21
166=,Zak,21
171=,Aiden,20
171=,Ethan,20
171=,Hayden,20
171=,Lyle,20
171=,Muhammad,20
176,Francis,19
177=,Evan,18
177=,Kerr,18
179=,Justin,17
179=,Mathew,17
179=,Timothy,17
182=,Gerard,16
182=,Innes,16
182=,Kris,16
182=,Lloyd,16
182=,Mitchell,16
187=,Antony,15
187=,Bobby,15
187=,Damien,15
187=,Ronald,15
191=,Henry,14
191=,Kane,14
191=,Lawrence,14
191=,Macaulay,14
191=,Ricky,14
191=,Struan,14
197=,Arron,13
197=,Glenn,13
197=,Gregory,13
197=,Lachlan,13
197=,Malcolm,13
197=,Roy,13
203=,Corrie,12
203=,Ewen,12
203=,Isaac,12
203=,Jed,12
207=,Ashley,11
207=,Connar,11
207=,Joel,11
207=,Magnus,11
207=,Robin,11
207=,Ruaraidh,11
207=,Zachary,11
214=,Brad,10
214=,Brett,10
214=,Damon,10
214=,Ellis,10
214=,Eric,10
214=,Jared,10
214=,Kai,10
214=,Karl,10
214=,Kristofer,10
214=,Kurtis,10
214=,Marco,10
214=,Stephan,10
214=,Wayne,10
214=,Zack,10
228=,Ali,9
228=,Alister,9
228=,Anton,9
228=,Cory,9
228=,Findlay,9
228=,Finn,9
228=,Gregg,9
228=,Hamzah,9
228=,Harvey,9
228=,Macauley,9
228=,Maxwell,9
228=,Myles,9
228=,Omar,9
228=,Ronan,9
228=,Scot,9
228=,Vincent,9
244=,Abdul,8
244=,Adrian,8
244=,Clark,8
244=,Darrell,8
244=,Frank,8
244=,Hassan,8
244=,Johnathan,8
244=,Keiren,8
244=,Leo,8
244=,Leon,8
244=,Murdo,8
244=,Ronnie,8
244=,Rowan,8
244=,Tommy,8
258=,Amir,7
258=,Bryce,7
258=,Carl,7
258=,Christian,7
258=,Connall,7
258=,Damian,7
258=,Dario,7
258=,Dillan,7
258=,Elliott,7
258=,Harrison,7
258=,Kurt,7
258=,Levi,7
258=,Matt,7
258=,Morgan,7
258=,Reiss,7
258=,Sandy,7
258=,Sohail,7
258=,Usman,7
276=,Ahmad,6
276=,Alisdair,6
276=,Archibald,6
276=,Blake,6
276=,Cailean,6
276=,Cal,6
276=,Dexter,6
276=,Gerald,6
276=,Hamza,6
276=,Harris,6
276=,Johnathon,6
276=,Johnny,6
276=,Keiron,6
276=,Kelvin,6
276=,Kristoffer,6
276=,Kyran,6
276=,Laurence,6
276=,Mason,6
276=,Mohamed,6
276=,Nathaniel,6
276=,Nico,6
276=,Oscar,6
276=,Phillip,6
276=,Ruari,6
276=,Saif,6
276=,Seamus,6
276=,Shawn,6
276=,Tristan,6
276=,Warren,6
276=,Zain,6
306=,Alessandro,5
306=,Antonio,5
306=,Archie,5
306=,Ayden,5
306=,Benedict,5
306=,Bernard,5
306=,Bilal,5
306=,Casey,5
306=,Conan,5
306=,Darryn,5
306=,Dylon,5
306=,Gianluca,5
306=,Guy,5
306=,Imran,5
306=,Jak,5
306=,Kamran,5
306=,Kevan,5
306=,Kierran,5
306=,Kirk,5
306=,Kristian,5
306=,Kyler,5
306=,Moray,5
306=,Nile,5
306=,Rikki,5
306=,Ritchie,5
306=,Roderick,5
306=,Sebastian,5
306=,Syed,5
306=,Terence,5
306=,Todd,5
306=,Umar,5
337=,Aaran,4
337=,Antoni,4
337=,Arthur,4
337=,Asif,4
337=,Austin,4
337=,Bailey,4
337=,Chad,4
337=,Cole,4
337=,Colm,4
337=,Conar,4
337=,Crawford,4
337=,Dane,4
337=,Darragh,4
337=,Darrin,4
337=,Darroch,4
337=,Declyn,4
337=,Domhnall,4
337=,Eoin,4
337=,Felix,4
337=,Harley,4
337=,Haroon,4
337=,Haydn,4
337=,Hugo,4
337=,Jackson,4
337=,Jorden,4
337=,Kalvin,4
337=,Maximilian,4
337=,Miles,4
337=,Mitchel,4
337=,Mungo,4
337=,Nicol,4
337=,Pierce,4
337=,Rian,4
337=,Rob,4
337=,Roberto,4
337=,Roddy,4
337=,Ruairi,4
337=,Terry,4
337=,Toby,4
337=,Tomas,4
337=,Troy,4
337=,Wesley,4
337=,Zen,4
380=,Aarron,3
380=,Abbas,3
380=,Aden,3
380=,Ahmed,3
380=,Alun,3
380=,Benn,3
380=,Cairn,3
380=,Caleb,3
380=,Callan,3
380=,Carlo,3
380=,Chris,3
380=,Cian,3
380=,Coll,3
380=,Conal,3
380=,Conall,3
380=,Connaire,3
380=,Dalton,3
380=,Darius,3
380=,Darrel,3
380=,Davie,3
380=,Davis,3
380=,Dayle,3
380=,Dennis,3
380=,Donnie,3
380=,Dyllan,3
380=,Edmund,3
380=,Forbes,3
380=,Frederick,3
380=,Haris,3
380=,Haseeb,3
380=,Hashim,3
380=,Humza,3
380=,Jasper,3
380=,Jedd,3
380=,Jeremy,3
380=,Jonas,3
380=,Ka,3
380=,Konrad,3
380=,Laurie,3
380=,Lawrie,3
380=,Leigh,3
380=,Leighton,3
380=,Lindsay,3
380=,Mac,3
380=,Mackenzie,3
380=,Milo,3
380=,Mohd,3
380=,Muir,3
380=,Munro,3
380=,Nethan,3
380=,Nicolas,3
380=,Norman,3
380=,Osama,3
380=,Pierre,3
380=,Qasim,3
380=,Ralph,3
380=,Ramsay,3
380=,Rees,3
380=,Reese,3
380=,Rehman,3
380=,Ricardo,3
380=,Ricki,3
380=,Robson,3
380=,Rogan,3
380=,Roger,3
380=,Rohan,3
380=,Rudi,3
380=,Samir,3
380=,Sean-Paul,3
380=,Spencer,3
380=,Theodore,3
380=,Thorfinn,3
380=,Xavier,3
380=,Zac,3
380=,Zach,3
455=,Adem,2
455=,Adil,2
455=,Ahsan,2
455=,Alain,2
455=,Albert,2
455=,Aled,2
455=,Aleksander,2
455=,Alen,2
455=,Ally,2
455=,Amos,2
455=,Andreas,2
455=,Aodhan,2
455=,Arian,2
455=,Arjan,2
455=,Armaan,2
455=,Arnold,2
455=,Aron,2
455=,Arrin,2
455=,Asad,2
455=,Barnaby,2
455=,Blain,2
455=,Blane,2
455=,Blayne,2
455=,Brady,2
455=,Branden,2
455=,Brent,2
455=,Bryn,2
455=,Byron,2
455=,Caillan,2
455=,Caine,2
455=,Cale,2
455=,Cavan,2
455=,Chalmers,2
455=,Christie,2
455=,Christy,2
455=,Chun,2
455=,Cieran,2
455=,Clay,2
455=,Clyde,2
455=,Cody,2
455=,Coner,2
455=,Conlan,2
455=,Connell,2
455=,Conrad,2
455=,Coray,2
455=,Corie,2
455=,Cormac,2
455=,Corry,2
455=,Courtney,2
455=,Cyrus,2
455=,Danyal,2
455=,Daren,2
455=,Dariush,2
455=,Darran,2
455=,Daryn,2
455=,Declin,2
455=,Deen,2
455=,Denis,2
455=,Devlin,2
455=,Devon,2
455=,Diarmid,2
455=,Dilan,2
455=,Dominik,2
455=,Donal,2
455=,Dougal,2
455=,Dugald,2
455=,Dyllon,2
455=,Eamon,2
455=,Eathan,2
455=,Eddie,2
455=,Eli,2
455=,Eliot,2
455=,Eoghan,2
455=,Erik,2
455=,Faisal,2
455=,Faris,2
455=,Fearghas,2
455=,Finbar,2
455=,Floyd,2
455=,Frankie,2
455=,Frederic,2
455=,Gabriel,2
455=,Garth,2
455=,Geordie,2
455=,Giancarlo,2
455=,Giovanni,2
455=,Giuseppe,2
455=,Gordan,2
455=,Grahame,2
455=,Haaris,2
455=,Hal,2
455=,Hector,2
455=,Idrees,2
455=,Ioannis,2
455=,Irvine,2
455=,Ivan,2
455=,Jac,2
455=,Jaime,2
455=,Jaimie,2
455=,Jakob,2
455=,Jamie-Lee,2
455=,Jarrad,2
455=,Jarvis,2
455=,Jaryd,2
455=,Jefferson,2
455=,Jessica,2
455=,Johannes,2
455=,Johnnie,2
455=,Jordyn,2
455=,Jose,2
455=,Julian,2
455=,Karim,2
455=,Kenny,2
455=,Kern,2
455=,Kian,2
455=,Kriss,2
455=,Kwok,2
455=,Kylle,2
455=,Lalit,2
455=,Lance,2
455=,Leonard,2
455=,Leslie,2
455=,Lliam,2
455=,Louie,2
455=,Lucas,2
455=,Luis,2
455=,Lyall,2
455=,Mario,2
455=,Matteo,2
455=,Mckenzie,2
455=,Micheil,2
455=,Millar,2
455=,Mohamad,2
455=,Morrison,2
455=,Naill,2
455=,Nathin,2
455=,Neal,2
455=,Nicki,2
455=,Nicky,2
455=,Nikki,2
455=,Norton,2
455=,Oran,2
455=,Paddy,2
455=,Raheel,2
455=,Rana,2
455=,Raphael,2
455=,Ray,2
455=,Reice,2
455=,Reuben,2
455=,Rhuari,2
455=,Rhyan,2
455=,Robb,2
455=,Rorie,2
455=,Saad,2
455=,Sami,2
455=,Saqib,2
455=,Saul,2
455=,Seth,2
455=,Shaan,2
455=,Shahrukh,2
455=,Shannon,2
455=,Sohaib,2
455=,Sonny,2
455=,Stanley,2
455=,Stefano,2
455=,Steve,2
455=,Stevie,2
455=,Subhan,2
455=,Suhaib,2
455=,Tayler,2
455=,Tenzin,2
455=,Toni,2
455=,Torquil,2
455=,Tyrone,2
455=,Usmaan,2
455=,Wallace,2
455=,Walter,2
455=,Yousef,2
455=,Yuta,2
455=,Zachariah,2
455=,Zacharie,2
455=,Zachery,2
455=,Zackary,2
455=,Zakary,2
455=,Zeeshan,2
455=,Zubair,2
641=,Aadal,1
641=,Aadam,1
641=,Aadil,1
641=,Aamir,1
641=,Aannan,1
641=,Aarondeep,1
641=,Aaryn,1
641=,Abd,1
641=,Abd-Arrahman,1
641=,Abdalla,1
641=,Abdallah,1
641=,Abdelkader,1
641=,Abdelkarim,1
641=,Abdu-Alla,1
641=,Abduelrahman,1
641=,Abdulaziz,1
641=,Abdulrahman,1
641=,Abdur,1
641=,Abed-Elrhman,1
641=,Abhijit,1
641=,Abraar,1
641=,Abtean,1
641=,Abul,1
641=,Abyaz,1
641=,Adamson,1
641=,Adan,1
641=,Addison,1
641=,Adedamola,1
641=,Adeel,1
641=,Adian,1
641=,Adin,1
641=,Adnaan,1
641=,Adnan,1
641=,Adris,1
641=,Adyan,1
641=,Aedan,1
641=,Aftab,1
641=,Ahad,1
641=,Ahren,1
641=,Ahzha,1
641=,Aidenn,1
641=,Aiman,1
641=,Aisa,1
641=,Ajdin,1
641=,Akash,1
641=,Akbar,1
641=,Akib,1
641=,Akil,1
641=,Akram,1
641=,Alamin,1
641=,Alec,1
641=,Alessio,1
641=,Alexandre,1
641=,Alexandros,1
641=,Alexis,1
641=,Alfatih,1
641=,Alfie,1
641=,Alfred,1
641=,Ali-Abbas,1
641=,Alim,1
641=,Allastair,1
641=,Allister,1
641=,Almir,1
641=,Alvar,1
641=,Alvin,1
641=,Aman,1
641=,Amand,1
641=,Amar,1
641=,Amardeep,1
641=,Ameer,1
641=,Amirul,1
641=,Amr,1
641=,Anas,1
641=,Andi,1
641=,Andouce,1
641=,Andre,1
641=,Andrei,1
641=,Aneil,1
641=,Anes,1
641=,Aniket,1
641=,Anser,1
641=,Anshu,1
641=,Antoin,1
641=,Antoine,1
641=,Antonis,1
641=,Aonghas,1
641=,Aqib,1
641=,Areeb,1
641=,Arjun,1
641=,Arnjit,1
641=,Arryn,1
641=,Arsal,1
641=,Arsalan,1
641=,Asam,1
641=,Asfand,1
641=,Ashish,1
641=,Ashten,1
641=,Ashton,1
641=,Asier,1
641=,Asim,1
641=,Asjid,1
641=,Asmaar,1
641=,Assim,1
641=,Aston,1
641=,Atif,1
641=,Atticus,1
641=,Attique,1
641=,Aurelio,1
641=,Austen,1
641=,Austyn,1
641=,Avais,1
641=,Avery,1
641=,Avtar,1
641=,Axel,1
641=,Ayaz,1
641=,Aydin,1
641=,Ayisy,1
641=,Ayman,1
641=,Aynslie,1
641=,Azhar,1
641=,Bailie,1
641=,Baillee,1
641=,Balal,1
641=,Balaraj,1
641=,Balraj,1
641=,Balram,1
641=,Barney,1
641=,Barri,1
641=,Barrie,1
641=,Barry-John,1
641=,Basil,1
641=,Baxter,1
641=,Beau,1
641=,Behailu,1
641=,Benan,1
641=,Benjamen,1
641=,Bhupinder,1
641=,Bhurkat,1
641=,Bikramjit,1
641=,Billie,1
641=,Blaid,1
641=,Blaine,1
641=,Blayre,1
641=,Blue,1
641=,Boaz,1
641=,Bobbi,1
641=,Bobby-Jordan,1
641=,Bonar,1
641=,Bora,1
641=,Boris,1
641=,Braden,1
641=,Bradie,1
641=,Bradlay,1
641=,Brenan,1
641=,Brendyn,1
641=,Bret,1
641=,Brodye,1
641=,Brogan,1
641=,Brook,1
641=,Bruce-Robert,1
641=,Bruno,1
641=,Bryans,1
641=,Bryar,1
641=,Brynly,1
641=,Burhan,1
641=,Cade,1
641=,Cahir,1
641=,Cai,1
641=,Cairns,1
641=,Calan,1
641=,Calin,1
641=,Callam,1
641=,Callen,1
641=,Callin,1
641=,Callyn,1
641=,Calumn,1
641=,Cameran,1
641=,Cameron-Jack,1
641=,Camran,1
641=,Caolan,1
641=,Carrick,1
641=,Carwyn,1
641=,Cary,1
641=,Cathal,1
641=,Ceiran,1
641=,Ceohilan,1
641=,Chace,1
641=,Chadd,1
641=,Charanjit,1
641=,Charanveer,1
641=,Chedean,1
641=,Chee,1
641=,Chen-Guang,1
641=,Cheuk,1
641=,Chow,1
641=,Chum,1
641=,Chum-Nam,1
641=,Ciar,1
641=,Ciara,1
641=,Ciaron,1
641=,Cihan,1
641=,Cillian,1
641=,Ciro,1
641=,Clarke,1
641=,Clifford,1
641=,Clinton,1
641=,Clive,1
641=,Cobayne,1
641=,Coby,1
641=,Coen,1
641=,Coire,1
641=,Colby,1
641=,Colbyn,1
641=,Colyn,1
641=,Con,1
641=,Conhor,1
641=,Conn,1
641=,Connan,1
641=,Connel,1
641=,Connlan,1
641=,Connor-Stewart,1
641=,Conroy,1
641=,Cooper,1
641=,Coran,1
641=,Corin,1
641=,Corran,1
641=,Correy,1
641=,Cosmo,1
641=,Culley,1
641=,Cuthred,1
641=,Daemien,1
641=,Dalen,1
641=,Daley,1
641=,Damion,1
641=,Dan,1
641=,Danaidh,1
641=,Dani,1
641=,Danial,1
641=,Daniel-Graeme,1
641=,Daniel-Robert,1
641=,Dannie,1
641=,Dante,1
641=,Dany,1
641=,Darian,1
641=,Darin,1
641=,Daris,1
641=,Darrenjeet,1
641=,Darryll,1
641=,Darwin,1
641=,Dary,1
641=,Daryne,1
641=,Daud,1
641=,David-James,1
641=,Davie-Joe,1
641=,Davin,1
641=,Dawood,1
641=,Dayne,1
641=,Deacon,1
641=,Deakyn,1
641=,Deane,1
641=,Dearn,1
641=,Dechlan,1
641=,Decklyn,1
641=,Declan-John,1
641=,Declen,1
641=,Deklan,1
641=,Del,1
641=,Dele,1
641=,Dempsey,1
641=,Dempster,1
641=,Denny,1
641=,Denver,1
641=,Derick,1
641=,Derk,1
641=,Dermot,1
641=,Derrick,1
641=,Derryl,1
641=,Desmond,1
641=,Deveron,1
641=,Devin,1
641=,Dhaine,1
641=,Dhaneil,1
641=,Diarmaid,1
641=,Dickon,1
641=,Dillian,1
641=,Dilyan,1
641=,Dion,1
641=,Dirk,1
641=,Dolton,1
641=,Domhail-Iain,1
641=,Don,1
641=,Donnacha,1
641=,Donnchadh,1
641=,Dougall,1
641=,Doyle,1
641=,Dre,1
641=,Duane,1
641=,Dwain,1
641=,Dwaine,1
641=,Dylan-Rhys,1
641=,Dylin,1
641=,Dylyn,1
641=,Dymtro,1
641=,Eachann,1
641=,Eamonn,1
641=,Ean,1
641=,Eassa,1
641=,Ebrahim,1
641=,Edan,1
641=,Edvin,1
641=,Eemon,1
641=,Eessa,1
641=,Eimad,1
641=,Eion,1
641=,Elfego,1
641=,Elias,1
641=,Elijah,1
641=,Elio,1
641=,Eliot-Beau,1
641=,Elle,1
641=,Elliot-Paul,1
641=,Emannuel,1
641=,Emile,1
641=,Emilio,1
641=,Emmanuel,1
641=,Emmet,1
641=,Eoghainn,1
641=,Eoghann,1
641=,Erlend,1
641=,Erno,1
641=,Erran,1
641=,Errington,1
641=,Etir,1
641=,Eufryn,1
641=,Eugene,1
641=,Evert,1
641=,Ewing,1
641=,Eyvind,1
641=,Fabian,1
641=,Fabien,1
641=,Fabio,1
641=,Fabrizio,1
641=,Faisle,1
641=,Faraz,1
641=,Farhaan,1
641=,Farhan,1
641=,Farrikh,1
641=,Fasial,1
641=,Feargus,1
641=,Fenn,1
641=,Ferguson,1
641=,Fezan,1
641=,Fiach,1
641=,Filip,1
641=,Finley,1
641=,Finnegan,1
641=,Finnian,1
641=,Fionnlagh,1
641=,Firaaz,1
641=,Firaz,1
641=,Fletcher,1
641=,Fodil,1
641=,Francisco,1
641=,Franki,1
641=,Frasier,1
641=,Freddy,1
641=,Fritz,1
641=,Furmaan,1
641=,Furqan,1
641=,Fynn,1
641=,Gaber,1
641=,Gaige,1
641=,Gair,1
641=,Galen,1
641=,Garen,1
641=,Garran,1
641=,Garrick,1
641=,Garrie,1
641=,Garrin,1
641=,Garrion,1
641=,Gary-Allan,1
641=,Geir,1
641=,Georgos,1
641=,Giampiero,1
641=,Gifarie,1
641=,Gijs,1
641=,Gilbert,1
641=,Giles,1
641=,Gillan,1
641=,Gillespie,1
641=,Gilmore,1
641=,Girvan,1
641=,Glyn,1
641=,Glynn,1
641=,Grace,1
641=,Gregah,1
641=,Grieg,1
641=,Grigorios,1
641=,Grzegorz,1
641=,Guanlan,1
641=,Guraj,1
641=,Gurdev,1
641=,Gurdit,1
641=,Gurnam,1
641=,Gurronak,1
641=,Gursunil,1
641=,Gurvir,1
641=,Hadi,1
641=,Haiden,1
641=,Haider,1
641=,Haig,1
641=,Hamid,1
641=,Hamilton,1
641=,Hammad,1
641=,Haneef,1
641=,Hanzla,1
641=,Hardev,1
641=,Harold,1
641=,Harpal,1
641=,Harri,1
641=,Harun,1
641=,Hasyim,1
641=,Hateley,1
641=,Hatem,1
641=,Hazim,1
641=,Heath,1
641=,Hew,1
641=,Hou,1
641=,Howard,1
641=,Humzah,1
641=,Hussamuddin,1
641=,Hussan,1
641=,Huw,1
641=,Huzaifah,1
641=,Huzefa,1
641=,Ibegbunam,1
641=,Ibraheem,1
641=,Ibrahim,1
641=,Ieaun,1
641=,Ieuan,1
641=,Ievan,1
641=,Iftikar,1
641=,Ihsan,1
641=,Ikmal,1
641=,Ikraam,1
641=,Ikram,1
641=,Ilan,1
641=,Ilian,1
641=,Imraan,1
641=,Inderbier,1
641=,Innis,1
641=,Irfan,1
641=,Irsalain,1
641=,Ishaq,1
641=,Isiah,1
641=,Islam,1
641=,Isma'il,1
641=,Ismael,1
641=,J-Jay,1
641=,Jabran,1
641=,Jacques,1
641=,Jaden,1
641=,Jae,1
641=,Jagdeep,1
641=,Jagdev,1
641=,Jagjeet,1
641=,Jago,1
641=,Jagpreet,1
641=,Jahn,1
641=,Jai,1
641=,Jai-Krishan,1
641=,Jaidon,1
641=,Jaimz,1
641=,Jameel,1
641=,Jamieson,1
641=,Jan,1
641=,Janek,1
641=,Jarred,1
641=,Jarryd,1
641=,Javed,1
641=,Jaxon,1
641=,Jayden,1
641=,Jaye,1
641=,Jayjay,1
641=,Jayke,1
641=,Jeb,1
641=,Jediah,1
641=,Jeevan,1
641=,Jeff,1
641=,Jeffrey,1
641=,Jehrone,1
641=,Jem,1
641=,Jerren,1
641=,Jesper,1
641=,Jesse,1
641=,Jevon,1
641=,Jhordan,1
641=,Jhy,1
641=,Ji,1
641=,Jilal,1
641=,Jim,1
641=,Jo,1
641=,Jodh,1
641=,Joey,1
641=,John-Anthony,1
641=,John-Graham,1
641=,John-James,1
641=,Jon-Gordon,1
641=,Jonah,1
641=,Jonathen,1
641=,Jonjack,1
641=,Jonjo,1
641=,Jonothan,1
641=,Jonothon,1
641=,Jordanne,1
641=,Jordun,1
641=,Jordy,1
641=,Jorge,1
641=,Josef,1
641=,Joss,1
641=,Ju,1
641=,Jules,1
641=,Junaid,1
641=,Jye,1
641=,Kaash,1
641=,Kaelin,1
641=,Kah,1
641=,Kaiden,1
641=,Kailas,1
641=,Kailin,1
641=,Kairren,1
641=,Kaleem,1
641=,Kaleemuddin,1
641=,Kaljeven,1
641=,Kallum,1
641=,Kalom,1
641=,Kamal,1
641=,Kamar,1
641=,Kamin,1
641=,Kamron,1
641=,Kar,1
641=,Karanjit,1
641=,Karmjit,1
641=,Kashaf,1
641=,Kasim,1
641=,Kavin,1
641=,Kayode,1
641=,Kaz,1
641=,Kealan,1
641=,Kealson,1
641=,Keanu,1
641=,Kearean,1
641=,Kearney,1
641=,Kearron,1
641=,Keaten,1
641=,Keeran,1
641=,Kegan,1
641=,Keinan,1
641=,Keirin,1
641=,Keiryan,1
641=,Kellon,1
641=,Kemar,1
641=,Ken,1
641=,Kenan,1
641=,Kendal,1
641=,Kendren,1
641=,Kennedy,1
641=,Kerrin,1
641=,Kerry,1
641=,Keryn,1
641=,Keshan,1
641=,Keshav,1
641=,Khaleel,1
641=,Khalid,1
641=,Khalil,1
641=,Khizr,1
641=,Khomall,1
641=,Khurram,1
641=,Khursand,1
641=,Kiaran,1
641=,Kiefer,1
641=,Kieffer,1
641=,Kier,1
641=,Kierian,1
641=,Kiernan,1
641=,Kiernin,1
641=,Kierron,1
641=,Kin,1
641=,King-Fan,1
641=,Kirandeep,1
641=,Kirsten,1
641=,Kobe,1
641=,Konal,1
641=,Konnor,1
641=,Konor,1
641=,Korin,1
641=,Korrie,1
641=,Kosuke,1
641=,Kourosh,1
641=,Kouta,1
641=,Krisstofer,1
641=,Kristen,1
641=,Kristin,1
641=,Kristofor,1
641=,Kristophor,1
641=,Kunal,1
641=,Kuranvir,1
641=,Kye,1
641=,Kyrin,1
641=,Labeeq,1
641=,Lagan,1
641=,Lars,1
641=,Latharn,1
641=,Laughlan,1
641=,Law,1
641=,Layton,1
641=,Lea,1
641=,Lee-Arron,1
641=,Lee-Mon,1
641=,Leeland,1
641=,Leif,1
641=,Leith,1
641=,Lennie,1
641=,Leodhas,1
641=,Leonardo,1
641=,Leopoldo,1
641=,Lewes,1
641=,Leyam,1
641=,Lhiam,1
641=,Liall,1
641=,Liam-Jason,1
641=,Lias,1
641=,Linden,1
641=,Linn,1
641=,Linton,1
641=,Lio,1
641=,Liston,1
641=,Lochlann,1
641=,Lochluinn,1
641=,Lorenz,1
641=,Lorenzo,1
641=,Lorima,1
641=,Lorn,1
641=,Lu,1
641=,Luainn,1
641=,Luc,1
641=,Luca,1
641=,Lucca,1
641=,Lukas,1
641=,Lunan,1
641=,Lydon,1
641=,Lynden,1
641=,Macaully,1
641=,Macauly,1
641=,Mahir,1
641=,Mahmoud,1
641=,Mahomed,1
641=,Mahtabh,1
641=,Maison,1
641=,Marc-Anthony,1
641=,Marcello,1
641=,Marley,1
641=,Marram,1
641=,Marten,1
641=,Marti,1
641=,Marvin,1
641=,Marvyn,1
641=,Masaki,1
641=,Mateusz,1
641=,Mattan,1
641=,Matteas,1
641=,Mauro,1
641=,Mazin,1
641=,Mcrae,1
641=,Melvin,1
641=,Merlin,1
641=,Mervyn,1
641=,Metin,1
641=,Michal,1
641=,Micheill,1
641=,Mikael,1
641=,Mikey,1
641=,Mikhail,1
641=,Mikie,1
641=,Milan,1
641=,Miller,1
641=,Mirza,1
641=,Mischa,1
641=,Moadh,1
641=,Moaz,1
641=,Moez,1
641=,Mohan,1
641=,Mohannad,1
641=,Mohmmad,1
641=,Mohmmed,1
641=,Mohsan,1
641=,Mohsian,1
641=,Mohsin,1
641=,Mohtashim,1
641=,Moir,1
641=,Mong,1
641=,Monzam,1
641=,Moritz,1
641=,Morven,1
641=,Mouad,1
641=,Mouatez,1
641=,Mousbah,1
641=,Muaz,1
641=,Mubashar,1
641=,Mudassir,1
641=,Muhammed,1
641=,Mujahed,1
641=,Mujahid,1
641=,Mulkeet,1
641=,Mumin,1
641=,Mun,1
641=,Muneeb,1
641=,Munn,1
641=,Muntasir,1
641=,Murat,1
641=,Murry,1
641=,Musaab,1
641=,Mustafa,1
641=,Mutswairo,1
641=,Naazim,1
641=,Nabeel,1
641=,Nadeem,1
641=,Naeem,1
641=,Naheem,1
641=,Naim,1
641=,Nairn,1
641=,Najeeb,1
641=,Naren,1
641=,Natalie,1
641=,Nathan-Joseph,1
641=,Nathanael,1
641=,Nathanial,1
641=,Nathanjames,1
641=,Nathen,1
641=,Naveed,1
641=,Navid,1
641=,Nayl,1
641=,Nazeel,1
641=,Neale,1
641=,Necdet,1
641=,Nereus,1
641=,Neta,1
641=,Nickel,1
641=,Nicki-Lee,1
641=,Nicklas,1
641=,Nicola,1
641=,Nicolaj,1
641=,Nicoll,1
641=,Nicolo,1
641=,Niel,1
641=,Nikhil,1
641=,Niki,1
641=,Nikita,1
641=,Ninian,1
641=,Niyel,1
641=,Nor-Dean,1
641=,Norry,1
641=,Nuri,1
641=,Nyall,1
641=,Nyle,1
641=,Octavio,1
641=,Oisin,1
641=,Olafur,1
641=,Ossian,1
641=,Otello,1
641=,Otis,1
641=,Otitodilichukwu,1
641=,Owain,1
641=,Ozair,1
641=,Padraig,1
641=,Paris,1
641=,Parvinder,1
641=,Pasqualino,1
641=,Patricio,1
641=,Patrik,1
641=,Paul-Dayo,1
641=,Pavandeep,1
641=,Pearce,1
641=,Pepijn,1
641=,Peter-Cameron,1
641=,Phavenvir,1
641=,Phil,1
641=,Pietro,1
641=,Pontus,1
641=,Preston,1
641=,Qaiser,1
641=,Quincey,1
641=,Quinn,1
641=,Quintin,1
641=,Quinton,1
641=,Raamish,1
641=,Rabinder,1
641=,Rae,1
641=,Raffe,1
641=,Rafi,1
641=,Raheem,1
641=,Rahib,1
641=,Rahul,1
641=,Rais,1
641=,Raja,1
641=,Rajan,1
641=,Rameez,1
641=,Rami,1
641=,Ramis,1
641=,Randall,1
641=,Rao,1
641=,Rasool,1
641=,Ravi,1
641=,Rayhan,1
641=,Rayman,1
641=,Reace,1
641=,Reagan,1
641=,Redmond,1
641=,Rehaan,1
641=,Reid,1
641=,Reno,1
641=,Rex,1
641=,Rhian,1
641=,Rhies,1
641=,Rhiordan,1
641=,Rhodri,1
641=,Rhory,1
641=,Rhuairdhri,1
641=,Rhuaridh,1
641=,Rhyian,1
641=,Riain,1
641=,Riccardo,1
641=,Ricci,1
641=,Rickie,1
641=,Riki,1
641=,Rikkie,1
641=,Riley,1
641=,Rium,1
641=,Robbie-Lee,1
641=,Robert-James,1
641=,Roch,1
641=,Rodney,1
641=,Rohail,1
641=,Rohman,1
641=,Roindubh,1
641=,Romanii,1
641=,Romano,1
641=,Rowen,1
641=,Royce,1
641=,Ruaidhri,1
641=,Ruairioh,1
641=,Rufus,1
641=,Ruiri,1
641=,Rupert,1
641=,Saajid,1
641=,Sabeel,1
641=,Sacha,1
641=,Sahibzada,1
641=,Sahin,1
641=,Saiful,1
641=,Saim,1
641=,Sajid,1
641=,Salah,1
641=,Salmaan,1
641=,Salman,1
641=,Sameer,1
641=,Samer,1
641=,Sammi,1
641=,Sammy,1
641=,Sandeep,1
641=,Sanjay,1
641=,Sante,1
641=,Saqlain,1
641=,Sarat,1
641=,Saulaman,1
641=,Sayaan,1
641=,Saydul,1
641=,Sayf,1
641=,Se,1
641=,Seaghan,1
641=,See,1
641=,Sehrose,1
641=,Sejad,1
641=,Selahiddin,1
641=,Senad,1
641=,Seoras,1
641=,Sergio,1
641=,Seumas,1
641=,Shabaz,1
641=,Shadman,1
641=,Shahar,1
641=,Shahbaz,1
641=,Shahid,1
641=,Shahrez,1
641=,Shahroz,1
641=,Shamen,1
641=,Shane-Mulleigh,1
641=,Shantanu,1
641=,Shaquile,1
641=,Shaquille,1
641=,Shaun-Michael,1
641=,Shaw,1
641=,Shayne,1
641=,Shea,1
641=,Sher,1
641=,Sheraton,1
641=,Sheraz,1
641=,Sheryar,1
641=,Shiraz,1
641=,Shivan,1
641=,Shoaib,1
641=,Shuaib,1
641=,Shuji,1
641=,Shun,1
641=,Siddharth,1
641=,Sidney,1
641=,Sikotilani,1
641=,Simeon,1
641=,Simranjote,1
641=,Sion,1
641=,Sole,1
641=,Solomon,1
641=,Soma,1
641=,Somhairle,1
641=,Spyridon,1
641=,Steen,1
641=,Steffan,1
641=,Steffen,1
641=,Stephane,1
641=,Steven-John,1
641=,Stevenson,1
641=,Stirling,1
641=,Storm,1
641=,Stuart-James,1
641=,Sufian,1
641=,Suhail,1
641=,Sui,1
641=,Sukhjinder,1
641=,Sukhpal,1
641=,Sulaiman,1
641=,Sultan,1
641=,Sunjay,1
641=,Sunni,1
641=,Suraj,1
641=,Surjeet,1
641=,Tabassum,1
641=,Tabish,1
641=,Tadeusz,1
641=,Tadhg,1
641=,Taha,1
641=,Taimur,1
641=,Tajinder,1
641=,Tak,1
641=,Talhaa,1
641=,Tali,1
641=,Tannis,1
641=,Tanvir,1
641=,Tarim,1
641=,Tariq,1
641=,Tarran,1
641=,Tarun,1
641=,Tauqir,1
641=,Taymoor,1
641=,Teaghen,1
641=,Teejay,1
641=,Tegan,1
641=,Terrence,1
641=,Teymoor,1
641=,Thair,1
641=,Theo,1
641=,Theofanis,1
641=,Theron,1
641=,Thomas-James,1
641=,Tim,1
641=,Timo,1
641=,Tirlochen,1
641=,Tit,1
641=,Tj,1
641=,Tober,1
641=,Tommy-Lee,1
641=,Tonio,1
641=,Torran,1
641=,Traherne,1
641=,Travis,1
641=,Tre,1
641=,Trevor,1
641=,Tristam,1
641=,Troi,1
641=,Tuomas,1
641=,Tyron,1
641=,Tze,1
641=,Uisdean,1
641=,Ulric,1
641=,Umair,1
641=,Umayr,1
641=,Usama,1
641=,Usheen,1
641=,Uthmaan,1
641=,Uwais,1
641=,Vassileios,1
641=,Vassilies,1
641=,Vinicius,1
641=,Vishahan,1
641=,Vito,1
641=,Wacas,1
641=,Wai-Geit,1
641=,Wajahat,1
641=,Walker,1
641=,Waqaar,1
641=,Waqar,1
641=,Warrick,1
641=,Warwick,1
641=,Waseem,1
641=,Wedamuni,1
641=,Wesam,1
641=,Whiseem,1
641=,Wilfred,1
641=,Wiliam,1
641=,Wilson,1
641=,Wing,1
641=,Wo,1
641=,Xiangyu,1
641=,Xuan,1
641=,Yacine,1
641=,Yasir,1
641=,Yassine,1
641=,Yazdon,1
641=,Yee-Ton,1
641=,Yehudah,1
641=,Ying,1
641=,Yousaf,1
641=,Youssef,1
641=,Yousuf,1
641=,Ythan,1
641=,Ythen,1
641=,Yu-Keung,1
641=,Yuji,1
641=,Yung,1
641=,Yusaf,1
641=,Yusef,1
641=,Yusuf,1
641=,Zacharias,1
641=,Zackari,1
641=,Zackariah,1
641=,Zackarie,1
641=,Zackery,1
641=,Zahid,1
641=,Zaid,1
641=,Zaiem,1
641=,Zain-Ali,1
641=,Zain-Ul-Abedeen,1
641=,Zaker,1
641=,Zaki,1
641=,Zakir,1
641=,Zakk,1
641=,Zanang,1
641=,Zander,1
641=,Zane,1
641=,Zarcur,1
641=,Zargham,1
641=,Zarq,1
641=,Zayyan,1
641=,Zeeshawn,1
641=,Zehn,1
641=,Zein,1
641=,Zenn,1
641=,Zeyad,1
641=,Zia,1
641=,Zico,1
641=,Zimran,1
641=,Zion,1
641=,Zishaan,1
641=,Zishan,1
,,
,,
,,
,,
,,
,,
,,
,,
,,
,,
,,
,,
,,
,,
,,
,,
,,
,,
,,
,,
,,
,,
,,
,,
,,
,,
,,
,,
,,
,,
,,
,,
,,
,,
,,
,,
,,
,,
,,
,,
,,
,,
,,
,,
,,
,,
,,
,,
,,
,,
,,
,,
,,
,,
,,
,,
,,
,,
,,
,,
,,
,,
,,
,,
,,
,,
,,
,,
,,
,,
,,
,,
,,
,,
,,
,,
,,
,,
,,
,,
,,
,,
,,
,,
,,
,,
,,
,,
,,
,,
,,
,,
,,
,,
,,
,,
,,
,,
,,
,,
,,
,,
,,
,,
,,
,,
,,
,,
,,
,,
,,
,,
,,
,,
,,
,,
,,
,,
,,
,,
,,
,,
,,
,,
,,
,,
,,
,,
,,
,,
,,
,,
,,
,,
,,
,,
,,
,,
,,
,,
,,
,,
,,
,,
,,
,,
,,
,,
,,
,,
,,
,,
,,
,,
,,
,,
,,
,,
,,
,,
,,
,,
,,
,,
,,
,,
,,
,,
,,
,,
,,
,,
,,
,,
,,
,,
,,
,,
,,
,,
,,
,,
,,
,,
,,
,,
,,
,,
,,
,,
,,
,,
,,
,,
,,
,,
,,
,,
,,
,,
,,
,,
,,
,,
,,
,,
,,
,,
,,
,,
,,
,,
,,
,,
,,
,,
,,
,,
,,
,,
,,
,,
,,
,,
,,
,,
,,
,,
,,
,,
,,
,,
,,
,,
,,
,,
,,
,,
,,
,,
,,
,,
,,
,,
,,
,,
,,
,,
,,
,,
,,
,,
,,
,,
,,
,,
,,
,,
,,
,,
,,
,,
,,
,,
,,
,,
,,
,,
,,
,,
,,
,,
,,
,,
,,
,,
,,
,,
,,
,,
,,
,,
,,
,,
,,
,,
,,
,,
,,
,,
,,
,,
,,
,,
,,
,,
,,
,,
,,
,,
,,
,,
,,
,,
,,
,,
,,
,,
,,
,,
,,
,,
,,
,,
,,
,,
,,
,,
,,
,,
,,
,,
,,
,,
,,
,,
,,
,,
,,
,,
,,
,,
,,
,,
,,
,,
,,
,,
,,
,,
,,
,,
,,
,,
,,
,,
,,
,,
,,
,,
,,
,,
,,
,,
,,
,,
,,
,,
,,
,,
,,
,,
,,
,,
,,
,,
,,
,,
,,
,,
,,
,,
,,
,,
,,
,,
,,
,,
,,
,,
,,
,,
,,
,,
,,
,,
,,
,,
,,
,,
,,
,,
,,
,,
,,
,,
,,
,,
,,
,,
,,
,,
,,
,,
,,
,,
,,
,,
,,
,,
,,
,,
,,
,,
,,
,,
,,
,,
,,
,,
,,
,,
,,
,,
,,
,,
,,
,,
,,
,,
,,
,,
,,
,,
,,
,,
,,
,,
,,
,,
,,
,,
,,
,,
,,
,,
,,
,,
,,
,,
,,
,,
,,
,,
,,
,,
,,
,,
,,
,,
,,
,,
,,
,,
,,
,,
,,
,,
,,
,,
,,
,,
,,
,,
,,
,,
,,
,,
,,
,,
,,
,,
,,
,,
,,
,,
,,
,,
,,
,,
,,
,,
,,
,,
,,
,,
,,
,,
,,
,,
,,
,,
,,
,,
,,
,,
,,
,,
,,
,,
,,
,,
,,
,,
,,
,,
,,
,,
,,
,,
,,
,,
,,
,,
,,
,,
,,
,,
,,
,,
,,
,,
,,
,,
,,
,,
,,
,,
,,
,,
,,
,,
,,
,,
,,
,,
,,
,,
,,
,,
,,
,,
,,
,,
,,
,,
,,
,,
,,
,,
,,
,,
,,
,,
,,
,,
,,
,,
,,
,,
,,
,,
,,
,,
,,
,,
,,
,,
,,
,,
,,
,,
,,
,,
,,
,,
,,
,,
,,
,,
,,
,,
,,
,,
,,
,,
,,
,,
,,
,,
,,
,,
,,
,,
,,
,,
,,
,,
,,
,,
,,
,,
,,
,,
,,
,,
,,
,,
,,
,,
,,
,,
,,
,,
,,
,,
,,
,,
,,
,,
,,
,,
,,
,,
,,
,,
,,
,,
,,
,,
,,
,,
,,
,,
,,
,,
,,
,,
,,
,,
,,
,,
,,
,,
,,
,,
,,
,,
,,
,,
,,
,,
,,
,,
,,
,,
,,
,,
,,
,,
,,
,,
,,
,,
,,
,,
,,
,,
,,
,,
,,
,,
,,
,,
,,
,,
,,
,,
,,
,,
,,
,,
,,
,,
,,
,,
,,
,,
,,
,,
,,
,,
,,
,,
,,
,,
,,
,,
,,
,,
,,
,,
,,
,,
,,
,,
,,
,,
,,
,,
,,
,,
,,
,,
,,
,,
,,
,,
,,
,,
,,
,,
,,
,,
,,
,,
,,
,,
,,
,,
,,
,,
,,
,,
,,
,,
,,
,,
,,
,,
,,
,,
,,
,,
,,
,,
,,
,,
,,
,,
,,
,,
,,
,,
,,
,,
,,
,,
,,
,,
,,
,,
,,
,,
,,
,,
,,
,,
,,
,,
,,
,,
,,
,,
,,
,,
,,
,,
,,
,,
,,
,,
,,
,,
,,
,,
,,
,,
,,
,,
,,
,,
,,
,,
,,
,,
,,
,,
,,
,,
,,
,,
,,
,,
,,
,,
,,
,,
,,
,,
,,
,,
,,
,,
,,
,,
,,
,,
,,
,,
,,
,,
,,
,,
,,
,,
,,
,,
,,
,,
,,
,,
,,
,,
,,
,,
,,
,,
,,
,,
,,
,,
,,
,,
,,
,,
,,
,,
,,
,,
,,
,,
,,
,,
,,
,,
,,
,,
,,
,,
,,
,,
,,
,,
,,
,,
,,
,,
,,
,,
,,
,,
,,
,,
,,
,,
,,
,,
,,
,,
,,
,,
,,
,,
,,
,,
,,
,,
,,
,,
,,
,,
,,
,,
,,
,,
,,
,,
,,
,,
,,
,,
,,
,,
,,
,,
,,
,,
,,
,,
,,
,,
,,
,,
,,
,,
,,
,,
,,
,,
,,
,,
,,
,,
,,
,,
,,
,,
,,
,,
,,
,,
,,
,,
,,
,,
,,
,,
,,
,,
,,
,,
,,
,,
,,
,,
,,
,,
,,
,,
,,
,,
,,
,,
,,
,,
,,
,,
,,
,,
,,
,,
,,
,,
,,
,,
,,
,,
,,
,,
,,
,,
,,
,,
,,
,,
,,
,,
,,
,,
,,
,,
,,
,,
,,
,,
,,
,,
,,
,,
,,
,,
,,
,,
,,
,,
,,
,,
,,
,,
,,
,,
,,
,,
,,
,,
,,
,,
,,
,,
,,
,,
,,
,,
,,
,,
,,
,,
,,
,,
,,
,,
,,
,,
,,
,,
,,
,,
,,
,,
,,
,,
,,
,,
,,
,,
,,
,,
,,
,,
,,
,,
,,
,,
,,
,,
,,
,,
,,
,,
,,
,,
,,
,,
,,
,,
,,
,,
,,
,,
,,
,,
,,
,,
,,
,,
,,
,,
,,
,,
,,
,,
,,
,,
,,
,,
,,
,,
,,
,,
,,
,,
,,
,,
,,
,,
,,
,,
,,
,,
,,
,,
,,
,,
,,
,,
,,
,,
,,
,,
,,
,,
,,
,,
,,
,,
,,
,,
,,
,,
,,
,,
,,
,,
,,
,,
,,
,,
,,
,,
,,
,,
,,
,,
,,
,,
,,
,,
,,
,,
,,
,,
,,
,,
,,
,,
,,
,,
,,
,,
,,
,,
,,
,,
,,
,,
,,
,,
,,
,,
,,
,,
,,
,,
,,
,,
,,
,,
,,
,,
,,
,,
,,
,,
,,
,,
,,
,,
,,
,,
,,
,,
,,
,,
,,
,,
© Crown Copyright 2015,,
