Position,Name,Number of babies
1,Ryan,795
2,Andrew,761
3,Jack,759
4,Ross,700
5,James,638
6,Connor,590
7,Scott,586
8,Lewis,568
9,David,560
10,Michael,557
11,Jordan,554
12,Liam,550
13,Daniel,546
14,Cameron,526
15,Matthew,509
16,Kieran,474
17,Jamie,452
18,Christopher,440
19,Kyle,421
20,Callum,419
21,Craig,418
22,John,396
23,Dylan,394
24,Sean,367
25,Thomas,348
26,Adam,347
27,Calum,335
28,Mark,310
29,Robert,297
30,Fraser,292
31,Alexander,288
32,Declan,284
33,Paul,266
34,Aaron,260
35,Stuart,257
36,Euan,252
37,Steven,243
38,Darren,231
39,William,228
40,Lee,226
41=,Aidan,207
41=,Stephen,207
43,Nathan,205
44,Shaun,198
45,Ben,195
46,Joshua,191
47,Conor,176
48,Ewan,174
49,Reece,168
50,Samuel,159
51,Jonathan,158
52,Joseph,155
53=,Brandon,149
53=,Dean,149
55=,Marc,143
55=,Robbie,143
57=,Luke,139
57=,Rory,139
59=,Grant,134
59=,Peter,134
61=,Greg,133
61=,Sam,133
63,Blair,131
64,Gary,130
65,Jason,129
66,Martin,117
67,Iain,116
68,Josh,109
69,Gavin,106
70=,Benjamin,103
70=,Kevin,103
72=,Gregor,102
72=,Jake,102
74,Rhys,97
75,Harry,94
76,Alan,87
77=,George,86
77=,Nicholas,86
79=,Alistair,82
79=,Owen,82
81=,Angus,79
81=,Ciaran,79
83=,Bradley,77
83=,Duncan,77
85=,Anthony,76
85=,Patrick,76
87,Stewart,75
88,Neil,73
89,Alasdair,72
90,Taylor,71
91,Jay,70
92=,Colin,69
92=,Ian,69
94,Calvin,64
95,Charles,62
96,Murray,60
97,Joe,59
98=,Conner,57
98=,Dominic,57
98=,Gordon,57
101,Finlay,55
102=,Allan,54
102=,Hamish,54
104=,Keiran,53
104=,Louis,53
104=,Max,53
107,Richard,52
108=,Brian,51
108=,Dale,51
110=,Douglas,50
110=,Edward,50
110=,Graeme,50
113,Mohammed,48
114=,Ronan,47
114=,Ruairidh,47
116=,Aiden,45
116=,Logan,45
118=,Graham,44
118=,Jacob,44
118=,Oliver,44
121=,Elliot,42
121=,Ethan,42
121=,Niall,42
124=,Arran,41
124=,Kenneth,41
126,Charlie,40
127=,Leon,39
127=,Marcus,39
127=,Mitchell,39
130=,Keir,38
130=,Philip,38
132=,Alex,37
132=,Dillon,37
134,Billy,36
135=,Brendan,35
135=,Drew,35
135=,Fergus,35
138,Corey,34
139=,Derek,33
139=,Evan,33
141,Mohammad,31
142=,Bruce,30
142=,Donald,30
142=,Ruaridh,30
145=,Daryl,29
145=,Shane,29
147=,Barry,28
147=,Finn,28
149=,Greig,27
149=,Kerr,27
149=,Struan,27
149=,Tom,27
153=,Campbell,26
153=,Frazer,26
153=,Innes,26
153=,Jonathon,26
157=,Alastair,25
157=,Gareth,25
157=,Jon,25
157=,Mathew,25
161=,Glen,24
161=,Henry,24
161=,Kai,24
161=,Kristopher,24
165=,Arron,23
165=,Brad,23
165=,Bryan,23
165=,Garry,23
165=,Keith,23
165=,Regan,23
171=,Russell,22
171=,Simon,22
173=,Tyler,21
173=,Zachary,21
175=,Justin,20
175=,Lachlan,20
175=,Morgan,20
175=,Muhammad,20
175=,Reiss,20
180=,Brodie,19
180=,Hayden,19
182=,Ellis,18
182=,Glenn,18
182=,Kieron,18
182=,Lucas,18
186=,Caleb,17
186=,Christian,17
186=,Danny,17
186=,Raymond,17
190=,Harris,16
190=,Hugh,16
190=,Lyle,16
190=,Malcolm,16
190=,Marco,16
190=,Tony,16
190=,Zak,16
197=,Corrie,15
197=,Jordon,15
197=,Kieren,15
197=,Martyn,15
201=,Bailey,14
201=,Joel,14
201=,Rian,14
201=,Tommy,14
205=,Antony,13
205=,Ashley,13
205=,Darryl,13
205=,Myles,13
205=,Oscar,13
205=,Rowan,13
211=,Carl,12
211=,Cory,12
211=,Kane,12
211=,Kris,12
211=,Murdo,12
211=,Todd,12
217=,Adrian,11
217=,Francis,11
217=,Gerard,11
217=,Isaac,11
217=,Lloyd,11
217=,Rohan,11
217=,Roy,11
217=,Ruaraidh,11
217=,Stefan,11
226=,Brett,10
226=,Conan,10
226=,Declyn,10
226=,Eoin,10
226=,Findlay,10
226=,Harrison,10
226=,Kalvin,10
226=,Mason,10
226=,Nicolas,10
226=,Rob,10
226=,Robin,10
226=,Scot,10
238=,Austin,9
238=,Ayden,9
238=,Callan,9
238=,Frank,9
238=,Gabriel,9
238=,Humza,9
238=,Jai,9
238=,Jed,9
238=,Kelvin,9
238=,Kurtis,9
238=,Laurence,9
238=,Lawrence,9
238=,Levi,9
238=,Ruairi,9
238=,Saul,9
238=,Timothy,9
254=,Ali,8
254=,Alister,8
254=,Bobby,8
254=,Bryce,8
254=,Darryn,8
254=,Daryn,8
254=,Ewen,8
254=,Macauley,8
254=,Magnus,8
254=,Maxwell,8
254=,Sebastian,8
254=,Zack,8
266=,Abdul,7
266=,Anton,7
266=,Antonio,7
266=,Baillie,7
266=,Blake,7
266=,Clark,7
266=,Cody,7
266=,Connar,7
266=,Curtis,7
266=,Damian,7
266=,Damon,7
266=,Darrell,7
266=,Dillan,7
266=,Gregory,7
266=,Hamza,7
266=,Harvey,7
266=,Kristofer,7
266=,Matt,7
266=,Nicky,7
266=,Nico,7
266=,Reuben,7
266=,Terry,7
266=,Usman,7
266=,Warren,7
266=,Zac,7
291=,Abdullah,6
291=,Alec,6
291=,Alessandro,6
291=,Archibald,6
291=,Archie,6
291=,Barrie,6
291=,Benedict,6
291=,Bernard,6
291=,Caelan,6
291=,Chris,6
291=,Christy,6
291=,Damien,6
291=,Dennis,6
291=,Dylon,6
291=,Elliott,6
291=,Eric,6
291=,Felix,6
291=,Gregg,6
291=,Haydn,6
291=,Jordi,6
291=,Jorge,6
291=,Kirk,6
291=,Kristoffer,6
291=,Mikey,6
291=,Nathaniel,6
291=,Phillip,6
291=,Qasim,6
291=,Shawn,6
291=,Toby,6
291=,Tristan,6
291=,Zain,6
322=,Aedan,5
322=,Ahmed,5
322=,Alisdair,5
322=,Antoni,5
322=,Awais,5
322=,Brogan,5
322=,Cian,5
322=,Colm,5
322=,Conall,5
322=,Cullen,5
322=,Faisal,5
322=,Hamzah,5
322=,Hasan,5
322=,Hassan,5
322=,Hugo,5
322=,Jamal,5
322=,John-Paul,5
322=,Johnny,5
322=,Keenan,5
322=,Kristian,5
322=,Kurt,5
322=,Lachlann,5
322=,Leo,5
322=,Luca,5
322=,Miles,5
322=,Nicol,5
322=,Ramsay,5
322=,Ricky,5
322=,Ritchie,5
322=,Sandy,5
322=,Seumas,5
322=,Spencer,5
322=,Terence,5
322=,Tyrone,5
322=,Vincent,5
322=,Zach,5
358=,Aarron,4
358=,Ahmad,4
358=,Allister,4
358=,Arthur,4
358=,Asa,4
358=,Brandyn,4
358=,Cailean,4
358=,Cain,4
358=,Cairn,4
358=,Conal,4
358=,Conar,4
358=,Conrad,4
358=,Darin,4
358=,Frederick,4
358=,Gerald,4
358=,Guy,4
358=,Ivan,4
358=,Jackson,4
358=,Jak,4
358=,Jared,4
358=,Joss,4
358=,Kaine,4
358=,Karl,4
358=,Keiron,4
358=,Kern,4
358=,Kyran,4
358=,Laurie,4
358=,Leigh,4
358=,Leslie,4
358=,Macaulay,4
358=,Mohamed,4
358=,Nathen,4
358=,Noah,4
358=,Oisin,4
358=,Prentice,4
358=,Roddy,4
358=,Ronnie,4
358=,Ruari,4
358=,Rudi,4
358=,Seamus,4
358=,Shay,4
358=,Theodore,4
358=,Tobias,4
358=,Troy,4
358=,Victor,4
403=,Adeel,3
403=,Ahren,3
403=,Ahsan,3
403=,Allen,3
403=,Asim,3
403=,Benn,3
403=,Blaine,3
403=,Braden,3
403=,Brice,3
403=,Byron,3
403=,Cairan,3
403=,Cal,3
403=,Carlo,3
403=,Casey,3
403=,Cavan,3
403=,Ciaron,3
403=,Clayton,3
403=,Cole,3
403=,Conlan,3
403=,Crawford,3
403=,Dario,3
403=,Darragh,3
403=,Darran,3
403=,Derry,3
403=,Dougal,3
403=,Eliott,3
403=,Eoghann,3
403=,Erlend,3
403=,Farhan,3
403=,Fionnlagh,3
403=,Forbes,3
403=,Haaris,3
403=,Hadyn,3
403=,Harley,3
403=,Ibrahim,3
403=,Jacques,3
403=,Jae,3
403=,Jaime,3
403=,Jaimie,3
403=,Jayson,3
403=,Jeff,3
403=,Johnathan,3
403=,Johnathon,3
403=,Julian,3
403=,Kain,3
403=,Kaylum,3
403=,Keegan,3
403=,Keelan,3
403=,Keiren,3
403=,Kelan,3
403=,Kenny,3
403=,Krishan,3
403=,Lawrie,3
403=,Leighton,3
403=,Lennon,3
403=,Lorne,3
403=,Louie,3
403=,Luis,3
403=,Mackenzie,3
403=,Maximilian,3
403=,Milo,3
403=,Mohsin,3
403=,Moray,3
403=,Muhammed,3
403=,Murdoch,3
403=,Nathanael,3
403=,Neale,3
403=,Omar,3
403=,Osama,3
403=,Oskar,3
403=,Padraig,3
403=,Rae,3
403=,Riccardo,3
403=,Riley,3
403=,Ronald,3
403=,Rorie,3
403=,Rowen,3
403=,Ruaidhri,3
403=,Saif,3
403=,Sohail,3
403=,Steve,3
403=,Suleman,3
403=,Tariq,3
403=,Theo,3
403=,Tomas,3
403=,Umar,3
403=,Wayne,3
403=,Wesley,3
403=,Xavier,3
403=,Zen,3
493=,Aadam,2
493=,Aaran,2
493=,Aarran,2
493=,Adil,2
493=,Ajay,2
493=,Akash,2
493=,Alejandro,2
493=,Allyn,2
493=,Amar,2
493=,Andres,2
493=,Andy,2
493=,Anson,2
493=,Aonghas,2
493=,Aran,2
493=,Aravind,2
493=,Armin,2
493=,Aron,2
493=,Asad,2
493=,Assad,2
493=,Austyn,2
493=,Ayaz,2
493=,Aydan,2
493=,Azeem,2
493=,Barnaby,2
493=,Bilaal,2
493=,Bilal,2
493=,Billal,2
493=,Blain,2
493=,Brandan,2
493=,Brennan,2
493=,Brody,2
493=,Calan,2
493=,Calder,2
493=,Callam,2
493=,Callen,2
493=,Calumn,2
493=,Camran,2
493=,Caolan,2
493=,Carter,2
493=,Chad,2
493=,Chandler,2
493=,Chin,2
493=,Cieran,2
493=,Clay,2
493=,Coll,2
493=,Colum,2
493=,Conlon,2
493=,Conlyn,2
493=,Connall,2
493=,Connon,2
493=,Conran,2
493=,Cooper,2
493=,Cristiano,2
493=,Damion,2
493=,Dane,2
493=,Danial,2
493=,Danyal,2
493=,Darian,2
493=,Darrin,2
493=,Dayle,2
493=,Deacon,2
493=,Dechlan,2
493=,Del,2
493=,Denham,2
493=,Devlin,2
493=,Dexter,2
493=,Dhillon,2
493=,Diarmid,2
493=,Dominik,2
493=,Donnie,2
493=,Dyllan,2
493=,Eamon,2
493=,Eamonn,2
493=,Eddie,2
493=,Elijah,2
493=,Eoghan,2
493=,Erik,2
493=,Eugene,2
493=,Fabian,2
493=,Fabiano,2
493=,Fabio,2
493=,Fahad,2
493=,Faizan,2
493=,Fergal,2
493=,Finbar,2
493=,Fionn,2
493=,Flynn,2
493=,Frankie,2
493=,Garrett,2
493=,Geordie,2
493=,Georgi,2
493=,Giacomo,2
493=,Giorgio,2
493=,Glynn,2
493=,Hal,2
493=,Hamad,2
493=,Hamilton,2
493=,Hardeep,2
493=,Haris,2
493=,Haseeb,2
493=,Hector,2
493=,Hussain,2
493=,Idris,2
493=,Imran,2
493=,Inderjeet,2
493=,Innis,2
493=,Jakob,2
493=,Jan,2
493=,Jardin,2
493=,Jeremy,2
493=,Jim,2
493=,Jock,2
493=,Johnstone,2
493=,Jonah,2
493=,Jordan-Lee,2
493=,Jordyn,2
493=,Josef,2
493=,Josiah,2
493=,Jozef,2
493=,Jules,2
493=,Kailib,2
493=,Kaleb,2
493=,Kalem,2
493=,Kallum,2
493=,Kalum,2
493=,Karim,2
493=,Keirran,2
493=,Kelsey,2
493=,Khalid,2
493=,Kielan,2
493=,Kierin,2
493=,Kierran,2
493=,Konor,2
493=,Kriss,2
493=,Kye,2
493=,Laughlan,2
493=,Lindsay,2
493=,Luc,2
493=,Luka,2
493=,Luqman,2
493=,Lyall,2
493=,Mahomed,2
493=,Malik,2
493=,Marek,2
493=,Maurice,2
493=,Micheal,2
493=,Millar,2
493=,Mitchel,2
493=,Muir,2
493=,Mungo,2
493=,Nairn,2
493=,Nassim,2
493=,Neel,2
493=,Nikolas,2
493=,Noel,2
493=,Orin,2
493=,Orrin,2
493=,Owain,2
493=,Paolo,2
493=,Piers,2
493=,Raja,2
493=,Ralph,2
493=,Rameez,2
493=,Reagan,2
493=,Rhuaridh,2
493=,Rhyan,2
493=,Richie,2
493=,Rick,2
493=,Roderick,2
493=,Saad,2
493=,Sacha,2
493=,Sahil,2
493=,Salman,2
493=,Samir,2
493=,Samm,2
493=,Sammy,2
493=,Samson,2
493=,Seoras,2
493=,Shahbaz,2
493=,Sofian,2
493=,Sol,2
493=,Sonny,2
493=,Steffan,2
493=,Sulaiman,2
493=,Syed,2
493=,Tee-Jay,2
493=,Thorfinn,2
493=,Torin,2
493=,Uilleam,2
493=,Walker,2
493=,Wallace,2
493=,Walter,2
493=,Waqar,2
493=,Wilson,2
493=,Youssef,2
493=,Ythan,2
493=,Zohaib,2
493=,Zubair,2
691=,Aaden,1
691=,Aadil,1
691=,Aamir,1
691=,Aamish,1
691=,Aasim,1
691=,Abass,1
691=,Abbas,1
691=,Abbot,1
691=,Abdel,1
691=,Abdulaziz,1
691=,Abdulmajid,1
691=,Abdulmalek,1
691=,Abdulrahman,1
691=,Abid,1
691=,Abraham,1
691=,Abu,1
691=,Adain,1
691=,Adel,1
691=,Aden,1
691=,Adesson,1
691=,Adeyza,1
691=,Adham,1
691=,Aditya,1
691=,Aftab,1
691=,Afzaal,1
691=,Ahmet,1
691=,Ahran,1
691=,Aidyn,1
691=,Ainsley,1
691=,Ainslie,1
691=,Ajaz,1
691=,Akaash,1
691=,Akbar,1
691=,Akhil,1
691=,Alain,1
691=,Alaisdair,1
691=,Alam,1
691=,Albert,1
691=,Alec-Jon,1
691=,Aleksei,1
691=,Alessio,1
691=,Alexandros,1
691=,Alfred,1
691=,Alix,1
691=,Alizaib,1
691=,Allistair,1
691=,Allistar,1
691=,Ally,1
691=,Alshaan,1
691=,Aly,1
691=,Amaar,1
691=,Amin,1
691=,Aminul,1
691=,Amir,1
691=,Ammaar,1
691=,Ammar,1
691=,Anadvir,1
691=,Anand,1
691=,Anash,1
691=,Andi,1
691=,Andrei,1
691=,Andrew-Paul,1
691=,Andrew-Richard,1
691=,Aneeq,1
691=,Anes,1
691=,Anikate,1
691=,Annes,1
691=,Ans,1
691=,Anthon,1
691=,Antonis,1
691=,Aodan,1
691=,Aodhan,1
691=,Aonghus,1
691=,Apollo,1
691=,Arbaz,1
691=,Arden,1
691=,Areeb,1
691=,Areyan,1
691=,Aristide,1
691=,Arjan,1
691=,Armaan,1
691=,Arno,1
691=,Arrin,1
691=,Arrol,1
691=,Arsalan,1
691=,Arun,1
691=,Arunava,1
691=,Arya,1
691=,Ashir,1
691=,Ashwin,1
691=,Asif,1
691=,Athikul,1
691=,Atholl,1
691=,Auryn,1
691=,Avas,1
691=,Axel,1
691=,Ayman,1
691=,Ayoola,1
691=,Azam,1
691=,Azar,1
691=,Azim,1
691=,Babak,1
691=,Balal,1
691=,Baran,1
691=,Barclay,1
691=,Baron,1
691=,Basit,1
691=,Bayram,1
691=,Beau,1
691=,Behnam,1
691=,Beinn,1
691=,Benetton,1
691=,Beni,1
691=,Benjiman,1
691=,Bernhard,1
691=,Berwick,1
691=,Bhadrajee,1
691=,Bharat,1
691=,Bhaylie,1
691=,Bhoyd,1
691=,Billy-James,1
691=,Billy-Jay,1
691=,Binghii,1
691=,Bjorn,1
691=,Blane,1
691=,Blayne,1
691=,Bo,1
691=,Bob,1
691=,Bobbie,1
691=,Bosire,1
691=,Bradan,1
691=,Bradlee,1
691=,Braidyn,1
691=,Branden,1
691=,Brandin,1
691=,Brandonlee,1
691=,Brannan,1
691=,Brannon,1
691=,Brayden,1
691=,Brenainn,1
691=,Brendon,1
691=,Brent,1
691=,Brenton,1
691=,Broderick,1
691=,Brodi,1
691=,Broghan,1
691=,Brooke,1
691=,Bryden,1
691=,Brydn,1
691=,Brydon,1
691=,Bryn,1
691=,Bryss,1
691=,Caelin,1
691=,Caelum,1
691=,Caelyb,1
691=,Caghal,1
691=,Cai,1
691=,Cailin,1
691=,Cailum,1
691=,Caio,1
691=,Caius,1
691=,Cale,1
691=,Callym,1
691=,Callyn,1
691=,Calum-Iain,1
691=,Calvin-Jay,1
691=,Calym,1
691=,Camas,1
691=,Camryn,1
691=,Caol,1
691=,Carlos,1
691=,Carrick,1
691=,Caspar,1
691=,Cathal,1
691=,Cathan,1
691=,Ceallach,1
691=,Ceilan,1
691=,Ceinan,1
691=,Ceiran,1
691=,Cem,1
691=,Cha,1
691=,Chandeep,1
691=,Charley,1
691=,Charly,1
691=,Chay,1
691=,Chet,1
691=,Chi-Gin,1
691=,Chinmay,1
691=,Chiranjeev,1
691=,Chiron,1
691=,Choudrey,1
691=,Christiaan,1
691=,Christie,1
691=,Christoper,1
691=,Christophe,1
691=,Christopher-Jordan,1
691=,Chuk,1
691=,Chum,1
691=,Chung,1
691=,Claudio,1
691=,Clydeo,1
691=,Cobin,1
691=,Codi,1
691=,Coinneach,1
691=,Colvin,1
691=,Comrie,1
691=,Conchobar,1
691=,Coner,1
691=,Conher,1
691=,Conir,1
691=,Conlin,1
691=,Conna,1
691=,Connagh,1
691=,Connaire,1
691=,Connal,1
691=,Connell,1
691=,Conon,1
691=,Corentin,1
691=,Cormac,1
691=,Cornelis,1
691=,Corran,1
691=,Corry,1
691=,Creag,1
691=,Crisdean,1
691=,Cuillin,1
691=,Curt,1
691=,Curtis-John,1
691=,Cyrus,1
691=,Daawood,1
691=,Daegan,1
691=,Dafydd,1
691=,Dai,1
691=,Daire,1
691=,Daley,1
691=,Dalton,1
691=,Damen,1
691=,Damilola,1
691=,Dan,1
691=,Daniel-Jack,1
691=,Danni,1
691=,Danvir,1
691=,Danyaal,1
691=,Dapinder,1
691=,Daragh,1
691=,Darcey,1
691=,Darcy,1
691=,Daren,1
691=,Darius,1
691=,Dariush,1
691=,Darrel,1
691=,Darroch,1
691=,Darron,1
691=,Dary,1
691=,Daryll,1
691=,David-James,1
691=,David-Lee,1
691=,Davinder,1
691=,Davy,1
691=,Deacan,1
691=,Deaglan,1
691=,Deagtan,1
691=,Deane,1
691=,Dechlin,1
691=,Decklin,1
691=,Decklyn,1
691=,Declin,1
691=,Deen,1
691=,Deiniol,1
691=,Deklin,1
691=,Deklyn,1
691=,Demetre,1
691=,Dempsey,1
691=,Dempster,1
691=,Dene,1
691=,Denholm,1
691=,Denim,1
691=,Denis,1
691=,Deniz,1
691=,Dennan,1
691=,Denny,1
691=,Derie,1
691=,Derrick,1
691=,Des,1
691=,Devin,1
691=,Devon,1
691=,Devrim,1
691=,Dewi,1
691=,Dhanyal,1
691=,Dhruv,1
691=,Dilan,1
691=,Dilavar,1
691=,Dilbaag,1
691=,Dillan-James,1
691=,Dillen,1
691=,Dillin,1
691=,Dirk,1
691=,Dollan,1
691=,Domenico,1
691=,Domenyk,1
691=,Dominick,1
691=,Donnell,1
691=,Donny,1
691=,Dowan,1
691=,Doyle,1
691=,Dudley,1
691=,Dugan,1
691=,Duiness,1
691=,Dwayne,1
691=,Dylin,1
691=,Dyllon,1
691=,Eammon,1
691=,Ebenezer,1
691=,Eden,1
691=,Edwin,1
691=,Edzell,1
691=,Ehsin,1
691=,Eidan,1
691=,Eli,1
691=,Elias,1
691=,Eliot,1
691=,Elshan,1
691=,Emil,1
691=,Emilio,1
691=,Eneil,1
691=,Enoch,1
691=,Enzo,1
691=,Eon,1
691=,Eonan,1
691=,Eshwin,1
691=,Espen,1
691=,Essa,1
691=,Ethann,1
691=,Ethyn,1
691=,Etienne,1
691=,Fahid,1
691=,Faiman,1
691=,Faizaan,1
691=,Faleh,1
691=,Faraz,1
691=,Fareed,1
691=,Farhaan,1
691=,Fawaad,1
691=,Fazeel,1
691=,Fearghal,1
691=,Fehzan,1
691=,Fenning,1
691=,Fernando,1
691=,Fiann,1
691=,Fida,1
691=,Filip,1
691=,Filippo,1
691=,Fingal,1
691=,Finnlay,1
691=,Fintan,1
691=,Fionnbharr,1
691=,Fionnghal,1
691=,Firhan,1
691=,Fitzpatrick,1
691=,Forrest,1
691=,Fox,1
691=,Fred,1
691=,Freddie,1
691=,Fulton,1
691=,Gaelan,1
691=,Gaige,1
691=,Galen,1
691=,Garath,1
691=,Garden,1
691=,Garrow,1
691=,Garth,1
691=,Gaven,1
691=,Geoff,1
691=,Geoffrey,1
691=,Geran,1
691=,Gerrard,1
691=,Gerry,1
691=,Ghyll,1
691=,Gian,1
691=,Gianluca,1
691=,Gianmario,1
691=,Gianpiero,1
691=,Gideon,1
691=,Gil,1
691=,Gillan,1
691=,Gino,1
691=,Giovanni,1
691=,Giulio,1
691=,Gohar,1
691=,Goon,1
691=,Goran,1
691=,Grady,1
691=,Grahame,1
691=,Greogar,1
691=,Grier,1
691=,Griogair,1
691=,Guido,1
691=,Guillermo,1
691=,Gulshan,1
691=,Gurchand,1
691=,Gurdeep,1
691=,Gurpal,1
691=,Gurpreet,1
691=,Gurveer,1
691=,Gurvinder,1
691=,Gus,1
691=,Habib,1
691=,Haider,1
691=,Hammam,1
691=,Hans-Pieter,1
691=,Hanson,1
691=,Harcharn,1
691=,Hardylan,1
691=,Harith,1
691=,Harjot,1
691=,Harmanpreet,1
691=,Harold,1
691=,Haroon,1
691=,Harpreet,1
691=,Hartake,1
691=,Harwyn,1
691=,Hasib,1
691=,Hasibullah,1
691=,Hasith,1
691=,Hassanat,1
691=,Hawke,1
691=,Hendrik,1
691=,Henrik,1
691=,Hiaree,1
691=,Hideo,1
691=,Hip,1
691=,Hjalmar,1
691=,Hoy-Fung,1
691=,Hunnain,1
691=,Hunter,1
691=,Hussan,1
691=,Hussnen,1
691=,Huw,1
691=,Huzaifa,1
691=,Huzepha,1
691=,Hyun-Jie,1
691=,Ibtissam,1
691=,Idrees,1
691=,Ieuan,1
691=,Ikenna,1
691=,Ilhan,1
691=,Imamul,1
691=,Imtiyaaz,1
691=,Inderpal,1
691=,Indiana,1
691=,Indirveer,1
691=,Inho,1
691=,Inness,1
691=,Innocente,1
691=,Ion,1
691=,Iordanis,1
691=,Ira,1
691=,Irvine,1
691=,Isa,1
691=,Isidoro,1
691=,Islam,1
691=,Ismaeel,1
691=,Ismail,1
691=,Izaak,1
691=,Jabbar,1
691=,Jac,1
691=,Jacare,1
691=,Jace,1
691=,Jacen,1
691=,Jadon,1
691=,Jaffer,1
691=,Jagroshan,1
691=,Jahan,1
691=,Jaimy,1
691=,Jairaj,1
691=,Jaiz,1
691=,Jalal,1
691=,Jameel,1
691=,James-Lee,1
691=,Jameson,1
691=,Jamey,1
691=,Jami,1
691=,Jamieson,1
691=,Jamshed,1
691=,Janet,1
691=,Janusz,1
691=,Jarad,1
691=,Jardel,1
691=,Jardyn,1
691=,Jarraidh,1
691=,Jarred,1
691=,Jarrett,1
691=,Jarrid,1
691=,Jarrod,1
691=,Jarvis,1
691=,Jaryd,1
691=,Jasdeep,1
691=,Jasdev,1
691=,Jaskarun,1
691=,Jaskeran,1
691=,Jaspal,1
691=,Jasper,1
691=,Jaspreet,1
691=,Javier,1
691=,Jaxon,1
691=,Jay-Alexander,1
691=,Jayce,1
691=,Jaye,1
691=,Jayme,1
691=,Jaymie,1
691=,Jedidiah,1
691=,Jem,1
691=,Jenken,1
691=,Jenson,1
691=,Jerard,1
691=,Jeremie,1
691=,Jethro,1
691=,Jevon,1
691=,Ji,1
691=,Jianrong,1
691=,Jing,1
691=,Joab,1
691=,Joady,1
691=,John-Lee,1
691=,John-Mark,1
691=,John-Michael,1
691=,John-Ross,1
691=,John-Thomas,1
691=,Johnie,1
691=,Johnnie,1
691=,Johnsen,1
691=,Johnson,1
691=,Jon-Paul,1
691=,Jonni,1
691=,Jonny,1
691=,Jonothan,1
691=,Jonty,1
691=,Jools,1
691=,Jordanlee,1
691=,Jordie,1
691=,Jordin,1
691=,Jorel,1
691=,Jorin,1
691=,Jory,1
691=,Joshuah,1
691=,Jozsef,1
691=,Jubran,1
691=,Judah,1
691=,Judd,1
691=,Junaid,1
691=,Junhyuk,1
691=,Juurai,1
691=,Ka,1
691=,Ka-Lok,1
691=,Kaazim,1
691=,Kabir,1
691=,Kabiru,1
691=,Kagan,1
691=,Kahl,1
691=,Kaigen,1
691=,Kaillum,1
691=,Kailn,1
691=,Kailum,1
691=,Kaj,1
691=,Kal,1
691=,Kalam,1
691=,Kalan,1
691=,Kaleem,1
691=,Kalim,1
691=,Kalin,1
691=,Kalith,1
691=,Kalon,1
691=,Kalyn,1
691=,Kameron,1
691=,Kamil,1
691=,Kamran,1
691=,Kanta,1
691=,Karamraaj,1
691=,Karan,1
691=,Kareem,1
691=,Kareim,1
691=,Karel,1
691=,Kash,1
691=,Kashif,1
691=,Kashiv,1
691=,Kasra,1
691=,Kavana,1
691=,Kaven,1
691=,Kaya-Ion-Zion,1
691=,Kayd,1
691=,Keanu,1
691=,Kearen,1
691=,Kearin,1
691=,Kearn,1
691=,Kearon,1
691=,Kearyn,1
691=,Keeley,1
691=,Keeran,1
691=,Kees,1
691=,Kegan,1
691=,Keil,1
691=,Keirin,1
691=,Keirnan,1
691=,Keitel,1
691=,Kell,1
691=,Ken,1
691=,Kennedy,1
691=,Ker,1
691=,Kerran,1
691=,Kevyn,1
691=,Khalil,1
691=,Khaya,1
691=,Khwaja,1
691=,Kiam,1
691=,Kian,1
691=,Kiefer,1
691=,Kiel,1
691=,Kierr,1
691=,Kieryn,1
691=,Kiey,1
691=,Kile,1
691=,Kilian,1
691=,Kim,1
691=,Kin,1
691=,Kindred,1
691=,Kinloch,1
691=,Kinnell,1
691=,Kirin,1
691=,Kirit,1
691=,Kirpal,1
691=,Kishan,1
691=,Kodithuwakku,1
691=,Konal,1
691=,Konar,1
691=,Konnor,1
691=,Korey,1
691=,Kori,1
691=,Korrie,1
691=,Korsan,1
691=,Kristjan,1
691=,Kuen,1
691=,Kuljeet,1
691=,Kuran,1
691=,Kurunveer,1
691=,Kwame,1
691=,Kyrin,1
691=,Kyzer,1
691=,Laith,1
691=,Lakitha,1
691=,Lance,1
691=,Lara,1
691=,Lars,1
691=,Lauchlan,1
691=,Lauder,1
691=,Layne,1
691=,Laytham,1
691=,Lemmy,1
691=,Lennart,1
691=,Leodhas,1
691=,Leon-Pheonix,1
691=,Leonard,1
691=,Leor,1
691=,Levent,1
691=,Lewes,1
691=,Lewin,1
691=,Li,1
691=,Liam-David,1
691=,Lim,1
691=,Lindsey,1
691=,Linus,1
691=,Lliam,1
691=,Llyam,1
691=,Lochlann,1
691=,Lochlin,1
691=,Loic,1
691=,Lorcan,1
691=,Lorenzo,1
691=,Lorimer,1
691=,Loughlan,1
691=,Lucan,1
691=,Luciano,1
691=,Lucus,1
691=,Lukas,1
691=,Luthais,1
691=,Lyndon,1
691=,Maaz,1
691=,Mac,1
691=,Macaulley,1
691=,Machar,1
691=,Maclaen,1
691=,Magfur,1
691=,Mahbub,1
691=,Mahdi,1
691=,Man,1
691=,Mandeep,1
691=,Manraj,1
691=,Marc-Allen,1
691=,Marcel,1
691=,Marcelo,1
691=,Markus,1
691=,Marley,1
691=,Marlon,1
691=,Marnix,1
691=,Marshall,1
691=,Marti,1
691=,Marty,1
691=,Marwan,1
691=,Masaya,1
691=,Massimo,1
691=,Matthew-John,1
691=,Matthieu,1
691=,Maxie,1
691=,Maxim,1
691=,Maximillian,1
691=,Mayon,1
691=,Mcauley,1
691=,Mckelvie,1
691=,Mehmet,1
691=,Mehtab,1
691=,Mel,1
691=,Merlin,1
691=,Merrez,1
691=,Mert,1
691=,Micah,1
691=,Michael-James,1
691=,Micheil,1
691=,Michel,1
691=,Miguel,1
691=,Min,1
691=,Mirko,1
691=,Mirza,1
691=,Misha,1
691=,Mitch,1
691=,Mixalhs,1
691=,Mohamad,1
691=,Mohaymin,1
691=,Mohd,1
691=,Mohsen,1
691=,Morrison,1
691=,Morten,1
691=,Morton,1
691=,Morvin,1
691=,Mosa,1
691=,Mosin,1
691=,Muaz,1
691=,Mubashshir,1
691=,Mucahid,1
691=,Mueed,1
691=,Muhaimen-Ul,1
691=,Muhamed,1
691=,Munro,1
691=,Murrie,1
691=,Mutasim,1
691=,Muzamil,1
691=,Mykel,1
691=,Mylo,1
691=,Nadeem,1
691=,Naji,1
691=,Narinder,1
691=,Naseer,1
691=,Nassar,1
691=,Nasser,1
691=,Natalie,1
691=,Nathanial,1
691=,Nathon,1
691=,Naveed,1
691=,Navraj,1
691=,Nayan,1
691=,Nazim,1
691=,Neal,1
691=,Neall,1
691=,Neil-John,1
691=,Neill,1
691=,Nezar,1
691=,Nicco,1
691=,Nickey-Lee,1
691=,Nicki,1
691=,Nidal,1
691=,Nigel,1
691=,Nikita,1
691=,Nile,1
691=,Niles,1
691=,Nirdesh,1
691=,Nishaat,1
691=,Nlamwai,1
691=,Nomaan,1
691=,Nourdine,1
691=,Nu'man,1
691=,Nuvdeep,1
691=,Nyameye,1
691=,Nyle,1
691=,Oen,1
691=,Olusola,1
691=,Oluwatamilore,1
691=,Oluwatobi,1
691=,Omer,1
691=,Opeoluwa,1
691=,Orlando,1
691=,Osea,1
691=,Oska,1
691=,Otto,1
691=,Padruig,1
691=,Palmareno,1
691=,Parandeep,1
691=,Paudery,1
691=,Pawanjit,1
691=,Peadar,1
691=,Pearce,1
691=,Pedro,1
691=,Perry,1
691=,Phil,1
691=,Philip-James,1
691=,Pierce,1
691=,Pierre,1
691=,Pietro,1
691=,Piotr,1
691=,Piper,1
691=,Piyabhot,1
691=,Pranav,1
691=,Prasiddha,1
691=,Prentis,1
691=,Pume,1
691=,Qaasim,1
691=,Qayyim,1
691=,Quentin,1
691=,Quinn,1
691=,Rab,1
691=,Raegan,1
691=,Ragnar,1
691=,Raheel,1
691=,Raheem,1
691=,Rahim,1
691=,Rahul,1
691=,Raife,1
691=,Rajdeep,1
691=,Rajeev,1
691=,Rajpreet,1
691=,Rajveer,1
691=,Rajvinder,1
691=,Rakhime,1
691=,Ramandeep,1
691=,Ramon,1
691=,Ranald,1
691=,Rannoch,1
691=,Rashane,1
691=,Rashid,1
691=,Rauf,1
691=,Ravi,1
691=,Ravindran,1
691=,Raynor,1
691=,Razwaan,1
691=,Reace,1
691=,Recce,1
691=,Red,1
691=,Redha,1
691=,Redmond,1
691=,Reecekyle,1
691=,Reed,1
691=,Rees,1
691=,Reese,1
691=,Reghan,1
691=,Reid,1
691=,Reiff,1
691=,Renny,1
691=,Renwick,1
691=,Reza,1
691=,Rheece,1
691=,Rhian,1
691=,Rhory,1
691=,Rhuari,1
691=,Rhunne,1
691=,Rhye,1
691=,Rhyss,1
691=,Riagan,1
691=,Riam,1
691=,Ricard,1
691=,Ricki,1
691=,Rico,1
691=,Rik,1
691=,Rikki,1
691=,Rikky,1
691=,Riku,1
691=,Rino,1
691=,Riordon,1
691=,Ritabrata,1
691=,River,1
691=,Rizwan,1
691=,Roagan,1
691=,Roan,1
691=,Robb,1
691=,Robbin,1
691=,Robert-James,1
691=,Robie,1
691=,Robson,1
691=,Roddyne,1
691=,Rodger,1
691=,Rogan,1
691=,Roger,1
691=,Rohandeep,1
691=,Rohnan,1
691=,Romain,1
691=,Roman,1
691=,Romano,1
691=,Ronahn,1
691=,Ronyn,1
691=,Roridh,1
691=,Ros,1
691=,Royce,1
691=,Ruadhan,1
691=,Ruarai,1
691=,Ruariadh,1
691=,Ruarie,1
691=,Ruarri,1
691=,Ruben,1
691=,Ruebin,1
691=,Ruosh,1
691=,Rupert,1
691=,Ry,1
691=,Ryaan,1
691=,Ryan-Lee,1
691=,Ryden,1
691=,Ryin,1
691=,Ryka,1
691=,Ryse,1
691=,Sagar,1
691=,Sahad,1
691=,Sajad,1
691=,Sakib,1
691=,Saleh,1
691=,Saman,1
691=,Sameer,1
691=,Sami,1
691=,Samish,1
691=,Sammir,1
691=,Sanad,1
691=,Sandaidh,1
691=,Sandro,1
691=,Sanjeeva,1
691=,Santiago,1
691=,Santino,1
691=,Saraj,1
691=,Sardar,1
691=,Sativa,1
691=,Satvinder,1
691=,Savio,1
691=,Scotrraaj,1
691=,Selman,1
691=,Semmi,1
691=,Seonaidh,1
691=,Seorus,1
691=,Sercan,1
691=,Sergio,1
691=,Seth,1
691=,Shaan,1
691=,Shaemus,1
691=,Shafik,1
691=,Shahanay,1
691=,Shahbaaz,1
691=,Shahid,1
691=,Shahneel,1
691=,Shahzaib,1
691=,Shamim,1
691=,Shannon,1
691=,Shaquile,1
691=,Shaquille,1
691=,Shaunpaul,1
691=,Shaw,1
691=,Shayan,1
691=,Shazeb,1
691=,Sheer,1
691=,Sheharyar,1
691=,Sheher,1
691=,Shehryar,1
691=,Sheikh,1
691=,Sheridan,1
691=,Shingo,1
691=,Shiva-Amrit,1
691=,Shivan,1
691=,Shivedev,1
691=,Shoaib,1
691=,Sholom,1
691=,Sholto,1
691=,Shon,1
691=,Shreya,1
691=,Shu,1
691=,Shubhabrata,1
691=,Shun,1
691=,Sidney,1
691=,Simen,1
691=,Sionn,1
691=,Siraj,1
691=,Siu,1
691=,Slaine,1
691=,Sohaib,1
691=,Soheab,1
691=,Sohum,1
691=,Soloman,1
691=,Solomon,1
691=,Somhairle,1
691=,Sonnie,1
691=,Sora,1
691=,Stefano,1
691=,Stephan,1
691=,Stephane,1
691=,Stevie,1
691=,Stiofan,1
691=,Storm,1
691=,Strath,1
691=,Subhaan,1
691=,Sulman,1
691=,Sultaan,1
691=,Sultan,1
691=,Sun,1
691=,Sungdo,1
691=,Sunny,1
691=,Sweyn,1
691=,T-Jay,1
691=,Tadele,1
691=,Tagan,1
691=,Taha,1
691=,Tahir,1
691=,Tailor,1
691=,Tajveer,1
691=,Takahiro,1
691=,Tanveer,1
691=,Taran,1
691=,Tarik,1
691=,Tarn,1
691=,Tarrin,1
691=,Tarun,1
691=,Tatsuya,1
691=,Tawfik,1
691=,Tayab,1
691=,Tayler,1
691=,Tayyab,1
691=,Tayyub,1
691=,Tearlach,1
691=,Teddy,1
691=,Temur,1
691=,Terrence,1
691=,Teunis,1
691=,The,1
691=,Thibaut,1
691=,Thomas-James,1
691=,Thomas-Lee,1
691=,Tiam,1
691=,Tieje,1
691=,Tiernan,1
691=,Tijan,1
691=,Til,1
691=,Timo,1
691=,Tobermory,1
691=,Tod,1
691=,Tomi,1
691=,Tommi,1
691=,Toni,1
691=,Tosh,1
691=,Travis,1
691=,Trent,1
691=,Troi,1
691=,Trystan,1
691=,Turlough,1
691=,Turo,1
691=,Tuscan,1
691=,Tushriar,1
691=,Ty,1
691=,Tylar,1
691=,Tyree,1
691=,Udit,1
691=,Umair,1
691=,Usaid,1
691=,Usama,1
691=,Usmaan,1
691=,Uwais,1
691=,Uzair,1
691=,Uzayr,1
691=,Valentin,1
691=,Vianney,1
691=,Vikram,1
691=,Vivek,1
691=,Wageh,1
691=,Wai,1
691=,Wakas,1
691=,Waris,1
691=,Waseem,1
691=,Wasib,1
691=,Westlee,1
691=,Wil,1
691=,Wilhelm,1
691=,Will,1
691=,Win,1
691=,Wing-Hou,1
691=,Wiqas,1
691=,Wullie,1
691=,Yacine,1
691=,Yakoob,1
691=,Yann,1
691=,Yasar,1
691=,Yasir,1
691=,Yin,1
691=,Yiorgos,1
691=,Younus,1
691=,Yuanfan,1
691=,Yussef,1
691=,Yusuf,1
691=,Yusuke,1
691=,Yuuya,1
691=,Zachariah,1
691=,Zachariyya,1
691=,Zachery,1
691=,Zackary,1
691=,Zahid,1
691=,Zain-Ul-Abideen,1
691=,Zak-Iyy,1
691=,Zakarea,1
691=,Zaki,1
691=,Zamir,1
691=,Zander,1
691=,Zayaad,1
691=,Zeeshan,1
691=,Zefhrem,1
691=,Zeke,1
691=,Zeshan,1
691=,Zeus-Duriel,1
691=,Zeyd,1
691=,Zian,1
691=,Zoheb,1
,,
,,
,,
,,
,,
,,
,,
,,
,,
,,
,,
,,
,,
,,
,,
,,
,,
,,
,,
,,
,,
,,
,,
,,
,,
,,
,,
,,
,,
,,
,,
,,
,,
,,
,,
,,
,,
,,
,,
,,
,,
,,
,,
,,
,,
,,
,,
,,
,,
,,
,,
,,
,,
,,
,,
,,
,,
,,
,,
,,
,,
,,
,,
,,
,,
,,
,,
,,
,,
,,
,,
,,
,,
,,
,,
,,
,,
,,
,,
,,
,,
,,
,,
,,
,,
,,
,,
,,
,,
,,
,,
,,
,,
,,
,,
,,
,,
,,
,,
,,
,,
,,
,,
,,
,,
,,
,,
,,
,,
,,
,,
,,
,,
,,
,,
,,
,,
,,
,,
,,
,,
,,
,,
,,
,,
,,
,,
,,
,,
,,
,,
,,
,,
,,
,,
,,
,,
,,
,,
,,
,,
,,
,,
,,
,,
,,
,,
,,
,,
,,
,,
,,
,,
,,
,,
,,
,,
,,
,,
,,
,,
,,
,,
,,
,,
,,
,,
,,
,,
,,
,,
,,
,,
,,
,,
,,
,,
,,
,,
,,
,,
,,
,,
,,
,,
,,
,,
,,
,,
,,
,,
,,
,,
,,
,,
,,
,,
,,
,,
,,
,,
,,
,,
,,
,,
,,
,,
,,
,,
,,
,,
,,
,,
,,
,,
,,
,,
,,
,,
,,
,,
,,
,,
,,
,,
,,
,,
,,
,,
,,
,,
,,
,,
,,
,,
,,
,,
,,
,,
,,
,,
,,
,,
,,
,,
,,
,,
,,
,,
,,
,,
,,
,,
,,
,,
,,
,,
,,
,,
,,
,,
,,
,,
,,
,,
,,
,,
,,
,,
,,
,,
,,
,,
,,
,,
,,
,,
,,
,,
,,
,,
,,
,,
,,
,,
,,
,,
,,
,,
,,
,,
,,
,,
,,
,,
,,
,,
,,
,,
,,
,,
,,
,,
,,
,,
,,
,,
,,
,,
,,
,,
,,
,,
,,
,,
,,
,,
,,
,,
,,
,,
,,
,,
,,
,,
,,
,,
,,
,,
,,
,,
,,
,,
,,
,,
,,
,,
,,
,,
,,
,,
,,
,,
,,
,,
,,
,,
,,
,,
,,
,,
,,
,,
,,
,,
,,
,,
,,
,,
,,
,,
,,
,,
,,
,,
,,
,,
,,
,,
,,
,,
,,
,,
,,
,,
,,
,,
,,
,,
,,
,,
,,
,,
,,
,,
,,
,,
,,
,,
,,
,,
,,
,,
,,
,,
,,
,,
,,
,,
,,
,,
,,
,,
,,
,,
,,
,,
,,
,,
,,
,,
,,
,,
,,
,,
,,
,,
,,
,,
,,
,,
,,
,,
,,
,,
,,
,,
,,
,,
,,
,,
,,
,,
,,
,,
,,
,,
,,
,,
,,
,,
,,
,,
,,
,,
,,
,,
,,
,,
,,
,,
,,
,,
,,
,,
,,
,,
,,
,,
,,
,,
,,
,,
,,
,,
,,
,,
,,
,,
,,
,,
,,
,,
,,
,,
,,
,,
,,
,,
,,
,,
,,
,,
,,
,,
,,
,,
,,
,,
,,
,,
,,
,,
,,
,,
,,
,,
,,
,,
,,
,,
,,
,,
,,
,,
,,
,,
,,
,,
,,
,,
,,
,,
,,
,,
,,
,,
,,
,,
,,
,,
,,
,,
,,
,,
,,
,,
,,
,,
,,
,,
,,
,,
,,
,,
,,
,,
,,
,,
,,
,,
,,
,,
,,
,,
,,
,,
,,
,,
,,
,,
,,
,,
,,
,,
,,
,,
,,
,,
,,
,,
,,
,,
,,
,,
,,
,,
,,
,,
,,
,,
,,
,,
,,
,,
,,
,,
,,
,,
,,
,,
,,
,,
,,
,,
,,
,,
,,
,,
,,
,,
,,
,,
,,
,,
,,
,,
,,
,,
,,
,,
,,
,,
,,
,,
,,
,,
,,
,,
,,
,,
,,
,,
,,
,,
,,
,,
,,
,,
,,
,,
,,
,,
,,
,,
,,
,,
,,
,,
,,
,,
,,
,,
,,
,,
,,
,,
,,
,,
,,
,,
,,
,,
,,
,,
,,
,,
,,
,,
,,
,,
,,
,,
,,
,,
,,
,,
,,
,,
,,
,,
,,
,,
,,
,,
,,
,,
,,
,,
,,
,,
,,
,,
,,
,,
,,
,,
,,
,,
,,
,,
,,
,,
,,
,,
,,
,,
,,
,,
,,
,,
,,
,,
,,
,,
,,
,,
,,
,,
,,
,,
,,
,,
,,
,,
,,
,,
,,
,,
,,
,,
,,
,,
,,
,,
,,
,,
,,
,,
,,
,,
,,
,,
,,
,,
,,
,,
,,
,,
,,
,,
,,
,,
,,
,,
,,
,,
,,
,,
,,
,,
,,
,,
,,
,,
,,
,,
,,
,,
,,
,,
,,
,,
,,
,,
,,
,,
,,
,,
,,
,,
,,
,,
,,
,,
,,
,,
,,
,,
,,
,,
,,
,,
,,
,,
,,
,,
,,
,,
,,
,,
,,
,,
,,
,,
,,
,,
,,
,,
,,
,,
,,
,,
,,
,,
,,
,,
,,
,,
,,
,,
,,
,,
,,
,,
,,
,,
,,
,,
,,
,,
,,
,,
,,
,,
,,
,,
,,
,,
,,
,,
,,
,,
,,
,,
,,
,,
,,
,,
,,
,,
,,
,,
,,
,,
,,
,,
,,
,,
,,
,,
,,
,,
,,
,,
,,
,,
,,
,,
,,
,,
,,
,,
,,
,,
,,
,,
,,
,,
,,
,,
,,
,,
,,
,,
,,
,,
,,
,,
,,
,,
,,
,,
,,
,,
,,
,,
,,
,,
,,
,,
,,
,,
,,
,,
,,
,,
,,
,,
,,
,,
,,
,,
,,
,,
,,
,,
,,
,,
,,
,,
,,
,,
,,
,,
,,
,,
,,
,,
,,
,,
,,
,,
,,
,,
,,
,,
,,
,,
,,
,,
,,
,,
,,
,,
,,
,,
,,
,,
,,
,,
,,
,,
,,
,,
,,
,,
,,
,,
,,
,,
,,
,,
,,
,,
,,
,,
,,
,,
,,
,,
,,
,,
,,
,,
,,
,,
,,
,,
,,
,,
,,
,,
,,
,,
,,
,,
,,
,,
,,
,,
,,
,,
,,
,,
,,
,,
,,
,,
,,
,,
,,
,,
,,
,,
,,
,,
,,
,,
,,
,,
,,
,,
,,
,,
,,
,,
,,
,,
,,
,,
,,
,,
,,
,,
,,
,,
,,
,,
,,
,,
,,
,,
,,
,,
,,
,,
,,
,,
,,
,,
,,
,,
,,
,,
,,
,,
,,
,,
,,
,,
,,
,,
,,
,,
,,
,,
,,
,,
,,
,,
,,
,,
,,
,,
,,
,,
,,
,,
,,
,,
,,
,,
,,
,,
,,
,,
,,
,,
,,
,,
,,
,,
,,
,,
,,
,,
,,
,,
,,
,,
,,
,,
,,
,,
,,
,,
,,
,,
,,
,,
,,
,,
,,
,,
,,
,,
,,
,,
,,
,,
,,
,,
,,
,,
,,
,,
,,
,,
,,
,,
,,
,,
,,
,,
,,
,,
,,
,,
,,
,,
,,
,,
,,
,,
,,
,,
,,
,,
,,
,,
,,
,,
,,
,,
,,
,,
,,
,,
,,
,,
,,
,,
,,
,,
,,
,,
,,
,,
,,
,,
,,
,,
,,
,,
,,
,,
,,
,,
,,
,,
,,
,,
,,
,,
,,
,,
,,
,,
,,
,,
,,
,,
,,
,,
,,
,,
,,
,,
,,
,,
,,
,,
,,
,,
,,
,,
,,
,,
,,
,,
,,
,,
,,
,,
,,
,,
,,
,,
,,
,,
,,
,,
,,
,,
,,
,,
,,
,,
,,
,,
,,
© Crown Copyright 2015,,
