Position,Name,Number of babies
1,Ryan,791
2,Jack,709
3,Ross,662
4,Lewis,637
5,Cameron,619
6,James,616
7,Connor,592
8,Andrew,584
9,Scott,549
10,Callum,524
11,Jordan,516
12,Daniel,492
13,David,484
14,Matthew,483
15,Liam,471
16,Michael,466
17,Kieran,457
18,Craig,400
19,Kyle,395
20,Sean,383
21,Jamie,377
22,Dylan,362
23,John,353
24,Christopher,351
25,Calum,337
26,Adam,331
27,Thomas,309
28,Alexander,301
29,Mark,284
30,Nathan,280
31,Robert,272
32,Aaron,268
33,Euan,259
34,Fraser,244
35,Paul,238
36,Ewan,235
37,Declan,226
38,William,216
39,Ben,211
40,Stuart,206
41,Aidan,196
42,Stephen,194
43,Steven,191
44,Reece,189
45,Robbie,180
46,Joshua,179
47,Lee,178
48,Conor,169
49,Shaun,162
50,Darren,159
51,Samuel,154
52,Brandon,142
53,Marc,140
54,Joseph,139
55=,Dean,138
55=,Jonathan,138
57,Luke,135
58,Jake,129
59,Josh,128
60,Rory,127
61=,Greg,126
61=,Owen,126
63,Grant,125
64,Jason,124
65,Sam,114
66,Blair,112
67,Martin,105
68,Benjamin,104
69=,Gary,101
69=,Peter,101
71,Gavin,96
72,Rhys,94
73,Iain,91
74,Kevin,90
75,Ciaran,88
76=,Jay,86
76=,Murray,86
78=,Alistair,85
78=,Harry,85
80=,Bradley,84
80=,Finlay,84
82=,Alan,82
82=,Gregor,82
82=,Taylor,82
85,Nicholas,81
86,Ethan,80
87=,Angus,77
87=,Duncan,77
89=,Charles,76
89=,Stewart,76
91,Ronan,74
92,Aiden,70
93,Ian,69
94=,Anthony,68
94=,Neil,68
96,George,66
97=,Charlie,62
97=,Jacob,62
99,Max,61
100,Hamish,60
101=,Douglas,59
101=,Logan,59
103,Patrick,56
104,Ruairidh,54
105=,Morgan,53
105=,Richard,53
107,Mohammed,52
108=,Alasdair,51
108=,Brian,51
108=,Calvin,51
108=,Colin,51
108=,Marcus,51
113=,Graeme,48
113=,Louis,48
115,Arran,47
116=,Dominic,46
116=,Oliver,46
118,Keir,45
119,Alastair,44
120=,Brendan,41
120=,Conner,41
122,Joe,40
123=,Dillon,39
123=,Elliot,39
123=,Leon,39
126,Kai,38
127=,Dale,37
127=,Kenneth,37
127=,Niall,37
130,Tyler,36
131=,Edward,35
131=,Graham,35
131=,Kerr,35
131=,Lachlan,35
131=,Mitchell,35
136=,Alex,34
136=,Evan,34
136=,Keiran,34
139,Regan,33
140=,Greig,32
140=,Tom,32
142,Allan,31
143=,Brad,30
143=,Corey,30
143=,Gordon,30
143=,Shane,30
147,Glen,29
148=,Bailey,28
148=,Bruce,28
148=,Rowan,28
151=,Donald,27
151=,Justin,27
151=,Ruaridh,27
151=,Zak,27
155=,Fergus,26
155=,Struan,26
157=,Barry,25
157=,Danny,25
157=,Kieron,25
157=,Mohammad,25
161=,Arron,24
161=,Brodie,24
161=,Mathew,24
164=,Finn,23
164=,Frazer,23
164=,Kieren,23
164=,Philip,23
168=,Derek,22
168=,Henry,22
168=,Simon,22
171=,Billy,21
171=,Caleb,21
171=,Daryl,21
171=,Drew,21
171=,Hayden,21
171=,Kristopher,21
177=,Campbell,20
177=,Kane,20
179=,Christian,19
179=,Stefan,19
181=,Curtis,18
181=,Francis,18
181=,Reiss,18
184=,Gabriel,17
184=,Lloyd,17
184=,Russell,17
184=,Zachary,17
188=,Garry,16
188=,Jon,16
188=,Leo,16
188=,Mason,16
192=,Antony,15
192=,Findlay,15
192=,Innes,15
192=,Jordon,15
192=,Muhammad,15
197=,Darryl,14
197=,Gareth,14
197=,Harris,14
197=,Joel,14
197=,Jonathon,14
197=,Malcolm,14
197=,Maxwell,14
197=,Shawn,14
205=,Callan,13
205=,Gerard,13
205=,Hugh,13
205=,Keith,13
205=,Martyn,13
205=,Robin,13
205=,Tommy,13
205=,Tony,13
213=,Adrian,12
213=,Ali,12
213=,Conall,12
213=,Corrie,12
213=,Lucas,12
213=,Raymond,12
213=,Reagan,12
213=,Rohan,12
213=,Ronald,12
213=,Tristan,12
223=,Bryan,11
223=,Finley,11
223=,Glenn,11
223=,Guy,11
223=,Harrison,11
223=,Magnus,11
223=,Marco,11
223=,Nicolas,11
223=,Warren,11
232=,Anton,10
232=,Bilal,10
232=,Bryce,10
232=,Elliott,10
232=,Ellis,10
232=,Johnathan,10
232=,Kristofer,10
232=,Murdo,10
232=,Nico,10
232=,Oscar,10
232=,Sandy,10
232=,Zack,10
244=,Archie,9
244=,Clark,9
244=,Cole,9
244=,Daryn,9
244=,Eoin,9
244=,Ewen,9
244=,Isaac,9
244=,Jed,9
244=,Kelvin,9
244=,Myles,9
244=,Reuben,9
244=,Rian,9
244=,Ricky,9
244=,Ruaraidh,9
244=,Timothy,9
259=,Abdul,8
259=,Austin,8
259=,Brett,8
259=,Cairn,8
259=,Cory,8
259=,Dillan,8
259=,Gregory,8
259=,Harvey,8
259=,Humza,8
259=,Jak,8
259=,Lauchlan,8
259=,Lyle,8
259=,Mackenzie,8
259=,Ruari,8
259=,Shay,8
259=,Zain,8
275=,Blake,7
275=,Cailean,7
275=,Conan,7
275=,Damon,7
275=,Hector,7
275=,Hugo,7
275=,Jackson,7
275=,Jai,7
275=,Levi,7
275=,Nairn,7
275=,Phillip,7
275=,Ramsay,7
275=,Sonny,7
275=,Syed,7
289=,Aarron,6
289=,Antonio,6
289=,Archibald,6
289=,Blaine,6
289=,Bobby,6
289=,Cavan,6
289=,Cieran,6
289=,Conal,6
289=,Cormac,6
289=,Damian,6
289=,Damien,6
289=,Donnie,6
289=,Felix,6
289=,Frederick,6
289=,Haris,6
289=,Kalvin,6
289=,Kamran,6
289=,Kirk,6
289=,Lawrence,6
289=,Leighton,6
289=,Lorne,6
289=,Luca,6
289=,Lyall,6
289=,Macauley,6
289=,Matt,6
289=,Miles,6
289=,Nathaniel,6
289=,Omar,6
289=,Quinn,6
289=,Ruairi,6
289=,Scot,6
289=,Tomas,6
289=,Wesley,6
322=,Abdullah,5
322=,Alisdair,5
322=,Aqib,5
322=,Ashley,5
322=,Baillie,5
322=,Benedict,5
322=,Brogan,5
322=,Chris,5
322=,Cian,5
322=,Conlan,5
322=,Dario,5
322=,Dominik,5
322=,Eden,5
322=,Eliot,5
322=,Eric,5
322=,Hasan,5
322=,Jayson,5
322=,Keenan,5
322=,Kenan,5
322=,Kristoffer,5
322=,Kye,5
322=,Lochlan,5
322=,Macaulay,5
322=,Milo,5
322=,Mohamed,5
322=,Muhammed,5
322=,Owain,5
322=,Reegan,5
322=,Roderick,5
322=,Saul,5
322=,Sebastian,5
322=,Shea,5
322=,Terry,5
322=,Theodore,5
322=,Troy,5
322=,Will,5
358=,Ajay,4
358=,Alec,4
358=,Alfie,4
358=,Allister,4
358=,Andy,4
358=,Aston,4
358=,Ayden,4
358=,Brady,4
358=,Byron,4
358=,Cain,4
358=,Carl,4
358=,Carson,4
358=,Casey,4
358=,Chun,4
358=,Conar,4
358=,Connall,4
358=,Connar,4
358=,Conrad,4
358=,Crawford,4
358=,Darius,4
358=,Darrel,4
358=,Darrell,4
358=,Dougal,4
358=,Edwin,4
358=,Fintan,4
358=,Frank,4
358=,Gerald,4
358=,Gregg,4
358=,Hamzah,4
358=,Harley,4
358=,Haroon,4
358=,Haydn,4
358=,Ibrahim,4
358=,Imran,4
358=,Jared,4
358=,Josef,4
358=,Joss,4
358=,Keegan,4
358=,Keiron,4
358=,Kurt,4
358=,Lindsay,4
358=,Maximilian,4
358=,Mikey,4
358=,Nicky,4
358=,Nicol,4
358=,Noah,4
358=,Qasim,4
358=,Ray,4
358=,Rees,4
358=,Riley,4
358=,Ritchie,4
358=,Rob,4
358=,Roddy,4
358=,Roy,4
358=,Saif,4
358=,Salman,4
358=,Seth,4
358=,Sol,4
358=,Spencer,4
358=,Tariq,4
358=,Wallace,4
358=,Wayne,4
358=,Zachariah,4
358=,Zubair,4
422=,Aaran,3
422=,Adil,3
422=,Aedan,3
422=,Ahmed,3
422=,Albert,3
422=,Alister,3
422=,Ally,3
422=,Amir,3
422=,Aodhan,3
422=,Arjun,3
422=,Aron,3
422=,Arthur,3
422=,Bernard,3
422=,Branden,3
422=,Brenden,3
422=,Brendon,3
422=,Brody,3
422=,Carlos,3
422=,Carter,3
422=,Cathal,3
422=,Clarke,3
422=,Coll,3
422=,Cullen,3
422=,Damion,3
422=,Dan,3
422=,Danyal,3
422=,Daragh,3
422=,Darragh,3
422=,Daud,3
422=,Declyn,3
422=,Deklyn,3
422=,Derry,3
422=,Dion,3
422=,Don,3
422=,Elijah,3
422=,Eoghan,3
422=,Faisal,3
422=,Fionn,3
422=,Freddie,3
422=,Hamza,3
422=,Hassan,3
422=,Hussain,3
422=,Jackie,3
422=,Jaime,3
422=,Jakob,3
422=,Jan,3
422=,Jarod,3
422=,Jaymie,3
422=,John-James,3
422=,Jose,3
422=,Junior,3
422=,Kallum,3
422=,Karl,3
422=,Kasim,3
422=,Kaylum,3
422=,Keelan,3
422=,Kenny,3
422=,Kern,3
422=,Kris,3
422=,Kristian,3
422=,Kurtis,3
422=,Laurence,3
422=,Laurie,3
422=,Lochlann,3
422=,Lorenzo,3
422=,Millar,3
422=,Moray,3
422=,Morton,3
422=,Nabeel,3
422=,Nick,3
422=,Quentin,3
422=,Rehman,3
422=,Reid,3
422=,Rhyss,3
422=,Robbi,3
422=,Robby,3
422=,Ruan,3
422=,Sammy,3
422=,Seamus,3
422=,Sorley,3
422=,Stephan,3
422=,Stevie,3
422=,Tayler,3
422=,Terence,3
422=,Theo,3
422=,Toby,3
422=,Todd,3
422=,Trevor,3
422=,Tyrone,3
422=,Umar,3
422=,Usama,3
422=,Vincent,3
422=,Walter,3
422=,Wilson,3
422=,Zac,3
517=,Aadam,2
517=,Abbas,2
517=,Abu,2
517=,Adnan,2
517=,Akash,2
517=,Alexandre,2
517=,Alexandros,2
517=,Alfred,2
517=,Ammar,2
517=,Anish,2
517=,Aran,2
517=,Arif,2
517=,Arryn,2
517=,Athol,2
517=,Austen,2
517=,Awais,2
517=,Ayaz,2
517=,Aydan,2
517=,Azeem,2
517=,Barrie,2
517=,Benn,2
517=,Braden,2
517=,Brandan,2
517=,Brandyn,2
517=,Caelan,2
517=,Cai,2
517=,Cairan,2
517=,Cal,2
517=,Cale,2
517=,Calib,2
517=,Callen,2
517=,Calumn,2
517=,Camran,2
517=,Caolan,2
517=,Carrick,2
517=,Cary,2
517=,Chae,2
517=,Christy,2
517=,Codey,2
517=,Colm,2
517=,Coner,2
517=,Connagh,2
517=,Connaire,2
517=,Connan,2
517=,Connell,2
517=,Conran,2
517=,Corbin,2
517=,Corin,2
517=,Corran,2
517=,Corri,2
517=,Daniele,2
517=,Darnell,2
517=,Darrin,2
517=,Dawson,2
517=,Declin,2
517=,Dennis,2
517=,Dennon,2
517=,Derryn,2
517=,Devlin,2
517=,Devon,2
517=,Donovan,2
517=,Dugal,2
517=,Dylon,2
517=,Eamon,2
517=,Eddie,2
517=,Emilio,2
517=,Enrico,2
517=,Eoghain,2
517=,Erik,2
517=,Erin,2
517=,Faizan,2
517=,Flynn,2
517=,Francisco,2
517=,Fyfe,2
517=,Gage,2
517=,Garth,2
517=,Geordie,2
517=,Grahame,2
517=,Gurdave,2
517=,Harper,2
517=,Hunter,2
517=,Ieuan,2
517=,Irfan,2
517=,Ivan,2
517=,Jac,2
517=,Jaimie,2
517=,Jamal,2
517=,Jaye,2
517=,Jayme,2
517=,Jedd,2
517=,Jefferson,2
517=,Jeffrey,2
517=,Jeremiah,2
517=,Jerry,2
517=,Jimmy,2
517=,Jock,2
517=,Johannes,2
517=,Johnathon,2
517=,Johnny,2
517=,Johnpaul,2
517=,Jordan-Lee,2
517=,Jude,2
517=,Kade,2
517=,Kaine,2
517=,Kal,2
517=,Kaleb,2
517=,Kasey,2
517=,Keanan,2
517=,Keiren,2
517=,Kenzie,2
517=,Kier,2
517=,Kierian,2
517=,Kierren,2
517=,Kiran,2
517=,Kobe,2
517=,Kobi,2
517=,Konnor,2
517=,Korey,2
517=,Kyran,2
517=,Lachlann,2
517=,Lawrie,2
517=,Leonard,2
517=,Leonardo,2
517=,Leroy,2
517=,Lorcan,2
517=,Luc,2
517=,Luigi,2
517=,Lukas,2
517=,Macauly,2
517=,Maitland,2
517=,Malachy,2
517=,Man,2
517=,Mario,2
517=,Marshall,2
517=,Matteo,2
517=,Maxime,2
517=,Maximillian,2
517=,Michele,2
517=,Mikael,2
517=,Mitchel,2
517=,Mohd,2
517=,Munro,2
517=,Murad,2
517=,Musa,2
517=,Nadeem,2
517=,Narayan,2
517=,Nathanael,2
517=,Nathanial,2
517=,Neal,2
517=,Niccolo,2
517=,Niklas,2
517=,Nyall,2
517=,Odin,2
517=,Omid,2
517=,Oran,2
517=,Osama,2
517=,Paolo,2
517=,Pearce,2
517=,Piero,2
517=,Rafi,2
517=,Raza,2
517=,Reace,2
517=,Rhonan,2
517=,Rhuaridh,2
517=,Riaz,2
517=,Richey,2
517=,Richie,2
517=,Ricki,2
517=,Roan,2
517=,Roman,2
517=,Rorie,2
517=,Rowen,2
517=,Sabir,2
517=,Salim,2
517=,Santino,2
517=,Seamas,2
517=,Seoras,2
517=,Seumas,2
517=,Shaw,2
517=,Sheldon,2
517=,Sohaib,2
517=,Stefano,2
517=,Steffan,2
517=,Subhan,2
517=,Sulaiman,2
517=,Suleman,2
517=,Tate,2
517=,Tayyib,2
517=,Thibaut,2
517=,Thorfinn,2
517=,Tobias,2
517=,Torran,2
517=,Tylar,2
517=,Ubaid,2
517=,Usmaan,2
517=,Victor,2
517=,Vittorio,2
517=,Wai,2
517=,Waseem,2
517=,Xavier,2
517=,Yann,2
517=,Zach,2
517=,Zeeshan,2
517=,Zen,2
517=,Zidane,2
722=,Aarran,1
722=,Abanoub,1
722=,Abdul-Haq,1
722=,Abdulmoez,1
722=,Abdulrahman,1
722=,Abhishek,1
722=,Abraham,1
722=,Abubakar,1
722=,Abubakr,1
722=,Adem,1
722=,Adib,1
722=,Adim,1
722=,Adithya,1
722=,Aeneas,1
722=,Agung,1
722=,Ahad,1
722=,Ahan,1
722=,Ahmir,1
722=,Ahren,1
722=,Aidan-James,1
722=,Aidden,1
722=,Aidin,1
722=,Aidyn,1
722=,Aiman,1
722=,Airon,1
722=,Aitor,1
722=,Ajaypal,1
722=,Ajaypreet,1
722=,Ajmer,1
722=,Akira,1
722=,Akmal,1
722=,Al'amin,1
722=,Al-Ebrahim,1
722=,Alek,1
722=,Alessandro,1
722=,Alexsander,1
722=,Alfie-Rex,1
722=,Alfy,1
722=,Allen,1
722=,Allin,1
722=,Allistair,1
722=,Allistair-David,1
722=,Alwyn,1
722=,Aly,1
722=,Alyster,1
722=,Amaar,1
722=,Amal,1
722=,Aman,1
722=,Ameerhamza,1
722=,Amereek,1
722=,Amit,1
722=,Ammish,1
722=,Amos,1
722=,Amritpal,1
722=,Anas,1
722=,Anders,1
722=,Andrea,1
722=,Andres,1
722=,Andreu,1
722=,Andrew-Scott,1
722=,Anik,1
722=,Anton-Morgan,1
722=,Antoni,1
722=,Anza,1
722=,Aonghas,1
722=,Aqeel,1
722=,Archi,1
722=,Arean,1
722=,Arghanil,1
722=,Argyll,1
722=,Arman,1
722=,Armando,1
722=,Armin,1
722=,Armour,1
722=,Arnau,1
722=,Aronn,1
722=,Arren,1
722=,Arum,1
722=,Arun,1
722=,Aryaan,1
722=,Aryn,1
722=,Asa,1
722=,Asad,1
722=,Ash,1
722=,Ashlay,1
722=,Ashok,1
722=,Ashraf,1
722=,Ashril,1
722=,Ashton,1
722=,Aslam,1
722=,Assad,1
722=,Astra,1
722=,Athen,1
722=,Atholl,1
722=,Atsuharu,1
722=,Auryn,1
722=,Aves,1
722=,Aydin,1
722=,Aydon,1
722=,Aymen,1
722=,Ayrton,1
722=,Aysa,1
722=,Ayub,1
722=,Azam,1
722=,Azhar,1
722=,Aziz,1
722=,Azri,1
722=,Babar,1
722=,Backer,1
722=,Bairre,1
722=,Balal,1
722=,Bari,1
722=,Baris,1
722=,Barney,1
722=,Basharat,1
722=,Bashir,1
722=,Be-Niaz,1
722=,Becan,1
722=,Behnton,1
722=,Beinn,1
722=,Belal,1
722=,Benson,1
722=,Beric,1
722=,Bill,1
722=,Billal,1
722=,Bjork,1
722=,Blaise,1
722=,Blayne,1
722=,Bleu,1
722=,Blue,1
722=,Blyth,1
722=,Bo,1
722=,Bob,1
722=,Bobby-James,1
722=,Boston,1
722=,Boyd,1
722=,Bradlee,1
722=,Bradlley,1
722=,Bradly,1
722=,Brandon-Lee,1
722=,Brandyn-Lee,1
722=,Brannan,1
722=,Brant,1
722=,Brayden,1
722=,Braydn,1
722=,Bree,1
722=,Brenainn,1
722=,Brendin,1
722=,Brennan,1
722=,Breoghan,1
722=,Brice,1
722=,Bright,1
722=,Broderick,1
722=,Bryann,1
722=,Bryden,1
722=,Brydon,1
722=,Bryn,1
722=,Buddy,1
722=,Burhan,1
722=,Buster,1
722=,Cade,1
722=,Cahal,1
722=,Cahil,1
722=,Cahl,1
722=,Cailead,1
722=,Caine,1
722=,Cairin,1
722=,Cairns,1
722=,Calahan,1
722=,Calan,1
722=,Calder,1
722=,Caleld,1
722=,Calhan,1
722=,Calim,1
722=,Calluinn,1
722=,Callumjohn,1
722=,Camile,1
722=,Camrin,1
722=,Camron,1
722=,Caoilen,1
722=,Caoilfhinn,1
722=,Caoimhin,1
722=,Carel,1
722=,Carey,1
722=,Carlo,1
722=,Caspian,1
722=,Cavin,1
722=,Ceillem,1
722=,Ceiran,1
722=,Cemali,1
722=,Cenaed,1
722=,Chandler,1
722=,Chandon,1
722=,Chandrarajan,1
722=,Chaorui,1
722=,Charleigh,1
722=,Charles-Alexander,1
722=,Charley,1
722=,Chawanangwa,1
722=,Chaz,1
722=,Chee,1
722=,Chi,1
722=,Ching,1
722=,Christien,1
722=,Christophe,1
722=,Chukwuemeka,1
722=,Chung,1
722=,Ciar,1
722=,Ciaren,1
722=,Cieron,1
722=,Cinneadh,1
722=,Claude,1
722=,Claudio,1
722=,Clay,1
722=,Clayton,1
722=,Clement,1
722=,Clifford,1
722=,Clinton,1
722=,Clive,1
722=,Clyde,1
722=,Coby,1
722=,Cody,1
722=,Coist,1
722=,Colby,1
722=,Coltrane,1
722=,Colum,1
722=,Colvin,1
722=,Conghal,1
722=,Conlen,1
722=,Conlin,1
722=,Conlyn,1
722=,Connal,1
722=,Connel,1
722=,Connnor,1
722=,Connoll,1
722=,Connon,1
722=,Connull,1
722=,Constantinos,1
722=,Cooper,1
722=,Corbinn,1
722=,Core,1
722=,Corrin,1
722=,Cosmo,1
722=,Craven,1
722=,Cray,1
722=,Crispin,1
722=,Cuairidh,1
722=,Cullan,1
722=,Cyrus,1
722=,Cyruss,1
722=,Daanish,1
722=,Daanyaal,1
722=,Dagan,1
722=,Dahir,1
722=,Daib,1
722=,Dallas,1
722=,Dalton,1
722=,Dalwinder,1
722=,Damal,1
722=,Damienios,1
722=,Danae,1
722=,Dane,1
722=,Danforth,1
722=,Daniyal,1
722=,Dannie,1
722=,Danyaal,1
722=,Daoud,1
722=,Dara,1
722=,Darach,1
722=,Darcy,1
722=,Daren,1
722=,Darian,1
722=,Darien,1
722=,Darin,1
722=,Dariusz,1
722=,Darrach,1
722=,Darran,1
722=,Darryn,1
722=,Daryll,1
722=,Daryne,1
722=,Dave,1
722=,Davide,1
722=,Davinder,1
722=,Davis,1
722=,Davraj,1
722=,Dayle,1
722=,Decklin,1
722=,Decklyn,1
722=,Decklynd,1
722=,Decland,1
722=,Declane,1
722=,Declean,1
722=,Declen,1
722=,Deklen,1
722=,Deklin,1
722=,Del,1
722=,Dell,1
722=,Denham,1
722=,Denholm,1
722=,Deni,1
722=,Denni,1
722=,Denny,1
722=,Denon,1
722=,Denver,1
722=,Deon,1
722=,Deren,1
722=,Deri,1
722=,Derren,1
722=,Derri,1
722=,Derrick,1
722=,Derrin,1
722=,Desmond,1
722=,Deston,1
722=,Devin,1
722=,Devon-Reece,1
722=,Devyn,1
722=,Dezl,1
722=,Dheri,1
722=,Dhruv,1
722=,Dillin,1
722=,Dillion,1
722=,Dimitri,1
722=,Dionysos,1
722=,Dodie,1
722=,Dohnam,1
722=,Domenico,1
722=,Domminic,1
722=,Domonic,1
722=,Donneil,1
722=,Dorian,1
722=,Dorukhan,1
722=,Duane,1
722=,Duart,1
722=,Dugald,1
722=,Eachainn,1
722=,Eamonn,1
722=,Easton,1
722=,Eathan,1
722=,Eavan,1
722=,Ebraheem,1
722=,Edan,1
722=,Edhan,1
722=,Edreece,1
722=,Elbara'a,1
722=,Eliah,1
722=,Eliott,1
722=,Ellan,1
722=,Elsdon,1
722=,Elton,1
722=,Elvin,1
722=,Emann,1
722=,Emile,1
722=,Emmanuel,1
722=,Emmet,1
722=,Ennis,1
722=,Enrique,1
722=,Eoan,1
722=,Eriangga,1
722=,Eric-Anthony,1
722=,Ernest,1
722=,Ernie,1
722=,Eryn,1
722=,Ethian,1
722=,Euen,1
722=,Eunan,1
722=,Ever,1
722=,Fabian,1
722=,Fabio,1
722=,Fabricio,1
722=,Fabrizio,1
722=,Faizaan,1
722=,Faizhan,1
722=,Faraaz,1
722=,Faraz,1
722=,Farhaan,1
722=,Fariad,1
722=,Faris,1
722=,Farouk,1
722=,Farquhar,1
722=,Fearghas,1
722=,Fearghus,1
722=,Feargus,1
722=,Feilim,1
722=,Fergal,1
722=,Ferghus,1
722=,Feroz,1
722=,Ferrier,1
722=,Fhinan,1
722=,Filipe,1
722=,Finbar,1
722=,Fingal,1
722=,Finnian,1
722=,Finnley,1
722=,Fionnlagh,1
722=,Fionntan,1
722=,Florian,1
722=,Forbes,1
722=,Fox,1
722=,Francesco,1
722=,Fraz,1
722=,Frederic,1
722=,Furkan,1
722=,Fynn,1
722=,Gabriele,1
722=,Gar,1
722=,Garrett,1
722=,Garron,1
722=,Garryk,1
722=,Geoffrey,1
722=,Gerrard,1
722=,Ghalain,1
722=,Gianluca,1
722=,Gianni,1
722=,Gilbert,1
722=,Gillies,1
722=,Gilroy,1
722=,Giorgio,1
722=,Giovanni,1
722=,Giuseppe,1
722=,Gleb,1
722=,Glyn,1
722=,Gonzalo,1
722=,Grady,1
722=,Grigor,1
722=,Griogair,1
722=,Guarin,1
722=,Guillaume,1
722=,Gunaranjan,1
722=,Gurbagh,1
722=,Gurdeep,1
722=,Gurdev,1
722=,Gurdit,1
722=,Gurmeet,1
722=,Gurminder,1
722=,Gurmukh,1
722=,Gurpal,1
722=,Gurpreet,1
722=,Gururampal,1
722=,Haaris,1
722=,Haaroon,1
722=,Hady,1
722=,Hagan,1
722=,Hakki,1
722=,Hamaad,1
722=,Hamad,1
722=,Hamid,1
722=,Hammad,1
722=,Hanibal,1
722=,Hans,1
722=,Hao,1
722=,Harald,1
722=,Hardeep,1
722=,Hardy,1
722=,Harman,1
722=,Harold,1
722=,Harrington,1
722=,Harun,1
722=,Hary's,1
722=,Hasamedean,1
722=,Hasib,1
722=,Hassaan,1
722=,Hayden-Lee,1
722=,Hazem,1
722=,Heera,1
722=,Henri,1
722=,Hesham,1
722=,Hogan,1
722=,Hope,1
722=,Houston,1
722=,Howard,1
722=,Hughes,1
722=,Hughie,1
722=,Humere,1
722=,Humzah,1
722=,Huseyin,1
722=,Huzaifa,1
722=,Ibifubara,1
722=,Ibraheem,1
722=,Ignacio,1
722=,Ikram,1
722=,Imaad,1
722=,Iman,1
722=,Ingram,1
722=,Ionathan,1
722=,Irvin,1
722=,Isa,1
722=,Ishmael,1
722=,Ishtiaq,1
722=,Ismael,1
722=,Ismet,1
722=,Ivan-Alexander,1
722=,Ivor,1
722=,Jaac,1
722=,Jaber,1
722=,Jacq,1
722=,Jaden,1
722=,Jae,1
722=,Jafar,1
722=,Jago,1
722=,Jahan,1
722=,Jahred,1
722=,Jaie,1
722=,Jaike,1
722=,Jakobe,1
722=,Jakub,1
722=,Jalal,1
722=,Jamil,1
722=,Jaq,1
722=,Jaraad,1
722=,Jardyn,1
722=,Jareth,1
722=,Jarrod,1
722=,Jarvie,1
722=,Jarvis,1
722=,Jasdeep,1
722=,Jaskaran,1
722=,Jaskuran,1
722=,Jasper,1
722=,Jasraj,1
722=,Javad,1
722=,Javan,1
722=,Jay-Alexander,1
722=,Jayce,1
722=,Jayden,1
722=,Jayk,1
722=,Jean-Louis,1
722=,Jean-Luc,1
722=,Jean-Paul,1
722=,Jedidiah,1
722=,Jeevan,1
722=,Jeff,1
722=,Jehanzeb,1
722=,Jeremy,1
722=,Jerett,1
722=,Jesper,1
722=,Jethro,1
722=,Jett,1
722=,Jevon,1
722=,Jhosh,1
722=,Jihad,1
722=,Jim-Duncan,1
722=,Jimi,1
722=,Jody,1
722=,John-George,1
722=,John-Joseph,1
722=,John-Peter,1
722=,John-Ross,1
722=,Johnjo,1
722=,Johnothan,1
722=,Johnrobert,1
722=,Jojo,1
722=,Jonah,1
722=,Jonathan-James,1
722=,Jong-Hwa,1
722=,Jonjo,1
722=,Jonny,1
722=,Jonty,1
722=,Jordanlee,1
722=,Jordi,1
722=,Jordin,1
722=,Jordy,1
722=,Jordyn,1
722=,Jorg,1
722=,Jorro,1
722=,Joseff,1
722=,Joshim,1
722=,Joshkin,1
722=,Josie,1
722=,Jourdain,1
722=,Jozef,1
722=,Ju-Hwan,1
722=,Jules,1
722=,Jun,1
722=,Junayd,1
722=,Juswinder,1
722=,Kaasim,1
722=,Kael,1
722=,Kaelan,1
722=,Kaelum,1
722=,Kafui,1
722=,Kailam,1
722=,Kailen,1
722=,Kailin,1
722=,Kaillum,1
722=,Kailum,1
722=,Kairn,1
722=,Kaleem,1
722=,Kalin,1
722=,Kalub,1
722=,Kamal,1
722=,Kamaldeen,1
722=,Kamern,1
722=,Kanad,1
722=,Kaniya,1
722=,Kannesh,1
722=,Karam,1
722=,Karan,1
722=,Karim,1
722=,Karis,1
722=,Kartal,1
722=,Kasif,1
722=,Kathan,1
722=,Kaylan,1
722=,Kaz,1
722=,Kc,1
722=,Kealin,1
722=,Keane,1
722=,Kearan,1
722=,Kearn,1
722=,Keenan-Jaye,1
722=,Keeran,1
722=,Keifer,1
722=,Keigan,1
722=,Keiki,1
722=,Keillor,1
722=,Keirin,1
722=,Keirran,1
722=,Kelby,1
722=,Kellan,1
722=,Kelland,1
722=,Keller,1
722=,Kelman,1
722=,Kelsey,1
722=,Kennedy,1
722=,Kensal,1
722=,Keren,1
722=,Kerran,1
722=,Kesava,1
722=,Kevan,1
722=,Keylan,1
722=,Khaalid,1
722=,Khaleel,1
722=,Khalem,1
722=,Khalen,1
722=,Khalid,1
722=,Khan,1
722=,Khizar,1
722=,Khuram,1
722=,Khyle,1
722=,Kial,1
722=,Kierin,1
722=,Kiernan,1
722=,Kierran,1
722=,Kierron,1
722=,Kiloh,1
722=,Kingsley,1
722=,Kinlay,1
722=,Kinnon,1
722=,Kion,1
722=,Kirkton,1
722=,Kishan,1
722=,Kit,1
722=,Kobain,1
722=,Koby,1
722=,Koen,1
722=,Konner,1
722=,Konor,1
722=,Kosta,1
722=,Kriss,1
722=,Kristofor,1
722=,Krys,1
722=,Kullen,1
722=,Kuranjit,1
722=,Kurdt,1
722=,Kushaagra,1
722=,Kyale,1
722=,Kyall,1
722=,Lachie,1
722=,Lance,1
722=,Lars,1
722=,Layne,1
722=,Lee-Tyler,1
722=,Leigh,1
722=,Leigham,1
722=,Lennan,1
722=,Leon-John,1
722=,Leslie,1
722=,Lewison,1
722=,Lews,1
722=,Leyton,1
722=,Linden,1
722=,Lingfeng,1
722=,Lliam,1
722=,Lochie,1
722=,Logie,1
722=,Lorn,1
722=,Louie,1
722=,Lowrie,1
722=,Luag,1
722=,Lucian,1
722=,Luis,1
722=,Lukpreet,1
722=,Luqa,1
722=,Luqman,1
722=,Lyes,1
722=,Maan,1
722=,Maaz,1
722=,Macartan,1
722=,Mackay,1
722=,Mackie,1
722=,Maher,1
722=,Maimoon,1
722=,Makio,1
722=,Malik,1
722=,Malk,1
722=,Malo,1
722=,Manus,1
722=,Mark-Alexander,1
722=,Marlon,1
722=,Marmion,1
722=,Martino,1
722=,Marty,1
722=,Marwan,1
722=,Massimo,1
722=,Mata,1
722=,Matias,1
722=,Matthias,1
722=,Matthieu,1
722=,Maurits,1
722=,Maxence,1
722=,Maxim,1
722=,Maximilliam,1
722=,Mazen,1
722=,Mccauley,1
722=,Mckinley,1
722=,Mei,1
722=,Mesut,1
722=,Micky,1
722=,Mikel,1
722=,Miller,1
722=,Mirek,1
722=,Mishaal,1
722=,Mitch,1
722=,Moath,1
722=,Moeez,1
722=,Mohaned,1
722=,Mohhammad,1
722=,Montague,1
722=,Moosa,1
722=,Morbheinn,1
722=,Morgan-Lee,1
722=,Morghan,1
722=,Morris,1
722=,Moshe,1
722=,Mostafa,1
722=,Motoaki,1
722=,Muath,1
722=,Muaz,1
722=,Mubashir,1
722=,Mueed,1
722=,Muhanad,1
722=,Muir,1
722=,Mukadas,1
722=,Munn,1
722=,Muqam-E-Ibrahim,1
722=,Murphy,1
722=,Mustafa,1
722=,Mustapha,1
722=,Muzumal,1
722=,Myer,1
722=,Nabil,1
722=,Naeem,1
722=,Nahid,1
722=,Nathen,1
722=,Nathin,1
722=,Navdeep,1
722=,Navid,1
722=,Neale,1
722=,Neirin,1
722=,Nelson,1
722=,Nemanja,1
722=,Nevan,1
722=,Nevin,1
722=,Nhiall,1
722=,Nicholaus,1
722=,Nigel,1
722=,Nik,1
722=,Nikita,1
722=,Nikki,1
722=,Nikky,1
722=,Nikolas,1
722=,Nile,1
722=,Nils,1
722=,Niranjan,1
722=,Nirvair,1
722=,Niven,1
722=,Nolan,1
722=,Nooh,1
722=,Nordine,1
722=,Norman,1
722=,Norrie-David,1
722=,Noshinali,1
722=,Nyal,1
722=,Nye,1
722=,Oban,1
722=,Ogochukwu,1
722=,Oi,1
722=,Oisin,1
722=,Olajuwon,1
722=,Oliver-Rhys,1
722=,Oluwadamini,1
722=,Oluwatosin,1
722=,Omair,1
722=,Omer,1
722=,Onkar,1
722=,Onni,1
722=,Osayukimason,1
722=,Oskar,1
722=,Othniel,1
722=,Owen-Rhys,1
722=,Owin,1
722=,Ownie,1
722=,Oyesuji,1
722=,Oyinbebe,1
722=,Ozaire,1
722=,Ozayr,1
722=,Ozcan,1
722=,Pablo,1
722=,Paddi,1
722=,Padraig,1
722=,Padrig,1
722=,Palden,1
722=,Panos,1
722=,Parmveer,1
722=,Paulo,1
722=,Payam,1
722=,Pearse,1
722=,Phoevos,1
722=,Pierce,1
722=,Pierre,1
722=,Piers,1
722=,Prathapraj,1
722=,Qays,1
722=,Qcwey,1
722=,Ra'eez,1
722=,Raeth,1
722=,Rafiq,1
722=,Ragan,1
722=,Raheem,1
722=,Raheen,1
722=,Rahil,1
722=,Rahimur,1
722=,Rahul,1
722=,Rajeev,1
722=,Rajun,1
722=,Rajveer,1
722=,Rajvinder,1
722=,Rameez,1
722=,Ranald,1
722=,Raphael,1
722=,Rasim,1
722=,Raul,1
722=,Rayyan,1
722=,Rees-Alan,1
722=,Reese,1
722=,Rehan,1
722=,Reisse,1
722=,Remo,1
722=,Remy,1
722=,Rennie,1
722=,Rex,1
722=,Reyce,1
722=,Rheagan,1
722=,Rhegan,1
722=,Rheiss,1
722=,Rhian,1
722=,Rhory,1
722=,Rhuairaidh,1
722=,Rhuairidh,1
722=,Rhuaraidh,1
722=,Rhuari,1
722=,Rhyan,1
722=,Rhyse,1
722=,Riabhadar,1
722=,Riain,1
722=,Riaran,1
722=,Ricardo,1
722=,Riccardo,1
722=,Richard-Ryan,1
722=,Riess,1
722=,Riho,1
722=,Rikki,1
722=,Rikkilee,1
722=,Rio,1
722=,Rishi-Kumar,1
722=,Roark,1
722=,Robert-James,1
722=,Roberto,1
722=,Robertson,1
722=,Rocco,1
722=,Rodger,1
722=,Rogan,1
722=,Romaan,1
722=,Ronnan,1
722=,Ronnie,1
722=,Roshin,1
722=,Roue,1
722=,Royal,1
722=,Ruadhan,1
722=,Ruairaidh,1
722=,Ruarai,1
722=,Ruary,1
722=,Ruben,1
722=,Rudi,1
722=,Ruidi,1
722=,Rupert,1
722=,Ruraigh,1
722=,Russel,1
722=,Ruwen,1
722=,Ryain,1
722=,Ryan-Lee,1
722=,Rye,1
722=,Ryhan,1
722=,Rylan,1
722=,Ryley,1
722=,Saatchi,1
722=,Sabith,1
722=,Sacha,1
722=,Saeed,1
722=,Safar,1
722=,Safyan,1
722=,Sahan,1
722=,Sahil,1
722=,Sai,1
722=,Saifur,1
722=,Sajan,1
722=,Salathiel,1
722=,Salem,1
722=,Salil,1
722=,Samad,1
722=,Sameer,1
722=,Sameeullah,1
722=,Samer,1
722=,Sami,1
722=,Samier,1
722=,Samir,1
722=,Samrr,1
722=,Samual,1
722=,Sanday,1
722=,Sandeep,1
722=,Sander,1
722=,Sandon,1
722=,Sanel,1
722=,Sanjay,1
722=,Saqib,1
722=,Sasha,1
722=,Saxon,1
722=,Sayf,1
722=,Sean-Michael,1
722=,Sean-Paul,1
722=,Seb,1
722=,Sebastien,1
722=,Seisuke,1
722=,Selahattin,1
722=,Sellam,1
722=,Seoirse,1
722=,Seon,1
722=,Seonaid,1
722=,Sergio,1
722=,Seung,1
722=,Severin,1
722=,Sewak,1
722=,Shae,1
722=,Shafi,1
722=,Shaheer,1
722=,Shahzeb,1
722=,Shais,1
722=,Shakeel,1
722=,Sharaz,1
722=,Sharif,1
722=,Shaune,1
722=,Shayei,1
722=,Shayne,1
722=,Shehroz,1
722=,Sheikh,1
722=,Sher,1
722=,Sher-Ali,1
722=,Sheroz,1
722=,Sheumais,1
722=,Shezade,1
722=,Shirustii,1
722=,Sholto,1
722=,Shonnie,1
722=,Shwan,1
722=,Sibelius,1
722=,Siddique,1
722=,Sidney,1
722=,Sietse,1
722=,Silvano,1
722=,Simisola,1
722=,Simran,1
722=,Sofien,1
722=,Sofiyan,1
722=,Sohail,1
722=,Solon,1
722=,Somhairle,1
722=,Sonas,1
722=,Songezo,1
722=,Soren,1
722=,Spike,1
722=,Sri,1
722=,Stan,1
722=,Steaphan,1
722=,Stefanos,1
722=,Stefyn-Carl,1
722=,Stein,1
722=,Stephane,1
722=,Stevan,1
722=,Steve,1
722=,Stig,1
722=,Strachan,1
722=,Sufian,1
722=,Suhaib,1
722=,Sung,1
722=,Sung-Jong,1
722=,Suraj,1
722=,Suresh,1
722=,Suur,1
722=,Sven,1
722=,Sweyn,1
722=,Sydney,1
722=,T,1
722=,T-Jay,1
722=,Ta-Hsin,1
722=,Taguen,1
722=,Taha,1
722=,Tahir,1
722=,Tahmith,1
722=,Taimur,1
722=,Talwinder,1
722=,Tanga,1
722=,Tanvir,1
722=,Taran,1
722=,Tarek,1
722=,Tasman,1
722=,Tayne,1
722=,Teague,1
722=,Tee-Jay,1
722=,Tejas,1
722=,Tejay,1
722=,Teo,1
722=,Theodoros,1
722=,Theodorus,1
722=,Thibaud,1
722=,Thomas-James,1
722=,Thomson,1
722=,Thunraj,1
722=,Tiernan,1
722=,Tiger,1
722=,Tiyub,1
722=,Tod,1
722=,Tomus,1
722=,Toni,1
722=,Toran,1
722=,Torin,1
722=,Torquil,1
722=,Trae,1
722=,Travis,1
722=,Tre,1
722=,Trent,1
722=,Tudor,1
722=,Tyler-James,1
722=,Tyrese,1
722=,Tyson,1
722=,Uisdean,1
722=,Umair,1
722=,Umayr,1
722=,Umberto,1
722=,Umer,1
722=,Usaama,1
722=,Usaamah,1
722=,Usman,1
722=,Uthman,1
722=,Uwais,1
722=,Uways,1
722=,Uzzam,1
722=,Valentino,1
722=,Vaughn,1
722=,Vernon,1
722=,Vigo,1
722=,Vlad,1
722=,Wajeeh,1
722=,Wan,1
722=,Wijdan,1
722=,Willem,1
722=,Wing,1
722=,Won,1
722=,Woods,1
722=,Wouter,1
722=,Wredd,1
722=,Xander,1
722=,Yaaseen,1
722=,Yahya,1
722=,Yamin,1
722=,Yaseen,1
722=,Yasseen,1
722=,Yassin,1
722=,Yassir,1
722=,Yi,1
722=,You,1
722=,Young,1
722=,Yousaf,1
722=,Youssef,1
722=,Yousuf,1
722=,Yu,1
722=,Yuan-Jau,1
722=,Yusuf,1
722=,Yusuke,1
722=,Zaachari,1
722=,Zaak,1
722=,Zacharay,1
722=,Zaheeb,1
722=,Zahid,1
722=,Zahidur,1
722=,Zaid,1
722=,Zaiyn,1
722=,Zakari,1
722=,Zander,1
722=,Zaygham,1
722=,Zebedee,1
722=,Zein,1
722=,Zeph,1
722=,Zeshan,1
722=,Zeyi,1
722=,Zhi-Sheng,1
722=,Ziad,1
722=,Zishan,1
722=,Zohaib,1
722=,Zubayer,1
722=,Zuhaib,1
,,
,,
,,
,,
,,
,,
,,
,,
,,
,,
,,
,,
,,
,,
,,
,,
,,
,,
,,
,,
,,
,,
,,
,,
,,
,,
,,
,,
,,
,,
,,
,,
,,
,,
,,
,,
,,
,,
,,
,,
,,
,,
,,
,,
,,
,,
,,
,,
,,
,,
,,
,,
,,
,,
,,
,,
,,
,,
,,
,,
,,
,,
,,
,,
,,
,,
,,
,,
,,
,,
,,
,,
,,
,,
,,
,,
,,
,,
,,
,,
,,
,,
,,
,,
,,
,,
,,
,,
,,
,,
,,
,,
,,
,,
,,
,,
,,
,,
,,
,,
,,
,,
,,
,,
,,
,,
,,
,,
,,
,,
,,
,,
,,
,,
,,
,,
,,
,,
,,
,,
,,
,,
,,
,,
,,
,,
,,
,,
,,
,,
,,
,,
,,
,,
,,
,,
,,
,,
,,
,,
,,
,,
,,
,,
,,
,,
,,
,,
,,
,,
,,
,,
,,
,,
,,
,,
,,
,,
,,
,,
,,
,,
,,
,,
,,
,,
,,
,,
,,
,,
,,
,,
,,
,,
,,
,,
,,
,,
,,
,,
,,
,,
,,
,,
,,
,,
,,
,,
,,
,,
,,
,,
,,
,,
,,
,,
,,
,,
,,
,,
,,
,,
,,
,,
,,
,,
,,
,,
,,
,,
,,
,,
,,
,,
,,
,,
,,
,,
,,
,,
,,
,,
,,
,,
,,
,,
,,
,,
,,
,,
,,
,,
,,
,,
,,
,,
,,
,,
,,
,,
,,
,,
,,
,,
,,
,,
,,
,,
,,
,,
,,
,,
,,
,,
,,
,,
,,
,,
,,
,,
,,
,,
,,
,,
,,
,,
,,
,,
,,
,,
,,
,,
,,
,,
,,
,,
,,
,,
,,
,,
,,
,,
,,
,,
,,
,,
,,
,,
,,
,,
,,
,,
,,
,,
,,
,,
,,
,,
,,
,,
,,
,,
,,
,,
,,
,,
,,
,,
,,
,,
,,
,,
,,
,,
,,
,,
,,
,,
,,
,,
,,
,,
,,
,,
,,
,,
,,
,,
,,
,,
,,
,,
,,
,,
,,
,,
,,
,,
,,
,,
,,
,,
,,
,,
,,
,,
,,
,,
,,
,,
,,
,,
,,
,,
,,
,,
,,
,,
,,
,,
,,
,,
,,
,,
,,
,,
,,
,,
,,
,,
,,
,,
,,
,,
,,
,,
,,
,,
,,
,,
,,
,,
,,
,,
,,
,,
,,
,,
,,
,,
,,
,,
,,
,,
,,
,,
,,
,,
,,
,,
,,
,,
,,
,,
,,
,,
,,
,,
,,
,,
,,
,,
,,
,,
,,
,,
,,
,,
,,
,,
,,
,,
,,
,,
,,
,,
,,
,,
,,
,,
,,
,,
,,
,,
,,
,,
,,
,,
,,
,,
,,
,,
,,
,,
,,
,,
,,
,,
,,
,,
,,
,,
,,
,,
,,
,,
,,
,,
,,
,,
,,
,,
,,
,,
,,
,,
,,
,,
,,
,,
,,
,,
,,
,,
,,
,,
,,
,,
,,
,,
,,
,,
,,
,,
,,
,,
,,
,,
,,
,,
,,
,,
,,
,,
,,
,,
,,
,,
,,
,,
,,
,,
,,
,,
,,
,,
,,
,,
,,
,,
,,
,,
,,
,,
,,
,,
,,
,,
,,
,,
,,
,,
,,
,,
,,
,,
,,
,,
,,
,,
,,
,,
,,
,,
,,
,,
,,
,,
,,
,,
,,
,,
,,
,,
,,
,,
,,
,,
,,
,,
,,
,,
,,
,,
,,
,,
,,
,,
,,
,,
,,
,,
,,
,,
,,
,,
,,
,,
,,
,,
,,
,,
,,
,,
,,
,,
,,
,,
,,
,,
,,
,,
,,
,,
,,
,,
,,
,,
,,
,,
,,
,,
,,
,,
,,
,,
,,
,,
,,
,,
,,
,,
,,
,,
,,
,,
,,
,,
,,
,,
,,
,,
,,
,,
,,
,,
,,
,,
,,
,,
,,
,,
,,
,,
,,
,,
,,
,,
,,
,,
,,
,,
,,
,,
,,
,,
,,
,,
,,
,,
,,
,,
,,
,,
,,
,,
,,
,,
,,
,,
,,
,,
,,
,,
,,
,,
,,
,,
,,
,,
,,
,,
,,
,,
,,
,,
,,
,,
,,
,,
,,
,,
,,
,,
,,
,,
,,
,,
,,
,,
,,
,,
,,
,,
,,
,,
,,
,,
,,
,,
,,
,,
,,
,,
,,
,,
,,
,,
,,
,,
,,
,,
,,
,,
,,
,,
,,
,,
,,
,,
,,
,,
,,
,,
,,
,,
,,
,,
,,
,,
,,
,,
,,
,,
,,
,,
,,
,,
,,
,,
,,
,,
,,
,,
,,
,,
,,
,,
,,
,,
,,
,,
,,
,,
,,
,,
,,
,,
,,
,,
,,
,,
,,
,,
,,
,,
,,
,,
,,
,,
,,
,,
,,
,,
,,
,,
,,
,,
,,
,,
,,
,,
,,
,,
,,
,,
,,
,,
,,
,,
,,
,,
,,
,,
,,
,,
,,
,,
,,
,,
,,
,,
,,
,,
,,
,,
,,
,,
,,
,,
,,
,,
,,
,,
,,
,,
,,
,,
,,
,,
,,
,,
,,
,,
,,
,,
,,
,,
,,
,,
,,
,,
,,
,,
,,
,,
,,
,,
,,
,,
,,
,,
,,
,,
,,
,,
,,
,,
,,
,,
,,
,,
,,
,,
,,
,,
,,
,,
,,
,,
,,
,,
,,
,,
,,
,,
,,
,,
,,
,,
,,
,,
,,
,,
,,
,,
,,
,,
,,
,,
,,
,,
,,
,,
,,
,,
,,
,,
,,
,,
,,
,,
,,
,,
,,
,,
,,
,,
,,
,,
,,
,,
,,
,,
,,
,,
,,
,,
,,
,,
,,
,,
,,
,,
,,
,,
,,
,,
,,
,,
,,
,,
,,
,,
,,
,,
,,
,,
,,
,,
,,
,,
,,
,,
,,
,,
,,
,,
,,
,,
,,
,,
,,
,,
,,
,,
,,
,,
,,
,,
,,
,,
,,
,,
,,
,,
,,
,,
,,
,,
,,
,,
,,
,,
,,
,,
,,
,,
,,
,,
,,
,,
,,
,,
,,
,,
,,
,,
,,
,,
,,
,,
,,
,,
,,
,,
,,
,,
,,
,,
,,
,,
,,
,,
,,
,,
,,
,,
,,
,,
,,
,,
,,
,,
,,
,,
,,
,,
,,
,,
,,
,,
,,
,,
,,
,,
,,
,,
,,
,,
,,
,,
,,
,,
,,
,,
,,
,,
,,
,,
,,
,,
,,
,,
,,
,,
,,
,,
,,
,,
,,
,,
,,
,,
,,
,,
,,
,,
,,
,,
,,
,,
,,
,,
,,
,,
,,
,,
,,
,,
,,
,,
,,
,,
,,
,,
,,
,,
,,
,,
,,
,,
,,
,,
© Crown Copyright 2015,,
