Position,Name,Number of babies
1,Jack,830
2,Lewis,786
3,Ryan,678
4,Cameron,672
5,James,520
6,Andrew,490
7=,Liam,472
7=,Matthew,472
9,Jamie,470
10,Callum,466
11,Ross,449
12,Jordan,436
13,Daniel,429
14,Kieran,420
15,Connor,409
16,Scott,400
17,Kyle,391
18,David,372
19,Adam,365
20,Dylan,352
21,Michael,326
22,Ben,305
23,Thomas,302
24,Craig,296
25,Nathan,295
26,Sean,292
27,John,262
28,Aaron,250
29,Calum,249
30,Christopher,243
31,Alexander,238
32,Robert,237
33,Euan,230
34,Joshua,228
35,Declan,222
36,Aidan,221
37,Mark,211
38,Robbie,208
39,Luke,207
40=,Fraser,200
40=,Reece,200
42,William,191
43,Ewan,183
44,Joseph,176
45,Paul,166
46,Brandon,161
47,Lee,159
48,Owen,154
49,Josh,151
50,Samuel,150
51,Finlay,147
52,Stuart,145
53=,Rhys,142
53=,Stephen,142
55,Rory,137
56,Jake,136
57,Steven,135
58,Sam,132
59,Jay,119
60,Benjamin,118
61=,Ethan,112
61=,Harry,112
63,Shaun,107
64=,Aiden,106
64=,Darren,106
66,Blair,105
67,Marc,104
68,Dean,102
69,Taylor,94
70,Angus,93
71,Gregor,89
72=,Conor,87
72=,Jonathan,87
74,Patrick,85
75,Ciaran,82
76,Greg,81
77,Jason,79
78,George,77
79,Logan,76
80,Peter,72
81,Bradley,69
82,Max,67
83=,Arran,65
83=,Mohammed,65
83=,Morgan,65
83=,Oliver,65
87=,Gary,64
87=,Murray,64
89,Louis,63
90,Martin,62
91=,Alan,61
91=,Alistair,61
91=,Grant,61
91=,Joe,61
91=,Keir,61
96,Duncan,60
97=,Leon,58
97=,Mitchell,58
97=,Nicholas,58
100,Tyler,55
101,Gavin,54
102,Hamish,53
103=,Charles,50
103=,Iain,50
105,Kerr,49
106=,Anthony,48
106=,Kevin,48
108,Ronan,47
109,Stewart,46
110=,Brendan,44
110=,Charlie,44
110=,Jacob,44
110=,Kai,44
110=,Zak,44
115=,Alasdair,42
115=,Keiran,42
117=,Evan,41
117=,Lucas,41
117=,Marcus,41
120=,Ian,39
120=,Neil,39
120=,Struan,39
123,Alex,38
124=,Douglas,37
124=,Finn,37
124=,Ruairidh,37
124=,Tom,37
128=,Bruce,36
128=,Dillon,36
130,Elliot,35
131=,Fergus,34
131=,Kian,34
133,Niall,32
134=,Bailey,31
134=,Brian,31
134=,Colin,31
134=,Innes,31
138,Richard,30
139=,Allan,29
139=,Caleb,29
141=,Calvin,28
141=,Corey,28
141=,Dominic,28
141=,Edward,28
141=,Harris,28
146,Brodie,27
147=,Arron,26
147=,Drew,26
149,Campbell,25
150=,Billy,24
150=,Donald,24
150=,Gordon,24
150=,Greig,24
154=,Alastair,23
154=,Barry,23
154=,Glen,23
157=,Reiss,22
157=,Ruaridh,22
157=,Travis,22
160=,Graeme,21
160=,Rowan,21
160=,Shane,21
163=,Conner,20
163=,Harrison,20
163=,Philip,20
166=,Lachlan,19
166=,Leo,19
168=,Henry,18
168=,Jordon,18
168=,Jude,18
168=,Lennon,18
168=,Mathew,18
173=,Archie,17
173=,Justin,17
175=,Bryan,16
175=,Dale,16
175=,Danny,16
175=,Joel,16
175=,Kane,16
175=,Kieron,16
175=,Mason,16
175=,Mohammad,16
175=,Muhammad,16
184=,Cian,15
184=,Isaac,15
184=,Kenneth,15
184=,Noah,15
184=,Rian,15
184=,Tony,15
190=,Ali,14
190=,Callan,14
190=,Cole,14
190=,Derek,14
190=,Findlay,14
190=,Gabriel,14
190=,Jon,14
190=,Lyle,14
190=,Oscar,14
190=,Russell,14
190=,Tommy,14
190=,Zachary,14
202=,Daryl,13
202=,Ellis,13
202=,Graham,13
202=,Kristopher,13
202=,Marco,13
207=,Anton,12
207=,Bobby,12
207=,Brad,12
207=,Christian,12
207=,Garry,12
207=,Keith,12
207=,Kieren,12
207=,Regan,12
207=,Rohan,12
207=,Saul,12
207=,Stefan,12
218=,Ayden,11
218=,Blake,11
218=,Bryce,11
218=,Harvey,11
218=,Hayden,11
218=,Hugh,11
218=,Jak,11
218=,Lloyd,11
218=,Magnus,11
218=,Myles,11
218=,Sebastian,11
218=,Zac,11
230=,Antony,10
230=,Brogan,10
230=,Conall,10
230=,Frazer,10
230=,Jackson,10
230=,Nathaniel,10
230=,Nico,10
230=,Reagan,10
230=,Timothy,10
230=,Zack,10
240=,Alfie,9
240=,Cory,9
240=,Dane,9
240=,Elliott,9
240=,Frederick,9
240=,Glenn,9
240=,Jai,9
240=,Jed,9
240=,Laurence,9
240=,Matt,9
240=,Robin,9
240=,Scot,9
240=,Toby,9
240=,Zain,9
254=,Ahmed,8
254=,Antonio,8
254=,Cain,8
254=,Cieran,8
254=,Cody,8
254=,Curtis,8
254=,Damien,8
254=,Eoin,8
254=,Ewen,8
254=,Flynn,8
254=,Francis,8
254=,Frank,8
254=,Gareth,8
254=,Gerard,8
254=,Hamzah,8
254=,Haydn,8
254=,Johnathan,8
254=,Jonathon,8
254=,Kelvin,8
254=,Kurt,8
254=,Luc,8
254=,Luca,8
254=,Malcolm,8
254=,Martyn,8
254=,Omar,8
254=,Ricky,8
254=,Ruairi,8
254=,Sandy,8
254=,Shawn,8
254=,Simon,8
254=,Sonny,8
254=,Troy,8
254=,Vincent,8
287=,Alister,7
287=,Baillie,7
287=,Brooklyn,7
287=,Byron,7
287=,Conrad,7
287=,Declyn,7
287=,Guy,7
287=,Hassan,7
287=,Jayden,7
287=,Kalvin,7
287=,Kirk,7
287=,Kris,7
287=,Kristofer,7
287=,Lawrence,7
287=,Levi,7
287=,Mackenzie,7
287=,Mohamed,7
287=,Murdo,7
287=,Ritchie,7
287=,Roan,7
287=,Ruari,7
287=,Usman,7
309=,Aarron,6
309=,Alec,6
309=,Amaan,6
309=,Blaine,6
309=,Brandyn,6
309=,Brett,6
309=,Cal,6
309=,Corrie,6
309=,Dillan,6
309=,Eoghan,6
309=,Finley,6
309=,Humza,6
309=,Jasper,6
309=,Johnny,6
309=,Keiren,6
309=,Keiron,6
309=,Kurtis,6
309=,Lochlan,6
309=,Luis,6
309=,Marley,6
309=,Moray,6
309=,Raymond,6
309=,Roddy,6
309=,Roderick,6
309=,Ronald,6
309=,Shea,6
309=,Terry,6
309=,Tim,6
309=,Will,6
309=,Zach,6
339=,Abdullah,5
339=,Benedict,5
339=,Braden,5
339=,Cailean,5
339=,Casey,5
339=,Chris,5
339=,Colm,5
339=,Conlan,5
339=,Dan,5
339=,Dario,5
339=,Dyllan,5
339=,Felix,5
339=,Gregory,5
339=,Hasan,5
339=,Hector,5
339=,Huw,5
339=,Jared,5
339=,Jonah,5
339=,Josef,5
339=,Laurie,5
339=,Leighton,5
339=,Lochlann,5
339=,Marshall,5
339=,Maximilian,5
339=,Maxwell,5
339=,Mitchel,5
339=,Nairn,5
339=,Oskar,5
339=,Padraig,5
339=,Ramsay,5
339=,Ruaraidh,5
339=,Saif,5
339=,Sami,5
339=,Shay,5
339=,Sol,5
339=,Syed,5
375=,Adil,4
375=,Aedan,4
375=,Amir,4
375=,Ammar,4
375=,Andreas,4
375=,Aodhan,4
375=,Argyll,4
375=,Aron,4
375=,Austin,4
375=,Cade,4
375=,Carlo,4
375=,Carter,4
375=,Conal,4
375=,Conan,4
375=,Damon,4
375=,Darius,4
375=,Darryl,4
375=,Devon,4
375=,Dion,4
375=,Eamonn,4
375=,Eden,4
375=,Eric,4
375=,Gregg,4
375=,Harley,4
375=,Ibrahim,4
375=,Jacques,4
375=,Jae,4
375=,Jorg,4
375=,Kamran,4
375=,Keenan,4
375=,Kenny,4
375=,Kristian,4
375=,Kristoffer,4
375=,Lennox,4
375=,Louie,4
375=,Lukas,4
375=,Lyall,4
375=,Muhammed,4
375=,Nikolai,4
375=,Norman,4
375=,Qasim,4
375=,Ray,4
375=,Reuben,4
375=,Richie,4
375=,Robson,4
375=,Ronin,4
375=,Ronnie,4
375=,Tayler,4
375=,Theo,4
375=,Todd,4
375=,Tristan,4
375=,Wallace,4
375=,Warren,4
375=,Xander,4
429=,Abdul,3
429=,Adeel,3
429=,Aden,3
429=,Adrian,3
429=,Alfred,3
429=,Aman,3
429=,Aran,3
429=,Archibald,3
429=,Arman,3
429=,Arthur,3
429=,Awais,3
429=,Beck,3
429=,Bilal,3
429=,Blane,3
429=,Brenden,3
429=,Bryn,3
429=,Cairn,3
429=,Cale,3
429=,Clark,3
429=,Coll,3
429=,Connal,3
429=,Connar,3
429=,Cooper,3
429=,Cormac,3
429=,Damian,3
429=,Dara,3
429=,Darrel,3
429=,Devin,3
429=,Devlin,3
429=,Eamon,3
429=,Fionn,3
429=,Forbes,3
429=,Gerald,3
429=,Gianluca,3
429=,Haaris,3
429=,Haris,3
429=,Haroon,3
429=,Hisham,3
429=,Hugo,3
429=,Ieuan,3
429=,Ivan,3
429=,Jac,3
429=,Jaden,3
429=,Jakob,3
429=,Jevan,3
429=,Jody,3
429=,Joey,3
429=,Jonas,3
429=,Ka,3
429=,Kain,3
429=,Kal,3
429=,Kaleb,3
429=,Kalib,3
429=,Kallum,3
429=,Keelan,3
429=,Keigan,3
429=,Kyran,3
429=,Lachlann,3
429=,Lauchlan,3
429=,Mikey,3
429=,Miller,3
429=,Nathanael,3
429=,Nathyn,3
429=,Nicky,3
429=,Nicolas,3
429=,Oran,3
429=,Ossian,3
429=,Paolo,3
429=,Pierce,3
429=,Quinn,3
429=,Rahul,3
429=,Ramzan,3
429=,Rennie,3
429=,Rhonan,3
429=,Rikki,3
429=,Robb,3
429=,Roy,3
429=,Ry,3
429=,Seumas,3
429=,Shaan,3
429=,Shoaib,3
429=,Spencer,3
429=,Stevie,3
429=,Umar,3
429=,Xavier,3
514=,Aamir,2
514=,Aaran,2
514=,Aarryn,2
514=,Adhamh,2
514=,Airan,2
514=,Ajay,2
514=,Alban,2
514=,Alessandro,2
514=,Alexzander,2
514=,Amar,2
514=,Amin,2
514=,Amrit,2
514=,Andy,2
514=,Antoine,2
514=,Aqeel,2
514=,Aqib,2
514=,Areeb,2
514=,Argyle,2
514=,Arun,2
514=,Aryaan,2
514=,Aryn,2
514=,Asim,2
514=,Atholl,2
514=,Azeem,2
514=,Barclay,2
514=,Barnaby,2
514=,Barrie,2
514=,Bayley,2
514=,Bobbie,2
514=,Bran,2
514=,Brandan,2
514=,Brandon-Lee,2
514=,Brendon,2
514=,Brennan,2
514=,Bret,2
514=,Brodi,2
514=,Bryden,2
514=,Caine,2
514=,Cairan,2
514=,Cairo,2
514=,Calan,2
514=,Calder,2
514=,Carlos,2
514=,Chandler,2
514=,Christy,2
514=,Coby,2
514=,Cohen,2
514=,Conar,2
514=,Conlyn,2
514=,Connaire,2
514=,Connel,2
514=,Connell,2
514=,Corban,2
514=,Corben,2
514=,Corran,2
514=,Daniyal,2
514=,Dante,2
514=,Darragh,2
514=,Darroch,2
514=,Darryn,2
514=,Davis,2
514=,Dawson,2
514=,Decklin,2
514=,Dennis,2
514=,Denver,2
514=,Dermot,2
514=,Derry,2
514=,Dexter,2
514=,Dimitri,2
514=,Dirk,2
514=,Dominik,2
514=,Dougal,2
514=,Dylon,2
514=,Edan,2
514=,Elijah,2
514=,Emmanuel,2
514=,Fahed,2
514=,Farhan,2
514=,Fergal,2
514=,Finnley,2
514=,Frankie,2
514=,Fynn,2
514=,Gabe,2
514=,Garth,2
514=,Gerry,2
514=,Giorgio,2
514=,Giuseppe,2
514=,Grady,2
514=,Gus,2
514=,Haider,2
514=,Hamza,2
514=,Haroun,2
514=,Hashim,2
514=,Jaime,2
514=,Jamal,2
514=,Jameel,2
514=,Jamil,2
514=,Jarred,2
514=,Jaye,2
514=,Jayson,2
514=,Jeevan,2
514=,Jenson,2
514=,Jeremy,2
514=,Johannes,2
514=,John-Paul,2
514=,Jordan-James,2
514=,Jordan-Lee,2
514=,Josiah,2
514=,Joss,2
514=,Jozef,2
514=,Julian,2
514=,Junaid,2
514=,Junior,2
514=,Kaine,2
514=,Kale,2
514=,Kalum,2
514=,Kamal,2
514=,Karl,2
514=,Kasey,2
514=,Kaspar,2
514=,Keanu,2
514=,Keeran,2
514=,Kenzie,2
514=,Kern,2
514=,Kiaran,2
514=,Kierran,2
514=,Kye,2
514=,Kylan,2
514=,Lawrie,2
514=,Lawson,2
514=,Layton,2
514=,Lewys,2
514=,Lomond,2
514=,Lorne,2
514=,Macauley,2
514=,Malik,2
514=,Marti,2
514=,Matteo,2
514=,Michele,2
514=,Mika,2
514=,Milan,2
514=,Miles,2
514=,Milo,2
514=,Mohsin,2
514=,Morton,2
514=,Muaaz,2
514=,Neal,2
514=,Nelson,2
514=,Nicoll,2
514=,Nik,2
514=,Nikolas,2
514=,Nils,2
514=,Noel,2
514=,Odin,2
514=,Oisin,2
514=,Oren,2
514=,Osama,2
514=,Phillip,2
514=,Pierre,2
514=,Prentice,2
514=,Rafael,2
514=,Rafe,2
514=,Ralph,2
514=,Reid,2
514=,Rhodri,2
514=,Rhuaridh,2
514=,Ricardo,2
514=,Robby,2
514=,Robi,2
514=,Roman,2
514=,Rorie,2
514=,Rudi,2
514=,Safwaan,2
514=,Salman,2
514=,Samir,2
514=,Sammy,2
514=,Seamus,2
514=,Sebastien,2
514=,Shae,2
514=,Simeon,2
514=,Simran,2
514=,Sohail,2
514=,Sorley,2
514=,Stanley,2
514=,Suraj,2
514=,T-Jay,2
514=,Tai,2
514=,Taimur,2
514=,Taran,2
514=,Terence,2
514=,Tijs,2
514=,Tobias,2
514=,Torin,2
514=,Trent,2
514=,Trey,2
514=,Ty,2
514=,Tyrone,2
514=,Uwais,2
514=,Valentino,2
514=,Varun,2
514=,Wai,2
514=,Waqar,2
514=,Wayne,2
514=,Zaid,2
514=,Zen,2
514=,Ziad,2
720=,A-Jay,1
720=,Aadam,1
720=,Aadyn,1
720=,Aaiden,1
720=,Aaqib,1
720=,Aarondeep,1
720=,Aaronveer,1
720=,Aarran,1
720=,Aatu,1
720=,Aazam,1
720=,Abbaas,1
720=,Abbie,1
720=,Abd,1
720=,Abdallah,1
720=,Abdulmalik,1
720=,Abdulmunim,1
720=,Abdulrahman,1
720=,Abdulwahaab,1
720=,Abdurraouf,1
720=,Abdussadik,1
720=,Abdussalam,1
720=,Abe,1
720=,Abed,1
720=,Abhur,1
720=,Abraham,1
720=,Ace,1
720=,Adel,1
720=,Adem,1
720=,Adeniyi,1
720=,Adin,1
720=,Adnaan,1
720=,Adnan,1
720=,Adrees,1
720=,Adrien,1
720=,Aeneas,1
720=,Aengus,1
720=,Afaan,1
720=,Aharon,1
720=,Ahmad,1
720=,Ahsen,1
720=,Aidan-Lee,1
720=,Aidann,1
720=,Aidian,1
720=,Aidin,1
720=,Aidyn,1
720=,Aiman,1
720=,Ajaypall,1
720=,Ajit,1
720=,Akasha,1
720=,Akbar,1
720=,Akeil,1
720=,Albert,1
720=,Albra,1
720=,Aldo,1
720=,Aleksandar,1
720=,Ali-Raza,1
720=,Alix,1
720=,Aliyan,1
720=,Alkin,1
720=,Allan-John,1
720=,Allen,1
720=,Allesandro,1
720=,Ally,1
720=,Allyn,1
720=,Alston,1
720=,Amair,1
720=,Amandeep,1
720=,Amanjit,1
720=,Amerigo,1
720=,Amodio,1
720=,Anders,1
720=,Anderson,1
720=,Andrei,1
720=,Andrew-Lazarus,1
720=,Andrius,1
720=,Angelo,1
720=,Anish,1
720=,Anoop,1
720=,Ansgar,1
720=,Antoin,1
720=,Antone,1
720=,Anurudh,1
720=,Aodan,1
720=,Aonghas,1
720=,Araf,1
720=,Arden,1
720=,Ari,1
720=,Ariyel,1
720=,Arjan,1
720=,Arlo,1
720=,Arn,1
720=,Arras,1
720=,Arric,1
720=,Arrin,1
720=,Arrun,1
720=,Arry,1
720=,Arryn,1
720=,Arvin,1
720=,Aryk,1
720=,Asad,1
720=,Asfandyar,1
720=,Asher,1
720=,Assad,1
720=,Aston,1
720=,Ateeq,1
720=,Atif,1
720=,Audun,1
720=,Augustus,1
720=,Aulay,1
720=,Aurvinder,1
720=,Ausaid,1
720=,Austen,1
720=,Aydan,1
720=,Aydin,1
720=,Ayrton,1
720=,Azhan,1
720=,Baily,1
720=,Balaal,1
720=,Balfour,1
720=,Balreiss,1
720=,Bari,1
720=,Barkaat,1
720=,Barry-John,1
720=,Bartholomew,1
720=,Bassam,1
720=,Baylee,1
720=,Bein,1
720=,Benn,1
720=,Benyamin,1
720=,Berkan,1
720=,Bert,1
720=,Bevan,1
720=,Bevin,1
720=,Bilaal,1
720=,Blue,1
720=,Boaz,1
720=,Bobbi,1
720=,Boston,1
720=,Bowen,1
720=,Bradd,1
720=,Bradford,1
720=,Bradi,1
720=,Brady,1
720=,Braeden,1
720=,Braiden,1
720=,Branden,1
720=,Brandin,1
720=,Brannan,1
720=,Brannon,1
720=,Branon,1
720=,Brayden,1
720=,Breck,1
720=,Bremen,1
720=,Brenainn,1
720=,Brent,1
720=,Brodey,1
720=,Brody,1
720=,Brydon,1
720=,Brys,1
720=,Bryson,1
720=,Cabhan,1
720=,Caelan,1
720=,Caelin,1
720=,Cahal,1
720=,Cai,1
720=,Caib,1
720=,Caidhn,1
720=,Caie,1
720=,Cailan,1
720=,Cailin,1
720=,Cailum,1
720=,Caithan,1
720=,Calam,1
720=,Callam,1
720=,Callin,1
720=,Callyn,1
720=,Calumn,1
720=,Cambell,1
720=,Camerron,1
720=,Camran,1
720=,Camsron,1
720=,Caolan,1
720=,Carl,1
720=,Carrick,1
720=,Carrig,1
720=,Carson,1
720=,Cathal,1
720=,Cavin,1
720=,Cayden,1
720=,Ceejay,1
720=,Ceeran,1
720=,Ceinan,1
720=,Cemo,1
720=,Cessan,1
720=,Chad,1
720=,Chae,1
720=,Chanbir,1
720=,Charley,1
720=,Charli,1
720=,Chaudary,1
720=,Chaudhary,1
720=,Chay,1
720=,Che,1
720=,Chi,1
720=,Chian,1
720=,Chisolm,1
720=,Christ,1
720=,Christna,1
720=,Chung,1
720=,Cieren,1
720=,Cieron,1
720=,Cillian,1
720=,Cir,1
720=,Clay,1
720=,Clayton,1
720=,Clyde,1
720=,Coinneach,1
720=,Coire,1
720=,Colby,1
720=,Colewyn,1
720=,Colt,1
720=,Colum,1
720=,Conaire,1
720=,Coner,1
720=,Conn,1
720=,Conna,1
720=,Connall,1
720=,Connan,1
720=,Connol,1
720=,Connolly,1
720=,Connor-Reece,1
720=,Constantino,1
720=,Corann,1
720=,Corbin,1
720=,Corin,1
720=,Corri,1
720=,Corry,1
720=,Cosmo,1
720=,Craig-Lewis,1
720=,Cullen,1
720=,Cyan,1
720=,Cyrus,1
720=,Daanyaal,1
720=,Dagan,1
720=,Dakota,1
720=,Dallas,1
720=,Dallin,1
720=,Dalton,1
720=,Dani,1
720=,Danial,1
720=,Danyaal,1
720=,Danyal,1
720=,Darcy,1
720=,Dardan,1
720=,Daren,1
720=,Darien,1
720=,Darin,1
720=,Dariusz,1
720=,Darran,1
720=,Darrell,1
720=,Darrin,1
720=,Darrius,1
720=,Darwin,1
720=,Daryll,1
720=,Daryn,1
720=,Daulton,1
720=,Dave,1
720=,David-George,1
720=,David-James,1
720=,David-Jordan,1
720=,Davie,1
720=,Davinder,1
720=,Dax,1
720=,Dechlan,1
720=,Declain,1
720=,Dee,1
720=,Deklen,1
720=,Deklyn,1
720=,Denim,1
720=,Denis,1
720=,Denny,1
720=,Deri,1
720=,Derick,1
720=,Deroin,1
720=,Derran,1
720=,Derren,1
720=,Derrick,1
720=,Derrin,1
720=,Derryn,1
720=,Deryn,1
720=,Devan,1
720=,Deveron-Jer,1
720=,Devlan,1
720=,Dhee,1
720=,Diarmid,1
720=,Dien,1
720=,Dilan,1
720=,Dillshair,1
720=,Dino,1
720=,Dobry,1
720=,Dominick,1
720=,Donan,1
720=,Dougan,1
720=,Dov,1
720=,Dre,1
720=,Dylan-James,1
720=,Dylin,1
720=,Dyllon,1
720=,Dyrial,1
720=,Eashan,1
720=,Eathan,1
720=,Eben,1
720=,Eddie,1
720=,Edin,1
720=,Eduardo,1
720=,Eesa,1
720=,Ehren,1
720=,Ehsen,1
720=,Eigo,1
720=,Eimhin,1
720=,Eli,1
720=,Elias,1
720=,Eliezer,1
720=,Eliun,1
720=,Elson,1
720=,Elwyn,1
720=,Emil,1
720=,Emile,1
720=,Emilio-Jose,1
720=,Emir,1
720=,Emmett,1
720=,Endrit,1
720=,Enhao,1
720=,Enrico,1
720=,Enrique,1
720=,Eoghann,1
720=,Erin,1
720=,Erjun,1
720=,Erkan,1
720=,Erland,1
720=,Erlend,1
720=,Esam-Eldean,1
720=,Esau,1
720=,Esmael,1
720=,Ethian,1
720=,Evander,1
720=,Eyden,1
720=,Ezinwa,1
720=,Ezra,1
720=,Fabian,1
720=,Fahad,1
720=,Faheem,1
720=,Fahim,1
720=,Fai,1
720=,Faisal,1
720=,Faiz,1
720=,Faraj,1
720=,Farhaan,1
720=,Farhad,1
720=,Fayz,1
720=,Feargal,1
720=,Fennick,1
720=,Ferdinand,1
720=,Fezan,1
720=,Fiazaan,1
720=,Finan,1
720=,Finbar,1
720=,Fingal,1
720=,Finlidh,1
720=,Finnegan,1
720=,Finnlay,1
720=,Fintan,1
720=,Fiontan,1
720=,Firoz,1
720=,Fletcher,1
720=,Frazier,1
720=,Fred,1
720=,Freddie,1
720=,Fredrik,1
720=,Fyfe,1
720=,Fynnlay,1
720=,Gabriele,1
720=,Galen,1
720=,Garie,1
720=,Garrett,1
720=,Gavan,1
720=,Gaven,1
720=,Geoffrey,1
720=,Geordie,1
720=,Georgios,1
720=,Giacomo,1
720=,Gian,1
720=,Gianmarco,1
720=,Gianni,1
720=,Giano,1
720=,Gillan,1
720=,Glyn,1
720=,Gonzalo,1
720=,Gordian,1
720=,Griff,1
720=,Griffin,1
720=,Griffith,1
720=,Gruffydd,1
720=,Guan-An,1
720=,Guenther,1
720=,Guiseppe,1
720=,Gurbagh,1
720=,Gurdattpal,1
720=,Gurdeep,1
720=,Gurjit,1
720=,Gurjugpreet,1
720=,Gurmunpreet,1
720=,Gursajan,1
720=,Gursanjit,1
720=,Gurvijay,1
720=,Gwyn,1
720=,Gyan,1
720=,Hadden,1
720=,Hadi,1
720=,Haiden,1
720=,Haig,1
720=,Hal,1
720=,Haldane,1
720=,Hamaad,1
720=,Hamas,1
720=,Hammaad,1
720=,Hani,1
720=,Hanif,1
720=,Hannan,1
720=,Hanru,1
720=,Hao,1
720=,Harald,1
720=,Hardie,1
720=,Hardy,1
720=,Harkaran,1
720=,Harman,1
720=,Hasanain,1
720=,Hassam,1
720=,Hedar,1
720=,Hendry,1
720=,Hew,1
720=,Ho,1
720=,Hogan,1
720=,Hrithik,1
720=,Hume,1
720=,Humzah,1
720=,Hunain,1
720=,Hunter,1
720=,Hussain,1
720=,Hussam,1
720=,Hussnain,1
720=,Ibraheem,1
720=,Ibrar,1
720=,Idrees,1
720=,Idris,1
720=,Ifan,1
720=,Ifechi,1
720=,Igor,1
720=,Ihsan,1
720=,Ihtesham,1
720=,Ilies,1
720=,Imaad,1
720=,Imran,1
720=,Iqbal,1
720=,Irtazah,1
720=,Irvine,1
720=,Irwin,1
720=,Is-Haaq,1
720=,Isa,1
720=,Isaak,1
720=,Ishan,1
720=,Ishaq,1
720=,Ishka,1
720=,Ismaeel,1
720=,Ismail,1
720=,Ivo,1
720=,Iwan,1
720=,Izaac,1
720=,Izaak,1
720=,Jaarad,1
720=,Jackie,1
720=,Jacque,1
720=,Jaeden,1
720=,Jagpal,1
720=,Jagraj,1
720=,Jahangeer,1
720=,Jahrred,1
720=,Jaiden,1
720=,Jaimes,1
720=,Jaimey,1
720=,Jaims,1
720=,Jake-James,1
720=,James-Henry,1
720=,James-Jordon,1
720=,James-Lachlan,1
720=,Jamie-Lee,1
720=,Jamieson,1
720=,Jansen,1
720=,Jarad,1
720=,Jardyn,1
720=,Jareth,1
720=,Jarno,1
720=,Jarrad,1
720=,Jarrid,1
720=,Jarron,1
720=,Jaryd,1
720=,Jaskaran,1
720=,Jaspreet,1
720=,Jatinder,1
720=,Javad,1
720=,Javed,1
720=,Jawad,1
720=,Jaxon,1
720=,Jay-Ger,1
720=,Jay-Henri,1
720=,Jaydon,1
720=,Jaydyn,1
720=,Jayzen,1
720=,Jazai,1
720=,Jazib,1
720=,Jean,1
720=,Jean-Luc,1
720=,Jeff,1
720=,Jeffrey,1
720=,Jehad,1
720=,Jen-Hua,1
720=,Jensen,1
720=,Jesse,1
720=,Jethro,1
720=,Jevin,1
720=,Jevon,1
720=,Ji,1
720=,Jim,1
720=,Jimi,1
720=,Jo,1
720=,Joaquin,1
720=,Jocelyn,1
720=,Jock,1
720=,Joedy,1
720=,Joesef,1
720=,Joeseph,1
720=,Johann,1
720=,John-Andrew,1
720=,John-Luke,1
720=,John-Michael,1
720=,John-Ross,1
720=,Johnston,1
720=,Jon-Ross,1
720=,Jon-Taylor,1
720=,Jonjay,1
720=,Jono,1
720=,Jonty,1
720=,Jordan-Ross,1
720=,Jordan-William,1
720=,Jordi,1
720=,Jorin,1
720=,Joris,1
720=,Jorren,1
720=,Jory,1
720=,Jose,1
720=,Joseff,1
720=,Juan,1
720=,Jules,1
720=,Julien,1
720=,Julios,1
720=,Jussi,1
720=,Kaan,1
720=,Kaare,1
720=,Kabeer,1
720=,Kadan,1
720=,Kade,1
720=,Kael,1
720=,Kaelan,1
720=,Kaeleb,1
720=,Kaelem,1
720=,Kaelum,1
720=,Kaiden,1
720=,Kaidyn,1
720=,Kaifali,1
720=,Kailas,1
720=,Kais,1
720=,Kaisey,1
720=,Kaius,1
720=,Kalan,1
720=,Kalim,1
720=,Kalis,1
720=,Kalle,1
720=,Kalok,1
720=,Kameran,1
720=,Kar,1
720=,Karam-Allah,1
720=,Karan,1
720=,Karey,1
720=,Karim,1
720=,Karlouse,1
720=,Kasam,1
720=,Kashan,1
720=,Kashel,1
720=,Kashim,1
720=,Kasi,1
720=,Kasim,1
720=,Kaya,1
720=,Kayl,1
720=,Kayne,1
720=,Kazacham,1
720=,Kc,1
720=,Keane,1
720=,Keanu-Kane,1
720=,Kearin,1
720=,Keaton,1
720=,Keegen,1
720=,Keeley,1
720=,Keevan,1
720=,Keivan,1
720=,Kellan,1
720=,Kellen,1
720=,Kelman,1
720=,Ken,1
720=,Kenan,1
720=,Kennedy,1
720=,Kenzy,1
720=,Kesar,1
720=,Kesir,1
720=,Kess,1
720=,Keston,1
720=,Kheegan,1
720=,Khian,1
720=,Khurram,1
720=,Khushab,1
720=,Khy,1
720=,Kiel,1
720=,Kien,1
720=,Kienan,1
720=,Kierin,1
720=,Kieryn,1
720=,Kilean,1
720=,Killean,1
720=,Kiloh,1
720=,Kingsley,1
720=,Kiran,1
720=,Kit,1
720=,Kobe,1
720=,Kodi,1
720=,Koni,1
720=,Konrad,1
720=,Konstantinos,1
720=,Kori,1
720=,Kory,1
720=,Kraig,1
720=,Kree,1
720=,Krishan,1
720=,Kriss,1
720=,Kristan,1
720=,Kulraj,1
720=,Kynan,1
720=,Laith,1
720=,Lance,1
720=,Lang,1
720=,Lanyon,1
720=,Larson,1
720=,Latharn,1
720=,Lawrance,1
720=,Lawry,1
720=,Leeon,1
720=,Lei,1
720=,Leiam,1
720=,Leif,1
720=,Leightonjay,1
720=,Leonidas,1
720=,Leroy,1
720=,Les,1
720=,Leslie,1
720=,Levi-David,1
720=,Levis,1
720=,Lex,1
720=,Leyton,1
720=,Liall,1
720=,Liam-Jon,1
720=,Liath,1
720=,Lindsay,1
720=,Lino,1
720=,Linton,1
720=,Lior,1
720=,Lirilind,1
720=,Llewi,1
720=,Lochidh,1
720=,Lochlin,1
720=,Lorcan,1
720=,Lorenzo,1
720=,Loris,1
720=,Loughlan,1
720=,Loui,1
720=,Lowrie,1
720=,Loyd,1
720=,Lucas-Jai,1
720=,Luciano,1
720=,Ludovic,1
720=,Luka,1
720=,Luqmaan,1
720=,Lyell,1
720=,Macaulay,1
720=,Macauly,1
720=,Macgregor,1
720=,Mackenzie-J,1
720=,Macx,1
720=,Mahid,1
720=,Mahmoud,1
720=,Makki,1
720=,Makoto,1
720=,Malin,1
720=,Mamoon,1
720=,Man,1
720=,Manas,1
720=,Manpreet,1
720=,Marcello,1
720=,Marko,1
720=,Marlon,1
720=,Marty,1
720=,Mate,1
720=,Matias,1
720=,Matthias,1
720=,Mattie,1
720=,Mattis,1
720=,Maurice,1
720=,Maurizio,1
720=,Maxim,1
720=,Maximillian,1
720=,Mazin,1
720=,Mazlum,1
720=,Mccauley,1
720=,Melville,1
720=,Menno,1
720=,Mergim,1
720=,Merlin,1
720=,Mian,1
720=,Micah,1
720=,Micheil,1
720=,Miguel,1
720=,Mikael,1
720=,Mikail,1
720=,Mike,1
720=,Milen,1
720=,Milk,1
720=,Millar,1
720=,Moaad,1
720=,Moaavia,1
720=,Mohamad,1
720=,Mohammed-Ali,1
720=,Mohshin,1
720=,Moireach,1
720=,Mondo,1
720=,Monthir,1
720=,Morad,1
720=,Moreno,1
720=,Morgen,1
720=,Mosab,1
720=,Moses,1
720=,Moss,1
720=,Mubashir,1
720=,Mubin-Ul,1
720=,Mudassar,1
720=,Muhammad-Hassaan,1
720=,Muhaymin,1
720=,Mullaidh,1
720=,Mungo,1
720=,Munro,1
720=,Mure,1
720=,Murphy,1
720=,Murry,1
720=,Musa-Ab,1
720=,Mutakir,1
720=,Nabil,1
720=,Nadim,1
720=,Naeem,1
720=,Nafeel,1
720=,Naim,1
720=,Naithan,1
720=,Nasur,1
720=,Nathen,1
720=,Nathin,1
720=,Nayem,1
720=,Ned,1
720=,Neill,1
720=,Neilson,1
720=,Nial,1
720=,Nicas,1
720=,Nick,1
720=,Nickolas,1
720=,Nicola,1
720=,Niels,1
720=,Nikhil,1
720=,Niklas,1
720=,Nikolaus,1
720=,Nischal,1
720=,Nishant,1
720=,Niven,1
720=,Nolan,1
720=,Noman,1
720=,Noor,1
720=,Ntando,1
720=,Nye,1
720=,Nyle,1
720=,Odhran,1
720=,Odoyo,1
720=,Oisean,1
720=,Oishin,1
720=,Olisanwendu,1
720=,Oljay,1
720=,On,1
720=,Orhan,1
720=,Orin,1
720=,Oriol,1
720=,Orrin,1
720=,Osama-Bin,1
720=,Osborne,1
720=,Ossi,1
720=,Oswin,1
720=,Otto,1
720=,Owain,1
720=,Pacey,1
720=,Pak-Hang,1
720=,Panayiotis,1
720=,Paol,1
720=,Paramvir,1
720=,Patrik,1
720=,Peadar,1
720=,Pedro,1
720=,Peer,1
720=,Piers,1
720=,Pieter,1
720=,Pol,1
720=,Pranav,1
720=,Presley,1
720=,Pretam,1
720=,Pritmeraj,1
720=,Purav,1
720=,Qaasim,1
720=,Qaid,1
720=,Qais,1
720=,Qasem,1
720=,Quin,1
720=,Quintin,1
720=,Raaid,1
720=,Rabuma,1
720=,Raees,1
720=,Rael,1
720=,Rahim,1
720=,Raja,1
720=,Rajan,1
720=,Rajdeep,1
720=,Rajib,1
720=,Rajvir,1
720=,Ramazan,1
720=,Rameen,1
720=,Ramsey,1
720=,Ramzy,1
720=,Ranulph,1
720=,Raul,1
720=,Rayaan,1
720=,Rayan,1
720=,Rayhan,1
720=,Rayna,1
720=,Rayyan,1
720=,Reagyn,1
720=,Reegan,1
720=,Reegan-Jaye,1
720=,Reenan,1
720=,Rees,1
720=,Reese,1
720=,Reeve,1
720=,Reeves,1
720=,Rehhan,1
720=,Rehmaan,1
720=,Rehman,1
720=,Reigan,1
720=,Reilly,1
720=,Rein,1
720=,Reise,1
720=,Reni,1
720=,Reno,1
720=,Reu'ben,1
720=,Rex,1
720=,Reyad,1
720=,Reyna,1
720=,Rheighen,1
720=,Rhoan,1
720=,Rhoderick,1
720=,Rhuan,1
720=,Rhuari,1
720=,Rhudi,1
720=,Rhuraidh,1
720=,Rhurie,1
720=,Rhyan,1
720=,Rhyce,1
720=,Rhyes,1
720=,Riach,1
720=,Riaz,1
720=,Riccardo,1
720=,Richey,1
720=,Rico,1
720=,Riece,1
720=,Riess,1
720=,Rinus,1
720=,Rishabh,1
720=,Rishi,1
720=,Ritesh,1
720=,Rithvik,1
720=,River,1
720=,Riyad,1
720=,Rizwaan,1
720=,Rizwan,1
720=,Rob,1
720=,Robaidh,1
720=,Robbi,1
720=,Robbie-Joe,1
720=,Roberto,1
720=,Robertson,1
720=,Robyn,1
720=,Rodney,1
720=,Rodrigo,1
720=,Rohaan,1
720=,Rohaim,1
720=,Rohit,1
720=,Rohnan,1
720=,Roland,1
720=,Ronell,1
720=,Roni,1
720=,Roopam,1
720=,Roraigh,1
720=,Rori,1
720=,Rory-Joe,1
720=,Roscoe,1
720=,Roshan,1
720=,Ross-Taylor,1
720=,Ruadhan,1
720=,Ruadhri,1
720=,Ruaidhri,1
720=,Ruan,1
720=,Ruarri,1
720=,Ruben,1
720=,Rufus,1
720=,Rui,1
720=,Rupert,1
720=,Ryann,1
720=,Ryce,1
720=,Rylan,1
720=,Ryley,1
720=,Rylie,1
720=,Ryszard,1
720=,Saam,1
720=,Sabeel,1
720=,Sabesan,1
720=,Sabit,1
720=,Saboor,1
720=,Sacha,1
720=,Sadik,1
720=,Sadiq,1
720=,Safealdean,1
720=,Safwat,1
720=,Safyaan,1
720=,Saife-Eldain,1
720=,Sajeel,1
720=,Sakhpal,1
720=,Salar,1
720=,Salem,1
720=,Salmaan,1
720=,Samadi,1
720=,Samraj,1
720=,Samson,1
720=,Samyak,1
720=,Sanday,1
720=,Sandeep,1
720=,Sanders,1
720=,Sanjit,1
720=,Sasha,1
720=,Satoru,1
720=,Satoshi,1
720=,Scean,1
720=,Scott-Jay,1
720=,Sean-Keiran,1
720=,Sean-Paul,1
720=,Seanthomas,1
720=,Sebastiaan,1
720=,Seho,1
720=,Seoras,1
720=,Sereno,1
720=,Sergio,1
720=,Seth,1
720=,Shabab,1
720=,Shadi,1
720=,Shahbaz,1
720=,Shahid,1
720=,Shahik,1
720=,Shahrukh,1
720=,Shahzaib,1
720=,Shaikh,1
720=,Shain,1
720=,Shalin,1
720=,Shamill,1
720=,Shamone,1
720=,Shamsher,1
720=,Shamyle,1
720=,Shanley,1
720=,Shaun-Colin,1
720=,Shavez,1
720=,Shaw,1
720=,Shawn-Paul,1
720=,Shayne,1
720=,Shazeb,1
720=,Shelim,1
720=,Shiraaz,1
720=,Shiraz,1
720=,Shiven,1
720=,Sholto,1
720=,Shotaro,1
720=,Shuaib,1
720=,Sikandar,1
720=,Silvan,1
720=,Sipho,1
720=,Sirkishan,1
720=,Sky,1
720=,Sofiane,1
720=,Sofyan,1
720=,Solly,1
720=,Somhairle,1
720=,Sonnie,1
720=,Soroush,1
720=,Sotirios,1
720=,Srihari,1
720=,Stan,1
720=,Steban,1
720=,Steffan-Lee,1
720=,Steffen,1
720=,Stelios,1
720=,Stephan,1
720=,Stevan,1
720=,Steve,1
720=,Stirling,1
720=,Struan-James,1
720=,Subhan,1
720=,Sudais,1
720=,Suhaib,1
720=,Sulaiman,1
720=,Suleman,1
720=,Suliman,1
720=,Sullivan,1
720=,Sunni-Tre,1
720=,Svend,1
720=,Sydney,1
720=,Sylvester-David,1
720=,Tace,1
720=,Tadhg-Lorcan,1
720=,Taha,1
720=,Tahir,1
720=,Tahseen,1
720=,Taine,1
720=,Tait,1
720=,Tajeddin,1
720=,Talha,1
720=,Talhah,1
720=,Talib,1
720=,Tamir,1
720=,Tane,1
720=,Tariq,1
720=,Tarla,1
720=,Tarun,1
720=,Tayden,1
720=,Teague,1
720=,Tee,1
720=,Teejay,1
720=,Teghan,1
720=,Teighjay,1
720=,Telfer,1
720=,Telmo,1
720=,Teodoro,1
720=,Thaddeus,1
720=,Thai,1
720=,Theodore,1
720=,Thibault,1
720=,Thom,1
720=,Thomas-Neale,1
720=,Tiernan,1
720=,Tin,1
720=,Tobin,1
720=,Tobyas,1
720=,Tod,1
720=,Toine,1
720=,Tomas,1
720=,Tomasz,1
720=,Tomi,1
720=,Tomjames,1
720=,Tommee,1
720=,Torben,1
720=,Torcull,1
720=,Torran,1
720=,Torrin,1
720=,Tosh,1
720=,Trefor,1
720=,Trevor,1
720=,Tristian,1
720=,Tristram,1
720=,Trystan,1
720=,Tyreece,1
720=,Tyron,1
720=,Umair,1
720=,Umayr,1
720=,Usaama,1
720=,Usaamah,1
720=,Usamah,1
720=,Usmann,1
720=,Uzayr,1
720=,Uzzair,1
720=,Varik,1
720=,Vaughan,1
720=,Veejay,1
720=,Vehaan,1
720=,Venkata,1
720=,Victor,1
720=,Vinesh,1
720=,Vinnie,1
720=,Vito,1
720=,Vittorio,1
720=,Waleed,1
720=,Walid,1
720=,Waqas,1
720=,Wassim,1
720=,Wesley,1
720=,Wilfrid,1
720=,Wilkie,1
720=,Willis,1
720=,Wilson,1
720=,Wojtylla,1
720=,Wolfgang,1
720=,Xian,1
720=,Ya'eesh,1
720=,Yahya,1
720=,Yan,1
720=,Yannick,1
720=,Yao,1
720=,Yaseen,1
720=,Yasin,1
720=,Yasir,1
720=,Yasser,1
720=,Yassir,1
720=,Yi,1
720=,Yousaf,1
720=,Yousef,1
720=,Ythan,1
720=,Yulan,1
720=,Yuta,1
720=,Zacharia,1
720=,Zachariah,1
720=,Zachery,1
720=,Zackaray,1
720=,Zackary,1
720=,Zahid,1
720=,Zahir,1
720=,Zaim,1
720=,Zain-Ul-Abedin,1
720=,Zainulabideen,1
720=,Zakary,1
720=,Zakee,1
720=,Zaki,1
720=,Zander,1
720=,Zartab,1
720=,Zayd,1
720=,Zayn,1
720=,Zein,1
720=,Zeke,1
720=,Zenith,1
720=,Zeshaan,1
720=,Zia,1
720=,Zico,1
720=,Zimran,1
720=,Zine,1
720=,Zinedine,1
720=,Zion,1
720=,Zuhayr,1
720=,Zuzu,1
720=,Zyad,1
,,
,,
,,
,,
,,
,,
,,
,,
,,
,,
,,
,,
,,
,,
,,
,,
,,
,,
,,
,,
,,
,,
,,
,,
,,
,,
,,
,,
,,
,,
,,
,,
,,
,,
,,
,,
,,
,,
,,
,,
,,
,,
,,
,,
,,
,,
,,
,,
,,
,,
,,
,,
,,
,,
,,
,,
,,
,,
,,
,,
,,
,,
,,
,,
,,
,,
,,
,,
,,
,,
,,
,,
,,
,,
,,
,,
,,
,,
,,
,,
,,
,,
,,
,,
,,
,,
,,
,,
,,
,,
,,
,,
,,
,,
,,
,,
,,
,,
,,
,,
,,
,,
,,
,,
,,
,,
,,
,,
,,
,,
,,
,,
,,
,,
,,
,,
,,
,,
,,
,,
,,
,,
,,
,,
,,
,,
,,
,,
,,
,,
,,
,,
,,
,,
,,
,,
,,
,,
,,
,,
,,
,,
,,
,,
,,
,,
,,
,,
,,
,,
,,
,,
,,
,,
,,
,,
,,
,,
,,
,,
,,
,,
,,
,,
,,
,,
,,
,,
,,
,,
,,
,,
,,
,,
,,
,,
,,
,,
,,
,,
,,
,,
,,
,,
,,
,,
,,
,,
,,
,,
,,
,,
,,
,,
,,
,,
,,
,,
,,
,,
,,
,,
,,
,,
,,
,,
,,
,,
,,
,,
,,
,,
,,
,,
,,
,,
,,
,,
,,
,,
,,
,,
,,
,,
,,
,,
,,
,,
,,
,,
,,
,,
,,
,,
,,
,,
,,
,,
,,
,,
,,
,,
,,
,,
,,
,,
,,
,,
,,
,,
,,
,,
,,
,,
,,
,,
,,
,,
,,
,,
,,
,,
,,
,,
,,
,,
,,
,,
,,
,,
,,
,,
,,
,,
,,
,,
,,
,,
,,
,,
,,
,,
,,
,,
,,
,,
,,
,,
,,
,,
,,
,,
,,
,,
,,
,,
,,
,,
,,
,,
,,
,,
,,
,,
,,
,,
,,
,,
,,
,,
,,
,,
,,
,,
,,
,,
,,
,,
,,
,,
,,
,,
,,
,,
,,
,,
,,
,,
,,
,,
,,
,,
,,
,,
,,
,,
,,
,,
,,
,,
,,
,,
,,
,,
,,
,,
,,
,,
,,
,,
,,
,,
,,
,,
,,
,,
,,
,,
,,
,,
,,
,,
,,
,,
,,
,,
,,
,,
,,
,,
,,
,,
,,
,,
,,
,,
,,
,,
,,
,,
,,
,,
,,
,,
,,
,,
,,
,,
,,
,,
,,
,,
,,
,,
,,
,,
,,
,,
,,
,,
,,
,,
,,
,,
,,
,,
,,
,,
,,
,,
,,
,,
,,
,,
,,
,,
,,
,,
,,
,,
,,
,,
,,
,,
,,
,,
,,
,,
,,
,,
,,
,,
,,
,,
,,
,,
,,
,,
,,
,,
,,
,,
,,
,,
,,
,,
,,
,,
,,
,,
,,
,,
,,
,,
,,
,,
,,
,,
,,
,,
,,
,,
,,
,,
,,
,,
,,
,,
,,
,,
,,
,,
,,
,,
,,
,,
,,
,,
,,
,,
,,
,,
,,
,,
,,
,,
,,
,,
,,
,,
,,
,,
,,
,,
,,
,,
,,
,,
,,
,,
,,
,,
,,
,,
,,
,,
,,
,,
,,
,,
,,
,,
,,
,,
,,
,,
,,
,,
,,
,,
,,
,,
,,
,,
,,
,,
,,
,,
,,
,,
,,
,,
,,
,,
,,
,,
,,
,,
,,
,,
,,
,,
,,
,,
,,
,,
,,
,,
,,
,,
,,
,,
,,
,,
,,
,,
,,
,,
,,
,,
,,
,,
,,
,,
,,
,,
,,
,,
,,
,,
,,
,,
,,
,,
,,
,,
,,
,,
,,
,,
,,
,,
,,
,,
,,
,,
,,
,,
,,
,,
,,
,,
,,
,,
,,
,,
,,
,,
,,
,,
,,
,,
,,
,,
,,
,,
,,
,,
,,
,,
,,
,,
,,
,,
,,
,,
,,
,,
,,
,,
,,
,,
,,
,,
,,
,,
,,
,,
,,
,,
,,
,,
,,
,,
,,
,,
,,
,,
,,
,,
,,
,,
,,
,,
,,
,,
,,
,,
,,
,,
,,
,,
,,
,,
,,
,,
,,
,,
,,
,,
,,
,,
,,
,,
,,
,,
,,
,,
,,
,,
,,
,,
,,
,,
,,
,,
,,
,,
,,
,,
,,
,,
,,
,,
,,
,,
,,
,,
,,
,,
,,
,,
,,
,,
,,
,,
,,
,,
,,
,,
,,
,,
,,
,,
,,
,,
,,
,,
,,
,,
,,
,,
,,
,,
,,
,,
,,
,,
,,
,,
,,
,,
,,
,,
,,
,,
,,
,,
,,
,,
,,
,,
,,
,,
,,
,,
,,
,,
,,
,,
,,
,,
,,
,,
,,
,,
,,
,,
,,
,,
,,
,,
,,
,,
,,
,,
,,
,,
,,
,,
,,
,,
,,
,,
,,
,,
,,
,,
,,
,,
,,
,,
,,
,,
,,
,,
,,
,,
,,
,,
,,
,,
,,
,,
,,
,,
,,
,,
,,
,,
,,
,,
,,
,,
,,
,,
,,
,,
,,
,,
,,
,,
,,
,,
,,
,,
,,
,,
,,
,,
,,
,,
,,
,,
,,
,,
,,
,,
,,
,,
,,
,,
,,
,,
,,
,,
,,
,,
,,
,,
,,
,,
,,
,,
,,
,,
,,
,,
,,
,,
,,
,,
,,
,,
,,
,,
,,
,,
,,
,,
,,
,,
,,
,,
,,
,,
,,
,,
,,
,,
,,
,,
,,
,,
,,
,,
,,
,,
,,
,,
,,
,,
,,
,,
,,
,,
,,
,,
,,
,,
,,
,,
,,
,,
,,
,,
,,
,,
,,
,,
,,
,,
,,
,,
,,
,,
,,
,,
,,
,,
,,
,,
,,
,,
,,
,,
,,
,,
,,
,,
,,
,,
,,
,,
,,
,,
,,
,,
,,
,,
,,
,,
,,
,,
,,
,,
,,
,,
,,
,,
,,
,,
,,
,,
,,
,,
,,
,,
,,
,,
,,
,,
,,
,,
,,
,,
,,
,,
,,
,,
,,
,,
,,
,,
,,
,,
,,
,,
,,
,,
,,
,,
,,
,,
,,
,,
,,
,,
,,
,,
,,
,,
,,
,,
,,
,,
,,
,,
,,
,,
,,
,,
,,
,,
,,
,,
,,
,,
,,
,,
,,
,,
,,
,,
,,
,,
,,
,,
,,
,,
,,
,,
,,
,,
,,
,,
,,
,,
,,
,,
,,
,,
,,
,,
,,
,,
,,
,,
,,
,,
,,
,,
,,
,,
,,
,,
,,
,,
,,
,,
,,
,,
,,
,,
,,
,,
,,
,,
,,
,,
,,
,,
,,
,,
,,
,,
,,
,,
,,
,,
,,
,,
,,
,,
,,
,,
,,
,,
,,
,,
,,
,,
,,
,,
,,
,,
,,
,,
,,
,,
,,
,,
,,
,,
,,
,,
,,
,,
,,
,,
,,
,,
,,
,,
,,
,,
,,
,,
,,
,,
,,
,,
,,
,,
,,
,,
,,
,,
,,
,,
,,
,,
,,
© Crown Copyright 2015,,
