Position,Name,Number of babies
1,Jack,833
2,Lewis,770
3,Cameron,609
4,Ryan,577
5,James,510
6,Callum,486
7,Andrew,474
8,Dylan,451
9,Ross,431
10,Jamie,418
11,Liam,411
12,Adam,407
13,Matthew,406
14,Daniel,399
15,Scott,377
16,Kieran,364
17,David,363
18,Connor,362
19,Jordan,329
20,Kyle,314
21,Michael,310
22,Ben,307
23,Thomas,300
24,John,275
25,Aidan,269
26,Craig,262
27,Sean,251
28,Nathan,244
29,Alexander,239
30,Joshua,230
31=,Calum,224
31=,Luke,224
33,Euan,222
34,Robbie,220
35,William,218
36,Declan,213
37,Aaron,211
38,Reece,203
39=,Christopher,202
39=,Ewan,202
39=,Fraser,202
42,Josh,200
43,Robert,194
44,Mark,172
45,Brandon,168
46,Paul,165
47=,Ethan,164
47=,Jay,164
49,Finlay,162
50,Joseph,160
51,Samuel,156
52,Jake,150
53,Sam,142
54,Harry,141
55,Logan,139
56,Owen,136
57,Lee,134
58,Steven,132
59,Benjamin,122
60,Stephen,117
61,Blair,114
62,Gregor,112
63=,Rhys,110
63=,Rory,110
65,Stuart,107
66=,Marc,104
66=,Taylor,104
68=,Dean,101
68=,Shaun,101
70,Darren,97
71,Ciaran,88
72=,Angus,83
72=,Jason,83
74,Max,82
75=,Aiden,80
75=,Peter,80
77=,Conor,79
77=,Greg,79
79,Martin,77
80,Oliver,76
81=,Joe,74
81=,Jonathan,74
81=,Louis,74
84,Kai,73
85=,Gary,69
85=,Tyler,69
87,Murray,67
88,George,65
89,Leon,62
90,Mohammed,59
91,Alistair,58
92=,Arran,57
92=,Nicholas,57
94,Anthony,56
95=,Lucas,55
95=,Patrick,55
97=,Evan,54
97=,Jacob,54
97=,Marcus,54
100=,Keir,53
100=,Mitchell,53
102=,Duncan,52
102=,Hamish,52
104=,Alan,51
104=,Bradley,51
106=,Charles,50
106=,Ian,50
106=,Kian,50
109=,Charlie,48
109=,Morgan,48
111=,Grant,47
111=,Stewart,47
113,Kerr,46
114=,Douglas,44
114=,Iain,44
114=,Neil,44
117,Zak,43
118,Kevin,41
119=,Elliot,39
119=,Fergus,39
121,Archie,38
122=,Alasdair,37
122=,Finn,37
122=,Gavin,37
122=,Tom,37
126,Keiran,36
127=,Brendan,34
127=,Harris,34
129,Ronan,33
130=,Alex,32
130=,Bailey,32
130=,Conner,32
130=,Lennon,32
134=,Brian,31
134=,Colin,31
136=,Allan,30
136=,Struan,30
138=,Alastair,29
138=,Drew,29
138=,Glen,29
141=,Barry,28
141=,Corey,28
141=,Leo,28
144=,Dillon,27
144=,Dominic,27
144=,Graeme,27
147=,Graham,26
147=,Jude,26
147=,Mohammad,26
147=,Muhammad,26
147=,Ruairidh,26
152=,Billy,25
152=,Calvin,25
152=,Edward,25
152=,Isaac,25
152=,Kenneth,25
157=,Harrison,24
157=,Ruaridh,24
157=,Shane,24
160=,Brodie,23
160=,Innes,23
160=,Joel,23
160=,Niall,23
160=,Toby,23
165=,Cole,22
165=,Greig,22
165=,Richard,22
168=,Danny,21
168=,Gordon,21
170,Callan,20
171=,Ali,19
171=,Bruce,19
171=,Caleb,19
171=,Daryl,19
171=,Findlay,19
171=,Gabriel,19
171=,Kane,19
171=,Lachlan,19
171=,Zachary,19
180=,Brad,18
180=,Guy,18
180=,Justin,18
180=,Simon,18
184=,Derek,17
184=,Ellis,17
184=,Harvey,17
184=,Henry,17
184=,Rohan,17
184=,Russell,17
190=,Donald,16
190=,Kieren,16
190=,Luca,16
190=,Maxwell,16
194=,Alfie,15
194=,Christian,15
194=,Eoin,15
194=,Kieron,15
194=,Oscar,15
194=,Rian,15
194=,Sebastian,15
194=,Sonny,15
194=,Tommy,15
203=,Curtis,14
203=,Frazer,14
203=,Jon,14
203=,Malcolm,14
203=,Mason,14
203=,Matt,14
209=,Arron,13
209=,Austin,13
209=,Bryan,13
209=,Campbell,13
209=,Dale,13
209=,Garry,13
209=,Jackson,13
209=,Lloyd,13
209=,Luis,13
209=,Ruaraidh,13
209=,Saul,13
209=,Zain,13
221=,Hayden,12
221=,Mackenzie,12
221=,Rowan,12
221=,Zac,12
225=,Brett,11
225=,Brogan,11
225=,Cormac,11
225=,Cory,11
225=,Hugh,11
225=,Jai,11
225=,Kristopher,11
225=,Levi,11
225=,Mathew,11
225=,Philip,11
225=,Riley,11
225=,Ruari,11
237=,Bryce,10
237=,Cailean,10
237=,Dane,10
237=,Darryl,10
237=,Gareth,10
237=,Hamza,10
237=,Jared,10
237=,Jed,10
237=,Jordon,10
237=,Keigan,10
237=,Louie,10
237=,Lyle,10
237=,Marco,10
237=,Regan,10
237=,Sol,10
252=,Blaine,9
252=,Byron,9
252=,Cian,9
252=,Glenn,9
252=,Hassan,9
252=,Hector,9
252=,Jayden,9
252=,Lawrence,9
252=,Lukas,9
252=,Magnus,9
252=,Myles,9
252=,Nathaniel,9
252=,Omar,9
252=,Reiss,9
252=,Reuben,9
252=,Scot,9
252=,Tristan,9
252=,Troy,9
252=,Zack,9
271=,Abdullah,8
271=,Aedan,8
271=,Cody,8
271=,Corrie,8
271=,Devin,8
271=,Ewen,8
271=,Finley,8
271=,Jak,8
271=,Jonathon,8
271=,Karl,8
271=,Kris,8
271=,Murdo,8
271=,Nairn,8
271=,Noah,8
271=,Shawn,8
271=,Shay,8
271=,Stefan,8
271=,Vincent,8
271=,Zander,8
290=,Ahmed,7
290=,Benedict,7
290=,Brandyn,7
290=,Deacon,7
290=,Jaden,7
290=,Kelvin,7
290=,Luc,7
290=,Nico,7
290=,Ramsay,7
290=,Raymond,7
290=,Ritchie,7
290=,Theo,7
290=,Tomas,7
290=,Tony,7
290=,Umar,7
305=,Aarron,6
305=,Antony,6
305=,Ayden,6
305=,Baillie,6
305=,Blake,6
305=,Brendon,6
305=,Bryn,6
305=,Cain,6
305=,Carson,6
305=,Casey,6
305=,Coll,6
305=,Conall,6
305=,Conan,6
305=,Conlan,6
305=,Dennis,6
305=,Elliott,6
305=,Gerard,6
305=,Haroon,6
305=,Jakob,6
305=,Kade,6
305=,Keiron,6
305=,Keith,6
305=,Kirk,6
305=,Kristofer,6
305=,Kye,6
305=,Lennox,6
305=,Markus,6
305=,Robin,6
305=,Roderick,6
305=,Seamus,6
305=,Shea,6
305=,Spencer,6
305=,Theodore,6
305=,Torin,6
339=,Ahmad,5
339=,Arthur,5
339=,Bernard,5
339=,Brooklyn,5
339=,Cairn,5
339=,Carter,5
339=,Cooper,5
339=,Dan,5
339=,Danyal,5
339=,Eoghan,5
339=,Francis,5
339=,Frederick,5
339=,Gregory,5
339=,Haris,5
339=,Harley,5
339=,Hasan,5
339=,Jaime,5
339=,Johnathan,5
339=,Kamran,5
339=,Kenan,5
339=,Lauchlan,5
339=,Lochlan,5
339=,Mohamed,5
339=,Moray,5
339=,Muhammed,5
339=,Owain,5
339=,Pierce,5
339=,Ricky,5
339=,Roan,5
339=,Rob,5
339=,Ronald,5
339=,Ronin,5
339=,Ruairi,5
339=,Seumas,5
339=,Timothy,5
374=,Adrian,4
374=,Ajay,4
374=,Alister,4
374=,Ally,4
374=,Amir,4
374=,Anton,4
374=,Aodhan,4
374=,Asim,4
374=,Bilal,4
374=,Caelan,4
374=,Cai,4
374=,Clark,4
374=,Connal,4
374=,Conrad,4
374=,Corin,4
374=,Damon,4
374=,Dario,4
374=,Darragh,4
374=,Dawson,4
374=,Declyn,4
374=,Deen,4
374=,Dougal,4
374=,Felix,4
374=,Frank,4
374=,Hamzah,4
374=,Hugo,4
374=,Josef,4
374=,Joss,4
374=,Kaine,4
374=,Kaleb,4
374=,Kyran,4
374=,Lachlann,4
374=,Lyall,4
374=,Mac,4
374=,Matteo,4
374=,Maximilian,4
374=,Nicol,4
374=,Nicolas,4
374=,Reilly,4
374=,Ruben,4
374=,Seth,4
374=,Subhan,4
374=,Tayler,4
374=,Travis,4
374=,Tyrone,4
374=,Usman,4
374=,Victor,4
374=,Wilson,4
374=,Zach,4
423=,Aadam,3
423=,Abdul,3
423=,Adil,3
423=,Adnan,3
423=,Adrien,3
423=,Alec,3
423=,Alessio,3
423=,Allister,3
423=,Aonghas,3
423=,Arman,3
423=,Arun,3
423=,Benn,3
423=,Brody,3
423=,Cade,3
423=,Cael,3
423=,Callen,3
423=,Carlo,3
423=,Cavan,3
423=,Charley,3
423=,Che,3
423=,Chun,3
423=,Colm,3
423=,Conal,3
423=,Connell,3
423=,Crawford,3
423=,Damien,3
423=,Darrel,3
423=,Denver,3
423=,Deryn,3
423=,Devlin,3
423=,Devon,3
423=,Dexter,3
423=,Dillan,3
423=,Domhnall,3
423=,Dugald,3
423=,Eamon,3
423=,Eamonn,3
423=,Eddie,3
423=,Enrico,3
423=,Eric,3
423=,Flynn,3
423=,Frankie,3
423=,Gianni,3
423=,Gregg,3
423=,Henrik,3
423=,Hussain,3
423=,Ibraheem,3
423=,Ibrahim,3
423=,Idrees,3
423=,Ismail,3
423=,Ivan,3
423=,Jeremy,3
423=,Joey,3
423=,John-Paul,3
423=,Johnny,3
423=,Jonah,3
423=,Kalum,3
423=,Kalvin,3
423=,Keelan,3
423=,Keenan,3
423=,Kenny,3
423=,Khalid,3
423=,Kiran,3
423=,Lawrie,3
423=,Layton,3
423=,Leighton,3
423=,Lochlann,3
423=,Lorn,3
423=,Marshall,3
423=,Micheal,3
423=,Mikey,3
423=,Miles,3
423=,Muir,3
423=,Mungo,3
423=,Musa,3
423=,Norman,3
423=,Oran,3
423=,Osama,3
423=,Oskar,3
423=,Padraig,3
423=,Qasim,3
423=,Rahul,3
423=,Rana,3
423=,Reagan,3
423=,Reese,3
423=,Rennie,3
423=,Reza,3
423=,Richie,3
423=,Rico,3
423=,Rio,3
423=,Rocco,3
423=,Ronnie,3
423=,Saif,3
423=,Teejay,3
423=,Wallace,3
423=,Walter,3
423=,Warren,3
423=,Xander,3
423=,Xavier,3
423=,Yahya,3
423=,Yaseen,3
423=,Yusuf,3
423=,Zachariah,3
526=,Aaryn,2
526=,Aditya,2
526=,Ahren,2
526=,Ahsan,2
526=,Aidyn,2
526=,Albert,2
526=,Alisdair,2
526=,Aman,2
526=,Amandeep,2
526=,Antonio,2
526=,Aqib,2
526=,Aran,2
526=,Archibald,2
526=,Armin,2
526=,Aron,2
526=,Atholl,2
526=,Bayley,2
526=,Beck,2
526=,Beinn,2
526=,Bennet,2
526=,Blane,2
526=,Blayne,2
526=,Bobby,2
526=,Boyd,2
526=,Braden,2
526=,Brandan,2
526=,Branden,2
526=,Brennan,2
526=,Brennen,2
526=,Brent,2
526=,Brook,2
526=,Cadan,2
526=,Cal,2
526=,Camran,2
526=,Caolan,2
526=,Carrick,2
526=,Cathal,2
526=,Chad,2
526=,Chay,2
526=,Christy,2
526=,Ciar,2
526=,Clement,2
526=,Clive,2
526=,Codie,2
526=,Connall,2
526=,Connan,2
526=,Connar,2
526=,Connel,2
526=,Corbin,2
526=,Croy,2
526=,Daanyaal,2
526=,Dagan,2
526=,Dalton,2
526=,Darien,2
526=,Darius,2
526=,Dariusz,2
526=,Daud,2
526=,Deane,2
526=,Del,2
526=,Denholm,2
526=,Denis,2
526=,Derry,2
526=,Derryn,2
526=,Devlyn,2
526=,Diarmid,2
526=,Donnie,2
526=,Dre,2
526=,Drummond,2
526=,Dyllan,2
526=,Dylon,2
526=,Eden,2
526=,Ehsan,2
526=,Elias,2
526=,Elijah,2
526=,Eliot,2
526=,Emilio,2
526=,Etienne,2
526=,Faisal,2
526=,Faizan,2
526=,Faraaz,2
526=,Faraz,2
526=,Faris,2
526=,Fearghas,2
526=,Finbar,2
526=,Finnan,2
526=,Finnley,2
526=,Francesco,2
526=,Freddie,2
526=,Gabe,2
526=,Ged,2
526=,Geordie,2
526=,Gerry,2
526=,Giacomo,2
526=,Gilbert,2
526=,Gino,2
526=,Giovanni,2
526=,Guthrie,2
526=,Haaris,2
526=,Hadyn,2
526=,Hamad,2
526=,Harri,2
526=,Haseeb,2
526=,Hashim,2
526=,Ho,2
526=,Hubert,2
526=,Humzah,2
526=,Hunter,2
526=,Idris,2
526=,Imran,2
526=,Irvine,2
526=,Jackie,2
526=,Jacques,2
526=,Jadyn,2
526=,Jae,2
526=,Jan,2
526=,Jaryd,2
526=,Jayson,2
526=,Jerry,2
526=,Jimi,2
526=,John-Lee,2
526=,Johnnie,2
526=,Jose,2
526=,Jozef,2
526=,Julen,2
526=,Jules,2
526=,Julien,2
526=,Junaid,2
526=,Kain,2
526=,Kaj,2
526=,Kal,2
526=,Kameron,2
526=,Kasim,2
526=,Kayne,2
526=,Kearin,2
526=,Keaton,2
526=,Keegan,2
526=,Keiren,2
526=,Kern,2
526=,Kevan,2
526=,Khai,2
526=,Kiegan,2
526=,Kien,2
526=,Kierran,2
526=,Kobe,2
526=,Kody,2
526=,Kristian,2
526=,Kurt,2
526=,Laird,2
526=,Lars,2
526=,Laurence,2
526=,Laurie,2
526=,Leonard,2
526=,Lleyton,2
526=,Lorenzo,2
526=,Lorne,2
526=,Lui,2
526=,Macauley,2
526=,Mack,2
526=,Mackie,2
526=,Malachy,2
526=,Malik,2
526=,Marek,2
526=,Martyn,2
526=,Massimo,2
526=,Mathieu,2
526=,Maximillian,2
526=,Maximus,2
526=,Miguel,2
526=,Millar,2
526=,Milo,2
526=,Mitchel,2
526=,Neal,2
526=,Nelson,2
526=,Nicky,2
526=,Nikolai,2
526=,Nikolas,2
526=,Oakley,2
526=,Odin,2
526=,Oisin,2
526=,Osamah,2
526=,Ossian,2
526=,Phillip,2
526=,Piers,2
526=,Prince,2
526=,Qaasim,2
526=,Quinn,2
526=,Raja,2
526=,Robson,2
526=,Roddy,2
526=,Rogan,2
526=,Rueben,2
526=,Ryley,2
526=,Sahil,2
526=,Salman,2
526=,Samir,2
526=,Sandy,2
526=,Saqib,2
526=,Sean-Patrick,2
526=,Seonaidh,2
526=,Shahzeb,2
526=,Shazad,2
526=,Shazeb,2
526=,Shlomo,2
526=,Shon,2
526=,Sorley,2
526=,Stan,2
526=,Stanley,2
526=,Stefano,2
526=,Stevie,2
526=,Sulaiman,2
526=,Syed,2
526=,Talha,2
526=,Taylor-James,2
526=,Terence,2
526=,Tj,2
526=,Tobias,2
526=,Ty,2
526=,Tye,2
526=,Tylor,2
526=,Tyron,2
526=,Ubaid,2
526=,Uilleam,2
526=,Usamah,2
526=,Usmaan,2
526=,Uzair,2
526=,Wesley,2
526=,Will,2
526=,Woody,2
526=,Zacharia,2
526=,Zakaria,2
526=,Zeeshan,2
526=,Zen,2
758=,Aadil,1
758=,Aaman,1
758=,Aamer,1
758=,Aamir,1
758=,Aaran,1
758=,Aarran,1
758=,Aarryn,1
758=,Aarun,1
758=,Aasim,1
758=,Abbaas,1
758=,Abbas,1
758=,Abd,1
758=,Abdalla,1
758=,Abdalrahman,1
758=,Abdel,1
758=,Abdelbassat,1
758=,Abdelhade,1
758=,Abdillah,1
758=,Abdul-Latif,1
758=,Abdulhakeem,1
758=,Abdulwahab,1
758=,Abdur,1
758=,Abdur-Rahman,1
758=,Abdus,1
758=,Abed,1
758=,Abid,1
758=,Abie,1
758=,Abraar,1
758=,Abubakkar,1
758=,Adahm,1
758=,Adam-John,1
758=,Adbul-Rehman,1
758=,Adeel,1
758=,Adem,1
758=,Aden,1
758=,Adhamh,1
758=,Adian,1
758=,Adib,1
758=,Adryees,1
758=,Aemonn,1
758=,Aerin,1
758=,Aethan,1
758=,Agostino,1
758=,Ahid,1
758=,Ahmer,1
758=,Aidan-Lee,1
758=,Aidin,1
758=,Aiman,1
758=,Ajaib,1
758=,Akif,1
758=,Aksel,1
758=,Akshay,1
758=,Akshaya,1
758=,Alam,1
758=,Alaster,1
758=,Alban,1
758=,Aleem,1
758=,Alejandro,1
758=,Aleksandr,1
758=,Alessandro,1
758=,Alexandre,1
758=,Alexandros,1
758=,Alexei,1
758=,Alexzander,1
758=,Alezander,1
758=,Alfred,1
758=,Alfrid,1
758=,Alhusein,1
758=,Aliyaan,1
758=,Aliyan,1
758=,Allistair,1
758=,Alyx,1
758=,Amaan,1
758=,Amanullah,1
758=,Amanveer,1
758=,Amaz,1
758=,Amed,1
758=,Ameerarsalan,1
758=,Amin,1
758=,Amman,1
758=,Ammar,1
758=,Amogh,1
758=,Amrik,1
758=,Amrin,1
758=,Amrit,1
758=,Amro,1
758=,Ander,1
758=,Andre,1
758=,Andreas,1
758=,Angad,1
758=,Ansh,1
758=,Antoine,1
758=,Antoneno,1
758=,Anup,1
758=,Anus,1
758=,Aodan,1
758=,Aonghais,1
758=,Arbaaz,1
758=,Arbaz,1
758=,Areeb,1
758=,Argyle,1
758=,Ari,1
758=,Arin,1
758=,Arjun,1
758=,Arlind,1
758=,Armanjit,1
758=,Arn,1
758=,Arvin,1
758=,Asad,1
758=,Aseer,1
758=,Ashkan,1
758=,Ashley,1
758=,Ashton,1
758=,Ashwyn,1
758=,Assad,1
758=,Assim,1
758=,Athanasos,1
758=,Athul,1
758=,Aubrey,1
758=,Audain,1
758=,Augustus,1
758=,Aulay,1
758=,Avtar,1
758=,Awais,1
758=,Axl,1
758=,Aydan,1
758=,Aydin,1
758=,Ayman,1
758=,Aymar,1
758=,Ayner,1
758=,Ayodeji,1
758=,Ayrton,1
758=,Azaan,1
758=,Azam,1
758=,Azeem,1
758=,Azhar,1
758=,Bailay,1
758=,Bailley,1
758=,Baird,1
758=,Bairre,1
758=,Balaal,1
758=,Baley,1
758=,Barclay,1
758=,Bari,1
758=,Baris,1
758=,Barnabas,1
758=,Barnaby,1
758=,Barrie,1
758=,Basil,1
758=,Bassil,1
758=,Baudouin,1
758=,Beckett,1
758=,Bellal,1
758=,Benjamin-Isaac,1
758=,Benny,1
758=,Berk,1
758=,Bertram,1
758=,Binyam,1
758=,Binyameen,1
758=,Bipesh,1
758=,Blain,1
758=,Bleon,1
758=,Bleu,1
758=,Blue,1
758=,Bnar,1
758=,Bobbie,1
758=,Bogdan,1
758=,Bohdi,1
758=,Bora,1
758=,Boris,1
758=,Brady,1
758=,Brandin,1
758=,Brandon-Jay,1
758=,Brandon-Lee,1
758=,Brannan,1
758=,Bray,1
758=,Breanden,1
758=,Brenan,1
758=,Brenden,1
758=,Brigen,1
758=,Brodi,1
758=,Brooke,1
758=,Bruno,1
758=,Bryan-William,1
758=,Bryden,1
758=,Brydon,1
758=,Cabhan,1
758=,Caden,1
758=,Caelin,1
758=,Cahal,1
758=,Cailan,1
758=,Caillen,1
758=,Cailum,1
758=,Caine,1
758=,Caiol,1
758=,Caithan,1
758=,Calan,1
758=,Cale,1
758=,Calen,1
758=,Callam,1
758=,Callin,1
758=,Callum-Fraser,1
758=,Cally,1
758=,Callyn,1
758=,Calumn,1
758=,Calven,1
758=,Calyn,1
758=,Camryn,1
758=,Carl,1
758=,Carlito,1
758=,Carlos,1
758=,Carraig,1
758=,Casper,1
758=,Cathan,1
758=,Cavin,1
758=,Cayden,1
758=,Ceallach,1
758=,Cedric,1
758=,Ceiran,1
758=,Chae,1
758=,Chai,1
758=,Challum,1
758=,Chan-Ki,1
758=,Chance,1
758=,Chandler,1
758=,Charly,1
758=,Chowdhury,1
758=,Chris,1
758=,Chuddry,1
758=,Cieran,1
758=,Cieren,1
758=,Cieron,1
758=,Cihan,1
758=,Clarence,1
758=,Claus,1
758=,Clem,1
758=,Clint,1
758=,Clyde,1
758=,Cobe,1
758=,Coby,1
758=,Coel,1
758=,Coinneach,1
758=,Colby,1
758=,Collyn,1
758=,Conlin,1
758=,Connaire,1
758=,Connon,1
758=,Constantinos,1
758=,Copeland,1
758=,Cor,1
758=,Coran,1
758=,Corbyn,1
758=,Coree,1
758=,Corhan,1
758=,Cormack,1
758=,Corran,1
758=,Cortez,1
758=,Cougar,1
758=,Coy,1
758=,Craiglewis,1
758=,Cullen,1
758=,Cupar,1
758=,Curt,1
758=,Curtys,1
758=,Cymon,1
758=,Cynan,1
758=,Dafydd,1
758=,Daine,1
758=,Daiven,1
758=,Dalip,1
758=,Dallas,1
758=,Damian,1
758=,Damiete,1
758=,Danann,1
758=,Daniaal,1
758=,Danial,1
758=,Daniyal,1
758=,Daoud,1
758=,Darian-James,1
758=,Daris,1
758=,Darra,1
758=,Darral,1
758=,Darran,1
758=,Darrell,1
758=,Darrien,1
758=,Darrin,1
758=,Darrio,1
758=,Darrol,1
758=,Darwyn,1
758=,Daryn,1
758=,Dave,1
758=,David-Iswell,1
758=,David-James,1
758=,Davidson,1
758=,Davies,1
758=,Davis,1
758=,Dawood,1
758=,Dawoud,1
758=,Dayl,1
758=,Dayle,1
758=,Daylen,1
758=,Dayne,1
758=,Deakin,1
758=,Declanlee,1
758=,Declin,1
758=,Deejay,1
758=,Dejan,1
758=,Deklyn,1
758=,Denni,1
758=,Denny,1
758=,Denyn,1
758=,Denzil,1
758=,Dermott,1
758=,Derren,1
758=,Derrin,1
758=,Deven,1
758=,Devlin-Lewis,1
758=,Devyn,1
758=,Dhanyaal,1
758=,Dharmraj,1
758=,Dheeshan,1
758=,Dhevlin,1
758=,Dhilan,1
758=,Dhillon,1
758=,Dhyllon,1
758=,Diego,1
758=,Diesel,1
758=,Digory-John,1
758=,Dilan,1
758=,Dildaar,1
758=,Diljot,1
758=,Dillyn,1
758=,Dimitris,1
758=,Dino,1
758=,Dion,1
758=,Diyar,1
758=,Dmitri,1
758=,Dominik,1
758=,Domonik,1
758=,Donic,1
758=,Donnay,1
758=,Donovan,1
758=,Drae,1
758=,Dragon,1
758=,Drew-Alexander,1
758=,Drilon,1
758=,Duff,1
758=,Durness,1
758=,Dwain,1
758=,Dylan-James,1
758=,Dylan-Michael,1
758=,Dylan-Starr,1
758=,Eammon,1
758=,Eathan,1
758=,Eben,1
758=,Eddison,1
758=,Edgar,1
758=,Edwin,1
758=,Eidhan,1
758=,Eithen,1
758=,Eldon,1
758=,Elham,1
758=,Elian,1
758=,Eliott,1
758=,Elom,1
758=,Elsaf,1
758=,Emil,1
758=,Emmanuel,1
758=,Emrah,1
758=,Emre,1
758=,Enis,1
758=,Erfan,1
758=,Eshan,1
758=,Eshveer,1
758=,Ethan-Craig,1
758=,Eugene,1
758=,Evgeny,1
758=,Evin,1
758=,Ezekiel,1
758=,Ezra,1
758=,Fadhil,1
758=,Fahad,1
758=,Fahdi,1
758=,Faheem,1
758=,Fahim,1
758=,Faizaan,1
758=,Farbod,1
758=,Fardin,1
758=,Fareed,1
758=,Farqad,1
758=,Farquhar,1
758=,Farris,1
758=,Feargal,1
758=,Ferdy,1
758=,Findal,1
758=,Findley,1
758=,Finnen,1
758=,Finnlay,1
758=,Fintan,1
758=,Fionn,1
758=,Fionnbharr,1
758=,Fionnlagh,1
758=,Florian,1
758=,Floyd,1
758=,Franky,1
758=,Frasier,1
758=,Fred,1
758=,Frederic,1
758=,Fynlay,1
758=,Fyodor,1
758=,Gabor,1
758=,Gabryle,1
758=,Gage,1
758=,Gaku,1
758=,Garath,1
758=,Garbhan,1
758=,Garis,1
758=,Gaurav,1
758=,Geireann,1
758=,Geoff,1
758=,Georgio,1
758=,Gerald,1
758=,Geralto,1
758=,Gergo,1
758=,Gethin,1
758=,Gianluca,1
758=,Gianpaolo,1
758=,Gideon,1
758=,Gil,1
758=,Gio,1
758=,Glasgow,1
758=,Glynn,1
758=,Goran,1
758=,Gordon-Leon,1
758=,Grady,1
758=,Granger,1
758=,Gray,1
758=,Greame,1
758=,Grey,1
758=,Griffin,1
758=,Grover,1
758=,Gurpreet,1
758=,Gustav,1
758=,Haddon,1
758=,Hadrien,1
758=,Hagan,1
758=,Haider,1
758=,Haig,1
758=,Hajsan,1
758=,Haldan,1
758=,Halsten,1
758=,Hamid,1
758=,Hammad,1
758=,Hammam,1
758=,Hanan,1
758=,Hannan,1
758=,Hannon,1
758=,Hao,1
758=,Harald,1
758=,Harman,1
758=,Harnek,1
758=,Harshekara,1
758=,Harun,1
758=,Harys,1
758=,Haseeb-Urrahman,1
758=,Hasen,1
758=,Hashem,1
758=,Hashir,1
758=,Hasnain,1
758=,Haydon,1
758=,Hayton,1
758=,Hayyaan,1
758=,Hazim,1
758=,Hendry,1
758=,Hew,1
758=,Hoa,1
758=,Houston,1
758=,Huckleberry,1
758=,Humayl,1
758=,Humza,1
758=,Husan,1
758=,Husni,1
758=,Hussein,1
758=,Hussnain,1
758=,Ibraheim,1
758=,Idan,1
758=,Iftekar,1
758=,Iftikhar,1
758=,Ikechukuka,1
758=,Ilcic,1
758=,Ilias,1
758=,Ilyas,1
758=,Iman,1
758=,Inness,1
758=,Innis,1
758=,Ioannis,1
758=,Irah,1
758=,Irbaaz,1
758=,Irfaan,1
758=,Irtiza,1
758=,Irvyn,1
758=,Ishaan,1
758=,Ishaaq,1
758=,Ishan,1
758=,Isiajah,1
758=,Isikeli,1
758=,Islam,1
758=,Issa,1
758=,Issac,1
758=,Ivo,1
758=,Ivor,1
758=,Iwan,1
758=,Izak,1
758=,Izzak,1
758=,Jaapher,1
758=,Jac,1
758=,Jacen,1
758=,Jacobus,1
758=,Jacque,1
758=,Jadsadaporn,1
758=,Jai-Dev,1
758=,Jaidan,1
758=,Jaie,1
758=,Jaimz,1
758=,Jakke,1
758=,Jakobus,1
758=,Jamal,1
758=,James-Joseph,1
758=,James-Junior,1
758=,James-Patrick,1
758=,Jamil,1
758=,Janbaaz,1
758=,Jarod,1
758=,Jarred,1
758=,Jarrett,1
758=,Jarvie,1
758=,Jasem,1
758=,Jason-John,1
758=,Jasper,1
758=,Jatinder,1
758=,Jawaad,1
758=,Jaxon,1
758=,Jaydan,1
758=,Jayden-Lee,1
758=,Jaye,1
758=,Jayme,1
758=,Jaymis,1
758=,Jaymz,1
758=,Jean,1
758=,Jean-Luc,1
758=,Jeepstar,1
758=,Jeevan,1
758=,Jeff,1
758=,Jeffrey,1
758=,Jemshan,1
758=,Jes,1
758=,Jesse,1
758=,Jett,1
758=,Jez,1
758=,Jia,1
758=,Jiarui,1
758=,Jim,1
758=,Jimmy,1
758=,Jo,1
758=,Joachim,1
758=,Jody,1
758=,Johan,1
758=,Johann,1
758=,John-Angus,1
758=,John-Joe,1
758=,Johnathon,1
758=,Johnathon-James,1
758=,Johnlee,1
758=,Johnpaul,1
758=,Johnstone,1
758=,Joirdan,1
758=,Jolon,1
758=,Jon-Luc,1
758=,Jonnie,1
758=,Jonny,1
758=,Joo,1
758=,Jordan-Reece,1
758=,Jordanlee,1
758=,Jordyn-Lee,1
758=,Jos,1
758=,Josch,1
758=,Josiah,1
758=,Julian,1
758=,Jun,1
758=,Junior,1
758=,Jura,1
758=,Jye,1
758=,Kaasim,1
758=,Kacy,1
758=,Kaelan,1
758=,Kaelem,1
758=,Kaelin,1
758=,Kaelum,1
758=,Kaidyn,1
758=,Kaileb,1
758=,Kailem,1
758=,Kailum,1
758=,Kais,1
758=,Kaiyn,1
758=,Kalan,1
758=,Kale,1
758=,Kalem,1
758=,Kalin,1
758=,Kalle,1
758=,Kamal,1
758=,Kameran,1
758=,Karamveer,1
758=,Karan,1
758=,Kare,1
758=,Karrar,1
758=,Karrison,1
758=,Kaseim,1
758=,Kashif,1
758=,Kasper,1
758=,Kaya,1
758=,Kaya-James,1
758=,Kaylum,1
758=,Kaysai,1
758=,Kazimir,1
758=,Keagan,1
758=,Kealan,1
758=,Kearann,1
758=,Keatan,1
758=,Keelin,1
758=,Keian,1
758=,Keifer,1
758=,Keilym,1
758=,Kein,1
758=,Keirin,1
758=,Kejvi,1
758=,Kel,1
758=,Kelsey,1
758=,Kendall,1
758=,Kendy,1
758=,Kengo,1
758=,Kensley,1
758=,Kenzie,1
758=,Kered,1
758=,Kerem,1
758=,Keshav,1
758=,Kester,1
758=,Kevin-Barry,1
758=,Keygan,1
758=,Kez,1
758=,Khaelem,1
758=,Khaleb,1
758=,Khallad,1
758=,Kharamdeep,1
758=,Kia,1
758=,Kiam,1
758=,Kiaran,1
758=,Kiel,1
758=,Kielan,1
758=,Kier,1
758=,Kiern,1
758=,Kieryn,1
758=,Kinaan,1
758=,Kingsley,1
758=,Kipp,1
758=,Kit,1
758=,Kiyan,1
758=,Kjeld,1
758=,Klayton,1
758=,Kodey,1
758=,Kodi,1
758=,Kohnol,1
758=,Kong,1
758=,Konnar,1
758=,Konnor,1
758=,Konor,1
758=,Kool,1
758=,Kori,1
758=,Krishan,1
758=,Kristinn,1
758=,Krisztian,1
758=,Kuldeep,1
758=,Kurtis,1
758=,Ky,1
758=,Kyan,1
758=,Kyielan,1
758=,Kyler,1
758=,Kyro,1
758=,Kyuss,1
758=,Lachie,1
758=,Lance,1
758=,Lane,1
758=,Larsson,1
758=,Lauchlyn,1
758=,Lauren,1
758=,Lawson,1
758=,Lazaros,1
758=,Leaim,1
758=,Leam,1
758=,Lee-James,1
758=,Leedatona,1
758=,Leevi,1
758=,Leif,1
758=,Leigh,1
758=,Leith,1
758=,Lennie,1
758=,Lennon-Christopher,1
758=,Lenny,1
758=,Leonardo,1
758=,Leopold,1
758=,Leslie,1
758=,Levent,1
758=,Lewie,1
758=,Lewys,1
758=,Lex,1
758=,Leyton,1
758=,Liall,1
758=,Liam-James,1
758=,Lincoln,1
758=,Lindsay,1
758=,Linus,1
758=,Lio,1
758=,Llewis,1
758=,Lochart,1
758=,Lochlainn,1
758=,Lochlyn,1
758=,Lockhart,1
758=,Lockie,1
758=,Loic,1
758=,Lorentz,1
758=,Louden,1
758=,Loudon,1
758=,Lucca,1
758=,Luciano,1
758=,Luckpreet,1
758=,Luka,1
758=,Lukasz,1
758=,Luthais,1
758=,Luther,1
758=,Lydon,1
758=,Lyes,1
758=,Lyon,1
758=,Lysandre,1
758=,Mabon,1
758=,Macalan,1
758=,Macallan,1
758=,Macaulay,1
758=,Macauly,1
758=,Maccallum,1
758=,Macgregor,1
758=,Mackinlay,1
758=,Mackinley,1
758=,Macleod,1
758=,Mahmoud,1
758=,Mahmud,1
758=,Mairaj,1
758=,Maison,1
758=,Maksim,1
758=,Malek,1
758=,Malte,1
758=,Mandeep,1
758=,Mani,1
758=,Maninder,1
758=,Manos,1
758=,Manus,1
758=,Marc-Anthony,1
758=,Markas,1
758=,Marky,1
758=,Marley,1
758=,Marlon,1
758=,Marquis,1
758=,Marti,1
758=,Marty,1
758=,Marvin,1
758=,Masaharu,1
758=,Masaru,1
758=,Masub,1
758=,Mateen,1
758=,Matheson,1
758=,Matin,1
758=,Matiss,1
758=,Maurice,1
758=,Maverick,1
758=,Maz,1
758=,Mckenzie,1
758=,Mckinley,1
758=,Mehdi,1
758=,Melvin,1
758=,Meredith,1
758=,Merie,1
758=,Mert,1
758=,Messam,1
758=,Micah,1
758=,Mickie,1
758=,Mihindu,1
758=,Mika,1
758=,Mikael,1
758=,Mikenzie,1
758=,Miko,1
758=,Millad,1
758=,Miraji,1
758=,Mirza,1
758=,Mitsuru,1
758=,Moad,1
758=,Moayed,1
758=,Mobin,1
758=,Mohan,1
758=,Moneb,1
758=,Moosa,1
758=,Morgyn,1
758=,Morris,1
758=,Mortimer,1
758=,Morton,1
758=,Mostafa,1
758=,Mostyn,1
758=,Mouther,1
758=,Muneeb,1
758=,Munib,1
758=,Murad,1
758=,Muralidharan,1
758=,Mussa,1
758=,Mustafa,1
758=,Mykel,1
758=,Nadiratul,1
758=,Nafees,1
758=,Nali,1
758=,Nalin,1
758=,Naoise,1
758=,Nasir,1
758=,Nathanael,1
758=,Ndukuru,1
758=,Neale,1
758=,Nev,1
758=,Nevan,1
758=,Nevin,1
758=,Nezar,1
758=,Nikhil,1
758=,Nils,1
758=,Ninian,1
758=,Nishanthan,1
758=,Niyah,1
758=,Nizar,1
758=,Njord,1
758=,Noa,1
758=,Noel,1
758=,Noey,1
758=,Noory,1
758=,Nuaym,1
758=,Nuhan,1
758=,Numair,1
758=,Nuri,1
758=,Nyall,1
758=,Odhran,1
758=,Oliver-Jack,1
758=,Oluwatobiloba,1
758=,Omer,1
758=,Onni,1
758=,Orlando,1
758=,Ory,1
758=,Osman,1
758=,Oswald,1
758=,Otis,1
758=,Owais-Ur,1
758=,Owayes,1
758=,Ozan,1
758=,Pablo,1
758=,Pacey,1
758=,Padmavathani,1
758=,Paisley,1
758=,Panayis,1
758=,Parth,1
758=,Pasquale,1
758=,Patric,1
758=,Paul-John,1
758=,Pavan,1
758=,Peadar,1
758=,Pearse-Brandyn,1
758=,Peri,1
758=,Perry,1
758=,Phelim,1
758=,Pheonix,1
758=,Phoenix,1
758=,Pierre-Samy,1
758=,Ping,1
758=,Pouya,1
758=,Prabir,1
758=,Pranav,1
758=,Prentice,1
758=,Preston,1
758=,Pritpal,1
758=,Qais,1
758=,Qamar,1
758=,Quin,1
758=,Quinlan,1
758=,Quinnley,1
758=,Raafi,1
758=,Raemond,1
758=,Rafael,1
758=,Raheem,1
758=,Rahim,1
758=,Rai,1
758=,Raiden,1
758=,Raif,1
758=,Raife,1
758=,Raigan,1
758=,Ralph,1
758=,Rami,1
758=,Ramie,1
758=,Ramish,1
758=,Ramneek,1
758=,Ramzi,1
758=,Rani,1
758=,Raoul,1
758=,Raphael,1
758=,Ravi,1
758=,Ravinder,1
758=,Ray,1
758=,Rayan,1
758=,Razaa,1
758=,Reace,1
758=,Redford,1
758=,Reed,1
758=,Reegan,1
758=,Rees,1
758=,Reeve,1
758=,Regin,1
758=,Reginald,1
758=,Rehan,1
758=,Reid,1
758=,Reis,1
758=,Reison,1
758=,Reisse,1
758=,Remo,1
758=,Reuban,1
758=,Reuel,1
758=,Revan,1
758=,Reyes,1
758=,Reyna,1
758=,Rhian,1
758=,Rhis,1
758=,Rhobaidh,1
758=,Rhonan,1
758=,Rhuari,1
758=,Rhudi,1
758=,Rhudiadh,1
758=,Rhuiri,1
758=,Rhuridh,1
758=,Rhyan,1
758=,Ricardo,1
758=,Riccardo,1
758=,Ricco,1
758=,Ricki,1
758=,Rilie,1
758=,Rion,1
758=,Riordan,1
758=,Ripon,1
758=,Rivers,1
758=,Riyad,1
758=,Rizwaan,1
758=,Roberto,1
758=,Rockford,1
758=,Roddie,1
758=,Rohaan,1
758=,Rohnyn,1
758=,Roi,1
758=,Rojhat,1
758=,Roland,1
758=,Ronain,1
758=,Roozbeh,1
758=,Rori,1
758=,Rorie,1
758=,Roshan,1
758=,Rotem,1
758=,Rowallan,1
758=,Rowen,1
758=,Roy,1
758=,Ruaidhri,1
758=,Ruaidri,1
758=,Ruan,1
758=,Rui,1
758=,Rupert,1
758=,Ruraidh,1
758=,Rye,1
758=,Ryian,1
758=,Saad,1
758=,Saagar,1
758=,Saajid,1
758=,Sabar,1
758=,Sabawoun,1
758=,Sabeel,1
758=,Sacha,1
758=,Sachin,1
758=,Sadhil,1
758=,Saem,1
758=,Sahal,1
758=,Saiyed,1
758=,Sajan,1
758=,Sajjad,1
758=,Samad,1
758=,Sameel,1
758=,Sameer,1
758=,Sami,1
758=,Samier,1
758=,Sammy,1
758=,Samson,1
758=,Samual,1
758=,Samual-Robert,1
758=,Samuele,1
758=,Sandeep,1
758=,Sanjith,1
758=,Santiago,1
758=,Sapahr,1
758=,Sateesh,1
758=,Satnam,1
758=,Saud,1
758=,Sayf,1
758=,Sayfali,1
758=,Sayyab,1
758=,Sean-Paul,1
758=,Sebastiaan,1
758=,Sebastiano,1
758=,Sebastien,1
758=,Seefaw,1
758=,Seon,1
758=,Seraj,1
758=,Sergio,1
758=,Serif,1
758=,Shaahan,1
758=,Shaan,1
758=,Shae,1
758=,Shahbaz,1
758=,Shahbrahman,1
758=,Shahroz,1
758=,Shahzaib,1
758=,Shakar,1
758=,Shakayne,1
758=,Shalom,1
758=,Shamus,1
758=,Sharokh,1
758=,Shaundeep,1
758=,Shaw,1
758=,Shayan,1
758=,Shedden,1
758=,Shehroz,1
758=,Sheikh,1
758=,Sheldon,1
758=,Shing,1
758=,Shjon,1
758=,Shoaib,1
758=,Sholto,1
758=,Shreyan,1
758=,Shun,1
758=,Shuyang,1
758=,Siddharth,1
758=,Silas,1
758=,Simeon,1
758=,Simran,1
758=,Sjoerd,1
758=,Skye,1
758=,Sleiman,1
758=,Sohaib,1
758=,Sohail,1
758=,Soham,1
758=,Somhairle,1
758=,Sonny-D'courian,1
758=,Soren,1
758=,Stan-Leigh,1
758=,Stanton,1
758=,Stavros,1
758=,Stein,1
758=,Stephan,1
758=,Stephen-Paul,1
758=,Steve,1
758=,Steven-James,1
758=,Steven-Jamie,1
758=,Storm,1
758=,Stormy,1
758=,Strath,1
758=,Struthan,1
758=,Subhaan,1
758=,Sudais,1
758=,Suhit,1
758=,Sulayman,1
758=,Suleman,1
758=,Suleyman,1
758=,Sunghram,1
758=,Sunny,1
758=,T-Jay,1
758=,Tadgh,1
758=,Tadiwanashe,1
758=,Taggert,1
758=,Tague,1
758=,Taha,1
758=,Tai-River,1
758=,Taiki,1
758=,Taimur,1
758=,Taine,1
758=,Tait,1
758=,Take,1
758=,Talor,1
758=,Tanatswa,1
758=,Tanveer,1
758=,Taran,1
758=,Tarek,1
758=,Tariq,1
758=,Tarmo,1
758=,Taurai,1
758=,Taylan,1
758=,Taylr,1
758=,Tayyib,1
758=,Teal,1
758=,Ted,1
758=,Teddy,1
758=,Tee-Jay,1
758=,Tegan,1
758=,Tejay,1
758=,Teo,1
758=,Terrence,1
758=,Teun,1
758=,Teyfik,1
758=,Theophile,1
758=,Thian,1
758=,Thijuran,1
758=,Thom,1
758=,Thomas-John,1
758=,Thorfinn,1
758=,Tiaan,1
758=,Tiam,1
758=,Tiarnan,1
758=,Tieran,1
758=,Tim,1
758=,Timur,1
758=,Titus,1
758=,Todd,1
758=,Tolga,1
758=,Tomie,1
758=,Toney,1
758=,Tonie,1
758=,Tor,1
758=,Torbjorn,1
758=,Torren,1
758=,Torrunn,1
758=,Trai,1
758=,Tre,1
758=,Tren,1
758=,Trevor,1
758=,Tristian,1
758=,Tristram,1
758=,Turan,1
758=,Tylar,1
758=,Tyler-Jay,1
758=,Tymen,1
758=,Tyreece,1
758=,Tyrese,1
758=,Ubaidullah,1
758=,Uisdean,1
758=,Umair,1
758=,Umberto,1
758=,Umer,1
758=,Unays,1
758=,Usama,1
758=,Ussfan,1
758=,Uwais,1
758=,Vasileios,1
758=,Veeraj,1
758=,Vinay,1
758=,Vyon,1
758=,Wade,1
758=,Wahid,1
758=,Wakelin,1
758=,Waseem,1
758=,Wayde,1
758=,Wei,1
758=,Werner,1
758=,Westlyn,1
758=,Weston,1
758=,William-Alexander,1
758=,Willum,1
758=,Winston,1
758=,Yaheya,1
758=,Yahia,1
758=,Yalcin,1
758=,Yann,1
758=,Yaqub,1
758=,Yik-Yeung,1
758=,Yiu,1
758=,Ynys,1
758=,Yordi,1
758=,You,1
758=,Youcef,1
758=,Yousif,1
758=,Yousof,1
758=,Yousr,1
758=,Yuki,1
758=,Yuma,1
758=,Yusef,1
758=,Yuta,1
758=,Zacc,1
758=,Zaccori,1
758=,Zackaria,1
758=,Zackary,1
758=,Zaen,1
758=,Zafa,1
758=,Zahir,1
758=,Zakariah,1
758=,Zakary,1
758=,Zakk,1
758=,Zarak,1
758=,Zayyan,1
758=,Zeeshaan,1
758=,Zefron,1
758=,Zehn,1
758=,Zerak,1
758=,Zeshaan,1
758=,Zharick,1
758=,Zidan,1
758=,Zine,1
758=,Ziniu,1
,,
,,
,,
,,
,,
,,
,,
,,
,,
,,
,,
,,
,,
,,
,,
,,
,,
,,
,,
,,
,,
,,
,,
,,
,,
,,
,,
,,
,,
,,
,,
,,
,,
,,
,,
,,
,,
,,
,,
,,
,,
,,
,,
,,
,,
,,
,,
,,
,,
,,
,,
,,
,,
,,
,,
,,
,,
,,
,,
,,
,,
,,
,,
,,
,,
,,
,,
,,
,,
,,
,,
,,
,,
,,
,,
,,
,,
,,
,,
,,
,,
,,
,,
,,
,,
,,
,,
,,
,,
,,
,,
,,
,,
,,
,,
,,
,,
,,
,,
,,
,,
,,
,,
,,
,,
,,
,,
,,
,,
,,
,,
,,
,,
,,
,,
,,
,,
,,
,,
,,
,,
,,
,,
,,
,,
,,
,,
,,
,,
,,
,,
,,
,,
,,
,,
,,
,,
,,
,,
,,
,,
,,
,,
,,
,,
,,
,,
,,
,,
,,
,,
,,
,,
,,
,,
,,
,,
,,
,,
,,
,,
,,
,,
,,
,,
,,
,,
,,
,,
,,
,,
,,
,,
,,
,,
,,
,,
,,
,,
,,
,,
,,
,,
,,
,,
,,
,,
,,
,,
,,
,,
,,
,,
,,
,,
,,
,,
,,
,,
,,
,,
,,
,,
,,
,,
,,
,,
,,
,,
,,
,,
,,
,,
,,
,,
,,
,,
,,
,,
,,
,,
,,
,,
,,
,,
,,
,,
,,
,,
,,
,,
,,
,,
,,
,,
,,
,,
,,
,,
,,
,,
,,
,,
,,
,,
,,
,,
,,
,,
,,
,,
,,
,,
,,
,,
,,
,,
,,
,,
,,
,,
,,
,,
,,
,,
,,
,,
,,
,,
,,
,,
,,
,,
,,
,,
,,
,,
,,
,,
,,
,,
,,
,,
,,
,,
,,
,,
,,
,,
,,
,,
,,
,,
,,
,,
,,
,,
,,
,,
,,
,,
,,
,,
,,
,,
,,
,,
,,
,,
,,
,,
,,
,,
,,
,,
,,
,,
,,
,,
,,
,,
,,
,,
,,
,,
,,
,,
,,
,,
,,
,,
,,
,,
,,
,,
,,
,,
,,
,,
,,
,,
,,
,,
,,
,,
,,
,,
,,
,,
,,
,,
,,
,,
,,
,,
,,
,,
,,
,,
,,
,,
,,
,,
,,
,,
,,
,,
,,
,,
,,
,,
,,
,,
,,
,,
,,
,,
,,
,,
,,
,,
,,
,,
,,
,,
,,
,,
,,
,,
,,
,,
,,
,,
,,
,,
,,
,,
,,
,,
,,
,,
,,
,,
,,
,,
,,
,,
,,
,,
,,
,,
,,
,,
,,
,,
,,
,,
,,
,,
,,
,,
,,
,,
,,
,,
,,
,,
,,
,,
,,
,,
,,
,,
,,
,,
,,
,,
,,
,,
,,
,,
,,
,,
,,
,,
,,
,,
,,
,,
,,
,,
,,
,,
,,
,,
,,
,,
,,
,,
,,
,,
,,
,,
,,
,,
,,
,,
,,
,,
,,
,,
,,
,,
,,
,,
,,
,,
,,
,,
,,
,,
,,
,,
,,
,,
,,
,,
,,
,,
,,
,,
,,
,,
,,
,,
,,
,,
,,
,,
,,
,,
,,
,,
,,
,,
,,
,,
,,
,,
,,
,,
,,
,,
,,
,,
,,
,,
,,
,,
,,
,,
,,
,,
,,
,,
,,
,,
,,
,,
,,
,,
,,
,,
,,
,,
,,
,,
,,
,,
,,
,,
,,
,,
,,
,,
,,
,,
,,
,,
,,
,,
,,
,,
,,
,,
,,
,,
,,
,,
,,
,,
,,
,,
,,
,,
,,
,,
,,
,,
,,
,,
,,
,,
,,
,,
,,
,,
,,
,,
,,
,,
,,
,,
,,
,,
,,
,,
,,
,,
,,
,,
,,
,,
,,
,,
,,
,,
,,
,,
,,
,,
,,
,,
,,
,,
,,
,,
,,
,,
,,
,,
,,
,,
,,
,,
,,
,,
,,
,,
,,
,,
,,
,,
,,
,,
,,
,,
,,
,,
,,
,,
,,
,,
,,
,,
,,
,,
,,
,,
,,
,,
,,
,,
,,
,,
,,
,,
,,
,,
,,
,,
,,
,,
,,
,,
,,
,,
,,
,,
,,
,,
,,
,,
,,
,,
,,
,,
,,
,,
,,
,,
,,
,,
,,
,,
,,
,,
,,
,,
,,
,,
,,
,,
,,
,,
,,
,,
,,
,,
,,
,,
,,
,,
,,
,,
,,
,,
,,
,,
,,
,,
,,
,,
,,
,,
,,
,,
,,
,,
,,
,,
,,
,,
,,
,,
,,
,,
,,
,,
,,
,,
,,
,,
,,
,,
,,
,,
,,
,,
,,
,,
,,
,,
,,
,,
,,
,,
,,
,,
,,
,,
,,
,,
,,
,,
,,
,,
,,
,,
,,
,,
,,
,,
,,
,,
,,
,,
,,
,,
,,
,,
,,
,,
,,
,,
,,
,,
,,
,,
,,
,,
,,
,,
,,
,,
,,
,,
,,
,,
,,
,,
,,
,,
,,
,,
,,
,,
,,
,,
,,
,,
,,
,,
,,
,,
,,
,,
,,
,,
,,
,,
,,
,,
,,
,,
,,
,,
,,
,,
,,
,,
,,
,,
,,
,,
,,
,,
,,
,,
,,
,,
,,
,,
,,
,,
,,
,,
,,
,,
,,
,,
,,
,,
,,
,,
,,
,,
,,
,,
,,
,,
,,
,,
,,
,,
,,
,,
,,
,,
,,
,,
,,
,,
,,
,,
,,
,,
,,
,,
,,
,,
,,
,,
,,
,,
,,
,,
,,
,,
,,
,,
,,
,,
,,
,,
,,
,,
,,
,,
,,
,,
,,
,,
,,
,,
,,
,,
,,
,,
,,
,,
,,
,,
,,
,,
,,
,,
,,
,,
,,
,,
,,
,,
,,
,,
,,
,,
,,
,,
,,
,,
,,
,,
,,
,,
,,
,,
,,
,,
,,
,,
,,
,,
,,
,,
,,
,,
,,
,,
,,
,,
,,
,,
,,
,,
,,
,,
,,
,,
,,
,,
,,
,,
,,
,,
,,
,,
,,
,,
,,
,,
,,
,,
,,
,,
,,
,,
,,
,,
,,
,,
,,
,,
,,
,,
,,
,,
,,
,,
,,
,,
,,
,,
,,
,,
,,
,,
,,
,,
,,
,,
,,
,,
,,
,,
,,
,,
,,
,,
,,
,,
,,
,,
,,
,,
,,
,,
,,
,,
,,
,,
,,
,,
,,
,,
,,
,,
,,
© Crown Copyright 2015,,
