Position,Name,Number of babies
1,Jack,854
2,Lewis,775
3,Cameron,607
4,Ryan,535
5,James,508
6,Jamie,432
7,Liam,423
8,Matthew,417
9,Ross,407
10,Callum,401
11,Kyle,390
12,Dylan,385
13,Ben,384
14,Connor,378
15,Adam,372
16,Andrew,365
17,Daniel,361
18=,Kieran,322
18=,Scott,322
20,Nathan,317
21,Michael,310
22,Aidan,301
23,Joshua,300
24,Thomas,299
25,David,286
26,Alexander,271
27,Aaron,259
28,Josh,257
29,Euan,239
30,John,235
31,Sean,233
32,Luke,218
33,Calum,206
34=,Jordan,205
34=,Robert,205
36,Ewan,202
37,Christopher,196
38,Mark,186
39,Jay,183
40=,Finlay,182
40=,Fraser,182
42,Craig,180
43,William,177
44=,Declan,171
44=,Robbie,171
46,Logan,166
47,Ethan,165
48,Reece,158
49,Brandon,153
50,Samuel,151
51,Joseph,150
52,Benjamin,143
53,Lee,141
54,Sam,138
55,Owen,136
56,Rory,129
57=,Harry,128
57=,Paul,128
59,Steven,112
60=,Jake,110
60=,Shaun,110
62=,Blair,102
62=,Max,102
62=,Rhys,102
65,Oliver,94
66=,Aiden,91
66=,Taylor,91
68,Kai,90
69,Ciaran,88
70,Gregor,87
71,Stuart,83
72,Dean,81
73,Jonathan,80
74,Stephen,79
75,Peter,77
76=,Angus,76
76=,Darren,76
76=,Jason,76
79,Marc,74
80=,Charlie,72
80=,Jacob,72
82,Conor,71
83=,Louis,70
83=,Murray,70
85,Tyler,67
86,Kian,66
87=,Duncan,61
87=,Mohammed,61
89,Gary,58
90,George,57
91=,Arran,55
91=,Charles,55
91=,Patrick,55
94,Joe,54
95=,Alex,53
95=,Bradley,53
95=,Finn,53
95=,Mitchell,53
99,Leon,51
100,Grant,50
101=,Elliot,49
101=,Lucas,49
103=,Archie,48
103=,Martin,48
103=,Nicholas,48
106,Marcus,47
107=,Anthony,46
107=,Kerr,46
109,Gavin,45
110,Iain,44
111,Evan,43
112,Hamish,42
113=,Alistair,41
113=,Bailey,41
115=,Brian,40
115=,Keir,40
115=,Niall,40
115=,Stewart,40
115=,Zak,40
120=,Douglas,39
120=,Greg,39
120=,Jude,39
120=,Kevin,39
124,Harris,38
125=,Alan,36
125=,Brendan,36
125=,Fergus,36
128=,Ian,35
128=,Struan,35
130,Cole,34
131=,Corey,33
131=,Danny,33
131=,Leo,33
131=,Muhammad,33
135=,Alasdair,32
135=,Brodie,32
135=,Neil,32
138=,Dominic,31
138=,Glen,31
138=,Lennon,31
138=,Oscar,31
142=,Calvin,30
142=,Ronan,30
144=,Drew,29
144=,Gordon,29
144=,Tom,29
147=,Dillon,28
147=,Gabriel,28
147=,Morgan,28
147=,Ruairidh,28
151=,Joel,26
151=,Mohammad,26
153=,Harvey,25
153=,Keiran,25
153=,Mason,25
156=,Allan,24
156=,Findlay,24
158=,Caleb,23
158=,Callan,23
158=,Innes,23
158=,Isaac,23
158=,Justin,23
158=,Richard,23
164=,Ellis,22
164=,Graeme,22
164=,Saul,22
167=,Aedan,21
167=,Arron,21
167=,Greig,21
167=,Mackenzie,21
167=,Sebastian,21
172=,Campbell,20
172=,Colin,20
172=,Conner,20
172=,Lyle,20
176=,Billy,19
176=,Bryan,19
176=,Edward,19
176=,Graham,19
176=,Harrison,19
176=,Robin,19
176=,Ruaridh,19
176=,Travis,19
184=,Antony,18
184=,Dale,18
184=,Kieron,18
184=,Nathaniel,18
188=,Curtis,17
188=,Hayden,17
188=,Hugh,17
188=,Mathew,17
188=,Reuben,17
193=,Jackson,16
193=,Kane,16
193=,Riley,16
193=,Russell,16
197=,Ali,15
197=,Daryl,15
197=,Donald,15
197=,Luca,15
197=,Maxwell,15
197=,Reiss,15
197=,Shay,15
204=,Alastair,14
204=,Bruce,14
204=,Bryce,14
204=,Christian,14
204=,Derek,14
204=,Henry,14
204=,Shane,14
204=,Sonny,14
204=,Toby,14
204=,Zachary,14
214=,Garry,13
214=,Ibrahim,13
214=,Jared,13
214=,Kenneth,13
214=,Lachlan,13
214=,Lloyd,13
214=,Tony,13
221=,Anton,12
221=,Cian,12
221=,Myles,12
221=,Regan,12
225=,Ahmed,11
225=,Alfie,11
225=,Barry,11
225=,Brad,11
225=,Cody,11
225=,Elliott,11
225=,Ewen,11
225=,Haris,11
225=,Magnus,11
225=,Rowan,11
225=,Theo,11
225=,Tristan,11
237=,Brett,10
237=,Gareth,10
237=,Jak,10
237=,Jon,10
237=,Kristian,10
237=,Noah,10
237=,Philip,10
237=,Ruari,10
237=,Simon,10
237=,Zac,10
237=,Zack,10
248=,Abdullah,9
248=,Alec,9
248=,Conall,9
248=,Eoin,9
248=,Glenn,9
248=,Hector,9
248=,Jayden,9
248=,Jed,9
248=,Kieren,9
248=,Malcolm,9
248=,Marco,9
248=,Omar,9
248=,Rian,9
248=,Sol,9
248=,Tommy,9
263=,Austin,8
263=,Baillie,8
263=,Blake,8
263=,Byron,8
263=,Flynn,8
263=,Frazer,8
263=,Jacques,8
263=,Jai,8
263=,Kris,8
263=,Marshall,8
263=,Maximilian,8
263=,Murdo,8
263=,Nairn,8
263=,Nico,8
263=,Oran,8
263=,Ruaraidh,8
263=,Todd,8
263=,Troy,8
263=,Xander,8
282=,Alfred,7
282=,Antonio,7
282=,Archibald,7
282=,Bilal,7
282=,Brogan,7
282=,Cailean,7
282=,Carter,7
282=,Conan,7
282=,Cory,7
282=,Damien,7
282=,Eric,7
282=,Guy,7
282=,Jaden,7
282=,Lauchlan,7
282=,Leighton,7
282=,Levi,7
282=,Luc,7
282=,Matt,7
282=,Raymond,7
282=,Reagan,7
282=,Roan,7
282=,Sandy,7
282=,Scot,7
305=,Aden,6
305=,Ahmad,6
305=,Ayden,6
305=,Blaine,6
305=,Brooklyn,6
305=,Cairn,6
305=,Cooper,6
305=,Damian,6
305=,Dane,6
305=,Darryl,6
305=,Devin,6
305=,Felix,6
305=,Francis,6
305=,Hamza,6
305=,Hassan,6
305=,Haydn,6
305=,Ivan,6
305=,Jasper,6
305=,Johnathan,6
305=,Johnny,6
305=,Jordon,6
305=,Keelan,6
305=,Keiron,6
305=,Kelvin,6
305=,Lawrie,6
305=,Louie,6
305=,Lukas,6
305=,Miles,6
305=,Miller,6
305=,Pierce,6
305=,Rio,6
305=,Roderick,6
305=,Rohan,6
305=,Shawn,6
305=,Stefan,6
305=,Syed,6
305=,Tobias,6
305=,Warren,6
305=,Zain,6
344=,Aaran,5
344=,Aarron,5
344=,Abdul,5
344=,Asad,5
344=,Cal,5
344=,Clark,5
344=,Coby,5
344=,Conlan,5
344=,Connar,5
344=,Corran,5
344=,Danyaal,5
344=,Derry,5
344=,Eoghan,5
344=,Frederick,5
344=,Gregg,5
344=,Hammad,5
344=,Haroon,5
344=,Hugo,5
344=,Kaleb,5
344=,Keigan,5
344=,Kirk,5
344=,Kurt,5
344=,Kurtis,5
344=,Lochlann,5
344=,Lorne,5
344=,Lyall,5
344=,Maximillian,5
344=,Mohamed,5
344=,Rikki,5
344=,Roddy,5
344=,Ruben,5
344=,Seth,5
344=,Shea,5
344=,Theodore,5
344=,Timothy,5
344=,Tomas,5
344=,Umar,5
344=,Zach,5
344=,Zohaib,5
383=,Adrian,4
383=,Ajay,4
383=,Alessandro,4
383=,Amaan,4
383=,Andy,4
383=,Arin,4
383=,Aron,4
383=,Arthur,4
383=,Blane,4
383=,Brandyn,4
383=,Brook,4
383=,Bryden,4
383=,Colby,4
383=,Conal,4
383=,Cormac,4
383=,Corrie,4
383=,Damon,4
383=,Darrell,4
383=,Denholm,4
383=,Devlin,4
383=,Devon,4
383=,Donnie,4
383=,Erik,4
383=,Fionn,4
383=,Fletcher,4
383=,Frank,4
383=,Gerald,4
383=,Griffin,4
383=,Innis,4
383=,Ismaeel,4
383=,Jaye,4
383=,Jonathon,4
383=,Josef,4
383=,Kaiden,4
383=,Keith,4
383=,Kenzie,4
383=,Kit,4
383=,Kristopher,4
383=,Lawrence,4
383=,Luis,4
383=,Mack,4
383=,Marley,4
383=,Maxim,4
383=,Maximus,4
383=,Mustafa,4
383=,Ramsay,4
383=,Reegan,4
383=,Ritchie,4
383=,Rogan,4
383=,Roman,4
383=,Ronnie,4
383=,Stanley,4
383=,Tai,4
383=,Torin,4
383=,Yusuf,4
438=,Alisdair,3
438=,Amir,3
438=,Aodhan,3
438=,Aran,3
438=,Arun,3
438=,Barrie,3
438=,Beau,3
438=,Bernard,3
438=,Boyd,3
438=,Brady,3
438=,Brody,3
438=,Bruno,3
438=,Cade,3
438=,Caden,3
438=,Cael,3
438=,Cale,3
438=,Carson,3
438=,Casey,3
438=,Cathal,3
438=,Chad,3
438=,Che,3
438=,Chi,3
438=,Cieron,3
438=,Coll,3
438=,Conlon,3
438=,Conrad,3
438=,Corben,3
438=,Corin,3
438=,Cosmo,3
438=,Dara,3
438=,Darrel,3
438=,Daryn,3
438=,Davy,3
438=,Dexter,3
438=,Diarmuid,3
438=,Dougal,3
438=,Dugald,3
438=,Edan,3
438=,Elias,3
438=,Faraz,3
438=,Fergal,3
438=,Frankie,3
438=,Gerard,3
438=,Grier,3
438=,Harold,3
438=,Hasan,3
438=,Haydon,3
438=,Hunter,3
438=,Ieuan,3
438=,Imaad,3
438=,Irvine,3
438=,Jac,3
438=,Jensen,3
438=,Jeremy,3
438=,Joey,3
438=,John-Paul,3
438=,Jonah,3
438=,Junior,3
438=,Kalum,3
438=,Kalvin,3
438=,Keegan,3
438=,Kiegan,3
438=,Konnor,3
438=,Kristofer,3
438=,Kristoffer,3
438=,Kye,3
438=,Laurence,3
438=,Leyton,3
438=,Lorcan,3
438=,Luka,3
438=,Malachy,3
438=,Millar,3
438=,Milo,3
438=,Mitch,3
438=,Mitchel,3
438=,Muhammed,3
438=,Munro,3
438=,Nicky,3
438=,Nicolas,3
438=,Noman,3
438=,Orin,3
438=,Owain,3
438=,Padraig,3
438=,Phillip,3
438=,Qais,3
438=,Ralph,3
438=,Ramon,3
438=,Rayhan,3
438=,Richie,3
438=,Ricky,3
438=,Ronald,3
438=,Rori,3
438=,Rowen,3
438=,Roy,3
438=,Ruairi,3
438=,Saif,3
438=,Salman,3
438=,Sami,3
438=,Seumas,3
438=,Shayne,3
438=,Sohaib,3
438=,Sorley,3
438=,Subhaan,3
438=,Subhan,3
438=,Ted,3
438=,Terry,3
438=,Ty,3
438=,Vincent,3
438=,Wesley,3
438=,Will,3
438=,Yousef,3
438=,Zander,3
550=,Abdulrahman,2
550=,Abdur,2
550=,Abraham,2
550=,Addison,2
550=,Adeel,2
550=,Adil,2
550=,Aengus,2
550=,Ahren,2
550=,Aj,2
550=,Alaisdair,2
550=,Albert,2
550=,Alister,2
550=,Ally,2
550=,Amin,2
550=,Anakin,2
550=,Antoine,2
550=,Aonghas,2
550=,Argyll,2
550=,Arjun,2
550=,Armaan,2
550=,Arrin,2
550=,Arsalaan,2
550=,Ashley,2
550=,Athol,2
550=,Atif,2
550=,Avais,2
550=,Awais,2
550=,Aydan,2
550=,Ayman,2
550=,Azaan,2
550=,Azam,2
550=,Azeem,2
550=,Barnaby,2
550=,Bayley,2
550=,Beck,2
550=,Bill,2
550=,Blaire,2
550=,Bobby,2
550=,Boran,2
550=,Bradlay,2
550=,Branden,2
550=,Brandon-Lee,2
550=,Cai,2
550=,Cambell,2
550=,Caolan,2
550=,Carl,2
550=,Carlo,2
550=,Carlos,2
550=,Carrick,2
550=,Chay,2
550=,Chris,2
550=,Chung,2
550=,Coel,2
550=,Colm,2
550=,Colvin,2
550=,Connall,2
550=,Connell,2
550=,Connon,2
550=,Corbin,2
550=,Cormack,2
550=,Crawford,2
550=,Dalton,2
550=,Dan,2
550=,Danish,2
550=,Danyal,2
550=,Darien,2
550=,Davis,2
550=,Deacon,2
550=,Dechlan,2
550=,Declin,2
550=,Declyn,2
550=,Deniz,2
550=,Dennis,2
550=,Denver,2
550=,Deri,2
550=,Devan,2
550=,Diarmaid,2
550=,Dillan,2
550=,Domhnall,2
550=,Dyllan,2
550=,Elijah,2
550=,Emil,2
550=,Emilio,2
550=,Eoghann,2
550=,Eugene,2
550=,Fabian,2
550=,Faisal,2
550=,Faris,2
550=,Farquhar,2
550=,Finley,2
550=,Finnlay,2
550=,Gianluca,2
550=,Gregory,2
550=,Gregour,2
550=,Haaris,2
550=,Hal,2
550=,Hamid,2
550=,Hamzah,2
550=,Harri,2
550=,Hasnain,2
550=,Henrik,2
550=,Humza,2
550=,Hussain,2
550=,Huzaifah,2
550=,Ibraheem,2
550=,Ibrar,2
550=,Idrees,2
550=,Idris,2
550=,Ike,2
550=,Iman,2
550=,Imran,2
550=,Indiana,2
550=,Ivor,2
550=,Jackie,2
550=,Jae,2
550=,Jaiden,2
550=,Jakob,2
550=,Jamal,2
550=,Jarred,2
550=,Jaymie,2
550=,Jayson,2
550=,Jedd,2
550=,Jenson,2
550=,Johnnie,2
550=,Jonny,2
550=,Junaid,2
550=,Kade,2
550=,Kailum,2
550=,Kal,2
550=,Kaleem,2
550=,Kallum,2
550=,Kameron,2
550=,Kamran,2
550=,Karan,2
550=,Karim,2
550=,Karl,2
550=,Kaspar,2
550=,Kaya,2
550=,Kaylum,2
550=,Kayne,2
550=,Keenan,2
550=,Ken,2
550=,Kennan,2
550=,Kennedy,2
550=,Kevan,2
550=,Khalid,2
550=,Kiaran,2
550=,Kier,2
550=,Kiernan,2
550=,Kieryn,2
550=,Kiran,2
550=,Kodi,2
550=,Konrad,2
550=,Korben,2
550=,Krishan,2
550=,Kyler,2
550=,Kyran,2
550=,Lachlann,2
550=,Lennan,2
550=,Lennin,2
550=,Lennox,2
550=,Leonard,2
550=,Leroy,2
550=,Lleyton,2
550=,Lochlan,2
550=,Loui,2
550=,Mac,2
550=,Mahtab,2
550=,Maison,2
550=,Marius,2
550=,Markus,2
550=,Martyn,2
550=,Mikael,2
550=,Mikey,2
550=,Morgen,2
550=,Naithan,2
550=,Nathanael,2
550=,Nicol,2
550=,Niven,2
550=,Odhran,2
550=,Otto,2
550=,Owais,2
550=,Piers,2
550=,Pieter,2
550=,Qasim,2
550=,Raees,2
550=,Raegan,2
550=,Raghnall,2
550=,Rahim,2
550=,Rahul,2
550=,Raja,2
550=,Rannoch,2
550=,Rayane,2
550=,Rayner,2
550=,Rees,2
550=,Reese,2
550=,Rhuraidh,2
550=,Rob,2
550=,Roberto,2
550=,Rocco,2
550=,Romaan,2
550=,Ronin,2
550=,Rudi,2
550=,Rueben,2
550=,Saad,2
550=,Saifullah,2
550=,Samir,2
550=,Seamus,2
550=,Seoras,2
550=,Stan,2
550=,Sunny,2
550=,T,2
550=,Tariq,2
550=,Tee-Jay,2
550=,Terence,2
550=,Torran,2
550=,Trey,2
550=,Tylar,2
550=,Tyron,2
550=,Vernon,2
550=,Victor,2
550=,Vijay,2
550=,Woody,2
550=,Xavier,2
550=,Yaseen,2
550=,Yusef,2
550=,Zachariah,2
550=,Zaid,2
550=,Zaki,2
550=,Zane,2
780=,Aadam,1
780=,Aadil,1
780=,Aahad,1
780=,Aaqil,1
780=,Aarin,1
780=,Aaron-James,1
780=,Aaron-Lee,1
780=,Aarran,1
780=,Aashan,1
780=,Abderahman,1
780=,Abdishakur,1
780=,Abdul-Haadi,1
780=,Abdulah,1
780=,Abdulaziz,1
780=,Abdulla,1
780=,Abdulmalik,1
780=,Abdulmaroof,1
780=,Abdulrazeg,1
780=,Abdurrehman,1
780=,Abdus,1
780=,Abdusalaam,1
780=,Abdy,1
780=,Abhay,1
780=,Abhishek,1
780=,Abidin,1
780=,Abishek,1
780=,Abraaz,1
780=,Abrar,1
780=,Adam-James,1
780=,Adamo,1
780=,Adan,1
780=,Adden,1
780=,Adelio,1
780=,Adem,1
780=,Adin,1
780=,Adiy,1
780=,Adnaan,1
780=,Adnan,1
780=,Adones,1
780=,Adyn,1
780=,Aeron,1
780=,Agathiyan,1
780=,Ahmet,1
780=,Ahsan,1
780=,Aiddan,1
780=,Aiden-John,1
780=,Aidyn,1
780=,Aiken,1
780=,Akib,1
780=,Akilan,1
780=,Akira,1
780=,Akram,1
780=,Akshat,1
780=,Al,1
780=,Al-Harreth,1
780=,Ala,1
780=,Alan-Jay,1
780=,Alasdhair,1
780=,Alayali,1
780=,Alban,1
780=,Aldous,1
780=,Aleem,1
780=,Aleister,1
780=,Alejandro,1
780=,Aleksander,1
780=,Aleksandr,1
780=,Alessio,1
780=,Alexandro,1
780=,Alexandros,1
780=,Alfredo,1
780=,Alim,1
780=,Alinor,1
780=,Alix,1
780=,Allen,1
780=,Allisdair,1
780=,Allister,1
780=,Almabrok,1
780=,Alsadeg,1
780=,Altay,1
780=,Alyx,1
780=,Amani,1
780=,Amanveer,1
780=,Amar,1
780=,Amardeep,1
780=,Amaro,1
780=,Amarpreet,1
780=,Ameer,1
780=,Amine,1
780=,Amogh,1
780=,Amr,1
780=,Amritpal,1
780=,Anas,1
780=,Andi,1
780=,Andre,1
780=,Andrew-Bruce,1
780=,Aneel,1
780=,Anees,1
780=,Angelo,1
780=,Anil,1
780=,Anson,1
780=,Antoni,1
780=,Anup,1
780=,Anurag,1
780=,Aodan,1
780=,Aonghus,1
780=,Aqib,1
780=,Aqmar,1
780=,Arbaaz,1
780=,Archil,1
780=,Archy,1
780=,Arfan,1
780=,Arham,1
780=,Arhum,1
780=,Aric,1
780=,Ariel,1
780=,Arif,1
780=,Arion,1
780=,Ariyan,1
780=,Arrice,1
780=,Arshaq,1
780=,Arwyn,1
780=,Arzjang,1
780=,Asar,1
780=,Ashdeep,1
780=,Asher,1
780=,Ashhab,1
780=,Ashif,1
780=,Ashlin,1
780=,Ashraf,1
780=,Ashton,1
780=,Ashvin,1
780=,Atakan,1
780=,Athanasios,1
780=,Athen,1
780=,Atholl,1
780=,Atticus,1
780=,Aubrey,1
780=,Auryn,1
780=,Auyyb,1
780=,Ayaanle,1
780=,Ayan,1
780=,Aymen,1
780=,Ayoub,1
780=,Ayrton,1
780=,Ayub,1
780=,Ayyoob,1
780=,Azhar,1
780=,Azim,1
780=,Aziz,1
780=,Azm,1
780=,Bailley,1
780=,Baillie-Mitchell,1
780=,Balen,1
780=,Baraa,1
780=,Baran,1
780=,Barnabas,1
780=,Bartholomew,1
780=,Basel,1
780=,Basir,1
780=,Bei,1
780=,Beltus,1
780=,Ben-Jay,1
780=,Beni,1
780=,Benjamin-James,1
780=,Benjamyn,1
780=,Berdand,1
780=,Bernie,1
780=,Bersan,1
780=,Bilaal,1
780=,Blain,1
780=,Blair-Lewis,1
780=,Blayne,1
780=,Blue,1
780=,Bonar,1
780=,Bora,1
780=,Boston,1
780=,Botha,1
780=,Braden,1
780=,Bradley-Alan,1
780=,Bradly,1
780=,Braeden,1
780=,Brandan,1
780=,Branford,1
780=,Braydan,1
780=,Bremner,1
780=,Brenan,1
780=,Brenden,1
780=,Brendon,1
780=,Brennan,1
780=,Breyton,1
780=,Brodan,1
780=,Brydon,1
780=,Brynley,1
780=,Bryson,1
780=,Byran,1
780=,Caelan,1
780=,Caetano,1
780=,Cagdas,1
780=,Cahan,1
780=,Caie,1
780=,Caileb,1
780=,Cailum,1
780=,Cain,1
780=,Cairen,1
780=,Cairon,1
780=,Calaghan,1
780=,Calan,1
780=,Calder,1
780=,Caley,1
780=,Calib,1
780=,Callen,1
780=,Camaron,1
780=,Cameron-Scott,1
780=,Camran,1
780=,Camren,1
780=,Camron,1
780=,Camryn,1
780=,Carston,1
780=,Casper,1
780=,Cassius,1
780=,Cathan,1
780=,Ceannan,1
780=,Ceiran,1
780=,Ceraje,1
780=,Challum,1
780=,Charanpreet,1
780=,Charaunjeev,1
780=,Chenxin,1
780=,Chetan,1
780=,Chiran,1
780=,Chistopher,1
780=,Christiano-James,1
780=,Chuka,1
780=,Ciabhan,1
780=,Ciaran-James,1
780=,Ciaran-Jaymes,1
780=,Ciarron,1
780=,Cieran,1
780=,Ciwan,1
780=,Clarke,1
780=,Clyde,1
780=,Coady,1
780=,Cobi,1
780=,Cobyn,1
780=,Cody-Jay,1
780=,Cohen,1
780=,Colbie,1
780=,Colum,1
780=,Comhnall,1
780=,Conaill,1
780=,Conar,1
780=,Coner,1
780=,Connal,1
780=,Connaul,1
780=,Connel,1
780=,Connor-John,1
780=,Coray,1
780=,Corbyn,1
780=,Corey-Tyler,1
780=,Cornelius,1
780=,Correy,1
780=,Corri,1
780=,Corrin,1
780=,Cree,1
780=,Crisdean,1
780=,Cuilen,1
780=,Cyreece,1
780=,Cyrus,1
780=,D'angelo,1
780=,Da'jane-Riccardo,1
780=,Daan,1
780=,Daanish,1
780=,Dagan,1
780=,Dagen,1
780=,Daichi,1
780=,Daimin,1
780=,Daire,1
780=,Daiyaan,1
780=,Daley,1
780=,Daljeet,1
780=,Dallas,1
780=,Dalveer,1
780=,Dalyn,1
780=,Dalziel,1
780=,Damiano,1
780=,Dana,1
780=,Danial,1
780=,Daniel-Lewis,1
780=,Daniyal,1
780=,Dannie,1
780=,Daoud,1
780=,Daran,1
780=,Darcy,1
780=,Darian,1
780=,Dario,1
780=,Dariush,1
780=,Darrin,1
780=,Darroch,1
780=,Darrol,1
780=,Daud,1
780=,Davey,1
780=,David-John,1
780=,Davide,1
780=,Davidlee,1
780=,Davie,1
780=,Davin,1
780=,Davyjohn,1
780=,Dawar,1
780=,Dawood,1
780=,Dax,1
780=,Dayne,1
780=,Deaglan,1
780=,Debasien,1
780=,Deigan,1
780=,Deighton,1
780=,Deklyn,1
780=,Delwyn,1
780=,Demosthenes,1
780=,Denan,1
780=,Denen,1
780=,Deni,1
780=,Denim,1
780=,Denis,1
780=,Denizcan,1
780=,Denni,1
780=,Dennish,1
780=,Dennon,1
780=,Derin,1
780=,Dermot,1
780=,Dermott,1
780=,Derren,1
780=,Derrie,1
780=,Derrin,1
780=,Derryn,1
780=,Deryn,1
780=,Desmond,1
780=,Devn,1
780=,Devyn,1
780=,Deyn,1
780=,Dhusan,1
780=,Digby,1
780=,Dilpreet,1
780=,Dimitri,1
780=,Dino,1
780=,Divita,1
780=,Dixie,1
780=,Dixon,1
780=,Dominik,1
780=,Donal,1
780=,Doug,1
780=,Drilon,1
780=,Drin,1
780=,Duane,1
780=,Duart,1
780=,Durga,1
780=,Dushiyant,1
780=,Duthac,1
780=,Dyfan,1
780=,Dylan-Robert,1
780=,Dylon,1
780=,Eachann,1
780=,Eamon,1
780=,Eamonn,1
780=,Eben,1
780=,Eddie,1
780=,Eden,1
780=,Eemil,1
780=,Eesa,1
780=,Efe,1
780=,Egan,1
780=,Ehmad,1
780=,Eion,1
780=,Ejaz,1
780=,Ekin,1
780=,Ekonkar,1
780=,Elgin,1
780=,Eli,1
780=,Eliott,1
780=,Emiel,1
780=,Emile,1
780=,Emir,1
780=,Emmanuel,1
780=,Emmet,1
780=,Enzo,1
780=,Eosaph,1
780=,Ercan,1
780=,Erdal,1
780=,Ernest,1
780=,Ethin,1
780=,Ethyn,1
780=,Eutyche,1
780=,Evyn,1
780=,Ewart,1
780=,Eythin,1
780=,Fabio,1
780=,Fahim,1
780=,Faiz,1
780=,Faizan,1
780=,Farhaad,1
780=,Farhaan,1
780=,Farrell,1
780=,Fathalla,1
780=,Faysal,1
780=,Fearghas,1
780=,Fearghus,1
780=,Feargus,1
780=,Federico,1
780=,Fehzaan,1
780=,Fhion,1
780=,Filippo,1
780=,Fin,1
780=,Fingal,1
780=,Finian,1
780=,Finlo,1
780=,Finnian,1
780=,Fintan,1
780=,Fionnlagh,1
780=,Fionnlagh-Bui,1
780=,Flett,1
780=,Forbes,1
780=,Ford,1
780=,Forest,1
780=,Francesco,1
780=,Franklin,1
780=,Frazier,1
780=,Fred,1
780=,Freddie,1
780=,Freddy,1
780=,Frederic,1
780=,Fyffe,1
780=,Fynn,1
780=,Gabe,1
780=,Gaelen,1
780=,Gantulga,1
780=,Garey,1
780=,Garri,1
780=,Garvey,1
780=,Garylee,1
780=,Gaurav,1
780=,Gavan,1
780=,Geoffrey,1
780=,Geordan,1
780=,Geordie,1
780=,Germaine-Ellie-Saul,1
780=,Gerry,1
780=,Giacomo,1
780=,Gil,1
780=,Gilbert,1
780=,Gilhon,1
780=,Gillan,1
780=,Gillies,1
780=,Gillon,1
780=,Giuliano,1
780=,Goiridh,1
780=,Grady,1
780=,Graiden,1
780=,Gregoire,1
780=,Griorgair,1
780=,Guangan,1
780=,Gulam,1
780=,Gurdaas,1
780=,Gurdit,1
780=,Gurhimmat,1
780=,Gurpreet,1
780=,Gurteerath,1
780=,Guru,1
780=,Gus,1
780=,Gwyn,1
780=,Haarith,1
780=,Hagen,1
780=,Haidar,1
780=,Haiden,1
780=,Haider,1
780=,Haig,1
780=,Hakan,1
780=,Hakim,1
780=,Halis,1
780=,Halkwat,1
780=,Hamdoon,1
780=,Hamed,1
780=,Hanzla,1
780=,Hao,1
780=,Haobo,1
780=,Harbir,1
780=,Hardie,1
780=,Harees,1
780=,Hariprakash,1
780=,Harith,1
780=,Harjodh,1
780=,Harley,1
780=,Harman,1
780=,Harmeet,1
780=,Harper,1
780=,Harvie,1
780=,Hasaan,1
780=,Haseeb,1
780=,Hashim,1
780=,Hasret,1
780=,Hau,1
780=,Haydyn,1
780=,Haytham,1
780=,Hazem,1
780=,Hemansh,1
780=,Hervald,1
780=,Hisham,1
780=,Ho,1
780=,Hon,1
780=,Hon-Yen,1
780=,Hosam,1
780=,Hudson,1
780=,Hui,1
780=,Humza-Bin,1
780=,Humzah,1
780=,Hunain,1
780=,Hussein,1
780=,Hutheyfah,1
780=,Huw,1
780=,Huzefah,1
780=,Iain-Finlay,1
780=,Ieli,1
780=,Iestyn,1
780=,Ifraheem,1
780=,Igor,1
780=,Ihtishaam,1
780=,Ikechi,1
780=,Ilham,1
780=,Ilhan,1
780=,Ilya,1
780=,Ilyas,1
780=,Inder,1
780=,Irfan,1
780=,Irvin,1
780=,Isa,1
780=,Isaah,1
780=,Isaam,1
780=,Isaiah,1
780=,Isak,1
780=,Isam,1
780=,Ishaan,1
780=,Ishaq,1
780=,Islam,1
780=,Isma'eel,1
780=,Israr,1
780=,Ittai,1
780=,Izhan,1
780=,Izhar,1
780=,Izzac,1
780=,J,1
780=,Jabe,1
780=,Jacqui,1
780=,Jadon,1
780=,Jaecob,1
780=,Jagtar,1
780=,Jahin,1
780=,Jaime,1
780=,Jaimes,1
780=,Jairaj,1
780=,Jaksyn,1
780=,Jame,1
780=,James-Antony,1
780=,James-William,1
780=,Jan,1
780=,Jan-Calvey,1
780=,Janssen,1
780=,Jaques,1
780=,Jareth,1
780=,Jarod,1
780=,Jarrod,1
780=,Jarvie,1
780=,Jarvis,1
780=,Jasbir,1
780=,Jaskarun,1
780=,Jaspreet,1
780=,Jaush,1
780=,Jaxon,1
780=,Jay-Edward,1
780=,Jay-Lewis,1
780=,Jaydn,1
780=,Jaydon,1
780=,Jaylin,1
780=,Jayveer,1
780=,Jean-Luc,1
780=,Jedidiah,1
780=,Jem,1
780=,Jeovani,1
780=,Jerad,1
780=,Jerry,1
780=,Jesse,1
780=,Jhoshua,1
780=,Jia,1
780=,Jialiang,1
780=,Jibrail,1
780=,Jim,1
780=,Jing,1
780=,Joachim,1
780=,Jock,1
780=,Jodh,1
780=,Jody,1
780=,Johan,1
780=,Johann,1
780=,John-Gerald,1
780=,John-Ryan,1
780=,John-Thomas,1
780=,Johnathon,1
780=,Johnjoe,1
780=,Johnny-Angus,1
780=,Jommo,1
780=,Jon-Paul,1
780=,Jonas,1
780=,Jones,1
780=,Jonin,1
780=,Jonothan,1
780=,Jonte,1
780=,Jonty,1
780=,Jools,1
780=,Jordan-James,1
780=,Jordan-Lee,1
780=,Jordan-Leigh,1
780=,Jordanbrian,1
780=,Jordi,1
780=,Jordin,1
780=,Jordyn,1
780=,Jorge,1
780=,Josh-Matthew,1
780=,Josha,1
780=,Josiah,1
780=,Joss,1
780=,Joven,1
780=,Judd,1
780=,Jugers,1
780=,Juima,1
780=,Jules,1
780=,Julian,1
780=,Julius,1
780=,Junayd,1
780=,Ka-Lok,1
780=,Kaan,1
780=,Kabir,1
780=,Kadin,1
780=,Kaelan,1
780=,Kaelin,1
780=,Kaia,1
780=,Kaigan,1
780=,Kailibbe,1
780=,Kain,1
780=,Kaine,1
780=,Kais,1
780=,Kaisan,1
780=,Kaithin,1
780=,Kale,1
780=,Kalebh,1
780=,Kalen,1
780=,Kalin,1
780=,Kallan,1
780=,Kamal,1
780=,Kamen,1
780=,Kamuran,1
780=,Kanayo,1
780=,Kar,1
780=,Karikalan,1
780=,Karson,1
780=,Karunraj,1
780=,Kavan,1
780=,Kaylen,1
780=,Kayoum,1
780=,Keaghan,1
780=,Kealan,1
780=,Kean,1
780=,Keanan,1
780=,Keaton,1
780=,Kedar,1
780=,Keeley,1
780=,Keelin,1
780=,Keelor,1
780=,Keeran,1
780=,Kees,1
780=,Kehl,1
780=,Keian,1
780=,Keifer,1
780=,Keighan,1
780=,Keillour,1
780=,Keirin,1
780=,Keirran,1
780=,Keiton,1
780=,Kell,1
780=,Kellar,1
780=,Kendall,1
780=,Kenny,1
780=,Kerin,1
780=,Kersley,1
780=,Keva,1
780=,Khael,1
780=,Khaine,1
780=,Khaled,1
780=,Khalil,1
780=,Kiale,1
780=,Kiane,1
780=,Kiel,1
780=,Kienan,1
780=,Kieran-Thomas,1
780=,Kierien,1
780=,Kiern,1
780=,Kin,1
780=,Kinlay,1
780=,Kinnell,1
780=,Kirandeep,1
780=,Kobe,1
780=,Kobi-Declan,1
780=,Koby,1
780=,Kody,1
780=,Konstantin,1
780=,Koon,1
780=,Koray,1
780=,Korbyn,1
780=,Kori,1
780=,Kourosh,1
780=,Kreesh,1
780=,Krish,1
780=,Krishnan,1
780=,Krisstoffer,1
780=,Kristen,1
780=,Kristi,1
780=,Kristjan,1
780=,Kristo-Matti,1
780=,Kristy,1
780=,Kritsada,1
780=,Krystjan,1
780=,Krzysztof-Cameron,1
780=,Kunashe,1
780=,Kush,1
780=,Kwame,1
780=,Kyan,1
780=,Kylle,1
780=,Kyriacos,1
780=,Lachlin,1
780=,Lachlynd,1
780=,Lacoy,1
780=,Laith,1
780=,Lakhpreet,1
780=,Lance,1
780=,Landen,1
780=,Lao,1
780=,Larsson,1
780=,Lathyn,1
780=,Lauchie,1
780=,Laurie,1
780=,Layton,1
780=,Leigh,1
780=,Leodhais,1
780=,Leodhas,1
780=,Leonardo,1
780=,Leone,1
780=,Leslie,1
780=,Lewiss,1
780=,Leyth,1
780=,Liall,1
780=,Liam-James,1
780=,Liam-John,1
780=,Linden,1
780=,Lindsay,1
780=,Llevi,1
780=,Lochlin,1
780=,Loic,1
780=,Lomond,1
780=,Louis-Antoine,1
780=,Lovejeet,1
780=,Luc-Aurelien,1
780=,Lucca,1
780=,Luciano,1
780=,Luka-John,1
780=,Lukah,1
780=,Lukha,1
780=,Luqman,1
780=,Lydon,1
780=,Maaz,1
780=,Mace,1
780=,Mahir,1
780=,Makenzie,1
780=,Maksim,1
780=,Malachi,1
780=,Malek,1
780=,Malik,1
780=,Man,1
780=,Manasse,1
780=,Mandeep,1
780=,Manis,1
780=,Manjit,1
780=,Mankaran,1
780=,Manmeet,1
780=,Manpreet,1
780=,Marcel,1
780=,Marcio,1
780=,Mario,1
780=,Marko,1
780=,Marti,1
780=,Marty,1
780=,Martynas,1
780=,Masanori,1
780=,Mashoud,1
780=,Mathieu,1
780=,Mathu,1
780=,Matteo,1
780=,Matthias,1
780=,Mattis,1
780=,Maureno,1
780=,Maurice,1
780=,Mauricio,1
780=,Maurizio,1
780=,Maverick,1
780=,Maxamillian,1
780=,Maxi,1
780=,Maxx,1
780=,Mazen,1
780=,Mazyar,1
780=,Mbarak,1
780=,Mckenzie,1
780=,Meherwaan,1
780=,Mehmet,1
780=,Mehraz,1
780=,Meilad,1
780=,Melian,1
780=,Mellad,1
780=,Memphis,1
780=,Merlin,1
780=,Micah,1
780=,Michal,1
780=,Michele,1
780=,Mikaeel,1
780=,Mikail,1
780=,Milan,1
780=,Millan,1
780=,Milligan,1
780=,Mir,1
780=,Misir,1
780=,Moghees,1
780=,Mohamad,1
780=,Mohaman,1
780=,Mohammad-Hamza,1
780=,Mohannad,1
780=,Mohit,1
780=,Mohssen,1
780=,Montague,1
780=,Monther,1
780=,Monzer,1
780=,Moray,1
780=,Morien,1
780=,Morrison,1
780=,Morten,1
780=,Mosab,1
780=,Moses,1
780=,Mouhammed,1
780=,Mouiz,1
780=,Mourad,1
780=,Moussa,1
780=,Mu'azzam,1
780=,Muahid,1
780=,Mubashar,1
780=,Mudather,1
780=,Muditha,1
780=,Muhamad,1
780=,Muhammad-Tulha,1
780=,Muharrem,1
780=,Muhmmad,1
780=,Muir,1
780=,Mujo,1
780=,Mujtaba,1
780=,Mujtabah,1
780=,Mungo,1
780=,Muntasir,1
780=,Murdoch,1
780=,Murphy,1
780=,Murry,1
780=,Murugesan,1
780=,Mus'ab,1
780=,Musa,1
780=,Musticallo,1
780=,Naa'il,1
780=,Naase,1
780=,Nabil,1
780=,Nacer,1
780=,Najeeb-U-Rehman,1
780=,Nana,1
780=,Nathan-Jack,1
780=,Nathanial,1
780=,Naveed,1
780=,Navid,1
780=,Navraj,1
780=,Naythan,1
780=,Nazim,1
780=,Neal,1
780=,Neasan,1
780=,Neco,1
780=,Nedor,1
780=,Neeraj,1
780=,Neo,1
780=,Nezar,1
780=,Nghiep,1
780=,Nick,1
780=,Nicola,1
780=,Nicolai,1
780=,Nidhish,1
780=,Nihal,1
780=,Nikhil,1
780=,Nikol,1
780=,Nikolaos,1
780=,Nirmal,1
780=,Norman,1
780=,Nyasha,1
780=,Odin,1
780=,Oghenetega,1
780=,Oisin,1
780=,Olan,1
780=,Olatunde,1
780=,Oliwer,1
780=,Ollie,1
780=,Oluwadamilare,1
780=,Omann,1
780=,Omed,1
780=,Onno,1
780=,Oren,1
780=,Orlando,1
780=,Orrin,1
780=,Osama,1
780=,Osebhahiemen,1
780=,Oshith,1
780=,Oster,1
780=,Owan,1
780=,Ozair,1
780=,Ozan,1
780=,Pablo,1
780=,Panagiotis,1
780=,Paneet,1
780=,Paraschos,1
780=,Parwar,1
780=,Pascal,1
780=,Patraic,1
780=,Paul-Jacob,1
780=,Pavel,1
780=,Payton,1
780=,Peer,1
780=,Pelayo,1
780=,Pepijn,1
780=,Percy,1
780=,Petr,1
780=,Petrus,1
780=,Pierre,1
780=,Poitier,1
780=,Pol,1
780=,Prabdiyal,1
780=,Prakash,1
780=,Pranav,1
780=,Pranith,1
780=,Preston,1
780=,Prezent,1
780=,Qaasim,1
780=,Qi,1
780=,Quentin,1
780=,Quinlan,1
780=,Quinn,1
780=,Raafay,1
780=,Raaj,1
780=,Radovan,1
780=,Rae,1
780=,Rafael,1
780=,Raheem,1
780=,Rahmaan,1
780=,Rahub,1
780=,Raif,1
780=,Raigyn,1
780=,Raimundo,1
780=,Raith,1
780=,Rajab,1
780=,Rakan,1
780=,Rakesh,1
780=,Ralf,1
780=,Ram,1
780=,Rami,1
780=,Ramiro,1
780=,Ramiz,1
780=,Ramsi,1
780=,Rana,1
780=,Ranald,1
780=,Rayaan,1
780=,Raymon,1
780=,Raymond-James,1
780=,Rayyan,1
780=,Rebar,1
780=,Reda,1
780=,Redmond,1
780=,Regen,1
780=,Regis,1
780=,Rehan,1
780=,Reid,1
780=,Reuben-Jon,1
780=,Rewa,1
780=,Reyan,1
780=,Reza,1
780=,Rezwan,1
780=,Rheagan,1
780=,Rhian,1
780=,Rhion,1
780=,Rhoari,1
780=,Rhuari,1
780=,Rhuiri,1
780=,Rhye,1
780=,Rhyinn-Adam,1
780=,Rhylee,1
780=,Rhyse,1
780=,Ricardo,1
780=,Riccardo,1
780=,Richey,1
780=,Ricki,1
780=,Rico,1
780=,Riki,1
780=,Rion,1
780=,River,1
780=,Rizwan,1
780=,Robby,1
780=,Robertlee,1
780=,Robi,1
780=,Robson,1
780=,Robyn,1
780=,Rodel,1
780=,Roghan,1
780=,Rohaan,1
780=,Rohail,1
780=,Rohin,1
780=,Roland,1
780=,Romik,1
780=,Roni,1
780=,Rosanthan,1
780=,Rostislav,1
780=,Ruadhri,1
780=,Ruaidhri,1
780=,Ruan,1
780=,Ruariadh,1
780=,Ruhan,1
780=,Rui,1
780=,Rupin,1
780=,Russel,1
780=,Rustam,1
780=,Ryall,1
780=,Ryan-Lee,1
780=,Ryden,1
780=,Ryely,1
780=,Rylee,1
780=,Ryley,1
780=,Ryven,1
780=,Sachin,1
780=,Safi,1
780=,Sahail,1
780=,Sahil,1
780=,Sai,1
780=,Saim,1
780=,Saketh,1
780=,Sakib,1
780=,Salah,1
780=,Samee,1
780=,Sameer,1
780=,Sammi,1
780=,Samuela,1
780=,Samya,1
780=,Santiago,1
780=,Santino,1
780=,Santo,1
780=,Saqib,1
780=,Sarkwat,1
780=,Sarren,1
780=,Sascha,1
780=,Saun,1
780=,Sean-Findley,1
780=,Sean-Lea,1
780=,Seanpatrick,1
780=,Seb,1
780=,Sebastion,1
780=,Seff-Ali,1
780=,Seka,1
780=,Selim,1
780=,Semas,1
780=,Seonaidh,1
780=,Sergei,1
780=,Sergio,1
780=,Serkan,1
780=,Sezgin,1
780=,Shahmir,1
780=,Shahmirr,1
780=,Shakeel,1
780=,Shakil,1
780=,Shakile,1
780=,Shalin,1
780=,Sharik,1
780=,Shaun-Ryan,1
780=,Shaunik,1
780=,Shaunpaul,1
780=,Shavez,1
780=,Shawaiz,1
780=,Shaylen,1
780=,Sheikh,1
780=,Sheng,1
780=,Sheradan,1
780=,Shimon,1
780=,Shpejtim,1
780=,Shrish,1
780=,Shuan,1
780=,Siako,1
780=,Sian,1
780=,Siddharth,1
780=,Sidharth,1
780=,Sikandar,1
780=,Sinclair,1
780=,Sion,1
780=,Sirag,1
780=,Siris,1
780=,Siyar,1
780=,Siyuan,1
780=,Smaeel,1
780=,Solomon,1
780=,Soner,1
780=,Spencer,1
780=,Spike,1
780=,Srithik,1
780=,Steffan,1
780=,Steve,1
780=,Stevie,1
780=,Stjohn,1
780=,Su-Rui,1
780=,Sucha,1
780=,Sukhveer,1
780=,Sulaiman,1
780=,Sulayman,1
780=,Suleman,1
780=,Sunil,1
780=,T-Jay,1
780=,Tabish,1
780=,Tadhg,1
780=,Taegen,1
780=,Tahir,1
780=,Tahseen,1
780=,Taige,1
780=,Talon,1
780=,Talyn,1
780=,Tameem,1
780=,Tane,1
780=,Tanguy,1
780=,Tanishq,1
780=,Taraksh,1
780=,Taran,1
780=,Tarek,1
780=,Taro,1
780=,Taryn,1
780=,Tawfeek,1
780=,Taye,1
780=,Tayeeb,1
780=,Taygan,1
780=,Taylan,1
780=,Tayler,1
780=,Taylur,1
780=,Tayo,1
780=,Teddy,1
780=,Teo,1
780=,Thabiso,1
780=,Thai,1
780=,Theorathamos,1
780=,Thierry,1
780=,Thom,1
780=,Thomas-James,1
780=,Thomasz,1
780=,Thor,1
780=,Tiernan,1
780=,Tigan,1
780=,Tiger,1
780=,Tighe,1
780=,Timo,1
780=,Timur,1
780=,Tin,1
780=,Tjay,1
780=,Tobiah,1
780=,Tod,1
780=,Toluwani,1
780=,Tommie,1
780=,Tommy-Lee,1
780=,Tomoki,1
780=,Tomos,1
780=,Tor,1
780=,Tori,1
780=,Torquil,1
780=,Torren,1
780=,Toshney,1
780=,Trae,1
780=,Traviss,1
780=,Trent,1
780=,'True,1
780=,Trygg,1
780=,Tushar,1
780=,Tyelar,1
780=,Tyeler,1
780=,Tyghan,1
780=,Tyler-James,1
780=,Tylerjohn,1
780=,Tyran,1
780=,Tyree,1
780=,Tyrhys,1
780=,Tyrone,1
780=,Ugochukwu,1
780=,Umair,1
780=,Umayr,1
780=,Umut,1
780=,Urdin,1
780=,Urslaan,1
780=,Usmaan,1
780=,Uzair,1
780=,Varun,1
780=,Vaughn,1
780=,Veselin,1
780=,Vickram,1
780=,Vilson,1
780=,Vinay,1
780=,Vinnick,1
780=,Vinny,1
780=,Vishal,1
780=,Vittorio,1
780=,Wadie,1
780=,Waiz,1
780=,Wajadullah,1
780=,Walter,1
780=,Warner,1
780=,Wayne,1
780=,Wilem,1
780=,Winston,1
780=,Wisam,1
780=,Wynn,1
780=,Xandru,1
780=,Xhek,1
780=,Xi,1
780=,Yacer,1
780=,Yashar,1
780=,Yasin,1
780=,Yazdun,1
780=,Yekta,1
780=,Yeloan,1
780=,Yiu,1
780=,Yong,1
780=,Yoseuf,1
780=,Youcef,1
780=,Yousif,1
780=,Yuill,1
780=,Yusaf,1
780=,Yusha,1
780=,Zaac,1
780=,Zaak,1
780=,Zaakir,1
780=,Zacharias,1
780=,Zacharry,1
780=,Zacheriah,1
780=,Zain-Ul-Abideen,1
780=,Zain-Ul-Abidin,1
780=,Zaine,1
780=,Zakaa,1
780=,Zakar,1
780=,Zakaria,1
780=,Zakir,1
780=,Zakk,1
780=,Zaky,1
780=,Zander-Ritchie,1
780=,Zavian,1
780=,Zayed,1
780=,Zayn,1
780=,Zechariah,1
780=,Zed,1
780=,Zeeshan,1
780=,Zeid,1
780=,Ziggy,1
780=,Zion,1
780=,Zishan,1
780=,Zubiar,1
,,
,,
,,
,,
,,
,,
,,
,,
,,
,,
,,
,,
,,
,,
,,
,,
,,
,,
,,
,,
,,
,,
,,
,,
,,
,,
,,
,,
,,
,,
,,
,,
,,
,,
,,
,,
,,
,,
,,
,,
,,
,,
,,
,,
,,
,,
,,
,,
,,
,,
,,
,,
,,
,,
,,
,,
,,
,,
,,
,,
,,
,,
,,
,,
,,
,,
,,
,,
,,
,,
,,
,,
,,
,,
,,
,,
,,
,,
,,
,,
,,
,,
,,
,,
,,
,,
,,
,,
,,
,,
,,
,,
,,
,,
,,
,,
,,
,,
,,
,,
,,
,,
,,
,,
,,
,,
,,
,,
,,
,,
,,
,,
,,
,,
,,
,,
,,
,,
,,
,,
,,
,,
,,
,,
,,
,,
,,
,,
,,
,,
,,
,,
,,
,,
,,
,,
,,
,,
,,
,,
,,
,,
,,
,,
,,
,,
,,
,,
,,
,,
,,
,,
,,
,,
,,
,,
,,
,,
,,
,,
,,
,,
,,
,,
,,
,,
,,
,,
,,
,,
,,
,,
,,
,,
,,
,,
,,
,,
,,
,,
,,
,,
,,
,,
,,
,,
,,
,,
,,
,,
,,
,,
,,
,,
,,
,,
,,
,,
,,
,,
,,
,,
,,
,,
,,
,,
,,
,,
,,
,,
,,
,,
,,
,,
,,
,,
,,
,,
,,
,,
,,
,,
,,
,,
,,
,,
,,
,,
,,
,,
,,
,,
,,
,,
,,
,,
,,
,,
,,
,,
,,
,,
,,
,,
,,
,,
,,
,,
,,
,,
,,
,,
,,
,,
,,
,,
,,
,,
,,
,,
,,
,,
,,
,,
,,
,,
,,
,,
,,
,,
,,
,,
,,
,,
,,
,,
,,
,,
,,
,,
,,
,,
,,
,,
,,
,,
,,
,,
,,
,,
,,
,,
,,
,,
,,
,,
,,
,,
,,
,,
,,
,,
,,
,,
,,
,,
,,
,,
,,
,,
,,
,,
,,
,,
,,
,,
,,
,,
,,
,,
,,
,,
,,
,,
,,
,,
,,
,,
,,
,,
,,
,,
,,
,,
,,
,,
,,
,,
,,
,,
,,
,,
,,
,,
,,
,,
,,
,,
,,
,,
,,
,,
,,
,,
,,
,,
,,
,,
,,
,,
,,
,,
,,
,,
,,
,,
,,
,,
,,
,,
,,
,,
,,
,,
,,
,,
,,
,,
,,
,,
,,
,,
,,
,,
,,
,,
,,
,,
,,
,,
,,
,,
,,
,,
,,
,,
,,
,,
,,
,,
,,
,,
,,
,,
,,
,,
,,
,,
,,
,,
,,
,,
,,
,,
,,
,,
,,
,,
,,
,,
,,
,,
,,
,,
,,
,,
,,
,,
,,
,,
,,
,,
,,
,,
,,
,,
,,
,,
,,
,,
,,
,,
,,
,,
,,
,,
,,
,,
,,
,,
,,
,,
,,
,,
,,
,,
,,
,,
,,
,,
,,
,,
,,
,,
,,
,,
,,
,,
,,
,,
,,
,,
,,
,,
,,
,,
,,
,,
,,
,,
,,
,,
,,
,,
,,
,,
,,
,,
,,
,,
,,
,,
,,
,,
,,
,,
,,
,,
,,
,,
,,
,,
,,
,,
,,
,,
,,
,,
,,
,,
,,
,,
,,
,,
,,
,,
,,
,,
,,
,,
,,
,,
,,
,,
,,
,,
,,
,,
,,
,,
,,
,,
,,
,,
,,
,,
,,
,,
,,
,,
,,
,,
,,
,,
,,
,,
,,
,,
,,
,,
,,
,,
,,
,,
,,
,,
,,
,,
,,
,,
,,
,,
,,
,,
,,
,,
,,
,,
,,
,,
,,
,,
,,
,,
,,
,,
,,
,,
,,
,,
,,
,,
,,
,,
,,
,,
,,
,,
,,
,,
,,
,,
,,
,,
,,
,,
,,
,,
,,
,,
,,
,,
,,
,,
,,
,,
,,
,,
,,
,,
,,
,,
,,
,,
,,
,,
,,
,,
,,
,,
,,
,,
,,
,,
,,
,,
,,
,,
,,
,,
,,
,,
,,
,,
,,
,,
,,
,,
,,
,,
,,
,,
,,
,,
,,
,,
,,
,,
,,
,,
,,
,,
,,
,,
,,
,,
,,
,,
,,
,,
,,
,,
,,
,,
,,
,,
,,
,,
,,
,,
,,
,,
,,
,,
,,
,,
,,
,,
,,
,,
,,
,,
,,
,,
,,
,,
,,
,,
,,
,,
,,
,,
,,
,,
,,
,,
,,
,,
,,
,,
,,
,,
,,
,,
,,
,,
,,
,,
,,
,,
,,
,,
,,
,,
,,
,,
,,
,,
,,
,,
,,
,,
,,
,,
,,
,,
,,
,,
,,
,,
,,
,,
,,
,,
,,
,,
,,
,,
,,
,,
,,
,,
,,
,,
,,
,,
,,
,,
,,
,,
,,
,,
,,
,,
,,
,,
,,
,,
,,
,,
,,
,,
,,
,,
,,
,,
,,
,,
,,
,,
,,
,,
,,
,,
,,
,,
,,
,,
,,
,,
,,
,,
,,
,,
,,
,,
,,
,,
,,
,,
,,
,,
,,
,,
,,
,,
,,
,,
,,
,,
,,
,,
,,
,,
,,
,,
,,
,,
,,
,,
,,
,,
,,
,,
,,
,,
,,
,,
,,
,,
,,
,,
,,
,,
,,
,,
,,
,,
,,
,,
,,
,,
,,
,,
,,
,,
,,
,,
,,
,,
,,
,,
,,
,,
,,
,,
,,
,,
,,
,,
,,
,,
,,
,,
,,
,,
,,
,,
,,
,,
,,
,,
,,
,,
,,
,,
,,
,,
,,
,,
,,
,,
,,
,,
,,
,,
,,
,,
,,
,,
,,
,,
,,
,,
,,
,,
,,
,,
,,
,,
,,
,,
,,
,,
,,
,,
,,
,,
,,
,,
,,
,,
,,
,,
,,
,,
,,
,,
,,
,,
,,
,,
,,
,,
,,
,,
,,
,,
,,
,,
,,
,,
,,
,,
,,
,,
,,
,,
,,
,,
,,
,,
,,
,,
,,
,,
,,
,,
,,
,,
,,
,,
,,
,,
,,
,,
,,
,,
,,
,,
,,
,,
,,
,,
,,
,,
,,
,,
,,
,,
,,
,,
,,
,,
,,
,,
,,
,,
,,
,,
,,
,,
,,
,,
,,
,,
,,
,,
,,
,,
,,
,,
,,
,,
,,
,,
,,
,,
,,
,,
,,
,,
,,
,,
,,
,,
,,
,,
,,
,,
,,
,,
,,
,,
,,
,,
,,
,,
,,
,,
,,
,,
,,
,,
,,
,,
,,
,,
,,
,,
,,
,,
,,
,,
,,
,,
,,
,,
,,
,,
,,
,,
,,
,,
,,
,,
,,
,,
,,
,,
,,
,,
,,
,,
,,
,,
,,
,,
,,
,,
,,
,,
,,
,,
,,
,,
,,
,,
,,
,,
,,
,,
,,
,,
,,
,,
,,
,,
,,
,,
,,
,,
,,
,,
,,
,,
,,
,,
,,
,,
,,
,,
,,
,,
,,
,,
,,
,,
© Crown Copyright 2015,,
