Position,Name,Number of babies
1,Lewis,726
2,Jack,709
3,Cameron,531
4,James,530
5,Ryan,523
6,Jamie,480
7,Liam,474
8,Ben,461
9,Kyle,451
10,Callum,449
11,Daniel,427
12,Matthew,424
13,Connor,360
14,Adam,359
15,Andrew,351
16,Dylan,350
17,Aidan,332
18,Ross,325
19,Scott,324
20,Nathan,301
21,Thomas,287
22,Joshua,278
23,Kieran,275
24,Aaron,270
25=,Alexander,269
25=,David,269
27,Finlay,247
28,Logan,239
29,Aiden,238
30=,Josh,236
30=,Michael,236
32,Luke,233
33,Sam,214
34,Euan,213
35,Sean,212
36,William,209
37,Ethan,204
38,John,203
39,Samuel,199
40,Christopher,192
41,Joseph,187
42,Fraser,182
43=,Jay,178
43=,Robert,178
45,Robbie,174
46,Calum,169
47,Benjamin,164
48,Owen,163
49,Craig,161
50,Ewan,157
51,Mark,147
52,Declan,142
53,Reece,140
54,Rory,133
55,Oliver,131
56,Jake,124
57,Max,122
58,Ciaran,118
59,Charlie,116
60=,Brandon,115
60=,Kai,115
60=,Lee,115
63,Jordan,114
64,Taylor,113
65,Rhys,112
66,Steven,111
67,Harry,109
68,Paul,108
69,Louis,99
70,Tyler,98
71,Blair,97
72,Shaun,95
73,Jacob,93
74,Murray,92
75=,Evan,90
75=,Stephen,90
77=,Arran,83
77=,Marc,83
79=,Angus,81
79=,Stuart,81
81,Leo,80
82,Archie,79
83,Kian,78
84=,Gregor,76
84=,Leon,76
86,Patrick,75
87,Lucas,71
88=,Finn,69
88=,Jonathan,69
90=,Charles,67
90=,Hamish,67
90=,Harris,67
90=,Joe,67
94=,Jason,65
94=,Mackenzie,65
94=,Peter,65
97=,Conor,63
97=,Dean,63
99=,Alex,61
99=,Cole,61
99=,Darren,61
102,Duncan,60
103=,Brodie,59
103=,Gary,59
105,Bradley,58
106=,Bailey,57
106=,George,57
108,Alistair,56
109=,Harvey,54
109=,Mohammed,54
111,Jude,53
112=,Lennon,51
112=,Marcus,51
114,Keir,49
115,Caleb,48
116=,Mitchell,45
116=,Struan,45
118=,Dominic,43
118=,Zak,43
120=,Grant,42
120=,Nicholas,42
120=,Oscar,42
123=,Anthony,40
123=,Corey,40
125=,Greg,39
125=,Innes,39
127=,Kevin,38
127=,Morgan,38
127=,Noah,38
130=,Colin,37
130=,Tom,37
132=,Dillon,36
132=,Drew,36
132=,Findlay,36
132=,Ian,36
132=,Lachlan,36
132=,Martin,36
132=,Muhammad,36
139=,Billy,35
139=,Fergus,35
141=,Alan,34
141=,Mohammad,34
143=,Douglas,33
143=,Isaac,33
143=,Keiran,33
143=,Kerr,33
147,Gavin,32
148,Calvin,31
149=,Brian,30
149=,Harrison,30
149=,Justin,30
149=,Ruaridh,30
149=,Sonny,30
149=,Stewart,30
155=,Edward,28
155=,Neil,28
157=,Alfie,27
157=,Campbell,27
157=,Elliot,27
157=,Glen,27
157=,Iain,27
157=,Joel,27
163=,Arron,26
163=,Callan,26
163=,Gabriel,26
163=,Ronan,26
167=,Bobby,25
167=,Bruce,25
167=,Hugh,25
167=,Richard,25
167=,Ruairidh,25
172,Henry,24
173=,Cody,23
173=,Conner,23
173=,Hayden,23
173=,Mason,23
177=,Alasdair,22
177=,Ali,22
177=,Danny,22
177=,Shay,22
181=,Alastair,21
181=,Donald,21
181=,Louie,21
181=,Luca,21
181=,Mathew,21
181=,Niall,21
181=,Reuben,21
181=,Shane,21
189=,Allan,20
189=,Cian,20
189=,Rowan,20
192,Jon,19
193=,Blake,18
193=,Saul,18
195=,Brendan,17
195=,Ellis,17
195=,Flynn,17
195=,Gordon,17
195=,Graham,17
195=,Jayden,17
195=,Riley,17
195=,Toby,17
203=,Ruaraidh,16
203=,Zach,16
205=,Ayden,15
205=,Barry,15
205=,Caelan,15
205=,Dale,15
205=,Daryl,15
205=,Derek,15
205=,Kris,15
205=,Tommy,15
213=,Finley,14
213=,Frazer,14
213=,Frederick,14
213=,Glenn,14
213=,Kane,14
213=,Kenneth,14
213=,Levi,14
213=,Magnus,14
213=,Maxwell,14
213=,Xander,14
223=,Austin,13
223=,Bryan,13
223=,Greig,13
223=,Jackson,13
223=,Kaiden,13
223=,Lyle,13
223=,Nathaniel,13
223=,Robin,13
223=,Simon,13
223=,Theo,13
233=,Abdullah,12
233=,Adrian,12
233=,Christian,12
233=,Graeme,12
233=,Jai,12
233=,Kristopher,12
233=,Luis,12
233=,Myles,12
233=,Philip,12
233=,Roan,12
233=,Sebastian,12
233=,Travis,12
233=,Tristan,12
246=,Aedan,11
246=,Ashton,11
246=,Bryce,11
246=,Curtis,11
246=,Elliott,11
246=,Harley,11
246=,Jak,11
246=,Kieron,11
246=,Mckenzie,11
246=,Rohan,11
246=,Tomas,11
246=,Zander,11
258=,Anton,10
258=,Brady,10
258=,Brooklyn,10
258=,Cailean,10
258=,Clark,10
258=,Conall,10
258=,Layton,10
258=,Mohamed,10
258=,Regan,10
258=,Rian,10
258=,Rio,10
258=,Ritchie,10
258=,Seamus,10
258=,Tony,10
258=,Zachary,10
258=,Zain,10
274=,Antonio,9
274=,Brogan,9
274=,Cooper,9
274=,Cullen,9
274=,Damien,9
274=,Eoin,9
274=,Eric,9
274=,Hector,9
274=,Jonathon,9
274=,Kelvin,9
274=,Mac,9
274=,Marco,9
274=,Nairn,9
274=,Ramsay,9
274=,Reiss,9
274=,Sandy,9
274=,Spencer,9
274=,Umar,9
292=,Abdul,8
292=,Brandan,8
292=,Conal,8
292=,Felix,8
292=,Francis,8
292=,Frankie,8
292=,Garry,8
292=,Haydn,8
292=,Kamran,8
292=,Lawrence,8
292=,Luc,8
292=,Marshall,8
292=,Miller,8
292=,Nico,8
292=,Rocco,8
292=,Roman,8
292=,Rudi,8
292=,Stefan,8
292=,Todd,8
292=,Warren,8
292=,Zac,8
313=,Aarron,7
313=,Archibald,7
313=,Blaine,7
313=,Brett,7
313=,Carter,7
313=,Coby,7
313=,Cormac,7
313=,Damon,7
313=,Declyn,7
313=,Gareth,7
313=,Johnny,7
313=,Kaleb,7
313=,Keegan,7
313=,Kieren,7
313=,Malcolm,7
313=,Mitchel,7
313=,Murdo,7
313=,Omar,7
313=,Quinn,7
313=,Raymond,7
313=,Reese,7
313=,Russell,7
313=,Shea,7
313=,Stanley,7
313=,Teejay,7
313=,Theodore,7
313=,Zack,7
340=,Ahmed,6
340=,Alec,6
340=,Antony,6
340=,Aran,6
340=,Ayaan,6
340=,Brody,6
340=,Byron,6
340=,Casey,6
340=,Cayden,6
340=,Chris,6
340=,Coll,6
340=,Corin,6
340=,Cory,6
340=,Damian,6
340=,Devon,6
340=,Guy,6
340=,Hassan,6
340=,Hugo,6
340=,Ibrahim,6
340=,Jac,6
340=,Jaden,6
340=,Jae,6
340=,Jared,6
340=,Jasper,6
340=,Kaden,6
340=,Kalvin,6
340=,Kayden,6
340=,Lloyd,6
340=,Maximilian,6
340=,Mikey,6
340=,Millar,6
340=,Muhammed,6
340=,Reagan,6
340=,Ricky,6
340=,Ronnie,6
340=,Ruari,6
340=,Ruben,6
340=,Saif,6
340=,Seth,6
340=,Terry,6
340=,Timothy,6
340=,Wallace,6
340=,Will,6
383=,Adem,5
383=,Ahmad,5
383=,Ajay,5
383=,Amir,5
383=,Aron,5
383=,Arthur,5
383=,Arun,5
383=,Baillie,5
383=,Bilal,5
383=,Boyd,5
383=,Brad,5
383=,Brandyn,5
383=,Caden,5
383=,Caiden,5
383=,Cain,5
383=,Calan,5
383=,Chad,5
383=,Conlan,5
383=,Connell,5
383=,Dario,5
383=,Derren,5
383=,Devin,5
383=,Devlin,5
383=,Eden,5
383=,Ewen,5
383=,Fionn,5
383=,Floyd,5
383=,Frank,5
383=,Freddie,5
383=,Gregory,5
383=,Hamza,5
383=,Haris,5
383=,Ismail,5
383=,Jakob,5
383=,Jenson,5
383=,Jonah,5
383=,Josef,5
383=,Keelan,5
383=,Keigan,5
383=,Keith,5
383=,Kenzie,5
383=,Lauchlan,5
383=,Leighton,5
383=,Lennox,5
383=,Lochlan,5
383=,Lochlann,5
383=,Lyall,5
383=,Marley,5
383=,Miles,5
383=,Mustafa,5
383=,Nathanael,5
383=,Ollie,5
383=,Ray,5
383=,Ruairi,5
383=,Tate,5
438=,Aden,4
438=,Adil,4
438=,Akash,4
438=,Alisdair,4
438=,Alister,4
438=,Aman,4
438=,Anas,4
438=,Angelo,4
438=,Aryan,4
438=,Awais,4
438=,Bailie,4
438=,Brook,4
438=,Bruno,4
438=,Carl,4
438=,Carrick,4
438=,Carson,4
438=,Cieran,4
438=,Darryl,4
438=,Dougal,4
438=,Eamonn,4
438=,Eesa,4
438=,Eli,4
438=,Eoghan,4
438=,Erik,4
438=,Finnlay,4
438=,Fintan,4
438=,Hamzah,4
438=,Hunter,4
438=,Ivan,4
438=,Jed,4
438=,Joey,4
438=,Johnathan,4
438=,Kirk,4
438=,Mack,4
438=,Makenzie,4
438=,Matt,4
438=,Munro,4
438=,Musa,4
438=,Nicol,4
438=,Pearce,4
438=,Richie,4
438=,Rico,4
438=,Ronald,4
438=,Rufus,4
438=,Seumas,4
438=,Sol,4
438=,Sulaiman,4
438=,Tobias,4
438=,Torin,4
438=,Troy,4
438=,Ty,4
438=,Zachariah,4
490=,Aadam,3
490=,Abdur,3
490=,Aidyn,3
490=,Alexzander,3
490=,Alfred,3
490=,Amaan,3
490=,Ammar,3
490=,Aren,3
490=,Armaan,3
490=,Asher,3
490=,Aston,3
490=,Aydin,3
490=,Azan,3
490=,Benedict,3
490=,Benn,3
490=,Bernard,3
490=,Brayden,3
490=,Bryn,3
490=,Callam,3
490=,Cambell,3
490=,Carlo,3
490=,Che,3
490=,Ciaron,3
490=,Connel,3
490=,Danyaal,3
490=,Danyal,3
490=,Darragh,3
490=,Daryn,3
490=,Denholm,3
490=,Derry,3
490=,Dillan,3
490=,Donnie,3
490=,Edan,3
490=,Eddie,3
490=,Elias,3
490=,Emmanuel,3
490=,Fahad,3
490=,Faris,3
490=,Fionnlagh,3
490=,Forbes,3
490=,Ford,3
490=,Geordie,3
490=,Gianluca,3
490=,Hasan,3
490=,Ibraheem,3
490=,Innis,3
490=,Jackie,3
490=,Jaiden,3
490=,Jaimie,3
490=,Jaydn,3
490=,Jeremy,3
490=,Jett,3
490=,Johnnie,3
490=,Jordi,3
490=,Joss,3
490=,Junior,3
490=,Kade,3
490=,Kal,3
490=,Kameron,3
490=,Keane,3
490=,Keenan,3
490=,Keiron,3
490=,Kelan,3
490=,Kenny,3
490=,Khalid,3
490=,Kier,3
490=,Kobe,3
490=,Kodi,3
490=,Kody,3
490=,Kristian,3
490=,Kristofer,3
490=,Kurt,3
490=,Kurtis,3
490=,Kyan,3
490=,Kye,3
490=,Laurence,3
490=,Lawson,3
490=,Leonardo,3
490=,Leyton,3
490=,Luka,3
490=,Lukas,3
490=,Malek,3
490=,Matteo,3
490=,Maximus,3
490=,Muir,3
490=,Muneeb,3
490=,Nabeel,3
490=,Nathen,3
490=,Neo,3
490=,Nicolas,3
490=,Noel,3
490=,Norman,3
490=,Oisin,3
490=,Oran,3
490=,Pearse,3
490=,Phoenix,3
490=,Raegan,3
490=,Rayyan,3
490=,Reid,3
490=,Reigan,3
490=,Reilly,3
490=,Reis,3
490=,Roddy,3
490=,Rogan,3
490=,Rui,3
490=,Ryley,3
490=,Sami,3
490=,Samir,3
490=,Scot,3
490=,Shaun-Paul,3
490=,Shawn,3
490=,Sholto,3
490=,Tai,3
490=,Tariq,3
490=,Terence,3
490=,Tiernan,3
490=,Usman,3
490=,Vincent,3
490=,Wayne,3
490=,Yahya,3
490=,Yousaf,3
490=,Yusef,3
490=,Zakariya,3
613=,Aadil,2
613=,Abbas,2
613=,Abdel,2
613=,Abel,2
613=,Abhishek,2
613=,Ace,2
613=,Aditya,2
613=,Ahren,2
613=,Alexandre,2
613=,Ally,2
613=,Alvin,2
613=,Amin,2
613=,Aonghas,2
613=,Aqib,2
613=,Ardan,2
613=,Arren,2
613=,Arsalan,2
613=,Aryaan,2
613=,Aryn,2
613=,Ashley,2
613=,Avery,2
613=,Azeem,2
613=,Beck,2
613=,Blain,2
613=,Blane,2
613=,Blayne,2
613=,Blessing,2
613=,Blu,2
613=,Boris,2
613=,Braden,2
613=,Branden,2
613=,Brandin,2
613=,Braydan,2
613=,Cai,2
613=,Cairn,2
613=,Cal,2
613=,Calder,2
613=,Callen,2
613=,Calumn,2
613=,Camilo,2
613=,Caolan,2
613=,Cassius,2
613=,Cathal,2
613=,Ceiran,2
613=,Charly,2
613=,Christie,2
613=,Ciaren,2
613=,Ciarn,2
613=,Clayton,2
613=,Clement,2
613=,Codi,2
613=,Coel,2
613=,Colm,2
613=,Conlyn,2
613=,Connall,2
613=,Conrad,2
613=,Corneille,2
613=,Corran,2
613=,Corrie,2
613=,Daanyaal,2
613=,Dainton,2
613=,Dallas,2
613=,Dan,2
613=,Dane,2
613=,Daragh,2
613=,Darin,2
613=,Darrell,2
613=,Dawood,2
613=,Dawson,2
613=,Dawud,2
613=,Deniz,2
613=,Dennis,2
613=,Derran,2
613=,Derrin,2
613=,Derryn,2
613=,Deryn,2
613=,Devun,2
613=,Dexter,2
613=,Dorian,2
613=,Dwayne,2
613=,Dylon,2
613=,Eamon,2
613=,Enrico,2
613=,Enrique,2
613=,Etienne,2
613=,Eugene,2
613=,Faisal,2
613=,Fares,2
613=,Farhan,2
613=,Farquhar,2
613=,Farrell,2
613=,Fergal,2
613=,Finnian,2
613=,Francisco,2
613=,Freddy,2
613=,Frey,2
613=,Geo,2
613=,Geoff,2
613=,Geordan,2
613=,Gerald,2
613=,Giorgio,2
613=,Giovanni,2
613=,Gregg,2
613=,Griffin,2
613=,Habib,2
613=,Hammad,2
613=,Haroon,2
613=,Harvie,2
613=,Hashir,2
613=,Haydon,2
613=,Henrik,2
613=,Herbie,2
613=,Hussain,2
613=,Huw,2
613=,Hyder,2
613=,Idrees,2
613=,Iestyn,2
613=,Imran,2
613=,Ismaeel,2
613=,Issa,2
613=,Ivor,2
613=,Jaime,2
613=,Jaydan,2
613=,Jayme,2
613=,Jaymie,2
613=,Jerry,2
613=,Joachim,2
613=,John-Lee,2
613=,Johnathon,2
613=,Jonas,2
613=,Jordon,2
613=,Jordyn,2
613=,Julian,2
613=,Jun,2
613=,Kaelan,2
613=,Kaidyn,2
613=,Kain,2
613=,Kalin,2
613=,Kalum,2
613=,Kaya,2
613=,Keagan,2
613=,Keagin,2
613=,Keanu,2
613=,Kelvyn,2
613=,Kenan,2
613=,Keon,2
613=,Khai,2
613=,Kiegan,2
613=,Kobi,2
613=,Kole,2
613=,Konnor,2
613=,Konstantinos,2
613=,Kory,2
613=,Kriss,2
613=,Kristoffer,2
613=,Kyler,2
613=,Lachlann,2
613=,Larsson,2
613=,Lauchlin,2
613=,Laughlan,2
613=,Lawrie,2
613=,Leandro,2
613=,Leeon,2
613=,Lenny,2
613=,Lenon,2
613=,Leroy,2
613=,Lorcan,2
613=,Loui,2
613=,Lydon,2
613=,Lyndon,2
613=,Lyon,2
613=,Macaulay,2
613=,Macauley,2
613=,Malik,2
613=,Mikie,2
613=,Milo,2
613=,Min,2
613=,Moray,2
613=,Murphy,2
613=,Naoise,2
613=,Naseem,2
613=,Nathanial,2
613=,Nick,2
613=,Nicky,2
613=,Nikki,2
613=,Odhran,2
613=,Odin,2
613=,Om,2
613=,Oren,2
613=,Owain,2
613=,Ozan,2
613=,Pedro,2
613=,Perry,2
613=,Phillip,2
613=,Presley,2
613=,Qasim,2
613=,Rai,2
613=,Rajveer,2
613=,Ralf,2
613=,Ralph,2
613=,Rayaan,2
613=,Rayan,2
613=,Reegan,2
613=,Rehan,2
613=,Reno,2
613=,Rhian,2
613=,Rhori,2
613=,Rhuiri,2
613=,Rhyce,2
613=,Rikki,2
613=,Robson,2
613=,Rohin,2
613=,Rohit,2
613=,Ronin,2
613=,Roy,2
613=,Ruaidhri,2
613=,Rupert,2
613=,Saad,2
613=,Sacha,2
613=,Salah,2
613=,Samual,2
613=,Sean-Paul,2
613=,Sheridan,2
613=,Shoaib,2
613=,Sorley,2
613=,Steve,2
613=,Stevie,2
613=,Storm,2
613=,Sufyaan,2
613=,Sunny,2
613=,Syed,2
613=,T-Jay,2
613=,Tam,2
613=,Taran,2
613=,Tayler,2
613=,Thomas-James,2
613=,Thomas-John,2
613=,Tj,2
613=,Tommy-Lee,2
613=,Tor,2
613=,Torran,2
613=,Torrin,2
613=,Tyrese,2
613=,Tyrone,2
613=,Umair,2
613=,Varun,2
613=,Victor,2
613=,Vinnie,2
613=,Walter,2
613=,Wesley,2
613=,Yousuf,2
613=,Zakaria,2
613=,Zakk,2
613=,Zane,2
613=,Zidan,2
613=,Zion,2
869=,A'jay,1
869=,Aahil,1
869=,Aamir,1
869=,Aaran,1
869=,Aarvin,1
869=,Aaryan,1
869=,Aaryn,1
869=,Aayush,1
869=,Aazam,1
869=,Abd-Elrahman,1
869=,Abdalbari,1
869=,Abdalrahman,1
869=,Abdar,1
869=,Abdel-Aziz,1
869=,Abdellah,1
869=,Abdelwahab,1
869=,Abdelwhab,1
869=,Abderraman,1
869=,Abdiaziz,1
869=,Abdikafi,1
869=,Abdinoor,1
869=,Abdirahman,1
869=,Abdrahman,1
869=,Abdul-Hakeem,1
869=,Abdul-Rahman,1
869=,Abdulazeez,1
869=,Abdulaziz,1
869=,Abdull,1
869=,Abdulmohaimen,1
869=,Abdulmohimin,1
869=,Abdulmuhib,1
869=,Abdulrahman,1
869=,Abdulsamad,1
869=,Abdulwareth,1
869=,Abdus,1
869=,Abduwahab,1
869=,Abhay,1
869=,Abir,1
869=,Abobaker,1
869=,Abrash,1
869=,Abu,1
869=,Abuzer,1
869=,Acaimo,1
869=,Acey,1
869=,Adan,1
869=,Adeeb,1
869=,Adham,1
869=,Adie,1
869=,Adilson,1
869=,Adler,1
869=,Adnan,1
869=,Adnane,1
869=,Adon,1
869=,Adrien,1
869=,Aedan-Joseph,1
869=,Aeron,1
869=,Agit,1
869=,Ahad,1
869=,Ahsan,1
869=,Aidden,1
869=,Aide,1
869=,Aiden-Josh,1
869=,Aidian,1
869=,Ainslie,1
869=,Airen,1
869=,Aitken,1
869=,Aitor,1
869=,Aj,1
869=,Ajit,1
869=,Akseli,1
869=,Akshansh,1
869=,Akshath,1
869=,Ala,1
869=,Alaa,1
869=,Alaiham,1
869=,Aland,1
869=,Albaraa,1
869=,Albert,1
869=,Alberto,1
869=,Albie,1
869=,Alden,1
869=,Aldo,1
869=,Aldwin,1
869=,Aleczander,1
869=,Alejandro,1
869=,Alek,1
869=,Aleksa,1
869=,Aleksander,1
869=,Alen,1
869=,Ales,1
869=,Alessandro,1
869=,Alessio,1
869=,Alexandru,1
869=,Alfonso,1
869=,Ali-Hassan,1
869=,Ali-Raza,1
869=,Alias,1
869=,Alick,1
869=,Alisher,1
869=,Alistaire,1
869=,Allen,1
869=,Almasi,1
869=,Alon,1
869=,Alwin,1
869=,Amandu,1
869=,Amar,1
869=,Ambar,1
869=,Ameer,1
869=,Amel,1
869=,Amelia,1
869=,Amine,1
869=,Amiral,1
869=,Amirhossein,1
869=,Amjad,1
869=,Amos,1
869=,Amun,1
869=,Anders,1
869=,Anderson,1
869=,Andi,1
869=,Andrea,1
869=,Andy,1
869=,Anees,1
869=,Angelos,1
869=,Angemarcel,1
869=,Anirudh,1
869=,Aniss,1
869=,Anmol,1
869=,Anmolpreet,1
869=,Annish,1
869=,Anotidaishe,1
869=,Ansaar,1
869=,Anshul,1
869=,Antoni,1
869=,Aodhan,1
869=,Aonaich,1
869=,Aonghus,1
869=,Arafat,1
869=,Aravinda,1
869=,Arbaaz,1
869=,Arbaz,1
869=,Arber,1
869=,Ardege,1
869=,Argus,1
869=,Argyle,1
869=,Argyll,1
869=,Ari,1
869=,Arian,1
869=,Ariel,1
869=,Arif,1
869=,Ariful,1
869=,Arin,1
869=,Arjun,1
869=,Arli,1
869=,Arlo,1
869=,Arlyn,1
869=,Arman,1
869=,Armando,1
869=,Arne,1
869=,Aronda,1
869=,Aroon,1
869=,Aros,1
869=,Arra,1
869=,Arrmandeep,1
869=,Arsh,1
869=,Arshya,1
869=,Arslan,1
869=,Artilas,1
869=,Artin,1
869=,Arty,1
869=,Arveen,1
869=,Arya,1
869=,Asarja,1
869=,Ashar,1
869=,Ashraf,1
869=,Ashwin,1
869=,Ashwinkaarthe,1
869=,Asim,1
869=,Asivorosi,1
869=,Atholl,1
869=,Atticus,1
869=,Attila,1
869=,Atton,1
869=,Austen,1
869=,Avik,1
869=,Avinash,1
869=,Avnish,1
869=,Aydan,1
869=,Aydn,1
869=,Ayham,1
869=,Ayhem,1
869=,Aymen,1
869=,Ayton,1
869=,Ayub,1
869=,Ayyad,1
869=,Ayyan,1
869=,Azaan,1
869=,Azam,1
869=,Azer,1
869=,Azimy,1
869=,Badr,1
869=,Bailli,1
869=,Baily,1
869=,Bally,1
869=,Baraa,1
869=,Barclay,1
869=,Baris,1
869=,Bayley,1
869=,Bayu,1
869=,Beathan,1
869=,Beau,1
869=,Beni,1
869=,Benjaman,1
869=,Benjamen,1
869=,Benjamyn,1
869=,Benji,1
869=,Benjimin,1
869=,Bennet,1
869=,Benny,1
869=,Benyamin,1
869=,Bhavik,1
869=,Bhenn,1
869=,Bikash,1
869=,Bilaal,1
869=,Bill,1
869=,Billal,1
869=,Billi-Jay,1
869=,Blaire,1
869=,Blyth,1
869=,Bobakar,1
869=,Bobbi,1
869=,Bobbi-Ross,1
869=,Bobbie-Joe,1
869=,Bobby-Lee,1
869=,Bowyn,1
869=,Bradly,1
869=,Braiden,1
869=,Brandon-Lee,1
869=,Brandonlee,1
869=,Braxton,1
869=,Braydon,1
869=,Breckin,1
869=,Brecklin,1
869=,Brenden,1
869=,Brendon,1
869=,Brennan,1
869=,Brent,1
869=,Brenyn,1
869=,Bret,1
869=,Brinsley,1
869=,Brocas,1
869=,Brock,1
869=,Brockie,1
869=,Brodey,1
869=,Brodi,1
869=,Bronik,1
869=,Brooklin,1
869=,Brooklyn-Lee,1
869=,Broxon,1
869=,Bryan-James,1
869=,Bryden,1
869=,Brydon,1
869=,Brydone,1
869=,Brynmor,1
869=,Bryson,1
869=,Burhaan,1
869=,Burhan,1
869=,Buster,1
869=,Cade,1
869=,Caeden,1
869=,Caedmon,1
869=,Caellan,1
869=,Caidan,1
869=,Cailan,1
869=,Caillean,1
869=,Cailum,1
869=,Caine,1
869=,Cairo,1
869=,Cale,1
869=,Calen,1
869=,Callin,1
869=,Callon,1
869=,Callyn,1
869=,Calyn,1
869=,Cambeul,1
869=,Camran,1
869=,Camryn,1
869=,Can,1
869=,Caoimhin,1
869=,Carlin,1
869=,Cary,1
869=,Casper,1
869=,Caydan,1
869=,Caydin,1
869=,Caydn,1
869=,Caylin,1
869=,Cejay,1
869=,Cem,1
869=,Cesare,1
869=,Chae,1
869=,Charley,1
869=,Chas,1
869=,Chase,1
869=,Chay,1
869=,Cheng,1
869=,Chezney,1
869=,Chi,1
869=,Chima,1
869=,Chipego,1
869=,Choudhry,1
869=,Christopher-John,1
869=,Christy,1
869=,Cia,1
869=,Ciadh,1
869=,Ciar,1
869=,Cieren,1
869=,Cillian,1
869=,Clarke,1
869=,Clydd,1
869=,Clyde,1
869=,Cobie,1
869=,Codey,1
869=,Coery,1
869=,Coinneach,1
869=,Colby,1
869=,Colton-Lee,1
869=,Conagh,1
869=,Conan,1
869=,Conar,1
869=,Connal,1
869=,Connar,1
869=,Connir,1
869=,Connlon,1
869=,Coral,1
869=,Corban,1
869=,Corbet,1
869=,Corbin,1
869=,Corbyn,1
869=,Coreylee,1
869=,Cormack,1
869=,Correy,1
869=,Corri,1
869=,Corrie-Lee,1
869=,Corrin,1
869=,Corry,1
869=,Cosmo,1
869=,Crawford,1
869=,Creagan,1
869=,Csaba,1
869=,Culann,1
869=,Curran,1
869=,Cyan,1
869=,Cyle,1
869=,Cyrus,1
869=,D'arcy,1
869=,Dadrahim,1
869=,Daelan,1
869=,Daelyn,1
869=,Dagan,1
869=,Dahnish,1
869=,Dai,1
869=,Dakota,1
869=,Daley,1
869=,Dalmar,1
869=,Damaen,1
869=,Damian-Slater,1
869=,Dangelo,1
869=,Dani,1
869=,Danie,1
869=,Daniel-Scott,1
869=,Danish,1
869=,Daniyal,1
869=,Danyal-Ali,1
869=,Dara,1
869=,Daren,1
869=,Darien,1
869=,Darius,1
869=,Daro,1
869=,Darrel,1
869=,Darroch,1
869=,Darroll,1
869=,Darryn,1
869=,Daryan,1
869=,Daryle,1
869=,Daryll,1
869=,David-James,1
869=,David-Paul,1
869=,Davie,1
869=,Davinder,1
869=,Davis,1
869=,Davronbek,1
869=,Dayib,1
869=,Dayne,1
869=,Deacan,1
869=,Deacon,1
869=,Deane,1
869=,Dechlan,1
869=,Deen,1
869=,Deeven,1
869=,Degan,1
869=,Deklan,1
869=,Deklin,1
869=,Delano,1
869=,Dempsey,1
869=,Deni,1
869=,Denim,1
869=,Denis,1
869=,Dennan,1
869=,Denny,1
869=,Denon,1
869=,Denver,1
869=,Denzel,1
869=,Deren,1
869=,Deri,1
869=,Derin,1
869=,Dermott,1
869=,Derrie,1
869=,Derron,1
869=,Dev,1
869=,Devin-James,1
869=,Devlyn,1
869=,Devyn,1
869=,Diarmaid,1
869=,Diego,1
869=,Dil,1
869=,Dillion,1
869=,Dilraj,1
869=,Diluar,1
869=,Dimitris,1
869=,Diofel,1
869=,Dion,1
869=,Dodie,1
869=,Dolan,1
869=,Domenico,1
869=,Dominick,1
869=,Dominik,1
869=,Dominique,1
869=,Donal,1
869=,Donnacha,1
869=,Donny,1
869=,Donovan,1
869=,Donubari,1
869=,Doughal,1
869=,Dougray,1
869=,Doyle,1
869=,Drai,1
869=,Draven,1
869=,Dray,1
869=,Drummond,1
869=,Duglas,1
869=,Dylon-Thomas,1
869=,Eagen,1
869=,Eben,1
869=,Ebo,1
869=,Eboni,1
869=,Eddy,1
869=,Edison,1
869=,Eesaa,1
869=,Efemaizino,1
869=,Ehsan,1
869=,Einar,1
869=,Eioan,1
869=,Eiran,1
869=,El,1
869=,Eldon,1
869=,Eliezer,1
869=,Elijah,1
869=,Elijah-James,1
869=,Eliki,1
869=,Eliot,1
869=,Elis,1
869=,Eliyah,1
869=,Elsharif,1
869=,Elyas,1
869=,Emerick,1
869=,Emil,1
869=,Emilijus,1
869=,Emilio,1
869=,Enda,1
869=,Ender,1
869=,Eng,1
869=,Eoghann,1
869=,Erdal,1
869=,Erfan,1
869=,Erkay,1
869=,Erland,1
869=,Ermal,1
869=,Ernie,1
869=,Erwan,1
869=,Eryk,1
869=,Esa,1
869=,Ethian,1
869=,Euken,1
869=,Eunice,1
869=,Eunus,1
869=,Evin,1
869=,Evyn,1
869=,Exauce,1
869=,Ezlan,1
869=,Fabrizio,1
869=,Fahd,1
869=,Faisel,1
869=,Faizan,1
869=,Faraaz,1
869=,Farahan,1
869=,Faras,1
869=,Farhan-Azriel,1
869=,Farrel,1
869=,Farzan,1
869=,Faseeh,1
869=,Favour,1
869=,Fearghas,1
869=,Fearghus,1
869=,Ferdia,1
869=,Fernando,1
869=,Ferris,1
869=,Fin,1
869=,Finan,1
869=,Finar,1
869=,Findley,1
869=,Finnley,1
869=,Fionntan,1
869=,Flamur,1
869=,Fletcher,1
869=,Fras,1
869=,Fred,1
869=,Frobisher,1
869=,Fyfe,1
869=,Fynley,1
869=,Fynn,1
869=,Gage,1
869=,Gaige,1
869=,Garath,1
869=,Garnett,1
869=,Garron,1
869=,Gavindeep,1
869=,Geddes,1
869=,Gene,1
869=,Georgie,1
869=,Georgio,1
869=,Georgios,1
869=,Gerard,1
869=,Gerry,1
869=,Ghulam,1
869=,Gianpaolo,1
869=,Gilgamesh,1
869=,Gilman,1
869=,Gilmour,1
869=,Gino,1
869=,Gio,1
869=,Giordano,1
869=,Giuseppe,1
869=,Glasgow,1
869=,Glyn,1
869=,Glynn,1
869=,Goldwin,1
869=,Goncalo,1
869=,Grady,1
869=,Griffith,1
869=,Grigorios,1
869=,Grimnir,1
869=,Guney,1
869=,Gurdas,1
869=,Gurdave,1
869=,Gurjot,1
869=,Gurman,1
869=,Gurmare,1
869=,Gurthani,1
869=,Gwilym,1
869=,Haakon,1
869=,Habeeb,1
869=,Habib-Ul-Rahman,1
869=,Hadi,1
869=,Hady,1
869=,Hadyn,1
869=,Hafeez,1
869=,Haidar,1
869=,Haiden,1
869=,Haider,1
869=,Hal,1
869=,Halton,1
869=,Hamad,1
869=,Hamed,1
869=,Hamilton,1
869=,Hammaad,1
869=,Hanaan,1
869=,Hansen,1
869=,Hanson,1
869=,Hanzala,1
869=,Hardie,1
869=,Hari,1
869=,Harjinder,1
869=,Harkirat,1
869=,Harley-Dea,1
869=,Harold,1
869=,Harper,1
869=,Harri,1
869=,Harsharan,1
869=,Haru,1
869=,Harvi,1
869=,Hasanein,1
869=,Hasib,1
869=,Hasneen-Mohammed,1
869=,Hassaan,1
869=,Haumie,1
869=,Hazeem,1
869=,Heath,1
869=,Heaven,1
869=,Hemish,1
869=,Hendry,1
869=,Heng,1
869=,Herris,1
869=,Herve,1
869=,Hifny,1
869=,Hindolo,1
869=,Hiram,1
869=,Ho,1
869=,Holma,1
869=,Hosni,1
869=,Hui,1
869=,Humphrey,1
869=,Humza-Ali,1
869=,Hurabbas,1
869=,Hussan,1
869=,Hussnain,1
869=,Hutton,1
869=,Huzaifah,1
869=,Hye,1
869=,Ibadul,1
869=,Idris,1
869=,Ifeanyi,1
869=,Ike,1
869=,Ikeobi,1
869=,Iliad,1
869=,Ilyas,1
869=,Ilyes,1
869=,Imad,1
869=,Immanuel,1
869=,Indiana,1
869=,Inver,1
869=,Ioannis,1
869=,Iqbal,1
869=,Ira,1
869=,Irfan,1
869=,Irvin,1
869=,Irvine,1
869=,Irwin,1
869=,Ismaa'eel,1
869=,Isyraf,1
869=,Izac,1
869=,Izak,1
869=,Jaceabraham,1
869=,Jachin,1
869=,Jacksen,1
869=,Jacques,1
869=,Jae-Lee,1
869=,Jaeden,1
869=,Jagdeesh,1
869=,Jagjeet,1
869=,Jago,1
869=,Jahangir,1
869=,Jaieden,1
869=,Jaison,1
869=,Jakub,1
869=,Jalil,1
869=,Jamal,1
869=,Jameson,1
869=,Jamielee,1
869=,Jamil,1
869=,Jan,1
869=,Jandal,1
869=,Janson,1
869=,Jardine,1
869=,Jarius,1
869=,Jarl,1
869=,Jarron,1
869=,Jashwant,1
869=,Jaskaran,1
869=,Jason-Lee,1
869=,Jasvin,1
869=,Javed,1
869=,Jawaad,1
869=,Jaxson,1
869=,Jay-Lee,1
869=,Jay-Naeem,1
869=,Jaycob,1
869=,Jayden-Lee,1
869=,Jaydin,1
869=,Jaydon,1
869=,Jaylee,1
869=,Jayson,1
869=,Jean-Michel,1
869=,Jed-Jamie,1
869=,Jeff,1
869=,Jeffin,1
869=,Jennison,1
869=,Jenushan,1
869=,Jeremiah,1
869=,Jerome,1
869=,Jeroni,1
869=,Jerrard,1
869=,Jerred,1
869=,Jerson,1
869=,Jesse,1
869=,Jesus,1
869=,Jevan,1
869=,Jharid,1
869=,Jhon-Paul,1
869=,Ji-Yong,1
869=,Jie,1
869=,Jieming,1
869=,Jimi,1
869=,Jimmy,1
869=,Jin,1
869=,Jivan,1
869=,Jj,1
869=,Jo,1
869=,Jock,1
869=,Joecele,1
869=,Johannes,1
869=,John-Joseph,1
869=,John-Paul,1
869=,John-Robert,1
869=,Jojo,1
869=,Jon-Luc,1
869=,Jonny,1
869=,Jonson,1
869=,Jonty,1
869=,Joon,1
869=,Jorden,1
869=,Jordy,1
869=,Jorge,1
869=,Jos,1
869=,Joseph-Michael,1
869=,Joshe,1
869=,Joshua-Edward,1
869=,Josiah,1
869=,Jotham,1
869=,Jozef,1
869=,Judah,1
869=,Juel,1
869=,Jules,1
869=,July,1
869=,Jumroz,1
869=,Junaid,1
869=,Justyn,1
869=,Juy,1
869=,Jyden,1
869=,Kaan,1
869=,Kadan,1
869=,Kadir,1
869=,Kadyn,1
869=,Kaelem,1
869=,Kaelin,1
869=,Kaelon,1
869=,Kaene,1
869=,Kaidan,1
869=,Kailash,1
869=,Kailo,1
869=,Kailub,1
869=,Kailum,1
869=,Kaine,1
869=,Kairo,1
869=,Kais,1
869=,Kaius,1
869=,Kaj,1
869=,Kaleem,1
869=,Kalem,1
869=,Kallan,1
869=,Kalle,1
869=,Kalym,1
869=,Kamaladin,1
869=,Kamden,1
869=,Kameli,1
869=,Karar,1
869=,Karl,1
869=,Karma,1
869=,Kasey,1
869=,Kasra,1
869=,Kate,1
869=,Kavinraj,1
869=,Kaydan,1
869=,Kaydein,1
869=,Kaydon,1
869=,Kazik,1
869=,Keaghan,1
869=,Kealan,1
869=,Keanan,1
869=,Keanen,1
869=,Kearan,1
869=,Keaton,1
869=,Keelin,1
869=,Keighan,1
869=,Keiren,1
869=,Keirin,1
869=,Keirn,1
869=,Keita,1
869=,Kellen,1
869=,Kelsey,1
869=,Kemueli,1
869=,Kendall,1
869=,Kenward,1
869=,Kenzo,1
869=,Kepa,1
869=,Kerim,1
869=,Kerry,1
869=,Khalish,1
869=,Khrys,1
869=,Khurreum,1
869=,Ki,1
869=,Kial-Kris,1
869=,Kieghan,1
869=,Kiel,1
869=,Kieran-Paul,1
869=,Kierin,1
869=,Kierren,1
869=,Kieryn,1
869=,Kimin,1
869=,Kin,1
869=,Kinnon,1
869=,Kiron,1
869=,Klay,1
869=,Kobee,1
869=,Koben,1
869=,Koby,1
869=,Kodeh,1
869=,Konar,1
869=,Konner,1
869=,Kool,1
869=,Korey,1
869=,Kori,1
869=,Korrae,1
869=,Kraig,1
869=,Krianth,1
869=,Krystian,1
869=,Kuhyun,1
869=,Kulatein,1
869=,Kunal,1
869=,Kuram,1
869=,Kutay,1
869=,Kyllen,1
869=,Kyran,1
869=,Kyron,1
869=,Kyryn,1
869=,Laighton,1
869=,Laird,1
869=,Lance,1
869=,Lars,1
869=,Laud,1
869=,Laurie,1
869=,Layne,1
869=,Leahm,1
869=,Learoy,1
869=,Leith,1
869=,Leithan,1
869=,Lenin,1
869=,Lennan,1
869=,Leroi,1
869=,Les,1
869=,Leslie,1
869=,Letham,1
869=,Leto,1
869=,Leumuel,1
869=,Levi-Lewis,1
869=,Levis,1
869=,Lewie,1
869=,Lewin,1
869=,Lex,1
869=,Lheon,1
869=,Liam-David,1
869=,Liang,1
869=,Lincoln,1
869=,Linden,1
869=,Lio,1
869=,Lionel,1
869=,Liston,1
869=,Lleyton,1
869=,Lliam,1
869=,Lochlain,1
869=,Lochlyn,1
869=,Lochy,1
869=,Lok-Hymn,1
869=,Lomond,1
869=,Lonach,1
869=,Lonnie,1
869=,Lorian,1
869=,Lorien,1
869=,Loris,1
869=,Lorne,1
869=,Louay,1
869=,Loughlin,1
869=,Loukas,1
869=,Lowrie,1
869=,Lowry,1
869=,Loyd,1
869=,Lucca,1
869=,Luciano,1
869=,Luie,1
869=,Luigi,1
869=,Lukeus,1
869=,Lukman,1
869=,Luqman,1
869=,Luthais,1
869=,Lyell,1
869=,Lyndin,1
869=,Macawley,1
869=,Macgregor,1
869=,Mackie,1
869=,Mackinlay,1
869=,Macleod,1
869=,Macrae,1
869=,Mahad,1
869=,Mahdi,1
869=,Mahdin,1
869=,Mahreeb,1
869=,Mairtin,1
869=,Maison,1
869=,Majde,1
869=,Maks,1
869=,Malachie,1
869=,Malcom,1
869=,Malelili,1
869=,Manasjit,1
869=,Mannix,1
869=,Manuil,1
869=,Manuv,1
869=,Manveer,1
869=,Manvinder,1
869=,Manvir,1
869=,Marcel,1
869=,Marcin,1
869=,Marcio,1
869=,Marius,1
869=,Mariusz,1
869=,Marko,1
869=,Markus,1
869=,Marti,1
869=,Martyn,1
869=,Mashkal,1
869=,Masson,1
869=,Matas,1
869=,Matheson,1
869=,Mathias,1
869=,Mathiew,1
869=,Matthias,1
869=,Matthieu,1
869=,Matty,1
869=,Maxim,1
869=,Maximilianm,1
869=,Maximillian,1
869=,Maxx,1
869=,Mayro,1
869=,Mazhar,1
869=,Mbazuu,1
869=,Mccall,1
869=,Mccaulay,1
869=,Mehran,1
869=,Meiresh,1
869=,Mekhi,1
869=,Mel,1
869=,Melvin,1
869=,Merlin,1
869=,Mevin,1
869=,Micah,1
869=,Michaelangelos,1
869=,Michal,1
869=,Micheal,1
869=,Mickey,1
869=,Mihail,1
869=,Mika,1
869=,Mike,1
869=,Milad,1
869=,Milan,1
869=,Millen,1
869=,Mina,1
869=,Mir,1
869=,Miroslav,1
869=,Misbah,1
869=,Mish'a-El,1
869=,Mitch,1
869=,Mohamad,1
869=,Mohammad-Aibrahim,1
869=,Mohd,1
869=,Mohmmad,1
869=,Mohsin,1
869=,Moirrache,1
869=,Monro,1
869=,Monroe,1
869=,Montague,1
869=,Montathar,1
869=,Montgomery,1
869=,Morero,1
869=,Morghan,1
869=,Morris,1
869=,Morrison,1
869=,Mouad,1
869=,Mowlin,1
869=,Muaad,1
869=,Mubeen,1
869=,Muftah,1
869=,Mughees,1
869=,Munashe,1
869=,Mungo,1
869=,Munmohan,1
869=,Munyaradzi,1
869=,Murchadh,1
869=,Musab,1
869=,Musashi,1
869=,Mustafaa,1
869=,Mustafah,1
869=,Muthanna,1
869=,Muzamil,1
869=,Mykenzi,1
869=,Mylo,1
869=,Nabhan,1
869=,Nadav,1
869=,Nafeil,1
869=,Naim,1
869=,Naithan,1
869=,Nanle,1
869=,Naphan,1
869=,Narthaniel,1
869=,Narun,1
869=,Nasim,1
869=,Nasser,1
869=,Nat,1
869=,Nathon,1
869=,Nathyn,1
869=,Nayan,1
869=,Neelan,1
869=,Neil-Hamish,1
869=,Neilson,1
869=,Neily,1
869=,Nelly,1
869=,Nelson,1
869=,Nermin,1
869=,Nicholl,1
869=,Niels,1
869=,Nihaal,1
869=,Nii,1
869=,Nikhail,1
869=,Niki,1
869=,Nikola,1
869=,Nikolai,1
869=,Niles,1
869=,Nivin,1
869=,Nodebechukwu,1
869=,Noman,1
869=,Noor-Ul-Zaman,1
869=,Nosakhare,1
869=,Nour,1
869=,Numan,1
869=,Nurettin,1
869=,Nyall,1
869=,Nye,1
869=,O'neill,1
869=,Oakley,1
869=,Ocean,1
869=,Odhrain,1
869=,Oh,1
869=,Oissine,1
869=,Olav,1
869=,Olias,1
869=,Oluwatimilehin,1
869=,Oluwatosin,1
869=,Onyedikachi,1
869=,Ori,1
869=,Orin,1
869=,Orlando,1
869=,Oro,1
869=,Orrin,1
869=,Oskay,1
869=,Oslo,1
869=,Osman,1
869=,Ossian,1
869=,Otto,1
869=,Owice,1
869=,Pablo,1
869=,Pacey,1
869=,Padraig,1
869=,Paeder,1
869=,Panos,1
869=,Parthiv,1
869=,Parus,1
869=,Paschael,1
869=,Pat,1
869=,Patric,1
869=,Paul-James,1
869=,Peony,1
869=,Percy,1
869=,Pete,1
869=,Pharrell,1
869=,Phemelo,1
869=,Pheonix,1
869=,Phil,1
869=,Piaras,1
869=,Pierre,1
869=,Piper,1
869=,Pirran,1
869=,Pouya,1
869=,Praajeeth,1
869=,Pranav,1
869=,Prentice,1
869=,Qais,1
869=,Qaisar,1
869=,Qeren-Happuch,1
869=,Qian,1
869=,Quaser,1
869=,Quin,1
869=,Quinten,1
869=,Raafay,1
869=,Raaghib,1
869=,Rabah,1
869=,Rabboni,1
869=,Raees,1
869=,Raez,1
869=,Rafe,1
869=,Rafferty,1
869=,Raghav,1
869=,Raheel,1
869=,Rahit,1
869=,Raif,1
869=,Raj,1
869=,Raja,1
869=,Rajan,1
869=,Ralston,1
869=,Raman,1
869=,Ramesh,1
869=,Ramiz,1
869=,Ramzi,1
869=,Rangzeb,1
869=,Ranon,1
869=,Ranulf,1
869=,Raphael,1
869=,Rasmus,1
869=,Rauan,1
869=,Raushan,1
869=,Raymon,1
869=,Reagen,1
869=,Recardo,1
869=,Red,1
869=,Reece-Jack,1
869=,Reef,1
869=,Reeve,1
869=,Rehman,1
869=,Reicce,1
869=,Reiff,1
869=,Reilley,1
869=,Reily,1
869=,Rein,1
869=,Remi,1
869=,Remo,1
869=,Rendhel,1
869=,Reo,1
869=,Reon,1
869=,Reuben-Isaac,1
869=,Reuben-James,1
869=,Rhauri,1
869=,Rheece,1
869=,Rhuari,1
869=,Rhuraidh,1
869=,Rhuridh,1
869=,Rhyad,1
869=,Rhyan,1
869=,Rhyley,1
869=,Rhyse,1
869=,Riaaz,1
869=,Riaghan,1
869=,Riaj,1
869=,Ricardo,1
869=,Richy,1
869=,Rickson,1
869=,Ringo,1
869=,Rino,1
869=,Rioghan,1
869=,Riordan,1
869=,Rios-Benjamin,1
869=,Ripley,1
869=,Rithvik,1
869=,Riyan,1
869=,Rizwaan,1
869=,Rob,1
869=,Robert-Lee,1
869=,Rodachan,1
869=,Roden,1
869=,Rodrick,1
869=,Roger,1
869=,Roghain,1
869=,Romeo,1
869=,Ron,1
869=,Ronit,1
869=,Rooney,1
869=,Rorie,1
869=,Ros,1
869=,Rosco,1
869=,Rosh,1
869=,Roshan,1
869=,Rowell,1
869=,Ruarai,1
869=,Ruaraigh,1
869=,Ruardhri,1
869=,Rudy,1
869=,Ruiraidh,1
869=,Ruri,1
869=,Rustamkhon,1
869=,Ruthven,1
869=,Ryaan,1
869=,Ryan-Cameron,1
869=,Ryian,1
869=,Ryker,1
869=,Rylan,1
869=,Rylee,1
869=,Rylie,1
869=,Ryuan,1
869=,Saad-El,1
869=,Saaim,1
869=,Sabien,1
869=,Sabino,1
869=,Sabion,1
869=,Sachan,1
869=,Safian,1
869=,Safwan,1
869=,Sahail,1
869=,Sahal,1
869=,Sahand,1
869=,Sahib,1
869=,Sahir,1
869=,Saifuddin,1
869=,Saifullah,1
869=,Saim,1
869=,Sajad,1
869=,Sakariya,1
869=,Salaar,1
869=,Salahudin,1
869=,Saleh,1
869=,Salem,1
869=,Salman,1
869=,Samet,1
869=,Samiul,1
869=,Samm,1
869=,Sammy,1
869=,Sandeep,1
869=,Sander,1
869=,Sands,1
869=,Santino,1
869=,Sardar,1
869=,Satnam,1
869=,Saubaan,1
869=,Saul-Alexander,1
869=,Saurav,1
869=,Sava,1
869=,Sayed,1
869=,Sayf,1
869=,Sean-Patrick,1
869=,Seanmichael,1
869=,Seann,1
869=,Sebastien,1
869=,Senabelo,1
869=,Seol,1
869=,Seoras,1
869=,Shabeeh,1
869=,Shae,1
869=,Shah,1
869=,Shahnoor,1
869=,Shahriar,1
869=,Shahzaib,1
869=,Shahzman,1
869=,Shakir,1
869=,Shanilka,1
869=,Shariq,1
869=,Sharon,1
869=,Shashank,1
869=,Shaye,1
869=,Shayne,1
869=,Sheean,1
869=,Shefqet,1
869=,Sherjeel,1
869=,Shiraz,1
869=,Shiv,1
869=,Shrey,1
869=,Shuai,1
869=,Sian,1
869=,Sid,1
869=,Sidney,1
869=,Silas,1
869=,Simeon,1
869=,Simone,1
869=,Sinclair,1
869=,Sing,1
869=,Sisco,1
869=,Siu,1
869=,Sivan,1
869=,Slaine,1
869=,Smylie,1
869=,Sofiane,1
869=,Sohail,1
869=,Solomon,1
869=,Sonneywolferine,1
869=,Sonni,1
869=,Spyros,1
869=,Stan,1
869=,Stefano,1
869=,Stein,1
869=,Sten,1
869=,Subhaan,1
869=,Subhan,1
869=,Sufyan,1
869=,Suhail,1
869=,Sui,1
869=,Sukhraj,1
869=,Suleman,1
869=,Sundar,1
869=,Sunjit,1
869=,Surya,1
869=,Swabri,1
869=,Sy,1
869=,Syar,1
869=,Sydney,1
869=,Tahar,1
869=,Tailar,1
869=,Taine,1
869=,Tait,1
869=,Talha,1
869=,Tameem,1
869=,Tangji,1
869=,Tanish,1
869=,Tanuj,1
869=,Taro,1
869=,Tarquin,1
869=,Tarun,1
869=,Tauheed,1
869=,Tay,1
869=,Taylor-James,1
869=,Taylor-Lewis,1
869=,Tayyib,1
869=,Teague,1
869=,Ted,1
869=,Teddy,1
869=,Tee,1
869=,Tee-Jay,1
869=,Tejay,1
869=,Tejbhadar,1
869=,Tengenesha,1
869=,Tenison,1
869=,Tenzin,1
869=,Thaddeus,1
869=,Thaine,1
869=,Theio,1
869=,Thelen,1
869=,Theodor,1
869=,Thibaud,1
869=,Thierry,1
869=,Thilo,1
869=,Thom,1
869=,Thorfinn,1
869=,Tiago,1
869=,Tiamo,1
869=,Tiarnan,1
869=,Ting,1
869=,Titus,1
869=,Tjay,1
869=,Tjut,1
869=,Tobermory,1
869=,Tobey,1
869=,Tod,1
869=,Tombari,1
869=,Tommaso,1
869=,Tommylee,1
869=,Tormod,1
869=,Tornike,1
869=,Torr,1
869=,Torrance,1
869=,Trae,1
869=,Trystan,1
869=,Tsungai,1
869=,Tugra,1
869=,Tulloch,1
869=,Tye,1
869=,Tyler-Jay,1
869=,Tyler-Ross,1
869=,Tyllar,1
869=,Tyreese,1
869=,Tyronne,1
869=,Tze,1
869=,Ubaid-Raza,1
869=,Umayr,1
869=,Umer,1
869=,Urquhart,1
869=,Usaf,1
869=,Usmaan,1
869=,Uvimalan,1
869=,Uwais,1
869=,Uy-Lee,1
869=,Uzair,1
869=,Uzayr,1
869=,Vaisakh,1
869=,Valeed,1
869=,Vaughn,1
869=,Veer-Raj,1
869=,Venon,1
869=,Vince,1
869=,Vinny,1
869=,Vishnu,1
869=,Waasay,1
869=,Wade,1
869=,Waleed,1
869=,Waqas,1
869=,Watson,1
869=,Wauqar,1
869=,Wee,1
869=,Weesam,1
869=,Westley,1
869=,Willard,1
869=,William-James,1
869=,William-John,1
869=,Wilson,1
869=,Wisam,1
869=,Wo,1
869=,Woojoon,1
869=,Wullie,1
869=,Wyatt,1
869=,Xan,1
869=,Xavier,1
869=,Xhejson,1
869=,Xian,1
869=,Yacine,1
869=,Yahid,1
869=,Yamon,1
869=,Yann,1
869=,Yannis,1
869=,Yaoyang,1
869=,Yaqub,1
869=,Yaseen,1
869=,Yaser,1
869=,Yasin,1
869=,Yasir,1
869=,Yazan,1
869=,Yeshwanth,1
869=,Yifei,1
869=,Ying,1
869=,Yohan,1
869=,Yoon,1
869=,Yorgos,1
869=,Youcef,1
869=,Younus,1
869=,Yousef,1
869=,Yousif,1
869=,Ythan,1
869=,Yuan,1
869=,Yunis,1
869=,Yusuf,1
869=,Yvan,1
869=,Zacharia,1
869=,Zackary,1
869=,Zackery,1
869=,Zahir,1
869=,Zaid,1
869=,Zaidane,1
869=,Zakariyya,1
869=,Zakary,1
869=,Zake,1
869=,Zechariya,1
869=,Zeeshan,1
869=,Zeidan,1
869=,Zein,1
869=,Zemiro,1
869=,Zen,1
869=,Zeshaan,1
869=,Zhongyan,1
869=,Zia,1
869=,Zidaan,1
869=,Zinedine,1
869=,Zohaib,1
869=,Zvikomborero,1
869=,Zye,1
,,
,,
,,
,,
,,
,,
,,
,,
,,
,,
,,
,,
,,
,,
,,
,,
,,
,,
,,
,,
,,
,,
,,
,,
,,
,,
,,
,,
,,
,,
,,
,,
,,
,,
,,
,,
,,
,,
,,
,,
,,
,,
,,
,,
,,
,,
,,
,,
,,
,,
,,
,,
,,
,,
,,
,,
,,
,,
,,
,,
,,
,,
,,
,,
,,
,,
,,
,,
,,
,,
,,
,,
,,
,,
,,
,,
,,
,,
,,
,,
,,
,,
,,
,,
,,
,,
,,
,,
,,
,,
,,
,,
,,
,,
,,
,,
,,
,,
,,
,,
,,
,,
,,
,,
,,
,,
,,
,,
,,
,,
,,
,,
,,
,,
,,
,,
,,
,,
,,
,,
,,
,,
,,
,,
,,
,,
,,
,,
,,
,,
,,
,,
,,
,,
,,
,,
,,
,,
,,
,,
,,
,,
,,
,,
,,
,,
,,
,,
,,
,,
,,
,,
,,
,,
,,
,,
,,
,,
,,
,,
,,
,,
,,
,,
,,
,,
,,
,,
,,
,,
,,
,,
,,
,,
,,
,,
,,
,,
,,
,,
,,
,,
,,
,,
,,
,,
,,
,,
,,
,,
,,
,,
,,
,,
,,
,,
,,
,,
,,
,,
,,
,,
,,
,,
,,
,,
,,
,,
,,
,,
,,
,,
,,
,,
,,
,,
,,
,,
,,
,,
,,
,,
,,
,,
,,
,,
,,
,,
,,
,,
,,
,,
,,
,,
,,
,,
,,
,,
,,
,,
,,
,,
,,
,,
,,
,,
,,
,,
,,
,,
,,
,,
,,
,,
,,
,,
,,
,,
,,
,,
,,
,,
,,
,,
,,
,,
,,
,,
,,
,,
,,
,,
,,
,,
,,
,,
,,
,,
,,
,,
,,
,,
,,
,,
,,
,,
,,
,,
,,
,,
,,
,,
,,
,,
,,
,,
,,
,,
,,
,,
,,
,,
,,
,,
,,
,,
,,
,,
,,
,,
,,
,,
,,
,,
,,
,,
,,
,,
,,
,,
,,
,,
,,
,,
,,
,,
,,
,,
,,
,,
,,
,,
,,
,,
,,
,,
,,
,,
,,
,,
,,
,,
,,
,,
,,
,,
,,
,,
,,
,,
,,
,,
,,
,,
,,
,,
,,
,,
,,
,,
,,
,,
,,
,,
,,
,,
,,
,,
,,
,,
,,
,,
,,
,,
,,
,,
,,
,,
,,
,,
,,
,,
,,
,,
,,
,,
,,
,,
,,
,,
,,
,,
,,
,,
,,
,,
,,
,,
,,
,,
,,
,,
,,
,,
,,
,,
,,
,,
,,
,,
,,
,,
,,
,,
,,
,,
,,
,,
,,
,,
,,
,,
,,
,,
,,
,,
,,
,,
,,
,,
,,
,,
,,
,,
,,
,,
,,
,,
,,
,,
,,
,,
,,
,,
,,
,,
,,
,,
,,
,,
,,
,,
,,
,,
,,
,,
,,
,,
,,
,,
,,
,,
,,
,,
,,
,,
,,
,,
,,
,,
,,
,,
,,
,,
,,
,,
,,
,,
,,
,,
,,
,,
,,
,,
,,
,,
,,
,,
,,
,,
,,
,,
,,
,,
,,
,,
,,
,,
,,
,,
,,
,,
,,
,,
,,
,,
,,
,,
,,
,,
,,
,,
,,
,,
,,
,,
,,
,,
,,
,,
,,
,,
,,
,,
,,
,,
,,
,,
,,
,,
,,
,,
,,
,,
,,
,,
,,
,,
,,
,,
,,
,,
,,
,,
,,
,,
,,
,,
,,
,,
,,
,,
,,
,,
,,
,,
,,
,,
,,
,,
,,
,,
,,
,,
,,
,,
,,
,,
,,
,,
,,
,,
,,
,,
,,
,,
,,
,,
,,
,,
,,
,,
,,
,,
,,
,,
,,
,,
,,
,,
,,
,,
,,
,,
,,
,,
,,
,,
,,
,,
,,
,,
,,
,,
,,
,,
,,
,,
,,
,,
,,
,,
,,
,,
,,
,,
,,
,,
,,
,,
,,
,,
,,
,,
,,
,,
,,
,,
,,
,,
,,
,,
,,
,,
,,
,,
,,
,,
,,
,,
,,
,,
,,
,,
,,
,,
,,
,,
,,
,,
,,
,,
,,
,,
,,
,,
,,
,,
,,
,,
,,
,,
,,
,,
,,
,,
,,
,,
,,
,,
,,
,,
,,
,,
,,
,,
,,
,,
,,
,,
,,
,,
,,
,,
,,
,,
,,
,,
,,
,,
,,
,,
,,
,,
,,
,,
,,
,,
,,
,,
,,
,,
,,
,,
,,
,,
,,
,,
,,
,,
,,
,,
,,
,,
,,
,,
,,
,,
,,
,,
,,
,,
,,
,,
,,
,,
,,
,,
,,
,,
,,
,,
,,
,,
,,
,,
,,
,,
,,
,,
,,
,,
,,
,,
,,
,,
,,
,,
,,
,,
,,
,,
,,
,,
,,
,,
,,
,,
,,
,,
,,
,,
,,
,,
,,
,,
,,
,,
,,
,,
,,
,,
,,
,,
,,
,,
,,
,,
,,
,,
,,
,,
,,
,,
,,
,,
,,
,,
,,
,,
,,
,,
,,
,,
,,
,,
,,
,,
,,
,,
,,
,,
,,
,,
,,
,,
,,
,,
,,
,,
,,
,,
,,
,,
,,
,,
,,
,,
,,
,,
,,
,,
,,
,,
,,
,,
,,
,,
,,
,,
,,
,,
,,
,,
,,
,,
,,
,,
,,
,,
,,
,,
,,
,,
,,
,,
,,
,,
,,
,,
,,
,,
,,
,,
,,
,,
,,
,,
,,
,,
,,
,,
,,
,,
,,
,,
,,
,,
,,
,,
,,
,,
,,
,,
,,
,,
,,
,,
,,
,,
,,
,,
,,
,,
,,
,,
,,
,,
,,
,,
,,
,,
,,
,,
,,
,,
,,
,,
,,
,,
,,
,,
,,
,,
,,
,,
,,
,,
,,
,,
,,
,,
,,
,,
,,
,,
,,
,,
,,
,,
,,
,,
,,
,,
,,
,,
,,
,,
,,
,,
,,
,,
,,
,,
,,
,,
,,
,,
,,
,,
,,
,,
,,
,,
,,
,,
,,
,,
,,
,,
,,
,,
,,
,,
,,
,,
,,
,,
,,
,,
,,
,,
,,
,,
,,
,,
,,
,,
,,
,,
,,
,,
,,
,,
,,
,,
,,
,,
,,
,,
,,
,,
,,
,,
,,
,,
,,
,,
,,
,,
,,
,,
,,
,,
,,
,,
,,
,,
,,
,,
,,
,,
,,
,,
,,
,,
,,
,,
,,
,,
,,
,,
,,
,,
,,
,,
,,
,,
,,
,,
,,
,,
,,
,,
,,
,,
,,
,,
,,
,,
,,
,,
,,
,,
,,
,,
,,
,,
,,
,,
,,
,,
,,
,,
,,
© Crown Copyright 2015,,
