Position,Name,Number of babies
1,Lewis,710
2,Jack,630
3,Callum,519
4,James,497
5,Cameron,488
6,Ryan,487
7,Jamie,447
8,Kyle,446
9,Daniel,425
10,Matthew,424
11,Liam,394
12,Ben,388
13,Dylan,376
14,Adam,373
15,Andrew,336
16,Connor,329
17,Alexander,308
18,Thomas,303
19,Aidan,300
20,Aiden,298
21,Joshua,297
22,Logan,295
23,Aaron,294
24,Scott,280
25,Ross,270
26,Nathan,264
27,David,254
28,Finlay,246
29,Euan,236
30,John,235
31,Luke,233
32,Michael,218
33,Samuel,209
34,Calum,207
35,William,200
36,Kieran,197
37,Josh,196
38,Ethan,191
39,Ewan,182
40,Sean,178
41,Fraser,175
42,Sam,174
43,Robert,168
44,Jake,167
45,Christopher,165
46=,Jay,163
46=,Owen,163
48,Joseph,160
49,Charlie,159
50=,Benjamin,153
50=,Robbie,153
52,Max,149
53,Rory,148
54,Oliver,147
55=,Craig,140
55=,Declan,140
57,Reece,131
58,Harry,129
59,Rhys,128
60,Mark,124
61,Tyler,114
62,Brandon,113
63,Leo,108
64,Taylor,106
65,Kai,105
66,Angus,100
67,Paul,94
68,Lee,91
69,Ciaran,89
70,Louis,87
71=,Finn,85
71=,Steven,85
73=,Evan,84
73=,Gregor,84
75,Cole,83
76=,Arran,82
76=,Blair,82
78=,Jacob,79
78=,Murray,79
80=,Kian,78
80=,Stephen,78
82,Lucas,77
83=,Archie,76
83=,Leon,76
85,Harris,75
86,Mohammed,74
87,Noah,73
88=,Lennon,70
88=,Stuart,70
90=,Harvey,68
90=,Mackenzie,68
92,Shaun,66
93=,Conor,65
93=,Corey,65
95=,Brodie,64
95=,George,64
95=,Jordan,64
98,Darren,63
99=,Charles,62
99=,Joe,62
101=,Jason,61
101=,Kenzie,61
101=,Peter,61
104,Jonathan,60
105=,Cody,59
105=,Zak,59
107=,Hamish,57
107=,Patrick,57
109=,Bradley,54
109=,Dean,54
111=,Alex,53
111=,Caleb,53
111=,Jude,53
114,Bailey,52
115=,Alfie,51
115=,Marcus,51
117,Marc,50
118,Elliot,49
119=,Fergus,48
119=,Mitchell,48
121,Mason,47
122=,Alan,46
122=,Duncan,46
122=,Gabriel,46
122=,Muhammad,46
126=,Alistair,44
126=,Nicholas,44
128=,Anthony,43
128=,Findlay,43
130=,Harrison,42
130=,Kerr,42
130=,Kevin,42
133=,Iain,40
133=,Struan,40
135=,Campbell,39
135=,Hayden,39
135=,Riley,39
138=,Grant,38
138=,Isaac,38
138=,Tom,38
141=,Billy,37
141=,Dominic,37
141=,Innes,37
141=,Keir,37
145=,Douglas,36
145=,Gary,36
147,Lachlan,35
148=,Ian,34
148=,Martin,34
148=,Mohammad,34
151,Reuben,33
152=,Callan,32
152=,Joel,32
152=,Luca,32
152=,Ruairidh,32
156=,Danny,31
156=,Drew,31
156=,Gavin,31
156=,Greg,31
156=,Morgan,31
156=,Ruaridh,31
162,Shay,30
163=,Alasdair,29
163=,Brendan,29
163=,Ellis,29
163=,Keiran,29
163=,Stewart,29
168=,Calvin,28
168=,Cian,28
168=,Glen,28
168=,Jayden,28
172,Toby,27
173=,Barry,26
173=,Gordon,26
173=,Oscar,26
176=,Blake,25
176=,Ronan,25
176=,Sonny,25
179,Edward,24
180=,Ashton,23
180=,Lyle,23
180=,Mckenzie,23
180=,Niall,23
180=,Theo,23
185=,Flynn,22
185=,Jackson,22
185=,Shane,22
188=,Christian,21
188=,Harley,21
188=,Zack,21
191=,Justin,20
191=,Richard,20
191=,Saul,20
194=,Colin,19
194=,Dillon,19
194=,Felix,19
194=,Zachary,19
198=,Alastair,18
198=,Bobby,18
198=,Cooper,18
198=,Cormac,18
198=,Daryl,18
198=,Kenneth,18
198=,Levi,18
198=,Zach,18
198=,Zander,18
207=,Arron,17
207=,Brian,17
207=,Bruce,17
207=,Cailean,17
207=,Graham,17
207=,Kayden,17
207=,Kelvin,17
207=,Maxwell,17
207=,Roan,17
207=,Robin,17
207=,Tommy,17
218=,Donald,16
218=,Henry,16
218=,Luis,16
218=,Magnus,16
218=,Regan,16
218=,Rowan,16
224=,Ali,15
224=,Conner,15
224=,Maximilian,15
224=,Murdo,15
224=,Ramsay,15
224=,Sebastian,15
224=,Troy,15
231=,Aedan,14
231=,Bryce,14
231=,Derek,14
231=,Garry,14
231=,Ibrahim,14
231=,Kaden,14
231=,Lochlan,14
231=,Ruben,14
231=,Stefan,14
231=,Travis,14
241=,Abdul,13
241=,Brett,13
241=,Damien,13
241=,Greig,13
241=,Kane,13
241=,Keane,13
241=,Louie,13
241=,Mathew,13
241=,Rio,13
241=,Rohan,13
241=,Tristan,13
241=,Xander,13
253=,Allan,12
253=,Bryan,12
253=,Conal,12
253=,Curtis,12
253=,Frederick,12
253=,Graeme,12
253=,Hassan,12
253=,Hugo,12
253=,Kieron,12
253=,Neil,12
253=,Reiss,12
253=,Rian,12
253=,Ruaraidh,12
253=,Zac,12
267=,Cairn,11
267=,Dale,11
267=,Kaiden,11
267=,Kris,11
267=,Lennox,11
267=,Lukas,11
267=,Miller,11
274=,Abdullah,10
274=,Antony,10
274=,Aron,10
274=,Ayden,10
274=,Benedict,10
274=,Cayden,10
274=,Derren,10
274=,Frazer,10
274=,Jon,10
274=,Kristian,10
274=,Mikey,10
274=,Nairn,10
274=,Nathaniel,10
274=,Roman,10
274=,Simon,10
274=,Sol,10
290=,Ahmed,9
290=,Anton,9
290=,Aryan,9
290=,Brogan,9
290=,Carson,9
290=,Casey,9
290=,Deacon,9
290=,Eoin,9
290=,Gerard,9
290=,Hugh,9
290=,Jed,9
290=,Jonathon,9
290=,Keegan,9
290=,Lyall,9
290=,Macaulay,9
290=,Marshall,9
290=,Myles,9
290=,Ollie,9
290=,Omar,9
290=,Reagan,9
290=,Russell,9
290=,Seth,9
290=,Syed,9
313=,Adrian,8
313=,Austin,8
313=,Brooklyn,8
313=,Caelan,8
313=,Cain,8
313=,Clark,8
313=,Coby,8
313=,Conall,8
313=,Conrad,8
313=,Devon,8
313=,Elliott,8
313=,Finley,8
313=,Glenn,8
313=,Guy,8
313=,Hamza,8
313=,Haris,8
313=,Haydn,8
313=,Jai,8
313=,Jared,8
313=,Keenan,8
313=,Leighton,8
313=,Malcolm,8
313=,Ritchie,8
313=,Ronald,8
313=,Ruari,8
313=,Rudi,8
313=,Sandy,8
313=,Tobias,8
313=,Tony,8
313=,Ty,8
313=,Vincent,8
344=,Awais,7
344=,Baillie,7
344=,Brad,7
344=,Cory,7
344=,Darryl,7
344=,Devin,7
344=,Elijah,7
344=,Ewen,7
344=,Jaxon,7
344=,Kieren,7
344=,Kristopher,7
344=,Layton,7
344=,Miles,7
344=,Oran,7
344=,Reilly,7
344=,Ronnie,7
344=,Seamus,7
344=,Stevie,7
344=,Theodore,7
344=,Zain,7
344=,Zakk,7
365=,Aden,6
365=,Ajay,6
365=,Alister,6
365=,Bilal,6
365=,Brady,6
365=,Brayden,6
365=,Calan,6
365=,Conlan,6
365=,Corin,6
365=,Derry,6
365=,Devlin,6
365=,Eric,6
365=,Farhan,6
365=,Francis,6
365=,Gregory,6
365=,Hasan,6
365=,Jak,6
365=,Joey,6
365=,Kye,6
365=,Lloyd,6
365=,Marley,6
365=,Martyn,6
365=,Mohamed,6
365=,Philip,6
365=,Rocco,6
365=,Roddy,6
365=,Ryley,6
365=,Scot,6
365=,Shea,6
365=,Spencer,6
365=,Stanley,6
365=,T-Jay,6
365=,Timothy,6
365=,Wesley,6
365=,Yusuf,6
400=,Alessandro,5
400=,Alfred,5
400=,Ally,5
400=,Arthur,5
400=,Ayaan,5
400=,Blaine,5
400=,Cai,5
400=,Caiden,5
400=,Carter,5
400=,Chris,5
400=,Christy,5
400=,Cohen,5
400=,Colby,5
400=,Dyllan,5
400=,Fynn,5
400=,Gareth,5
400=,Ibraheem,5
400=,Ivan,5
400=,Johnny,5
400=,Jonah,5
400=,Kade,5
400=,Kaleb,5
400=,Kalvin,5
400=,Kamran,5
400=,Keith,5
400=,Kodi,5
400=,Kole,5
400=,Lex,5
400=,Leyton,5
400=,Makenzie,5
400=,Marco,5
400=,Millar,5
400=,Mitchel,5
400=,Nabeel,5
400=,Nico,5
400=,Oisin,5
400=,Pierce,5
400=,Richie,5
400=,Ricky,5
400=,Ruairi,5
400=,Rudy,5
400=,Sami,5
400=,Sorley,5
400=,Tomas,5
400=,Torin,5
400=,Wilson,5
446=,Aaran,4
446=,Adin,4
446=,Ahmad,4
446=,Alec,4
446=,Aodhan,4
446=,Archibald,4
446=,Arun,4
446=,Boyd,4
446=,Brody,4
446=,Bruno,4
446=,Byron,4
446=,Caden,4
446=,Cael,4
446=,Callen,4
446=,Carlos,4
446=,Charley,4
446=,Cieran,4
446=,Codie,4
446=,Connel,4
446=,Connell,4
446=,Cruz,4
446=,Dallas,4
446=,Damian,4
446=,Danish,4
446=,Daniyal,4
446=,Denis,4
446=,Devan,4
446=,Donnie,4
446=,Emil,4
446=,Eoghan,4
446=,Faizaan,4
446=,Finnlay,4
446=,Fletcher,4
446=,Forbes,4
446=,Francesco,4
446=,Frank,4
446=,Frankie,4
446=,Freddie,4
446=,Haaris,4
446=,Hector,4
446=,Hunter,4
446=,Hussain,4
446=,Irvine,4
446=,Izaak,4
446=,Jaden,4
446=,Jaiden,4
446=,Jakob,4
446=,Jeevan,4
446=,Josef,4
446=,Kal,4
446=,Kallan,4
446=,Keigan,4
446=,Koby,4
446=,Kody,4
446=,Korey,4
446=,Lenny,4
446=,Loui,4
446=,Luc,4
446=,Luka,4
446=,Mac,4
446=,Mack,4
446=,Malachy,4
446=,Malik,4
446=,Maximus,4
446=,Milo,4
446=,Muhammed,4
446=,Odhran,4
446=,Ossian,4
446=,Pearce,4
446=,Quinn,4
446=,Raymond,4
446=,Reese,4
446=,Reno,4
446=,Rhyan,4
446=,Rob,4
446=,Roderick,4
446=,Rui,4
446=,Seoras,4
446=,Shawn,4
446=,Tai,4
446=,Terry,4
446=,Todd,4
446=,Tylor,4
446=,Uzair,4
446=,Victor,4
446=,Warren,4
446=,Will,4
446=,Woody,4
446=,Zaid,4
535=,Aman,3
535=,Amir,3
535=,Andy,3
535=,Aneurin,3
535=,Antoni,3
535=,Antonio,3
535=,Arden,3
535=,Armaan,3
535=,Arnav,3
535=,Asim,3
535=,Beinn,3
535=,Benn,3
535=,Brandon-Lee,3
535=,Brandyn,3
535=,Brendon,3
535=,Brodi,3
535=,Brooke,3
535=,Cailan,3
535=,Calin,3
535=,Carl,3
535=,Carlo,3
535=,Cobey,3
535=,Codey,3
535=,Codi,3
535=,Coll,3
535=,Connar,3
535=,Corran,3
535=,Corrie,3
535=,Cullen,3
535=,Damon,3
535=,Dan,3
535=,Dane,3
535=,Danyal,3
535=,Darrel,3
535=,Derryn,3
535=,Diesel,3
535=,Dillan,3
535=,Dougal,3
535=,Eden,3
535=,Eisa,3
535=,Fintan,3
535=,Fionn,3
535=,Fred,3
535=,Freddy,3
535=,Geordie,3
535=,Hadi,3
535=,Hadyn,3
535=,Hal,3
535=,Haseeb,3
535=,Humza,3
535=,Jadyn,3
535=,Jamal,3
535=,Jasper,3
535=,Jaydon,3
535=,Jesse,3
535=,Jimmy,3
535=,Jon-Paul,3
535=,Jonas,3
535=,Jose,3
535=,Joshua-James,3
535=,Joss,3
535=,Kaelan,3
535=,Kalib,3
535=,Kallum,3
535=,Kean,3
535=,Kenny,3
535=,Keon,3
535=,Khalid,3
535=,Kier,3
535=,Korben,3
535=,Kyan,3
535=,Kyran,3
535=,Lauchlan,3
535=,Laughlan,3
535=,Laurence,3
535=,Laurie,3
535=,Leonardo,3
535=,Lleyton,3
535=,Loghan,3
535=,Lorne,3
535=,Lucca,3
535=,Malachi,3
535=,Nathanael,3
535=,Nicky,3
535=,Preston,3
535=,Qasim,3
535=,Qi,3
535=,Ray,3
535=,Rayan,3
535=,Reegan,3
535=,Ricco,3
535=,Robbi,3
535=,Rogan,3
535=,Ronin,3
535=,Rorie,3
535=,Saif,3
535=,Samir,3
535=,Sebastien,3
535=,Seumas,3
535=,Shae,3
535=,Shayne,3
535=,Steve,3
535=,Sulaiman,3
535=,Tate,3
535=,Tejay,3
535=,Tiernan,3
535=,Tobey,3
535=,Tomi,3
535=,Tommi,3
535=,Trevor,3
535=,Umair,3
535=,Uwais,3
535=,Wallace,3
535=,Wyatt,3
535=,Xavier,3
535=,Yanis,3
535=,Yousif,3
535=,Zachariah,3
535=,Zakary,3
535=,Zane,3
535=,Zhi,3
656=,Aariz,2
656=,Aarron,2
656=,Aaryan,2
656=,Abd,2
656=,Abdallah,2
656=,Abdulaziz,2
656=,Abdur,2
656=,Abubakr,2
656=,Adeel,2
656=,Adem,2
656=,Aditya,2
656=,Adnan,2
656=,Ahad,2
656=,Ahmet,2
656=,Aidin,2
656=,Alexandros,2
656=,Alvin,2
656=,Amaan,2
656=,Ameer,2
656=,Ammaar,2
656=,Anders,2
656=,Angel,2
656=,Angelo,2
656=,Arda,2
656=,Argyle,2
656=,Arjun,2
656=,Armin,2
656=,Arslan,2
656=,Arya,2
656=,Ashley,2
656=,Atholl,2
656=,Austen,2
656=,Azaan,2
656=,Azzam,2
656=,Bailley,2
656=,Baily,2
656=,Barnaby,2
656=,Bart,2
656=,Baxter,2
656=,Beau,2
656=,Beck,2
656=,Bernard,2
656=,Blaike,2
656=,Blane,2
656=,Bobbie,2
656=,Bradly,2
656=,Bradyn,2
656=,Braedyn,2
656=,Brandan,2
656=,Brannan,2
656=,Brennan,2
656=,Brennen,2
656=,Bryden,2
656=,C,2
656=,C-Jay,2
656=,Cade,2
656=,Caeden,2
656=,Cassius,2
656=,Cavan,2
656=,Ceejay,2
656=,Chad,2
656=,Che,2
656=,Chi,2
656=,Christie,2
656=,Ciar,2
656=,Cieron,2
656=,Clarke,2
656=,Conan,2
656=,Connon,2
656=,Coran,2
656=,Corben,2
656=,Corrin,2
656=,Cristian,2
656=,Dagan,2
656=,Dalton,2
656=,Daniel-John,2
656=,Daoud,2
656=,Darcy,2
656=,Dario,2
656=,Darragh,2
656=,Darvin,2
656=,Dawson,2
656=,Declyn,2
656=,Deen,2
656=,Denny,2
656=,Dermot,2
656=,Dexter,2
656=,Diego,2
656=,Diljeet,2
656=,Dino,2
656=,Dion,2
656=,Dominik,2
656=,Dre,2
656=,Dugald,2
656=,Dwayne,2
656=,Dylen,2
656=,Dylin,2
656=,Eamon,2
656=,Eamonn,2
656=,Edan,2
656=,Eddie,2
656=,Eesa,2
656=,Eion,2
656=,Eithan,2
656=,Elian,2
656=,Elwood,2
656=,Emlyn,2
656=,Emmanuel,2
656=,Emre,2
656=,Erlend,2
656=,Eshan,2
656=,Faiz,2
656=,Fearghus,2
656=,Finnegan,2
656=,Flinn,2
656=,Francisco,2
656=,Frederic,2
656=,Georgios,2
656=,Gergo,2
656=,Gerrard,2
656=,Giovanni,2
656=,Haider,2
656=,Hakki,2
656=,Harith,2
656=,Haroon,2
656=,Harri,2
656=,Ho,2
656=,Ieuan,2
656=,Imran,2
656=,Indiana,2
656=,Innis,2
656=,Isa,2
656=,Ismael,2
656=,Ivo,2
656=,Jac,2
656=,Jackie,2
656=,Jaime,2
656=,Jakub,2
656=,Jan,2
656=,Jaydan,2
656=,Jaye,2
656=,Jayson,2
656=,Jenson,2
656=,Jibril,2
656=,Johnie,2
656=,Johnnie,2
656=,Jordy,2
656=,Josiah,2
656=,Juan,2
656=,Junior,2
656=,Kacper,2
656=,Kadyn,2
656=,Kael,2
656=,Kaelin,2
656=,Kaide,2
656=,Kaidyn,2
656=,Kaif,2
656=,Kain,2
656=,Kaine,2
656=,Karam,2
656=,Karl,2
656=,Karson,2
656=,Keagan,2
656=,Keaton,2
656=,Keelan,2
656=,Keian,2
656=,Keiren,2
656=,Ken,2
656=,Kenzi,2
656=,Kester,2
656=,Khai,2
656=,Kiedis,2
656=,Kielan,2
656=,Kirk,2
656=,Konstantinos,2
656=,Lance,2
656=,Laughlin,2
656=,Lawrence,2
656=,Lawrie,2
656=,Layth,2
656=,Leith,2
656=,Leland,2
656=,Leonard,2
656=,Leopold,2
656=,Lochlann,2
656=,Logan-John,2
656=,Lorenzo,2
656=,Maison,2
656=,Mario,2
656=,Marvin,2
656=,Mateo,2
656=,Mathias,2
656=,Mathieu,2
656=,Matt,2
656=,Matteo,2
656=,Maxim,2
656=,Maximillian,2
656=,Mazin,2
656=,Merlin,2
656=,Micah,2
656=,Micheal,2
656=,Millan,2
656=,Miroslav,2
656=,Moray,2
656=,Mylo,2
656=,Nathen,2
656=,Neo,2
656=,Nicolo,2
656=,Noel,2
656=,Odin,2
656=,Oluwatobi,2
656=,Orin,2
656=,Orrin,2
656=,Oskar,2
656=,Otto,2
656=,Owain,2
656=,Pablo,2
656=,Paulo,2
656=,Pearse,2
656=,Pierre,2
656=,Piotr,2
656=,Rae,2
656=,Raegan,2
656=,Raja,2
656=,Ralph,2
656=,Ramsey,2
656=,Raphael,2
656=,Rayane,2
656=,Rayyan,2
656=,Raza,2
656=,Reeve,2
656=,Rehaan,2
656=,Rehman,2
656=,Reid,2
656=,Reis,2
656=,Reo,2
656=,Rhuairidh,2
656=,Rhuari,2
656=,Ricardo,2
656=,Rikki,2
656=,Ripley,2
656=,Rishabh,2
656=,Robby,2
656=,Roberto,2
656=,Rorry,2
656=,Roshan,2
656=,Roy,2
656=,Ruaidhri,2
656=,Ruan,2
656=,Salman,2
656=,Shaan,2
656=,Stephan,2
656=,Stirling,2
656=,Sven,2
656=,T,2
656=,Taha,2
656=,Taite,2
656=,Talha,2
656=,Taylan,2
656=,Tayyab,2
656=,Teague,2
656=,Ted,2
656=,Tee-Jay,2
656=,Tegan,2
656=,Terence,2
656=,Thom,2
656=,Tiarnan,2
656=,Tico,2
656=,Tjay,2
656=,Tommie,2
656=,Torrin,2
656=,Trey,2
656=,Tristin,2
656=,Tyrese,2
656=,Tyrone,2
656=,Umar,2
656=,Umer,2
656=,Usman,2
656=,Viggo,2
656=,Vinay,2
656=,Waris,2
656=,Wayne,2
656=,Willem,2
656=,Xiao,2
656=,Yann,2
656=,Yousef,2
656=,Yousuf,2
656=,Ythan,2
656=,Yu,2
656=,Yuri,2
656=,Zacharias,2
656=,Zakariya,2
656=,Zeeshan,2
656=,Zen,2
950=,A-Jay,1
950=,Aadam,1
950=,Aahil,1
950=,Aaiden,1
950=,Aalam,1
950=,Aanus,1
950=,Aaran-Jordan,1
950=,Aaron-Jamie,1
950=,Aarran,1
950=,Abarhmen,1
950=,Abbaas,1
950=,Abdaan,1
950=,Abdal,1
950=,Abdalla,1
950=,Abdalrahman,1
950=,Abdel,1
950=,Abdelhamid,1
950=,Abdelrahman,1
950=,Abdolfattah,1
950=,Abdul-Rahman,1
950=,Abdul-Wahhab,1
950=,Abdulmonem,1
950=,Abdulsalam,1
950=,Abdur-Rahman,1
950=,Abdurraafi',1
950=,Abdus-Samee,1
950=,Abel,1
950=,Abhayraj,1
950=,Abidin,1
950=,Abrar,1
950=,Abu,1
950=,Addison,1
950=,Addy,1
950=,Ade,1
950=,Adeeb,1
950=,Adeen,1
950=,Adonai,1
950=,Advik,1
950=,Ady,1
950=,Aeron,1
950=,Afif,1
950=,Afnan,1
950=,Aftab,1
950=,Agambir,1
950=,Ahran,1
950=,Ahren,1
950=,Ahsan,1
950=,Ahson,1
950=,Ahves,1
950=,Aidan-James,1
950=,Aidden,1
950=,Aiden-Paul,1
950=,Ainsley,1
950=,Aizid,1
950=,Akamm,1
950=,Akamveer,1
950=,Akash,1
950=,Akshat,1
950=,Alain,1
950=,Alba,1
950=,Albert,1
950=,Albireo,1
950=,Aldo,1
950=,Aled,1
950=,Alejandro,1
950=,Alexander-Bruce,1
950=,Alexandr,1
950=,Alexandro,1
950=,Alexandru,1
950=,Alexs,1
950=,Alexzander,1
950=,Alf,1
950=,Alfan,1
950=,Alfarouq,1
950=,Algernon,1
950=,Alharith,1
950=,Alirehman,1
950=,Aljo,1
950=,Allen,1
950=,Allistair,1
950=,Alphonse,1
950=,Alyn,1
950=,Amaar,1
950=,Amar,1
950=,Amechi,1
950=,Amged,1
950=,Amine,1
950=,Amos,1
950=,Anakin,1
950=,Anandrew,1
950=,Anas,1
950=,Andi,1
950=,Andray,1
950=,Andreas,1
950=,Andres,1
950=,Andreston,1
950=,Andriu,1
950=,Angelo-Carlo,1
950=,Ankur,1
950=,Anndra,1
950=,Ansel,1
950=,Anshul,1
950=,Ansle,1
950=,Anson,1
950=,Anss,1
950=,Antoine,1
950=,Antonie,1
950=,Anvith,1
950=,Anwar,1
950=,Aonghais,1
950=,Aqdas,1
950=,Ara,1
950=,Aran,1
950=,Areeb,1
950=,Aren,1
950=,Arez,1
950=,Arie,1
950=,Aries,1
950=,Arin,1
950=,Arinjay,1
950=,Aristo,1
950=,Ariyan,1
950=,Arjan,1
950=,Arjunvir,1
950=,Arkam,1
950=,Arlan,1
950=,Arland,1
950=,Arlo,1
950=,Arman,1
950=,Armand,1
950=,Arran-Lee,1
950=,Arrin,1
950=,Arrun,1
950=,Arvin,1
950=,Aryaan,1
950=,Aryia,1
950=,Asaad,1
950=,Ash,1
950=,Asher,1
950=,Ashil,1
950=,Ashlar,1
950=,Asil,1
950=,Asir,1
950=,Aston,1
950=,Athan,1
950=,Aubai,1
950=,Augustus,1
950=,Aulay,1
950=,Auley,1
950=,Aun,1
950=,Auryan,1
950=,Avdija,1
950=,Awish,1
950=,Axel,1
950=,Aybars,1
950=,Aydan,1
950=,Aydin,1
950=,Ayman,1
950=,Aymen,1
950=,Ayorinde,1
950=,Ayub,1
950=,Ayush,1
950=,Ayushmaan,1
950=,Azad,1
950=,Azhan,1
950=,Azhar,1
950=,Azim,1
950=,Azman,1
950=,Baban,1
950=,Babatunde,1
950=,Babiker,1
950=,Bailee,1
950=,Bailie,1
950=,Bailye,1
950=,Baoxin,1
950=,Barclay,1
950=,Barrie,1
950=,Bartlomiej,1
950=,Basil,1
950=,Basit,1
950=,Bawan,1
950=,Baylee,1
950=,Bayley,1
950=,Bede,1
950=,Belkacem,1
950=,Bellamy,1
950=,Benaiah,1
950=,Benedetto,1
950=,Benjamyn,1
950=,Benji,1
950=,Benjimin,1
950=,Bennett,1
950=,Benno,1
950=,Benny-Jackson,1
950=,Benoit,1
950=,Beren,1
950=,Berkay,1
950=,Besrat,1
950=,Bhargav,1
950=,Bhavyarajsinh,1
950=,Billi,1
950=,Blain,1
950=,Blaize,1
950=,Blakey,1
950=,Blayke,1
950=,Bless,1
950=,Blessing,1
950=,Blue,1
950=,Bobbie-Jordan,1
950=,Bodhi,1
950=,Bodie,1
950=,Bowen,1
950=,Braden,1
950=,Bradlay,1
950=,Braeden,1
950=,Braedon,1
950=,Braidan,1
950=,Braiden,1
950=,Branden,1
950=,Brandin,1
950=,Braxton,1
950=,Braye,1
950=,Bree,1
950=,Brenden,1
950=,Brendyn,1
950=,Brennus,1
950=,Brent,1
950=,Broady,1
950=,Broch,1
950=,Brogin,1
950=,Brohdan,1
950=,Brondi,1
950=,Brook,1
950=,Brooklynn,1
950=,Brooks,1
950=,Bruin,1
950=,Brunel,1
950=,Bryn,1
950=,Bryson,1
950=,Buddy,1
950=,Burhan,1
950=,Bushar,1
950=,Buster,1
950=,Ca'illum,1
950=,Cabhan,1
950=,Cadhan,1
950=,Caelen,1
950=,Caellan,1
950=,Cahal,1
950=,Caie,1
950=,Cailem,1
950=,Cairan,1
950=,Cairns,1
950=,Caius,1
950=,Callum-Rae,1
950=,Callyn,1
950=,Camaron,1
950=,Cameron-Andrew,1
950=,Cameron-Jamie,1
950=,Camiren,1
950=,Camryn,1
950=,Caoimhin,1
950=,Caolan,1
950=,Carlin,1
950=,Cason,1
950=,Casper,1
950=,Caydan,1
950=,Caylan,1
950=,Cayleb,1
950=,Cecil,1
950=,Cee,1
950=,Ceiran,1
950=,Cejay,1
950=,Cem,1
950=,Chae,1
950=,Chailein,1
950=,Chanul,1
950=,Charlie-Thomas,1
950=,Chas,1
950=,Chase,1
950=,Chaudhry,1
950=,Chay,1
950=,Chaytan,1
950=,Chester,1
950=,Chetan,1
950=,Chevy,1
950=,Chisholm,1
950=,Chong,1
950=,Christ,1
950=,Christophe,1
950=,Christopher-John,1
950=,Chun,1
950=,Chunhua,1
950=,Cial,1
950=,Ciarian,1
950=,Ciaron,1
950=,Cieryn,1
950=,Cillian,1
950=,Cinaed,1
950=,Cinar,1
950=,Clelland,1
950=,Climate,1
950=,Clint,1
950=,Clinton,1
950=,Cluan,1
950=,Cobi,1
950=,Cody-Allan,1
950=,Coel,1
950=,Coinneach,1
950=,Coire,1
950=,Colla,1
950=,Colm,1
950=,Coltin,1
950=,Conallan,1
950=,Conar,1
950=,Conlay,1
950=,Conley,1
950=,Conlon,1
950=,Connah,1
950=,Connal,1
950=,Connall,1
950=,Connan,1
950=,Connolly,1
950=,Conol,1
950=,Conry,1
950=,Corban,1
950=,Corbin,1
950=,Corey-Craig,1
950=,Coreylee,1
950=,Cori,1
950=,Corri,1
950=,Corry,1
950=,Coskun,1
950=,Couper,1
950=,Craig-James,1
950=,Craven,1
950=,Crawford,1
950=,Crichton,1
950=,Crighton,1
950=,Cuillin,1
950=,Cy,1
950=,Cyrus,1
950=,Daanesh,1
950=,Daanyaal,1
950=,Daban,1
950=,Daegan,1
950=,Daelen,1
950=,Dakota,1
950=,Dalwindar,1
950=,Damion,1
950=,Danai,1
950=,Daney,1
950=,Danilo,1
950=,Dannylee,1
950=,Dante,1
950=,Danyaal,1
950=,Danyael,1
950=,Danyil,1
950=,Dara,1
950=,Darach,1
950=,Daran,1
950=,Darcey,1
950=,Darien,1
950=,Darin,1
950=,Darius,1
950=,Darran,1
950=,Darrell,1
950=,Darroch,1
950=,Darrow,1
950=,Darryn,1
950=,Daryll,1
950=,Daryn,1
950=,Daud,1
950=,David-Lee,1
950=,Davie,1
950=,Davis,1
950=,Davydas,1
950=,Dawid,1
950=,Dawood,1
950=,Dayle,1
950=,De-Jay,1
950=,Deahglan,1
950=,Decklyn,1
950=,Declin,1
950=,Deco,1
950=,Decon-Andrew,1
950=,Dee,1
950=,Defi,1
950=,Deian,1
950=,Deklyn,1
950=,Del,1
950=,Delali,1
950=,Denaun,1
950=,Denim,1
950=,Deniz,1
950=,Dennis,1
950=,Denver,1
950=,Denyn,1
950=,Denzhe,1
950=,Deri-J,1
950=,Dermatt,1
950=,Derran,1
950=,Derren-Jay,1
950=,Derrick,1
950=,Derrin,1
950=,Deryn,1
950=,Destin,1
950=,Deuie,1
950=,Deven,1
950=,Devlan,1
950=,Devrim,1
950=,Devyn,1
950=,Dewar,1
950=,Dhananjay,1
950=,Dhani,1
950=,Dhillin,1
950=,Dhillon,1
950=,Dhruv,1
950=,Diar,1
950=,Diarmuid,1
950=,Dicken,1
950=,Didar,1
950=,Dietah,1
950=,Digby,1
950=,Dilan,1
950=,Dilpreet,1
950=,Dilraj,1
950=,Dimitri,1
950=,Dimitry,1
950=,Diogo,1
950=,Dishan,1
950=,Diwat,1
950=,Dodou,1
950=,Domhnall,1
950=,Dominykas,1
950=,Don,1
950=,Donal,1
950=,Donell,1
950=,Dong-Hee,1
950=,Donovan,1
950=,Doud,1
950=,Dougie,1
950=,Douglas-James,1
950=,Dougray,1
950=,Doyle,1
950=,Draiden,1
950=,Duane,1
950=,Dylane,1
950=,Dylon,1
950=,Ean,1
950=,Eavan,1
950=,Ebiyal,1
950=,Edin,1
950=,Efstratios,1
950=,Egor,1
950=,Eidan,1
950=,Eilan,1
950=,Eilean,1
950=,Einar,1
950=,Eiran,1
950=,Eithen,1
950=,Ejay,1
950=,Ekin,1
950=,Ekompal,1
950=,Eldred,1
950=,Elgin,1
950=,Eli,1
950=,Elia,1
950=,Eliasz,1
950=,Elie,1
950=,Eliott,1
950=,Eliya,1
950=,Ellis-James,1
950=,Elorm,1
950=,Elshamis,1
950=,Elvin,1
950=,Emilian,1
950=,Emiliano,1
950=,Emilio,1
950=,Emin,1
950=,Emori,1
950=,Enrique,1
950=,Enver,1
950=,Enzo,1
950=,Eoan,1
950=,Eochaidh,1
950=,Eosaph,1
950=,Erik,1
950=,Ermal,1
950=,Espen,1
950=,Ethen,1
950=,Eugene,1
950=,Euian,1
950=,Eunan,1
950=,Euoghan,1
950=,Eusha,1
950=,Evandra,1
950=,Evangelos,1
950=,Evann,1
950=,Evyn,1
950=,Ezra,1
950=,Fabio,1
950=,Fabrizio,1
950=,Fahd,1
950=,Faheez,1
950=,Faizanullah,1
950=,Falconer,1
950=,Faleh,1
950=,Faolan,1
950=,Faraaz,1
950=,Fardeen,1
950=,Farhaan,1
950=,Farhad,1
950=,Faris,1
950=,Farjan,1
950=,Farrel,1
950=,Farrell,1
950=,Fauzaan,1
950=,Fawad,1
950=,Fazlurrahman,1
950=,Feargus,1
950=,Feliks,1
950=,Ferdinand,1
950=,Fergie,1
950=,Fernando,1
950=,Fhionnlaidh,1
950=,Filip,1
950=,Finan,1
950=,Finbar,1
950=,Findley,1
950=,Finian,1
950=,Finlaec,1
950=,Finn-Thomas,1
950=,Finnan,1
950=,Finnleigh,1
950=,Finnley,1
950=,Fion,1
950=,Fionnlagh,1
950=,Firth,1
950=,Florian,1
950=,Flyn,1
950=,Ford,1
950=,Foster,1
950=,Fox,1
950=,Fran,1
950=,Franciszek,1
950=,Frasier,1
950=,Fredric,1
950=,Fredrick,1
950=,Fulco,1
950=,Furqanul,1
950=,Gabreal,1
950=,Garri,1
950=,Gautam,1
950=,Gavan,1
950=,Gavish,1
950=,Ged,1
950=,Gehad,1
950=,Gene,1
950=,Geoffrey,1
950=,Gerald,1
950=,Gerry,1
950=,Gethin,1
950=,Getoar,1
950=,Gglen,1
950=,Ghazi,1
950=,Ghulaman,1
950=,Gian,1
950=,Giani,1
950=,Gianluca,1
950=,Gideon,1
950=,Gil,1
950=,Giuseppe,1
950=,Gjino,1
950=,Gleb,1
950=,Glory,1
950=,Grady,1
950=,Graidh,1
950=,Gregg,1
950=,Greggor,1
950=,Greigor,1
950=,Grey,1
950=,Grier,1
950=,Griff,1
950=,Guillaume,1
950=,Gulliver,1
950=,Guramar,1
950=,Guramrik,1
950=,Gurpreet,1
950=,Gursavak,1
950=,Gurveer,1
950=,Gustaw,1
950=,Gyuguo,1
950=,Habib,1
950=,Haci,1
950=,Haiden,1
950=,Haig,1
950=,Haigan,1
950=,Hakim,1
950=,Hamilton,1
950=,Hammaad,1
950=,Hammad,1
950=,Hammam,1
950=,Hani,1
950=,Hao,1
950=,Hardhik,1
950=,Harish,1
950=,Haroun,1
950=,Harpreet,1
950=,Harrie,1
950=,Harry-James,1
950=,Haru,1
950=,Harvey-Lee,1
950=,Harvey-Roman,1
950=,Harvinder,1
950=,Hashim,1
950=,Hashir,1
950=,Hasib,1
950=,Hasnaat,1
950=,Hastiyar,1
950=,Haydon,1
950=,Haydyn,1
950=,Haytham,1
950=,Haze,1
950=,Heatham,1
950=,Heckie,1
950=,Heman,1
950=,Henderson,1
950=,Henrik,1
950=,Heritier,1
950=,Herman,1
950=,Hesham,1
950=,Heydn,1
950=,Himesh,1
950=,Himmat,1
950=,Hopper,1
950=,Horton,1
950=,Hosum,1
950=,Howard,1
950=,Howie,1
950=,Huey,1
950=,Hunain,1
950=,Husam,1
950=,Hussam,1
950=,Hussnain,1
950=,Huzaifa,1
950=,Iain-Ruari,1
950=,Iason,1
950=,Idrees,1
950=,Idris,1
950=,Iestyn,1
950=,Ihab,1
950=,Ijaz,1
950=,Ilan,1
950=,Imad,1
950=,Indio,1
950=,Inness,1
950=,Irfan,1
950=,Irsal,1
950=,Irtaza,1
950=,Irvin,1
950=,Isaam,1
950=,Ishaayu,1
950=,Ishan,1
950=,Ishmile,1
950=,Islam,1
950=,Isma'il,1
950=,Ismaeel,1
950=,Ismail,1
950=,Issa,1
950=,Issam,1
950=,Itgelgrem,1
950=,Itohowo,1
950=,Izan,1
950=,Jadon,1
950=,Jae,1
950=,Jaeden,1
950=,Jaedon,1
950=,Jaedyn,1
950=,Jaein,1
950=,Jago,1
950=,Jahanzeb,1
950=,Jaidon,1
950=,Jaimi,1
950=,Jaimie,1
950=,Jamel,1
950=,James-Garry,1
950=,Jamey,1
950=,Jami-Ul,1
950=,Jamie-Allen,1
950=,Jamie-Scot,1
950=,Jamil,1
950=,Jansen,1
950=,Jaque,1
950=,Jarod,1
950=,Jarrad,1
950=,Jarrid,1
950=,Jarrod,1
950=,Jasiem,1
950=,Jasim,1
950=,Jaskaran,1
950=,Jaspal,1
950=,Jaspar,1
950=,Jaspreet,1
950=,Jassim,1
950=,Jay-Alexander,1
950=,Jay-D,1
950=,Jay-Lee,1
950=,Jaydn,1
950=,Jayesh,1
950=,Jaymi,1
950=,Jayon,1
950=,Jayse,1
950=,Jaysen,1
950=,Jem,1
950=,Jemeeshan,1
950=,Jens,1
950=,Jensen,1
950=,Jenushan,1
950=,Jeorgio,1
950=,Jeremy,1
950=,Jerome,1
950=,Jes,1
950=,Jesa-Yah,1
950=,Jet,1
950=,Jethro,1
950=,Jett,1
950=,Jevone,1
950=,Jez,1
950=,Ji,1
950=,Jia,1
950=,Jiarui,1
950=,Jim,1
950=,Jin-Hwan,1
950=,Jing,1
950=,Jinken,1
950=,Johann,1
950=,John-James,1
950=,John-John,1
950=,John-Joseph,1
950=,John-Paul,1
950=,Johna,1
950=,Johnathan,1
950=,Johnpaul,1
950=,Johny,1
950=,Jonny,1
950=,Jorden,1
950=,Jordi,1
950=,Jordie,1
950=,Jordon,1
950=,Jordyn,1
950=,Jory,1
950=,Joseph-Scott,1
950=,Josha,1
950=,Joshan,1
950=,Joshodeep,1
950=,Joshua-Thomas,1
950=,Jozef,1
950=,Judin,1
950=,Jugjeevan,1
950=,Jules,1
950=,Julian,1
950=,Julius,1
950=,Jun,1
950=,Junaid,1
950=,Junxi,1
950=,Justen,1
950=,Justice,1
950=,Justus,1
950=,Jye,1
950=,K-Ci,1
950=,Kaaim,1
950=,Kaare,1
950=,Kacee,1
950=,Kacie,1
950=,Kadin,1
950=,Kaelin-Daniel,1
950=,Kaelum,1
950=,Kahl,1
950=,Kai-Joshua,1
950=,Kai-Roy,1
950=,Kaid,1
950=,Kaidan,1
950=,Kairon,1
950=,Kaiser,1
950=,Kaiss,1
950=,Kaithin,1
950=,Kalem,1
950=,Kalen,1
950=,Kaleum,1
950=,Kallon,1
950=,Kalum,1
950=,Kambell,1
950=,Kamen,1
950=,Kameron,1
950=,Kamraan,1
950=,Kamron,1
950=,Kamryn,1
950=,Karan,1
950=,Kareem,1
950=,Karim,1
950=,Karma,1
950=,Karsyn,1
950=,Karter,1
950=,Kasen,1
950=,Kasim,1
950=,Kasper,1
950=,Kassim,1
950=,Kavya,1
950=,Kayde,1
950=,Kayden-Lee,1
950=,Kaydyn,1
950=,Kaylan-Thomas,1
950=,Kaylum,1
950=,Kayne,1
950=,Kazim,1
950=,Kazuya,1
950=,Kealin,1
950=,Keanan,1
950=,Keano,1
950=,Keanu,1
950=,Keatyn,1
950=,Keedan,1
950=,Keegen,1
950=,Keene,1
950=,Keenen,1
950=,Kegan,1
950=,Keil,1
950=,Keilan,1
950=,Keilin,1
950=,Keirdan,1
950=,Keiren-Lee,1
950=,Keirien,1
950=,Keiron,1
950=,Keivyn,1
950=,Kelassa,1
950=,Kelbie,1
950=,Kell,1
950=,Kellen,1
950=,Kelsea,1
950=,Kelso,1
950=,Kenechukwu,1
950=,Kenley,1
950=,Kenta,1
950=,Kenzy,1
950=,Ker,1
950=,Kern,1
950=,Kerran,1
950=,Kervinne,1
950=,Keshan,1
950=,Ketan,1
950=,Keven,1
950=,Keyaan,1
950=,Khailan,1
950=,Khaled,1
950=,Khaliq,1
950=,Kheelan,1
950=,Kheir,1
950=,Khizr,1
950=,Khizzar,1
950=,Kholbi-Bill,1
950=,Ki,1
950=,Kia,1
950=,Kie,1
950=,Kiegan,1
950=,Kieran-Leigh,1
950=,Kierhyn,1
950=,Kierran,1
950=,Kinloch,1
950=,Kion,1
950=,Kiran,1
950=,Kirankumar,1
950=,Kishanth,1
950=,Kit,1
950=,Kiu,1
950=,Kiyan,1
950=,Kleidi,1
950=,Kobe,1
950=,Kobi,1
950=,Kobie,1
950=,Kobyn,1
950=,Kolya,1
950=,Konner,1
950=,Konnor,1
950=,Konrad,1
950=,Konstantyn,1
950=,Korab,1
950=,Korban,1
950=,Kori,1
950=,Kory,1
950=,Kos,1
950=,Kourosh,1
950=,Kowen,1
950=,Kraig,1
950=,Kray,1
950=,Krishan,1
950=,Krishi,1
950=,Krishiv,1
950=,Krishna,1
950=,Kriss,1
950=,Kristofer,1
950=,Kristoffer,1
950=,Kudakwashe,1
950=,Kurt,1
950=,Kyele,1
950=,Kyeran,1
950=,Kylan,1
950=,Kyler,1
950=,Kyllian,1
950=,Kyrin,1
950=,Kyro,1
950=,Labraun,1
950=,Laighton,1
950=,Laird,1
950=,Larsson,1
950=,Laurance,1
950=,Lauri,1
950=,Laurual,1
950=,Lawson,1
950=,Leigh,1
950=,Lenin,1
950=,Lennan,1
950=,Lennart,1
950=,Lennin,1
950=,Leno,1
950=,Leon-Olivier,1
950=,Leon-Paul,1
950=,Lewie,1
950=,Lewis-Marc,1
950=,Lilian,1
950=,Lincoln,1
950=,Lino,1
950=,Linus,1
950=,Llywelyn,1
950=,Lochlain,1
950=,Lochlainn,1
950=,Lochlin,1
950=,Logan-Jay,1
950=,Logen,1
950=,Lohitaksh,1
950=,Lomond,1
950=,Louix,1
950=,Lovel,1
950=,Lowden,1
950=,Lowrie,1
950=,Lucian,1
950=,Lucius,1
950=,Lui,1
950=,Lyal,1
950=,Ma'az,1
950=,Ma-An,1
950=,Maalik,1
950=,Maarek,1
950=,Maarten,1
950=,Macallan,1
950=,Macauley,1
950=,Macaulie,1
950=,Macauly,1
950=,Mackinley,1
950=,Macklin,1
950=,Maclean,1
950=,Madison,1
950=,Maedoc,1
950=,Mahad,1
950=,Mahamed,1
950=,Mahir,1
950=,Mahmoud,1
950=,Mahon,1
950=,Maixent,1
950=,Makar,1
950=,Makenzi,1
950=,Maksymilian,1
950=,Malakai,1
950=,Manchanayake,1
950=,Maninder,1
950=,Manjinder,1
950=,Manraj,1
950=,Manus,1
950=,Marcello,1
950=,Marcellus,1
950=,Marcelo,1
950=,Marcis-Cole,1
950=,Marcuis,1
950=,Marek,1
950=,Marko,1
950=,Markus,1
950=,Marlon,1
950=,Marshall-Squire,1
950=,Marty,1
950=,Marzio,1
950=,Masroor-Ul,1
950=,Massimo,1
950=,Masud,1
950=,Mateusz,1
950=,Matheullah,1
950=,Mathugh,1
950=,Mattia,1
950=,Matvey,1
950=,Maurice,1
950=,Mave,1
950=,Maven,1
950=,Maxi,1
950=,Maximiliano,1
950=,Maxlee,1
950=,Maxmillian,1
950=,Maysam,1
950=,Mazda,1
950=,Mcauley,1
950=,Mcausland,1
950=,Mccody,1
950=,Mccolly,1
950=,Mckenzie-Lee,1
950=,Mckenzy,1
950=,Mckinlay,1
950=,Mclaren,1
950=,Mehrab,1
950=,Melvin,1
950=,Melvyn,1
950=,Michal,1
950=,Michel-Ange,1
950=,Mickenzie,1
950=,Mickey,1
950=,Miguel,1
950=,Mika,1
950=,Mike,1
950=,Mikeal,1
950=,Mikel,1
950=,Milad-Karim,1
950=,Milan,1
950=,Minjae,1
950=,Mircea,1
950=,Mirza,1
950=,Moazzen,1
950=,Mohammad-Aquab,1
950=,Mohammed-Rayhan,1
950=,Mohsin,1
950=,Moiz,1
950=,Mokhtar,1
950=,Moneer,1
950=,Monte,1
950=,Montgomery,1
950=,Moosa,1
950=,Moritz,1
950=,Mostyn,1
950=,Mouqtad,1
950=,Mousap,1
950=,Mu'az,1
950=,Muaaz,1
950=,Mubeen,1
950=,Mudathir,1
950=,Mueid,1
950=,Mugisha,1
950=,Muhammad-Dawood,1
950=,Muhammadali,1
950=,Muhammod,1
950=,Muheeb,1
950=,Muir,1
950=,Muneeb,1
950=,Mungo,1
950=,Munib,1
950=,Munjinder,1
950=,Munsif,1
950=,Murdoch,1
950=,Mustafa,1
950=,Muzzamil,1
950=,Muzzammil,1
950=,Myren,1
950=,Myron,1
950=,Nabil,1
950=,Nadeem,1
950=,Nahum,1
950=,Nali,1
950=,Namir,1
950=,Naqeeb,1
950=,Narek,1
950=,Naseer-Ud-Din,1
950=,Nashe,1
950=,Nasim,1
950=,Nataniel,1
950=,Nate,1
950=,Nathees,1
950=,Nathyn,1
950=,Naveen,1
950=,Navid,1
950=,Navyan,1
950=,Neel,1
950=,Neilsen,1
950=,Nekoda,1
950=,Nevis,1
950=,Ngalu,1
950=,Nial,1
950=,Niclas,1
950=,Nicol,1
950=,Niket,1
950=,Nikhil,1
950=,Nikil,1
950=,Nikita,1
950=,Niklas,1
950=,Nikolaos,1
950=,Nikolas,1
950=,Nikolaus,1
950=,Nils,1
950=,Ninian,1
950=,Niven,1
950=,Noa,1
950=,Noor,1
950=,Norman,1
950=,Norrie,1
950=,Nowaa,1
950=,Noyel,1
950=,Nsima,1
950=,Nur,1
950=,Oakley,1
950=,Oakley-Jay,1
950=,Obafemi,1
950=,Obe,1
950=,Oben,1
950=,Oden,1
950=,Ojay,1
950=,Okan,1
950=,Olachan,1
950=,Olaf,1
950=,Olim,1
950=,Olivier,1
950=,Olli,1
950=,Olliver,1
950=,Oluwadamilola,1
950=,Omer,1
950=,Onanefe,1
950=,Onur,1
950=,Oren,1
950=,Orien,1
950=,Orlando,1
950=,Osama,1
950=,Otis,1
950=,Ouail,1
950=,Oumar,1
950=,Owin,1
950=,Paddraig,1
950=,Padraig,1
950=,Paolo,1
950=,Paris,1
950=,Parker,1
950=,Parmesher,1
950=,Parsa,1
950=,Pascal,1
950=,Pasha,1
950=,Patrick-Elie,1
950=,Patryk,1
950=,Pedro,1
950=,Pele,1
950=,Peniel,1
950=,Pere,1
950=,Pharrell,1
950=,Phillip,1
950=,Piaras,1
950=,Pierino,1
950=,Piers,1
950=,Pieter,1
950=,Pim,1
950=,Pittawat,1
950=,Prabhkaran,1
950=,Prabhu,1
950=,Prabjot,1
950=,Pratyay,1
950=,Prentice,1
950=,Prince,1
950=,Pritpal,1
950=,Priyanshu,1
950=,Qaasim,1
950=,Qais,1
950=,Qaysul,1
950=,Quaid,1
950=,Quentin,1
950=,Quin,1
950=,Quinten,1
950=,Quintus,1
950=,Rachit,1
950=,Radley,1
950=,Raed,1
950=,Rafael,1
950=,Rafe,1
950=,Raffael-Luigi,1
950=,Rafferty,1
950=,Rahimullah,1
950=,Rahul,1
950=,Rai,1
950=,Raid,1
950=,Raife,1
950=,Rajat,1
950=,Rakesh,1
950=,Rakib,1
950=,Raman,1
950=,Ramdane,1
950=,Rameez,1
950=,Ramie,1
950=,Ramis,1
950=,Ramiz,1
950=,Ramzey,1
950=,Ranald,1
950=,Ranbir,1
950=,Rao,1
950=,Ratu,1
950=,Rauno,1
950=,Rauridh,1
950=,Rayhan,1
950=,Rayner,1
950=,Reace,1
950=,Reagen,1
950=,Rebin,1
950=,Reed,1
950=,Reen,1
950=,Rehan,1
950=,Reiff,1
950=,Reighve,1
950=,Reign,1
950=,Reilley,1
950=,Reily,1
950=,Reise,1
950=,Remy,1
950=,Ren,1
950=,Rene,1
950=,Reniz,1
950=,Reshan,1
950=,Rex,1
950=,Reyce,1
950=,Rhain,1
950=,Rheis,1
950=,Rhishay,1
950=,Rhoan,1
950=,Rhodri,1
950=,Rhori,1
950=,Rhuaridh,1
950=,Rhudi,1
950=,Rhuiridh,1
950=,Rhuraidh,1
950=,Rhuri,1
950=,Rhuriadh,1
950=,Rhyce,1
950=,Rhylie,1
950=,Rhys-Alexander,1
950=,Rhys-William,1
950=,Rhyse,1
950=,Ri,1
950=,Ricksen,1
950=,Ridwan,1
950=,Rion,1
950=,Riordan,1
950=,Rishi,1
950=,Riyaan,1
950=,Riyad,1
950=,Riyan,1
950=,Robb,1
950=,Robbyn,1
950=,Robert-Craig,1
950=,Robert-Leonard,1
950=,Robie,1
950=,Robson,1
950=,Rocky,1
950=,Roddie,1
950=,Rodi,1
950=,Rodney,1
950=,Rodrick,1
950=,Rognvald,1
950=,Roheen,1
950=,Rohin,1
950=,Rohit,1
950=,Romano,1
950=,Romeo,1
950=,Romeo-Jay,1
950=,Ronaldo,1
950=,Rony,1
950=,Rory-Thomas,1
950=,Rosstom,1
950=,Rothnie,1
950=,Rourke,1
950=,Rowyn,1
950=,Ruarc,1
950=,Rueben,1
950=,Ruiming,1
950=,Ruiraidh,1
950=,Ruiridh,1
950=,Rupert,1
950=,Rurie,1
950=,Ryan-Edward,1
950=,Ryane,1
950=,Rye,1
950=,Rylan,1
950=,Rylay,1
950=,Rylee,1
950=,Rylie,1
950=,Ryoga,1
950=,Ryrie,1
950=,Saad,1
950=,Saaim,1
950=,Sage,1
950=,Sahil,1
950=,Said,1
950=,Sajid,1
950=,Salahhuddin,1
950=,Saleh,1
950=,Salh,1
950=,Salmaan,1
950=,Samad,1
950=,Samee,1
950=,Sameer,1
950=,Samson,1
950=,Samual,1
950=,Samuele,1
950=,Santiago,1
950=,Santino,1
950=,Saqlain,1
950=,Saranyan,1
950=,Sarbaan,1
950=,Sawaiz,1
950=,Sayed,1
950=,Sayfullah,1
950=,Seabastian,1
950=,Sean-Paul,1
950=,Seanpaul,1
950=,Seb,1
950=,Seonaidh,1
950=,Serge,1
950=,Sergi,1
950=,Serkut,1
950=,Seyhel,1
950=,Shabaz,1
950=,Shahan,1
950=,Shahzaib,1
950=,Shail,1
950=,Shan,1
950=,Shaqaib,1
950=,Shaun-Paul,1
950=,Shaw,1
950=,Shayan,1
950=,Sheikh,1
950=,Sheldon,1
950=,Sheridan,1
950=,Sherzodbek,1
950=,Shi,1
950=,Shiraz,1
950=,Shonnie,1
950=,Shuhag,1
950=,Sibtain,1
950=,Sidak,1
950=,Siddharth,1
950=,Sifiso,1
950=,Silas,1
950=,Silvestre,1
950=,Simar,1
950=,Simranpal,1
950=,Sina,1
950=,Sion,1
950=,Sirag,1
950=,Skene,1
950=,Skye,1
950=,Sofian,1
950=,Sofiane,1
950=,Sofuan,1
950=,Soha,1
950=,Sohaib,1
950=,Sohhd,1
950=,Sohil,1
950=,Solais,1
950=,Solenees,1
950=,Solli,1
950=,Somerled,1
950=,Sonnie,1
950=,Sonyebe,1
950=,Soren,1
950=,Soroush,1
950=,Soubhi,1
950=,Steele,1
950=,Stefano,1
950=,Steff,1
950=,Stephane,1
950=,Stewartrobert,1
950=,Subedei,1
950=,Subhaan,1
950=,Subhan,1
950=,Sufiyan,1
950=,Sufyan,1
950=,Suhail,1
950=,Suhayb,1
950=,Sukhmohanpal,1
950=,Sulaman,1
950=,Suleiman,1
950=,Suleman,1
950=,Suleyman,1
950=,Sultan,1
950=,Sunil,1
950=,Sunny,1
950=,Suren,1
950=,Sylas,1
950=,Sylvain,1
950=,Taher,1
950=,Taidg,1
950=,Tait,1
950=,Taiyab,1
950=,Takunda,1
950=,Talhah,1
950=,Tallon,1
950=,Tamunotonye,1
950=,Tane,1
950=,Taran,1
950=,Tariq,1
950=,Tarron,1
950=,Tarun,1
950=,Tasman,1
950=,Tawaf,1
950=,Tawhid,1
950=,Tayler,1
950=,Taylor-James,1
950=,Taylor-Lee,1
950=,Tayven,1
950=,Tayyeb,1
950=,Tayyib,1
950=,Tchuisseu,1
950=,Teejay,1
950=,Teghan,1
950=,Teigan,1
950=,Tejan,1
950=,Tendai,1
950=,Tendayi,1
950=,Tenkamenin,1
950=,Teo,1
950=,Thai,1
950=,Thamir,1
950=,Theodor,1
950=,Theophilus,1
950=,Thomaas,1
950=,Thomas-Jack,1
950=,Thomas-John,1
950=,Thorfinn,1
950=,Thorsten,1
950=,Tiago,1
950=,Tihomir,1
950=,Tijan,1
950=,Timam,1
950=,Timo,1
950=,Timothe,1
950=,Tiree,1
950=,Titouan,1
950=,Tj-Leon,1
950=,Tobi,1
950=,Tobit,1
950=,Toby-Jack,1
950=,Tomie,1
950=,Tommy-Lee,1
950=,Tommylee,1
950=,Tony-Jake,1
950=,Tor,1
950=,Toraman,1
950=,Toran,1
950=,Torben,1
950=,Tormad,1
950=,Treasure,1
950=,Trent,1
950=,Trephon,1
950=,Tristen,1
950=,Tristian,1
950=,Tristyn,1
950=,Tshilanda,1
950=,Turaine,1
950=,Turaki,1
950=,Tye,1
950=,Tylar,1
950=,Tyler-James,1
950=,Tyler-Jay,1
950=,Tyrece,1
950=,Tyrell,1
950=,Tyren,1
950=,Tyronne,1
950=,Uan,1
950=,Ugurcan,1
950=,Ulf,1
950=,Unais,1
950=,Usmaan,1
950=,Valo,1
950=,Varo,1
950=,Vaughan,1
950=,Veer,1
950=,Veron,1
950=,Vicente,1
950=,Vicenzo,1
950=,Viliame,1
950=,Vinie,1
950=,Vinnie,1
950=,Vuyi,1
950=,W'dron-Oendrik,1
950=,Wade,1
950=,Waleed,1
950=,Walker,1
950=,Warner,1
950=,Watson,1
950=,Wei,1
950=,Weston,1
950=,Wijdaan,1
950=,Wil,1
950=,Wilfred,1
950=,Willis,1
950=,Wing,1
950=,Xuan,1
950=,Ya,1
950=,Yaaseen,1
950=,Yacine,1
950=,Yamen,1
950=,Yanbo,1
950=,Yannis,1
950=,Yaoting,1
950=,Yaqoob,1
950=,Yaqub,1
950=,Yaseen,1
950=,Yash,1
950=,Yasha,1
950=,Yashas,1
950=,Yasin,1
950=,Yasir,1
950=,Yasseen,1
950=,Yeadon,1
950=,Yhia,1
950=,Yi-An,1
950=,Yildirim,1
950=,Ying,1
950=,Youcef,1
950=,Yousf,1
950=,Yuan,1
950=,Yue,1
950=,Yun,1
950=,Yusef,1
950=,Yusif,1
950=,Yuvraj,1
950=,Zaak,1
950=,Zabiallah,1
950=,Zacary,1
950=,Zaccary,1
950=,Zachari,1
950=,Zacharia,1
950=,Zachery,1
950=,Zackery,1
950=,Zaeem,1
950=,Zafer,1
950=,Zahaak,1
950=,Zahaib,1
950=,Zaheer,1
950=,Zahoor,1
950=,Zai,1
950=,Zaim,1
950=,Zakariah,1
950=,Zakeria,1
950=,Zakerie,1
950=,Zakhir,1
950=,Zaki,1
950=,Zaman,1
950=,Zamin,1
950=,Zayaan,1
950=,Zayn,1
950=,Zayyan,1
950=,Zeki,1
950=,Zhakary,1
950=,Zhang,1
950=,Zhaoyun,1
950=,Zhuo,1
950=,Zhyar,1
950=,Zi,1
950=,Zine,1
950=,Zo,1
950=,Zoeb,1
950=,Zohair,1
950=,Zuhair,1
,,
,,
,,
,,
,,
,,
,,
,,
,,
,,
,,
,,
,,
,,
,,
,,
,,
,,
,,
,,
,,
,,
,,
,,
,,
,,
,,
,,
,,
,,
,,
,,
,,
,,
,,
,,
,,
,,
,,
,,
,,
,,
,,
,,
,,
,,
,,
,,
,,
,,
,,
,,
,,
,,
,,
,,
,,
,,
,,
,,
,,
,,
,,
,,
,,
,,
,,
,,
,,
,,
,,
,,
,,
,,
,,
,,
,,
,,
,,
,,
,,
,,
,,
,,
,,
,,
,,
,,
,,
,,
,,
,,
,,
,,
,,
,,
,,
,,
,,
,,
,,
,,
,,
,,
,,
,,
,,
,,
,,
,,
,,
,,
,,
,,
,,
,,
,,
,,
,,
,,
,,
,,
,,
,,
,,
,,
,,
,,
,,
,,
,,
,,
,,
,,
,,
,,
,,
,,
,,
,,
,,
,,
,,
,,
,,
,,
,,
,,
,,
,,
,,
,,
,,
,,
,,
,,
,,
,,
,,
,,
,,
,,
,,
,,
,,
,,
,,
,,
,,
,,
,,
,,
,,
,,
,,
,,
,,
,,
,,
,,
,,
,,
,,
,,
,,
,,
,,
,,
,,
,,
,,
,,
,,
,,
,,
,,
,,
,,
,,
,,
,,
,,
,,
,,
,,
,,
,,
,,
,,
,,
,,
,,
,,
,,
,,
,,
,,
,,
,,
,,
,,
,,
,,
,,
,,
,,
,,
,,
,,
,,
,,
,,
,,
,,
,,
,,
,,
,,
,,
,,
,,
,,
,,
,,
,,
,,
,,
,,
,,
,,
,,
,,
,,
,,
,,
,,
,,
,,
,,
,,
,,
,,
,,
,,
,,
,,
,,
,,
,,
,,
,,
,,
,,
,,
,,
,,
,,
,,
,,
,,
,,
,,
,,
,,
,,
,,
,,
,,
,,
,,
,,
,,
,,
,,
,,
,,
,,
,,
,,
,,
,,
,,
,,
,,
,,
,,
,,
,,
,,
,,
,,
,,
,,
,,
,,
,,
,,
,,
,,
,,
,,
,,
,,
,,
,,
,,
,,
,,
,,
,,
,,
,,
,,
,,
,,
,,
,,
,,
,,
,,
,,
,,
,,
,,
,,
,,
,,
,,
,,
,,
,,
,,
,,
,,
,,
,,
,,
,,
,,
,,
,,
,,
,,
,,
,,
,,
,,
,,
,,
,,
,,
,,
,,
,,
,,
,,
,,
,,
,,
,,
,,
,,
,,
,,
,,
,,
,,
,,
,,
,,
,,
,,
,,
,,
,,
,,
,,
,,
,,
,,
,,
,,
,,
,,
,,
,,
,,
,,
,,
,,
,,
,,
,,
,,
,,
,,
,,
,,
,,
,,
,,
,,
,,
,,
,,
,,
,,
,,
,,
,,
,,
,,
,,
,,
,,
,,
,,
,,
,,
,,
,,
,,
,,
,,
,,
,,
,,
,,
,,
,,
,,
,,
,,
,,
,,
,,
,,
,,
,,
,,
,,
,,
,,
,,
,,
,,
,,
,,
,,
,,
,,
,,
,,
,,
,,
,,
,,
,,
,,
,,
,,
,,
,,
,,
,,
,,
,,
,,
,,
,,
,,
,,
,,
,,
,,
,,
,,
,,
,,
,,
,,
,,
,,
,,
,,
,,
,,
,,
,,
,,
,,
,,
,,
,,
,,
,,
,,
,,
,,
,,
,,
,,
,,
,,
,,
,,
,,
,,
,,
,,
,,
,,
,,
,,
,,
,,
,,
,,
,,
,,
,,
,,
,,
,,
,,
,,
,,
,,
,,
,,
,,
,,
,,
,,
,,
,,
,,
,,
,,
,,
,,
,,
,,
,,
,,
,,
,,
,,
,,
,,
,,
,,
,,
,,
,,
,,
,,
,,
,,
,,
,,
,,
,,
,,
,,
,,
,,
,,
,,
,,
,,
,,
,,
,,
,,
,,
,,
,,
,,
,,
,,
,,
,,
,,
,,
,,
,,
,,
,,
,,
,,
,,
,,
,,
,,
,,
,,
,,
,,
,,
,,
,,
,,
,,
,,
,,
,,
,,
,,
,,
,,
,,
,,
,,
,,
,,
,,
,,
,,
,,
,,
,,
,,
,,
,,
,,
,,
,,
,,
,,
,,
,,
,,
,,
,,
,,
,,
,,
,,
,,
,,
,,
,,
,,
,,
,,
,,
,,
,,
,,
,,
,,
,,
,,
,,
,,
,,
,,
,,
,,
,,
,,
,,
,,
,,
,,
,,
,,
,,
,,
,,
,,
,,
,,
,,
,,
,,
,,
,,
,,
,,
,,
,,
,,
,,
,,
,,
,,
,,
,,
,,
,,
,,
,,
,,
,,
,,
,,
,,
,,
,,
,,
,,
,,
,,
,,
,,
,,
,,
,,
,,
,,
,,
,,
,,
,,
,,
,,
,,
,,
,,
,,
,,
,,
,,
,,
,,
,,
,,
,,
,,
,,
,,
,,
,,
,,
,,
,,
,,
,,
,,
,,
,,
,,
,,
,,
,,
,,
,,
,,
,,
,,
,,
,,
,,
,,
,,
,,
,,
,,
,,
,,
,,
,,
,,
,,
,,
,,
,,
,,
,,
,,
,,
,,
,,
,,
,,
,,
,,
,,
,,
,,
,,
,,
,,
,,
,,
,,
,,
,,
,,
,,
,,
,,
,,
,,
,,
,,
,,
,,
,,
,,
,,
,,
,,
,,
,,
,,
,,
,,
,,
,,
,,
,,
,,
,,
,,
,,
,,
,,
,,
,,
,,
,,
,,
,,
,,
,,
,,
,,
,,
,,
,,
,,
,,
,,
,,
,,
,,
,,
,,
,,
,,
,,
,,
,,
,,
,,
,,
,,
,,
,,
,,
,,
,,
,,
,,
,,
,,
,,
,,
,,
,,
,,
,,
,,
,,
,,
,,
,,
,,
,,
,,
,,
,,
,,
,,
,,
,,
,,
,,
,,
,,
,,
,,
,,
,,
,,
,,
,,
,,
,,
,,
,,
,,
,,
,,
,,
,,
,,
,,
,,
,,
,,
,,
,,
,,
,,
,,
,,
,,
,,
,,
,,
,,
,,
,,
,,
,,
,,
,,
,,
,,
,,
,,
,,
,,
,,
,,
,,
,,
,,
,,
,,
,,
,,
,,
,,
,,
,,
,,
,,
,,
,,
,,
,,
,,
,,
,,
,,
,,
,,
,,
,,
,,
,,
,,
,,
,,
,,
,,
,,
,,
,,
,,
,,
,,
,,
,,
,,
,,
,,
,,
,,
,,
,,
,,
,,
,,
,,
,,
,,
,,
,,
,,
,,
,,
,,
,,
,,
,,
,,
,,
,,
,,
,,
,,
,,
,,
,,
,,
,,
,,
,,
,,
,,
,,
,,
,,
,,
,,
,,
,,
,,
,,
,,
,,
,,
,,
,,
,,
,,
,,
,,
,,
,,
,,
,,
,,
,,
,,
,,
,,
,,
,,
,,
,,
,,
,,
,,
,,
,,
,,
,,
,,
,,
,,
,,
,,
,,
,,
,,
,,
,,
,,
,,
,,
,,
,,
,,
,,
,,
,,
,,
© Crown Copyright 2015,,
