Position,Name,Number of babies
1,Jack,706
2,Lewis,656
3,James,472
4,Logan,448
5,Liam,446
6,Daniel,440
7,Aaron,413
8,Ryan,393
9,Cameron,382
10,Callum,370
11,Alexander,349
12,Jamie,340
13,Finlay,336
14,Aiden,328
15=,Kyle,325
15=,Lucas,325
17,Dylan,317
18,Matthew,300
19,Adam,294
20,Nathan,292
21,Thomas,288
22,Ethan,275
23,Charlie,265
24,Oliver,253
25,Connor,244
26,Max,240
27,Ben,237
28,Joshua,230
29,Jayden,229
30,Harry,226
31,William,223
32,Michael,220
33,Owen,219
34,Andrew,217
35,Alfie,194
36,Jay,193
37,David,192
38,Joseph,187
39,Samuel,186
40,Rhys,182
41,Ross,181
42,Tyler,174
43,John,173
44,Rory,170
45,Kai,169
46=,Luke,167
46=,Scott,167
48,Sam,163
49,Archie,152
50,Euan,150
51,Aidan,148
52,Calum,146
53,Josh,145
54,Fraser,144
55,Ewan,142
56,Evan,137
57,Robert,134
58,Leon,129
59=,Benjamin,125
59=,Riley,125
61,Leo,124
62=,Cole,123
62=,Jacob,123
64=,Christopher,119
64=,Kieran,119
64=,Sean,119
67,Harris,118
68=,Arran,114
68=,Noah,114
70,Caleb,108
71,Reece,104
72,Jake,103
73,Oscar,102
74,Kenzie,101
75=,Mason,98
75=,Robbie,98
77,Kayden,96
78,Angus,95
79,Craig,94
80,Murray,90
81,Blair,88
82,Mark,86
83,Brodie,85
84,Harvey,84
85,Kian,80
86,Finn,79
87=,Alex,77
87=,Zak,77
89=,Brandon,76
89=,Taylor,76
91,Mohammed,73
92,Muhammad,72
93,Calvin,71
94,Gregor,70
95,Harrison,69
96=,Corey,67
96=,Hamish,67
98=,Declan,66
98=,Paul,66
100=,George,65
100=,Isaac,65
102,Kaiden,64
103=,Cody,63
103=,Zac,63
105=,Ashton,62
105=,Charles,62
105=,Hayden,62
105=,Jordan,62
105=,Steven,62
110,Stephen,60
111,Lee,59
112=,Elliot,58
112=,Jason,58
114,Lennon,57
115,Ciaran,56
116=,Dean,55
116=,Shaun,55
118=,Louis,54
118=,Luca,54
118=,Struan,54
121,Gabriel,53
122=,Fergus,52
122=,Joe,52
124=,Alan,48
124=,Anthony,48
124=,Patrick,48
127=,Bailey,46
127=,Innes,46
127=,Jude,46
127=,Kevin,46
127=,Ruaridh,46
132=,Jonathan,45
132=,Kerr,45
132=,Marcus,45
132=,Reuben,45
136=,Austin,44
136=,Stuart,44
138=,Jakub,42
138=,Shay,42
138=,Sonny,42
141=,Mackenzie,41
141=,Theo,41
143=,Alistair,40
143=,Darren,40
143=,Henry,40
146,Jackson,39
147=,Campbell,38
147=,Harley,38
149=,Mohammad,37
149=,Toby,37
151=,Duncan,36
151=,Zachary,36
153=,Callan,35
153=,Cayden,35
153=,Cooper,35
153=,Ellis,35
153=,Findlay,35
153=,Mitchell,35
159=,Alasdair,34
159=,Nicholas,34
159=,Zack,34
162=,Cian,33
162=,Keir,33
162=,Ruairidh,33
165=,Kacper,32
165=,Sebastian,32
167=,Blake,31
167=,Filip,31
169=,Brody,30
169=,Conor,30
169=,Mckenzie,30
169=,Tom,30
173=,Danny,29
173=,Lachlan,29
175=,Caiden,28
175=,Carson,28
175=,Justin,28
175=,Keiran,28
175=,Louie,28
175=,Marc,28
175=,Ollie,28
175=,Oskar,28
175=,Peter,28
184=,Ian,27
184=,Maxwell,27
186=,Martin,26
186=,Morgan,26
188=,Boyd,25
188=,Edward,25
188=,Magnus,25
191=,Dominic,24
191=,Finley,24
191=,Gary,24
191=,Lyle,24
191=,Tristan,24
191=,Zander,24
197=,Alastair,23
197=,Ayden,23
197=,Iain,23
197=,Rio,23
201=,Bobby,22
201=,Stewart,22
201=,Xander,22
201=,Zach,22
205=,Bradley,21
205=,Dawid,21
205=,Donald,21
205=,Junior,21
205=,Mateusz,21
205=,Milo,21
205=,Seth,21
212=,Ali,20
212=,Aston,20
212=,Dale,20
212=,Drew,20
212=,Freddie,20
212=,Glen,20
212=,Joel,20
212=,Leighton,20
212=,Rocco,20
212=,Rowan,20
222=,Aden,19
222=,Adrian,19
222=,Alfred,19
222=,Allan,19
222=,Archibald,19
222=,Brendan,19
222=,Caelan,19
222=,Christian,19
222=,Conner,19
222=,Douglas,19
222=,Grant,19
222=,Jonah,19
222=,Levi,19
222=,Marley,19
222=,Niall,19
237=,Brian,18
237=,Dillon,18
237=,Flynn,18
237=,Hugh,18
237=,Nathaniel,18
237=,Simon,18
237=,Vincent,18
237=,Wiktor,18
245=,Brogan,17
245=,Colin,17
245=,Felix,17
245=,Frazer,17
245=,Layton,17
245=,Michal,17
245=,Ruben,17
245=,Zain,17
253=,Billy,16
253=,Bruce,16
253=,Cailean,16
253=,Cohen,16
253=,Gavin,16
253=,Hugo,16
253=,Jan,16
253=,Lennox,16
253=,Lochlan,16
253=,Mohamed,16
253=,Olivier,16
253=,Patryk,16
253=,Rohan,16
253=,Warren,16
267=,Abdullah,15
267=,Arron,15
267=,Arthur,15
267=,Caden,15
267=,Dominik,15
267=,Kaden,15
267=,Kenneth,15
267=,Lauchlan,15
267=,Lukas,15
267=,Richard,15
267=,Ruaraidh,15
267=,Rudi,15
267=,Saul,15
267=,Shane,15
267=,Sol,15
267=,Spencer,15
267=,Travis,15
284=,Eoghan,14
284=,Frederick,14
284=,Jaxon,14
284=,Kaleb,14
284=,Kane,14
284=,Mathew,14
284=,Muhammed,14
284=,Myles,14
284=,Nairn,14
284=,Nico,14
284=,Roman,14
284=,Ronan,14
284=,Ruairi,14
297=,Abdul,13
297=,Curtis,13
297=,Damien,13
297=,Eoin,13
297=,Fletcher,13
297=,Jai,13
297=,Mikey,13
297=,Neil,13
297=,Piotr,13
297=,Preston,13
297=,Szymon,13
308=,Dexter,12
308=,Gordon,12
308=,Hector,12
308=,Ibrahim,12
308=,Kelvin,12
308=,Malcolm,12
308=,Marco,12
308=,Nicolas,12
308=,Ryley,12
308=,Sandy,12
308=,Will,12
319=,Blaine,11
319=,Brayden,11
319=,Bryce,11
319=,Carter,11
319=,Elijah,11
319=,Guy,11
319=,Kalvin,11
319=,Kieron,11
319=,Marcel,11
319=,Maximilian,11
319=,Quinn,11
319=,Roddy,11
319=,Xavier,11
332=,Aleksander,10
332=,Antony,10
332=,Brooklyn,10
332=,Cormac,10
332=,Damian,10
332=,Danyl,10
332=,Elliott,10
332=,Garry,10
332=,Greg,10
332=,Joey,10
332=,Julian,10
332=,Miller,10
332=,Philip,10
332=,Robin,10
332=,Ruari,10
332=,Syed,10
332=,Victor,10
349=,Aron,9
349=,Aydin,9
349=,Baillie,9
349=,Bartosz,9
349=,Beau,9
349=,Darragh,9
349=,Emmanuel,9
349=,Frank,9
349=,Haris,9
349=,Jakob,9
349=,Jared,9
349=,Johnny,9
349=,Kobe,9
349=,Kris,9
349=,Lleyton,9
349=,Lloyd,9
349=,Malachy,9
349=,Mikolaj,9
349=,Nikodem,9
349=,Oran,9
349=,Russell,9
349=,Theodore,9
349=,Tomas,9
349=,Tommy,9
349=,Yusuf,9
349=,Zane,9
375=,Aedan,8
375=,Ahmad,8
375=,Antoni,8
375=,Aryan,8
375=,Bilal,8
375=,Cairn,8
375=,Calan,8
375=,Chris,8
375=,Clark,8
375=,Coby,8
375=,Daryl,8
375=,Eric,8
375=,Franciszek,8
375=,Graeme,8
375=,Graham,8
375=,Jaden,8
375=,Jaiden,8
375=,Kade,8
375=,Keegan,8
375=,Kye,8
375=,Leonardo,8
375=,Murdo,8
375=,Ramsay,8
375=,Rayan,8
375=,Reagan,8
375=,Regan,8
375=,Rian,8
375=,Ronnie,8
375=,Stanley,8
404=,Ajay,7
404=,Arlo,7
404=,Artur,7
404=,Cain,7
404=,Casey,7
404=,Cillian,7
404=,Cory,7
404=,Cruz,7
404=,Darryl,7
404=,Derek,7
404=,Elias,7
404=,Faizan,7
404=,Francis,7
404=,Frankie,7
404=,Glenn,7
404=,Hassan,7
404=,Hunter,7
404=,Jak,7
404=,Jensen,7
404=,Jenson,7
404=,Kadyn,7
404=,Kyran,7
404=,Leland,7
404=,Leyton,7
404=,Luka,7
404=,Maciej,7
404=,Maksymilian,7
404=,Natan,7
404=,Noel,7
404=,Olly,7
404=,Omar,7
404=,Raymond,7
404=,Reegan,7
404=,Reilly,7
404=,Reiss,7
404=,Roan,7
404=,Rudy,7
404=,Tomasz,7
404=,Tony,7
404=,Ty,7
444=,Aaran,6
444=,Aayan,6
444=,Anas,6
444=,Anton,6
444=,Armaan,6
444=,Ayaan,6
444=,Bryan,6
444=,Bryn,6
444=,Codey,6
444=,Conall,6
444=,Conlan,6
444=,Corrie,6
444=,Cyrus,6
444=,Dennis,6
444=,Farhan,6
444=,Hamza,6
444=,Hasan,6
444=,Hubert,6
444=,Israel,6
444=,Ivan,6
444=,Jasper,6
444=,Jesse,6
444=,Kodi,6
444=,Kody,6
444=,Kristian,6
444=,Krystian,6
444=,Lawrence,6
444=,Lorenzo,6
444=,Luis,6
444=,Lukasz,6
444=,Mac,6
444=,Miles,6
444=,Musa,6
444=,Oliwier,6
444=,Rayyan,6
444=,Roderick,6
444=,Subhan,6
444=,Torin,6
444=,Troy,6
483=,Aarav,5
483=,Aarron,5
483=,Ahmed,5
483=,Amir,5
483=,Aran,5
483=,Arjun,5
483=,Barry,5
483=,Beniamin,5
483=,Brad,5
483=,Brady,5
483=,Brennan,5
483=,Bruno,5
483=,Charley,5
483=,Codi,5
483=,Cohan,5
483=,Colby,5
483=,Conan,5
483=,Conrad,5
483=,Cullen,5
483=,Dawson,5
483=,Devin,5
483=,Devon,5
483=,Diego,5
483=,Dougal,5
483=,Edwin,5
483=,Eshan,5
483=,Forbes,5
483=,Fynn,5
483=,Gerard,5
483=,Gracjan,5
483=,Haiden,5
483=,Izaak,5
483=,Jaxson,5
483=,Jed,5
483=,Jia,5
483=,Jun,5
483=,Kaelan,5
483=,Kamil,5
483=,Keane,5
483=,Keiren,5
483=,Kiran,5
483=,Kori,5
483=,Laurence,5
483=,Lenny,5
483=,Marek,5
483=,Micah,5
483=,Millar,5
483=,Moray,5
483=,Nathanael,5
483=,Odhran,5
483=,Parker,5
483=,Ralph,5
483=,Rayaan,5
483=,Rylee,5
483=,Rylie,5
483=,Saif,5
483=,Sami,5
483=,Seamus,5
483=,Shayaan,5
483=,Teejay,5
483=,Terry,5
483=,Thorfinn,5
483=,Tobias,5
483=,Todd,5
483=,Yousef,5
483=,Yu,5
549=,Abraham,4
549=,Aidyn,4
549=,Alexzander,4
549=,Andy,4
549=,Antonio,4
549=,Arda,4
549=,Brandyn,4
549=,Broden,4
549=,Cai,4
549=,Carl,4
549=,Casper,4
549=,Chase,4
549=,Clayton,4
549=,Coen,4
549=,Coll,4
549=,Connal,4
549=,Corin,4
549=,Danyal,4
549=,Edan,4
549=,Eli,4
549=,Fabian,4
549=,Fintan,4
549=,Fionn,4
549=,Freddy,4
549=,Gareth,4
549=,Haydn,4
549=,Howie,4
549=,Igor,4
549=,Ismail,4
549=,Jae,4
549=,Jaidyn,4
549=,Jamal,4
549=,John-Paul,4
549=,Jon,4
549=,Jonas,4
549=,Jonathon,4
549=,Kaydn,4
549=,Keaton,4
549=,Keiron,4
549=,Keith,4
549=,Kieren,4
549=,Kristopher,4
549=,Kuba,4
549=,Leandro,4
549=,Leonard,4
549=,Lincoln,4
549=,Lucca,4
549=,Lyall,4
549=,Mack,4
549=,Maison,4
549=,Mario,4
549=,Markus,4
549=,Marshall,4
549=,Mathias,4
549=,Maximus,4
549=,Nate,4
549=,Nick,4
549=,Olaf,4
549=,Otis,4
549=,Pawel,4
549=,Phillip,4
549=,Raphael,4
549=,Richie,4
549=,Ricky,4
549=,Ronald,4
549=,Rylan,4
549=,Shayne,4
549=,Shea,4
549=,Solomon,4
549=,Stanislaw,4
549=,Steve,4
549=,Sunny,4
549=,Talha,4
549=,Timothy,4
549=,Woody,4
549=,Yaseen,4
549=,Zachariah,4
626=,Aaden,3
626=,Abd,3
626=,Abdulrahman,3
626=,Abel,3
626=,Abubakar,3
626=,Adian,3
626=,Alec,3
626=,Alejandro,3
626=,Alisdair,3
626=,Ally,3
626=,Alvin,3
626=,Anders,3
626=,Anderson,3
626=,Andreas,3
626=,Aodhan,3
626=,Arin,3
626=,Asher,3
626=,Ashley,3
626=,Ashtyn,3
626=,Aulay,3
626=,Ayomide,3
626=,Azaan,3
626=,Beck,3
626=,Benedict,3
626=,Blazej,3
626=,Braeden,3
626=,Braiden,3
626=,Byron,3
626=,Caeden,3
626=,Caidan,3
626=,Caidyn,3
626=,Cal,3
626=,Camron,3
626=,Cavan,3
626=,Chay,3
626=,Chen,3
626=,Connar,3
626=,Corben,3
626=,Cyprian,3
626=,Darcy,3
626=,Darius,3
626=,Daryll,3
626=,Deacon,3
626=,Declyn,3
626=,Denis,3
626=,Denver,3
626=,Derren,3
626=,Derryn,3
626=,Dorian,3
626=,Dougray,3
626=,Eben,3
626=,Eddie,3
626=,Eden,3
626=,Eesa,3
626=,Enoch,3
626=,Enzo,3
626=,Erik,3
626=,Eryk,3
626=,Evin,3
626=,Fabio,3
626=,Faisal,3
626=,Finnley,3
626=,Grayson,3
626=,Gregory,3
626=,Greig,3
626=,Harper,3
626=,Haydyn,3
626=,Haytham,3
626=,Hudson,3
626=,Hughie,3
626=,Hussain,3
626=,Innis,3
626=,Irvin,3
626=,Jayden-Lee,3
626=,Jaydn,3
626=,Jayson,3
626=,Jeffrey,3
626=,Jeremiah,3
626=,Jett,3
626=,John-Junior,3
626=,Jordyn,3
626=,Josiah,3
626=,Justice,3
626=,Kaidyn,3
626=,Kaif,3
626=,Kalib,3
626=,Kallan,3
626=,Kallum,3
626=,Kameron,3
626=,Kamran,3
626=,Karl,3
626=,Karson,3
626=,Kasim,3
626=,Kayne,3
626=,Keelan,3
626=,Kegan,3
626=,Kenzo,3
626=,Kiefer,3
626=,Killian,3
626=,Kole,3
626=,Korey,3
626=,Laurie,3
626=,Layne,3
626=,Lennan,3
626=,Linus,3
626=,Lochlann,3
626=,Lochlin,3
626=,Loghan,3
626=,Luc,3
626=,Lucien,3
626=,Macauley,3
626=,Mahdi,3
626=,Malachi,3
626=,Malakai,3
626=,Malik,3
626=,Mansoor,3
626=,Marcello,3
626=,Matt,3
626=,Maxim,3
626=,Maxx,3
626=,Maxymilian,3
626=,Mehmet,3
626=,Murphy,3
626=,Mustafa,3
626=,Neo,3
626=,Nevin,3
626=,Nixon,3
626=,Noble,3
626=,Nolan,3
626=,Odin,3
626=,Oisin,3
626=,Orran,3
626=,Orrin,3
626=,Prentice,3
626=,Presley,3
626=,Rafael,3
626=,Ratu,3
626=,Rayhan,3
626=,Reese,3
626=,Reeve,3
626=,Rehan,3
626=,Rhian,3
626=,Rhuaridh,3
626=,Rhuri,3
626=,Rhylan,3
626=,River,3
626=,Ruaidhri,3
626=,Rueben,3
626=,Rui,3
626=,Sachin,3
626=,Seonaidh,3
626=,Seumas,3
626=,Shawn,3
626=,Shayan,3
626=,Sion,3
626=,Sulayman,3
626=,Suleman,3
626=,Teagan,3
626=,Teo,3
626=,Tim,3
626=,Tymoteusz,3
626=,Tyrone,3
626=,Usman,3
626=,Valentino,3
626=,Walter,3
626=,Wayne,3
626=,Wojciech,3
626=,Yanis,3
626=,Zakariya,3
626=,Zakir,3
626=,Zakk,3
797=,Aadam,2
797=,Aahil,2
797=,Aaryan,2
797=,Aaryn,2
797=,Abbas,2
797=,Abu,2
797=,Adem,2
797=,Adil,2
797=,Aditya,2
797=,Adrien,2
797=,Ahnaf,2
797=,Aj,2
797=,Albert,2
797=,Aleks,2
797=,Aleksandr,2
797=,Alessandro,2
797=,Alexei,2
797=,Alfi,2
797=,Alix,2
797=,Amaan,2
797=,Amal,2
797=,Ameer,2
797=,Ammar,2
797=,Andrei,2
797=,Anjolaoluwa,2
797=,Ansh,2
797=,Aren,2
797=,Arian,2
797=,Arkadiusz,2
797=,Arnold,2
797=,Arun,2
797=,Axel,2
797=,Ayan,2
797=,Ayman,2
797=,Balazs,2
797=,Barney,2
797=,Barrie,2
797=,Bartlomiej,2
797=,Baxter,2
797=,Bayley,2
797=,Benito,2
797=,Bertie,2
797=,Blu,2
797=,Bobbie,2
797=,Borys,2
797=,Boston,2
797=,Botond,2
797=,Braden,2
797=,Bradly,2
797=,Brajan,2
797=,Branden,2
797=,Brandon-Lee,2
797=,Buddy,2
797=,Cade,2
797=,Cadyn,2
797=,Caelen,2
797=,Caelin,2
797=,Cailan,2
797=,Cailin,2
797=,Che,2
797=,Ciaron,2
797=,Clement,2
797=,Clyde,2
797=,Coben,2
797=,Colm,2
797=,Connan,2
797=,Connell,2
797=,Corbyn,2
797=,Corry,2
797=,Cosmo,2
797=,Crawford,2
797=,Dalton,2
797=,Dan,2
797=,Daniyal,2
797=,Dante,2
797=,Dara,2
797=,Darroch,2
797=,Darryn,2
797=,Daud,2
797=,Davis,2
797=,Dawud,2
797=,Deejay,2
797=,Derrin,2
797=,Derry,2
797=,Devlin,2
797=,Devyn,2
797=,Dilan,2
797=,Divine,2
797=,Dolan,2
797=,Donal,2
797=,Donnie,2
797=,Eamon,2
797=,Easton,2
797=,Eban,2
797=,Edison,2
797=,Ehsaan,2
797=,Eliot,2
797=,Elvin,2
797=,Emil,2
797=,Emilio,2
797=,Emre,2
797=,Erin,2
797=,Ewen,2
797=,Ezra,2
797=,Faheem,2
797=,Faris,2
797=,Finnlay,2
797=,Franco,2
797=,Fynlay,2
797=,Gaurav,2
797=,Gene,2
797=,Geoffrey,2
797=,Geordie,2
797=,Gerry,2
797=,Gethin,2
797=,Ghillie,2
797=,Gilbert,2
797=,Griffin,2
797=,Grzegorz,2
797=,Gvidas,2
797=,Habib,2
797=,Hadi,2
797=,Haider,2
797=,Hakeem,2
797=,Hamzah,2
797=,Hari,2
797=,Harold,2
797=,Haroon,2
797=,Harvie,2
797=,Heath,2
797=,Ho,2
797=,Humza,2
797=,Ibraheem,2
797=,Ismaeel,2
797=,Ivor,2
797=,Jac,2
797=,Jace,2
797=,Jadon,2
797=,Jardin,2
797=,Jarvis,2
797=,Jay-Jay,2
797=,Jayce,2
797=,Jayden-James,2
797=,Jaye,2
797=,Jedidiah,2
797=,Jimmy,2
797=,Johnnie,2
797=,Johnson,2
797=,Jorden,2
797=,Jordin,2
797=,Jordon,2
797=,Jorge,2
797=,Juan,2
797=,Jules,2
797=,Julius,2
797=,Kaeden,2
797=,Kaelin,2
797=,Kailin,2
797=,Kain,2
797=,Kaine,2
797=,Kairyn,2
797=,Kal-El,2
797=,Kalin,2
797=,Karter,2
797=,Kasper,2
797=,Kaydin,2
797=,Kaydon,2
797=,Kaydyn,2
797=,Kaylan,2
797=,Kayleb,2
797=,Kaylib,2
797=,Kayson,2
797=,Keian,2
797=,Kelly,2
797=,Kenny,2
797=,Kester,2
797=,Kevyn,2
797=,Khizar,2
797=,Kienan,2
797=,Kingsley,2
797=,Kinnon,2
797=,Kit,2
797=,Kobi,2
797=,Koby,2
797=,Koen,2
797=,Kofi,2
797=,Kolby,2
797=,Konrad,2
797=,Kornel,2
797=,Krishnan,2
797=,Kristofer,2
797=,Kruz,2
797=,Krzysztof,2
797=,Ksawery,2
797=,Kyan,2
797=,Lance,2
797=,Lando,2
797=,Lawand,2
797=,Leith,2
797=,Lenon,2
797=,Levon,2
797=,Logyn,2
797=,Lomond,2
797=,Lucian,2
797=,Lucus,2
797=,Luigi,2
797=,Lynden,2
797=,Macaulay,2
797=,Maddox,2
797=,Makenzie,2
797=,Manni,2
797=,Mariusz,2
797=,Martyn,2
797=,Marwan,2
797=,Masson,2
797=,Mate,2
797=,Mathieu,2
797=,Maxi,2
797=,Maxime,2
797=,Maximillian,2
797=,Mckinley,2
797=,Miguel,2
797=,Mikaeel,2
797=,Milan,2
797=,Millen,2
797=,Mitchel,2
797=,Mohamad,2
797=,Mohsin,2
797=,Morris,2
797=,Mubeen,2
797=,Munro,2
797=,Mylo,2
797=,Nabeel,2
797=,Nataniel,2
797=,Nathen,2
797=,Nicky,2
797=,Niko,2
797=,Niven,2
797=,Nojus,2
797=,Norman,2
797=,Oakley,2
797=,Olli,2
797=,Oluwatimilehin,2
797=,Orpheus,2
797=,Orson,2
797=,Otto,2
797=,P,2
797=,Padraig,2
797=,Pascal,2
797=,Phoenix,2
797=,Pierce,2
797=,Pietro,2
797=,Pranav,2
797=,Rahul,2
797=,Raiden,2
797=,Raihan,2
797=,Rajan,2
797=,Rajveer,2
797=,Rees,2
797=,Rehaan,2
797=,Rehman,2
797=,Remy,2
797=,Ren,2
797=,Reo,2
797=,Rhuraidh,2
797=,Rhyley,2
797=,Rico,2
797=,Rielly,2
797=,Rizwan,2
797=,Robson,2
797=,Rogan,2
797=,Romeo,2
797=,Ronin,2
797=,Roy,2
797=,Ruary,2
797=,Rudie,2
797=,Russ,2
797=,Saami,2
797=,Samir,2
797=,Sammy,2
797=,Samy,2
797=,Santiago,2
797=,Sawyer,2
797=,Sebastien,2
797=,Seoras,2
797=,Shahmeer,2
797=,Shahzaib,2
797=,Shahzeb,2
797=,Shan,2
797=,Shaw,2
797=,Shiloh,2
797=,Somhairle,2
797=,Soren,2
797=,Stan,2
797=,Subhaan,2
797=,Sullivan,2
797=,Sunnie,2
797=,Sydney,2
797=,Sylwester,2
797=,T-Jay,2
797=,Taio,2
797=,Taran,2
797=,Tavish,2
797=,Taylan,2
797=,Tayler,2
797=,Taylor-James,2
797=,Taylor-John,2
797=,Tayyab,2
797=,Teddy,2
797=,Thailer,2
797=,Thom,2
797=,Thomas-James,2
797=,Tinashe,2
797=,Tor,2
797=,Torrin,2
797=,Trent,2
797=,Trevor,2
797=,Tristen,2
797=,Tristian,2
797=,Tyler-Lee,2
797=,Tylor,2
797=,Tymon,2
797=,Tyrese,2
797=,Umar,2
797=,Vincenzo,2
797=,Vinnie,2
797=,Vivek,2
797=,Warrick,2
797=,Wei,2
797=,Wesley,2
797=,Wilson,2
797=,Winston,2
797=,Yoel,2
797=,Yousuf,2
797=,Ythan,2
797=,Yuvraj,2
797=,Zaid,2
797=,Zakari,2
797=,Zayd,2
797=,Zhi,2
797=,Zion,2
1138=,Aadvik,1
1138=,Aagman,1
1138=,Aakash,1
1138=,Aalim,1
1138=,Aamir,1
1138=,Aariz,1
1138=,Aarnav,1
1138=,Aaron-James,1
1138=,Aarran,1
1138=,Aaryav,1
1138=,Aashish,1
1138=,Aathrey,1
1138=,Aaydn,1
1138=,Aayush,1
1138=,Aazan,1
1138=,Abbie,1
1138=,Abdal-Melek,1
1138=,Abdalla,1
1138=,Abdallah,1
1138=,Abdel,1
1138=,Abdelrahman,1
1138=,Abdouallah,1
1138=,Abdoulie,1
1138=,Abdul-Basit,1
1138=,Abdul-Majeed,1
1138=,Abdul-Rahman,1
1138=,Abdulfatah,1
1138=,Abdulfawaz,1
1138=,Abdulhadi,1
1138=,Abdulhamid,1
1138=,Abdullahi,1
1138=,Abdullbasit,1
1138=,Abdulmajeed,1
1138=,Abdulmoamen,1
1138=,Abdur-Rahman,1
1138=,Abdus-Salam,1
1138=,Abdus-Samad,1
1138=,Abdushakur,1
1138=,Abe,1
1138=,Abed,1
1138=,Abishan,1
1138=,Abubaker,1
1138=,Abukar,1
1138=,Adam-Jesse,1
1138=,Adam-Jorg,1
1138=,Addan,1
1138=,Addison,1
1138=,Adebayo,1
1138=,Adesh,1
1138=,Adetola,1
1138=,Adi,1
1138=,Adiel,1
1138=,Adithya,1
1138=,Adonis,1
1138=,Adrians,1
1138=,Adwait,1
1138=,Adwell,1
1138=,Adwin,1
1138=,Adyn,1
1138=,Aed,1
1138=,Aeren,1
1138=,Aeron,1
1138=,Aezaz,1
1138=,Afolabi,1
1138=,Ahad,1
1138=,Ahjay,1
1138=,Ahren,1
1138=,Ahron,1
1138=,Aidan-James,1
1138=,Aiden-James,1
1138=,Ailbe,1
1138=,Ailean,1
1138=,Ain,1
1138=,Aiven,1
1138=,Akachukwujim,1
1138=,Akintayo,1
1138=,Akintomiwa,1
1138=,Akito,1
1138=,Akshay,1
1138=,Akuila,1
1138=,Al-Amin,1
1138=,Al-Moayad,1
1138=,Alaisdair,1
1138=,Alaistair,1
1138=,Alastaire,1
1138=,Albaraa,1
1138=,Albin,1
1138=,Alby,1
1138=,Alechandre,1
1138=,Alek,1
1138=,Alessio,1
1138=,Alexander-James,1
1138=,Alexandr,1
1138=,Alexandre,1
1138=,Alexi,1
1138=,Alfey,1
1138=,Alfie-John,1
1138=,Ali-Abbas,1
1138=,Ali-Asgher,1
1138=,Ali-Hussan,1
1138=,Ali-Muhammad,1
1138=,Alick,1
1138=,Alister,1
1138=,Allan-James,1
1138=,Allen,1
1138=,Allick,1
1138=,Allistair,1
1138=,Almehdi,1
1138=,Almontather,1
1138=,Almontiser,1
1138=,Alper,1
1138=,Alphonse,1
1138=,Alzubair,1
1138=,Amaar,1
1138=,Amaari,1
1138=,Amandeep,1
1138=,Amandev,1
1138=,Amanzhan,1
1138=,Amardev,1
1138=,Ameen,1
1138=,Amein,1
1138=,Amin,1
1138=,Amindeep,1
1138=,Amith,1
1138=,Amjad,1
1138=,Amman,1
1138=,Ammaz,1
1138=,Amogh,1
1138=,Amor,1
1138=,Amridean,1
1138=,Amritbir,1
1138=,Anatole,1
1138=,Andam,1
1138=,Andreas-James,1
1138=,Andres,1
1138=,Andreu,1
1138=,Andrey,1
1138=,Andrius,1
1138=,Andrzej,1
1138=,Aneeq,1
1138=,Anis,1
1138=,Anish,1
1138=,Anmol,1
1138=,Ansel,1
1138=,Anshuman,1
1138=,Aonan,1
1138=,Aqeel,1
1138=,Araan,1
1138=,Arafat,1
1138=,Aram,1
1138=,Archer,1
1138=,Argyle,1
1138=,Argyll,1
1138=,Arif,1
1138=,Arijus,1
1138=,Arinjay,1
1138=,Aris,1
1138=,Arkady,1
1138=,Arlowe,1
1138=,Arman,1
1138=,Armandas,1
1138=,Armano,1
1138=,Arnav,1
1138=,Arnoldus,1
1138=,Aroosh,1
1138=,Arran-William,1
1138=,Arrin,1
1138=,Arrol,1
1138=,Arsene,1
1138=,Arsh,1
1138=,Arshad,1
1138=,Arshia,1
1138=,Artemy,1
1138=,Artian,1
1138=,Artis,1
1138=,Artyom,1
1138=,Arya,1
1138=,Asad,1
1138=,Aser,1
1138=,Ash,1
1138=,Ashaz,1
1138=,Ashel,1
1138=,Ashfan,1
1138=,Ashmin,1
1138=,Ashraf,1
1138=,Ashrith,1
1138=,Ashton-Lee,1
1138=,Ashvik,1
1138=,Ashwin,1
1138=,Asif,1
1138=,Aslam,1
1138=,Asterios,1
1138=,Astin,1
1138=,Aston-Lee,1
1138=,Astyn,1
1138=,Asyraf,1
1138=,Atanas,1
1138=,Athan,1
1138=,Athanafis,1
1138=,Atharva,1
1138=,Athol,1
1138=,Atholl,1
1138=,Athul,1
1138=,Atif,1
1138=,Attah,1
1138=,Aubrey,1
1138=,Auden,1
1138=,August,1
1138=,Auris,1
1138=,Auron,1
1138=,Aurron,1
1138=,Austen,1
1138=,Austyn,1
1138=,Avesta,1
1138=,Avier,1
1138=,Aviral,1
1138=,Aviv,1
1138=,Avner,1
1138=,Avram,1
1138=,Ayad,1
1138=,Ayat,1
1138=,Aydan,1
1138=,Aydn,1
1138=,Aydon,1
1138=,Ayhan,1
1138=,Ayiden,1
1138=,Aymen,1
1138=,Ayoola,1
1138=,Ayoub,1
1138=,Ayrton,1
1138=,Ayyub,1
1138=,Azan,1
1138=,Azeem,1
1138=,Azizur,1
1138=,Azlaan,1
1138=,Azlan,1
1138=,Baasit,1
1138=,Babatunde,1
1138=,Bachir,1
1138=,Badarish,1
1138=,Bader,1
1138=,Bailley,1
1138=,Balfour,1
1138=,Baltazar,1
1138=,Balwant,1
1138=,Bangali,1
1138=,Banjeet,1
1138=,Baraa,1
1138=,Barbod,1
1138=,Barclay,1
1138=,Barkad,1
1138=,Barnabas,1
1138=,Barnim,1
1138=,Barriejames,1
1138=,Barron,1
1138=,Bartek,1
1138=,Bashir,1
1138=,Basil,1
1138=,Bastian,1
1138=,Bavumile,1
1138=,Bawer,1
1138=,Baye,1
1138=,Baylee,1
1138=,Baylie,1
1138=,Bello,1
1138=,Bencan,1
1138=,Benett,1
1138=,Benjamin-James,1
1138=,Benmouhoub,1
1138=,Benn,1
1138=,Bennet,1
1138=,Bennett,1
1138=,Benoit,1
1138=,Benon,1
1138=,Benson,1
1138=,Beren,1
1138=,Bernabe,1
1138=,Bernie,1
1138=,Bevin,1
1138=,Bhargav,1
1138=,Billyjoe,1
1138=,Bjorn,1
1138=,Blane,1
1138=,Blayne,1
1138=,Bleu,1
1138=,Bo,1
1138=,Boe,1
1138=,Bohemond,1
1138=,Boheng,1
1138=,Bohumir,1
1138=,Boid,1
1138=,Boluwatife,1
1138=,Borhane,1
1138=,Boris,1
1138=,Bourne,1
1138=,Bozhidar,1
1138=,Bradan,1
1138=,Bradlay,1
1138=,Bradyn,1
1138=,Brae,1
1138=,Branden-Lewis,1
1138=,Brandin,1
1138=,Brayan,1
1138=,Breannain,1
1138=,Breckin,1
1138=,Brenden,1
1138=,Brendon,1
1138=,Breno,1
1138=,Brent,1
1138=,Bretas,1
1138=,Brett,1
1138=,Bright,1
1138=,Broc,1
1138=,Brodie-Gael,1
1138=,Broghan,1
1138=,Brogyn,1
1138=,Brydon,1
1138=,Brynn,1
1138=,Byrin,1
1138=,C-Jae,1
1138=,Cacy,1
1138=,Cadan,1
1138=,Cael,1
1138=,Caelan-Kole,1
1138=,Caellin,1
1138=,Cahal,1
1138=,Cahl,1
1138=,Cahlan,1
1138=,Caillen,1
1138=,Cailum,1
1138=,Caimen,1
1138=,Cairns,1
1138=,Cairo,1
1138=,Cairon,1
1138=,Caiyden,1
1138=,Calder,1
1138=,Caledon,1
1138=,Calen,1
1138=,Caley,1
1138=,Calin,1
1138=,Callam,1
1138=,Callen,1
1138=,Calley,1
1138=,Calym,1
1138=,Camden,1
1138=,Camdyn,1
1138=,Cameron-James,1
1138=,Cameron-Jay,1
1138=,Cameron-John,1
1138=,Cami,1
1138=,Camryn,1
1138=,Cane,1
1138=,Caolain,1
1138=,Carlisle,1
1138=,Carlo-Romano,1
1138=,Carlos,1
1138=,Carsen,1
1138=,Cartier,1
1138=,Cash,1
1138=,Cason,1
1138=,Caspar,1
1138=,Cassidy,1
1138=,Cathal,1
1138=,Caydan,1
1138=,Cedric,1
1138=,Ceiba,1
1138=,Ceijay,1
1138=,Cezar,1
1138=,Cezary,1
1138=,Chad,1
1138=,Cham,1
1138=,Chandler,1
1138=,Chanhi,1
1138=,Charanjit,1
1138=,Charl,1
1138=,Charlee,1
1138=,Charlie-Jay,1
1138=,Chazney,1
1138=,Chenoah,1
1138=,Chidumaga,1
1138=,Chiedu,1
1138=,Chijioke,1
1138=,Chima,1
1138=,Chimdiegwu,1
1138=,Chinualumogu,1
1138=,Christer,1
1138=,Christy,1
1138=,Chubiyojo,1
1138=,Chukwudinum,1
1138=,Chun,1
1138=,Cihan,1
1138=,Cillan,1
1138=,Ciwan,1
1138=,Cj,1
1138=,Clarke,1
1138=,Clay,1
1138=,Clive,1
1138=,Cobey,1
1138=,Cobi,1
1138=,Cobie,1
1138=,Cobin,1
1138=,Coburn,1
1138=,Coddie,1
1138=,Codie,1
1138=,Coeyn,1
1138=,Coinneach,1
1138=,Coire,1
1138=,Coirrin,1
1138=,Coleton,1
1138=,Coletyn,1
1138=,Colla,1
1138=,Collins,1
1138=,Colt,1
1138=,Colvin,1
1138=,Comrad,1
1138=,Conaire,1
1138=,Conal,1
1138=,Conalin,1
1138=,Conlaoch,1
1138=,Conlin,1
1138=,Conlley,1
1138=,Connel,1
1138=,Connen,1
1138=,Coran,1
1138=,Coray,1
1138=,Corban,1
1138=,Corbijn,1
1138=,Corbin,1
1138=,Corey-John,1
1138=,Cormack,1
1138=,Cormick,1
1138=,Corran,1
1138=,Correyn,1
1138=,Corrian,1
1138=,Corwin,1
1138=,Cosmas,1
1138=,Couper,1
1138=,Craig-James,1
1138=,Craig-Lee,1
1138=,Cridhe,1
1138=,Cristian,1
1138=,Cristiano,1
1138=,Cuba,1
1138=,Cupar,1
1138=,Cuper,1
1138=,Cyran,1
1138=,Cyril,1
1138=,D-Jay,1
1138=,Daanish,1
1138=,Daavid,1
1138=,Daegan,1
1138=,Dagan,1
1138=,Daies,1
1138=,Daigan,1
1138=,Daiton,1
1138=,Daiwik,1
1138=,Dakota,1
1138=,Daley,1
1138=,Dalil,1
1138=,Dalziel,1
1138=,Damon,1
1138=,Dane,1
1138=,Daneesh,1
1138=,Danel,1
1138=,Danial,1
1138=,Daniel-Jack,1
1138=,Danielius,1
1138=,Danish,1
1138=,Danyaal,1
1138=,Daran,1
1138=,Darin,1
1138=,Dario,1
1138=,Daris,1
1138=,Dariush,1
1138=,Dariusz,1
1138=,Daron,1
1138=,Darren-Junior,1
1138=,Darryll,1
1138=,Darsh,1
1138=,Darsheel,1
1138=,Daryell,1
1138=,Daryn,1
1138=,Dashell,1
1138=,Dathan,1
1138=,Datonye,1
1138=,Daven,1
1138=,David-John,1
1138=,Davidson,1
1138=,Davie,1
1138=,Dawood,1
1138=,Dawoud,1
1138=,Dax,1
1138=,Daymion-Lei,1
1138=,Dayton,1
1138=,Deacan,1
1138=,Deagan,1
1138=,Deakin,1
1138=,Declin,1
1138=,Dee,1
1138=,Deegan,1
1138=,Deividas,1
1138=,Deklyn,1
1138=,Demir,1
1138=,Dempsey,1
1138=,Denholm,1
1138=,Denim,1
1138=,Denin,1
1138=,Deniz,1
1138=,Denni,1
1138=,Deno,1
1138=,Derekshan,1
1138=,Dermot,1
1138=,Derrick,1
1138=,Derryl,1
1138=,Deryn,1
1138=,Deshawn,1
1138=,Deven,1
1138=,Devlyn,1
1138=,Devom,1
1138=,Devon-John,1
1138=,Dhaniyal,1
1138=,Dhanush,1
1138=,Dhilan,1
1138=,Dhillon,1
1138=,Diarmid,1
1138=,Diarmuid,1
1138=,Diepreye,1
1138=,Diesel,1
1138=,Dillan,1
1138=,Dimitrios,1
1138=,Dingen,1
1138=,Dingyang,1
1138=,Dinis,1
1138=,Dinoshan,1
1138=,Diptarka,1
1138=,Dmitry,1
1138=,Dochas,1
1138=,Dochy,1
1138=,Domantas,1
1138=,Domhnall,1
1138=,Domhnall-Ross,1
1138=,Dominykas,1
1138=,Don,1
1138=,Donnacha,1
1138=,Donnell,1
1138=,Donni,1
1138=,Donny,1
1138=,Donovan,1
1138=,Doran,1
1138=,Douglas-John,1
1138=,Doyle,1
1138=,Draven,1
1138=,Drayden,1
1138=,Dreavyn,1
1138=,Drewie,1
1138=,Dreyden,1
1138=,Drimit,1
1138=,Drummond,1
1138=,Duane-Lee,1
1138=,Dugald,1
1138=,Duke,1
1138=,Dultach,1
1138=,Durrin,1
1138=,Dwaipayan,1
1138=,Dyare,1
1138=,Dylhan,1
1138=,Ea,1
1138=,Eamonn,1
1138=,Earl,1
1138=,Eassa,1
1138=,Ebenezer,1
1138=,Ebikakibowei,1
1138=,Eddison,1
1138=,Eddy,1
1138=,Ede,1
1138=,Edgaras,1
1138=,Edson,1
1138=,Edwyn,1
1138=,Efan,1
1138=,Efraim,1
1138=,Ehsan,1
1138=,Eiden,1
1138=,Eimantas,1
1138=,Eisa,1
1138=,Eithan,1
1138=,Ekow,1
1138=,El,1
1138=,Elghanni,1
1138=,Elisha,1
1138=,Eliud,1
1138=,Ellison,1
1138=,Elmotassem,1
1138=,Elouan,1
1138=,Elrasheed,1
1138=,Elsadig,1
1138=,Elvis,1
1138=,Elwood,1
1138=,Elyot,1
1138=,Elysee,1
1138=,Emanuele,1
1138=,Emile,1
1138=,Emmett,1
1138=,En,1
1138=,Enrikas,1
1138=,Eoghainn,1
1138=,Erikas,1
1138=,Erland,1
1138=,Erlend,1
1138=,Ernest,1
1138=,Esah,1
1138=,Esau,1
1138=,Eshaan,1
1138=,Essa,1
1138=,Ethen,1
1138=,Etienne,1
1138=,Euanson,1
1138=,Eugene,1
1138=,Eunan,1
1138=,Evren,1
1138=,Ezekiel,1
1138=,Fai,1
1138=,Faiz,1
1138=,Faizaan,1
1138=,Fallon,1
1138=,Feliks,1
1138=,Femi,1
1138=,Fergal,1
1138=,Ferris,1
1138=,Fhionn,1
1138=,Fidelis,1
1138=,Fife,1
1138=,Fin,1
1138=,Finan,1
1138=,Finnegan,1
1138=,Finnian,1
1138=,Finnlo,1
1138=,Fionnlagh,1
1138=,Floyd,1
1138=,Fortune,1
1138=,Fox,1
1138=,Franck,1
1138=,Franklin,1
1138=,Frasier,1
1138=,Freddi,1
1138=,Frederic,1
1138=,Fredrik,1
1138=,Fulton,1
1138=,Fumio,1
1138=,Furqan,1
1138=,Fyn,1
1138=,Fynnlay,1
1138=,Ga-Hyun,1
1138=,Gabriel-Cruz,1
1138=,Gabriel-Michael,1
1138=,Gabriele,1
1138=,Gage,1
1138=,Gaius,1
1138=,Gallagher,1
1138=,Gardiner,1
1138=,Garet,1
1138=,Garve,1
1138=,Gawin,1
1138=,Ged,1
1138=,Geo,1
1138=,Georgi,1
1138=,Georgios,1
1138=,Gerald,1
1138=,Giancarlo,1
1138=,Gianluca,1
1138=,Gianni,1
1138=,Gibbie,1
1138=,Gideon,1
1138=,Gillen,1
1138=,Gillespie,1
1138=,Gillies,1
1138=,Gilzean,1
1138=,Giovanni,1
1138=,Gisli,1
1138=,Giulio,1
1138=,Godwiner,1
1138=,Gomezyani,1
1138=,Gordie,1
1138=,Great,1
1138=,Greer,1
1138=,Gregg,1
1138=,Greggor,1
1138=,Grigory,1
1138=,Gryff,1
1138=,Gurdass,1
1138=,Gurmale,1
1138=,Gurpreet,1
1138=,Gursimar,1
1138=,Gurteerith,1
1138=,Gurtej,1
1138=,Gurtig,1
1138=,Gurveer,1
1138=,Gustav,1
1138=,Haakon,1
1138=,Haamed,1
1138=,Habibrahman,1
1138=,Haden,1
1138=,Hadleigh,1
1138=,Hadley,1
1138=,Hadyn,1
1138=,Hagen,1
1138=,Haitley,1
1138=,Haiyan,1
1138=,Hakim,1
1138=,Hakki,1
1138=,Halit,1
1138=,Hamaad,1
1138=,Hamid,1
1138=,Hamilton,1
1138=,Hammad,1
1138=,Hammam,1
1138=,Han,1
1138=,Hanif,1
1138=,Hanzo,1
1138=,Hao,1
1138=,Haraidh,1
1138=,Haralds,1
1138=,Harison,1
1138=,Harith,1
1138=,Harlan,1
1138=,Harlee,1
1138=,Harman,1
1138=,Haroun,1
1138=,Harpal,1
1138=,Harpreet,1
1138=,Harris-Kerr,1
1138=,Harrisen,1
1138=,Harry-Charles,1
1138=,Harshad,1
1138=,Haseeb-Ur-Rehman,1
1138=,Hashar,1
1138=,Hashim,1
1138=,Hasnain,1
1138=,Hastyer,1
1138=,Hatem,1
1138=,Hayyan,1
1138=,Heilyn,1
1138=,Hektoras,1
1138=,Hemant,1
1138=,Hemish,1
1138=,Hendry,1
1138=,Henleigh,1
1138=,Herkus,1
1138=,Herman,1
1138=,Hermon,1
1138=,Heston,1
1138=,Hijaj,1
1138=,Hoi,1
1138=,Holden,1
1138=,Hongyu,1
1138=,Horatio,1
1138=,Howard,1
1138=,Huang,1
1138=,Husnan,1
1138=,Hussan,1
1138=,Huw,1
1138=,Huzifa,1
1138=,Hyelda,1
1138=,Ian-Derry,1
1138=,Ianto,1
1138=,Ibrauheem,1
1138=,Idrees,1
1138=,Ieuan,1
1138=,Ifeanyichukwu,1
1138=,Ignacy,1
1138=,Ignas,1
1138=,Ihechikara,1
1138=,Ijaz,1
1138=,Ikenna,1
1138=,Ilerioluwa,1
1138=,Ilhan,1
1138=,Ilian,1
1138=,Ilimotama,1
1138=,Ilyan,1
1138=,Imirjano,1
1138=,Imraan,1
1138=,Imran,1
1138=,Inaki,1
1138=,Inderdeep,1
1138=,Indigo,1
1138=,Indiren,1
1138=,Ioan,1
1138=,Ioannis,1
1138=,Iov,1
1138=,Ira,1
1138=,Ireoluwa,1
1138=,Irfan,1
1138=,Irtaza,1
1138=,Irvine,1
1138=,Isa,1
1138=,Isac,1
1138=,Isak,1
1138=,Ishaan,1
1138=,Ishai,1
1138=,Ishmeet,1
1138=,Islam,1
1138=,Issac,1
1138=,Itai,1
1138=,Iver,1
1138=,Iyad,1
1138=,Iyas,1
1138=,Izaac,1
1138=,Izaak-J,1
1138=,Izack,1
1138=,Izzy,1
1138=,Jaafer,1
1138=,Jabril,1
1138=,Jack-James,1
1138=,Jackie,1
1138=,Jackson-James,1
1138=,Jacksyn,1
1138=,Jacky,1
1138=,Jacob-Dean,1
1138=,Jacob-Tristen,1
1138=,Jacque,1
1138=,Jacques,1
1138=,Jacques-Kad,1
1138=,Jacsen,1
1138=,Jacub,1
1138=,Jaeden,1
1138=,Jaffar,1
1138=,Jafr,1
1138=,Jaik,1
1138=,Jakariya,1
1138=,Jakson,1
1138=,Jalal,1
1138=,Jameel,1
1138=,James-Jnr,1
1138=,James-Thomas,1
1138=,Jamey,1
1138=,Jamian,1
1138=,Jamie-Ray,1
1138=,Jamil,1
1138=,Jamin,1
1138=,Japhet,1
1138=,Jarron,1
1138=,Jarvi,1
1138=,Jaryn,1
1138=,Jase,1
1138=,Jasnoor,1
1138=,Jason-Lee,1
1138=,Javaid,1
1138=,Javan,1
1138=,Javid,1
1138=,Jawad,1
1138=,Jax,1
1138=,Jaxen,1
1138=,Jaxxson,1
1138=,Jay-Logan,1
1138=,Jayan,1
1138=,Jaydan,1
1138=,Jayden-Thomas,1
1138=,Jaydin,1
1138=,Jaydin-Craig,1
1138=,Jaydon,1
1138=,Jaydyn,1
1138=,Jayinn,1
1138=,Jayke,1
1138=,Jaylan,1
1138=,Jayme,1
1138=,Jaymie,1
1138=,Jaymin,1
1138=,Jayon,1
1138=,Je-Ma,1
1138=,Jean,1
1138=,Jean-Pierre,1
1138=,Jeet,1
1138=,Jeeva,1
1138=,Jeevan,1
1138=,Jefferson,1
1138=,Jem,1
1138=,Jenson-James,1
1138=,Jeremi,1
1138=,Jeremie,1
1138=,Jermaine,1
1138=,Jerrin,1
1138=,Jerry,1
1138=,Jeshurun,1
1138=,Jethro,1
1138=,Jevan,1
1138=,Jgor,1
1138=,Jiachen,1
1138=,Jiberrl,1
1138=,Jidechukwu,1
1138=,Jim,1
1138=,Jindrich,1
1138=,Jing,1
1138=,Jingfang,1
1138=,Jo,1
1138=,Joachim,1
1138=,Joah,1
1138=,Joao,1
1138=,Jock,1
1138=,Jodh,1
1138=,Jody,1
1138=,Joeney,1
1138=,John-Joe,1
1138=,John-Patrick,1
1138=,John-Robert,1
1138=,John-Stephan,1
1138=,Johnandrew,1
1138=,Johnathan,1
1138=,Johnstone,1
1138=,Jon-Paul,1
1138=,Jonasz,1
1138=,Jonatan,1
1138=,Jonjoe,1
1138=,Jonni,1
1138=,Jonny,1
1138=,Jono,1
1138=,Jonty,1
1138=,Joonyoung,1
1138=,Jordan-Junior,1
1138=,Jordan-Lee,1
1138=,Jordie,1
1138=,Jory,1
1138=,Jose,1
1138=,Josep,1
1138=,Joseph-Luca,1
1138=,Joseva,1
1138=,Joshua-Daniel,1
1138=,Joshuah,1
1138=,Joss,1
1138=,Josue,1
1138=,Jovel,1
1138=,Judah,1
1138=,Julen,1
1138=,Julien,1
1138=,Junaid,1
1138=,June,1
1138=,Junior-J,1
1138=,Juniordavid,1
1138=,Junqi,1
1138=,Jurgis,1
1138=,Justas,1
1138=,Juven,1
1138=,Jyie,1
1138=,Ka'im,1
1138=,Kaan,1
1138=,Kacey,1
1138=,Kacii,1
1138=,Kaden-Jay,1
1138=,Kadin,1
1138=,Kaedin,1
1138=,Kaedyn,1
1138=,Kael,1
1138=,Kaeleb,1
1138=,Kaellab,1
1138=,Kahlan,1
1138=,Kaian,1
1138=,Kaidan,1
1138=,Kaide,1
1138=,Kaiden-Lee,1
1138=,Kaillum,1
1138=,Kailum,1
1138=,Kairin,1
1138=,Kairn,1
1138=,Kaisei,1
1138=,Kaiwen,1
1138=,Kaiyn,1
1138=,Kajetan,1
1138=,Kajus,1
1138=,Kalab,1
1138=,Kalan,1
1138=,Kale,1
1138=,Kalil,1
1138=,Kallen,1
1138=,Kallen-Pierce,1
1138=,Kallin,1
1138=,Kalub,1
1138=,Kalum,1
1138=,Kamaren,1
1138=,Kamryn,1
1138=,Kamsiyochukwu,1
1138=,Kamsy,1
1138=,Karam,1
1138=,Karanvir,1
1138=,Kardo,1
1138=,Kareem,1
1138=,Karim,1
1138=,Karol,1
1138=,Karrson,1
1138=,Kartik,1
1138=,Kash,1
1138=,Kason,1
1138=,Kaspian,1
1138=,Kasra,1
1138=,Kaven,1
1138=,Kavi,1
1138=,Kavin,1
1138=,Kayahan,1
1138=,Kayd,1
1138=,Kaydan,1
1138=,Kayde,1
1138=,Kayla,1
1138=,Kaylem,1
1138=,Kaylum,1
1138=,Kazimierz,1
1138=,Kazuto,1
1138=,Keady,1
1138=,Keagan,1
1138=,Keanan,1
1138=,Keano,1
1138=,Keaven,1
1138=,Keegan-Jack,1
1138=,Keelaghn,1
1138=,Keelen,1
1138=,Keelin,1
1138=,Keenan,1
1138=,Kehinde,1
1138=,Kei,1
1138=,Keiffer,1
1138=,Keigan,1
1138=,Kelden,1
1138=,Kell,1
1138=,Kellan,1
1138=,Kellen,1
1138=,Kelsey,1
1138=,Kelson,1
1138=,Ken,1
1138=,Kenai,1
1138=,Kendal,1
1138=,Kendall,1
1138=,Kenechi,1
1138=,Kenley,1
1138=,Kenzee,1
1138=,Kenzey,1
1138=,Kenzi,1
1138=,Kenzie-Scott,1
1138=,Kenzy,1
1138=,Keoni,1
1138=,Kerian,1
1138=,Kerim,1
1138=,Kerrid,1
1138=,Keyaan,1
1138=,Keynan,1
1138=,Khai,1
1138=,Khatab,1
1138=,Khawar,1
1138=,Khian,1
1138=,Ki,1
1138=,Kiaan,1
1138=,Kiain,1
1138=,Kiaron,1
1138=,Kiegan,1
1138=,Kielsen,1
1138=,Kier,1
1138=,Kieran-James,1
1138=,Kiernan,1
1138=,Kiitan,1
1138=,Killean,1
1138=,Kim,1
1138=,Kinzie,1
1138=,Kirk,1
1138=,Kirril,1
1138=,Kjartan,1
1138=,Klae,1
1138=,Klaudiusz,1
1138=,Klayton,1
1138=,Knut,1
1138=,Kobei,1
1138=,Kobey,1
1138=,Kobie,1
1138=,Kodie,1
1138=,Kohen,1
1138=,Kolya,1
1138=,Konner,1
1138=,Konnor,1
1138=,Korban,1
1138=,Koregan,1
1138=,Korie,1
1138=,Korrie,1
1138=,Kory,1
1138=,Kosisochukwu,1
1138=,Kostadin,1
1138=,Koudai,1
1138=,Kouper,1
1138=,Krishinder,1
1138=,Kriss,1
1138=,Kristers,1
1138=,Kristo,1
1138=,Kryspin,1
1138=,Ksawier,1
1138=,Kurdi,1
1138=,Kurt,1
1138=,Kurtis,1
1138=,Kwamena,1
1138=,Kyel,1
1138=,Kyenzie,1
1138=,Kyghe,1
1138=,Kyian,1
1138=,Kyis,1
1138=,Kylan,1
1138=,Kylar,1
1138=,Kyler,1
1138=,Kyren,1
1138=,Kyrin,1
1138=,Kyrran,1
1138=,Lacatus,1
1138=,Lachaidh,1
1138=,Lachie,1
1138=,Laird,1
1138=,Laise,1
1138=,Laith,1
1138=,Lakshay,1
1138=,Lakshya,1
1138=,Larsson,1
1138=,Lassina,1
1138=,Lathan,1
1138=,Lauchlann,1
1138=,Lauchlyn,1
1138=,Laughlin,1
1138=,Laurentiu,1
1138=,Lawey,1
1138=,Lawrie,1
1138=,Lawson,1
1138=,Layland,1
1138=,Layten,1
1138=,Leal,1
1138=,Lee-James,1
1138=,Lehnin,1
1138=,Leif,1
1138=,Leigh,1
1138=,Leighland,1
1138=,Leighum,1
1138=,Leiland,1
1138=,Lemuel,1
1138=,Lennain,1
1138=,Lennart,1
1138=,Lennin,1
1138=,Lennix,1
1138=,Leno,1
1138=,Lenox,1
1138=,Leo-Jay,1
1138=,Leodhas,1
1138=,Leon-Jaydon,1
1138=,Leonidis,1
1138=,Leroy,1
1138=,Leslie,1
1138=,Levii,1
1138=,Lewie,1
1138=,Lewin,1
1138=,Lewis-Jay,1
1138=,Leylan,1
1138=,Leyland,1
1138=,Liam-Alexander,1
1138=,Liell,1
1138=,Lindan,1
1138=,Linden,1
1138=,Lindsay,1
1138=,Lionel,1
1138=,Lior,1
1138=,Lochie,1
1138=,Logan-Jay,1
1138=,Longji,1
1138=,Lonnie,1
1138=,Lorcan,1
1138=,Lorence,1
1138=,Lorenz,1
1138=,Lorimer,1
1138=,Lorne,1
1138=,Lorns,1
1138=,Louden,1
1138=,Loudon,1
1138=,Loughlan,1
1138=,Loughlin,1
1138=,Loui,1
1138=,Loukman,1
1138=,Lovepreet,1
1138=,Luay,1
1138=,Lucas-Anthony,1
1138=,Lucias,1
1138=,Lucius,1
1138=,Lundon,1
1138=,Luqmaan,1
1138=,Luqman,1
1138=,Lutanda,1
1138=,Luthais,1
1138=,Luther,1
1138=,Luukas,1
1138=,Lwandle,1
1138=,Lyal,1
1138=,Lynton,1
1138=,Lyon,1
1138=,Mabrok,1
1138=,Macailean,1
1138=,Maccaulay,1
1138=,Mackay,1
1138=,Mackenzie-Craig,1
1138=,Mackenzy,1
1138=,Mackinlay,1
1138=,Maclean,1
1138=,Macleod,1
1138=,Maddix,1
1138=,Madison,1
1138=,Madoc,1
1138=,Mahad,1
1138=,Maher,1
1138=,Mahesh,1
1138=,Mahmood,1
1138=,Mahmoud,1
1138=,Majed,1
1138=,Major,1
1138=,Makan,1
1138=,Makenzi,1
1138=,Maki,1
1138=,Maksim,1
1138=,Maksims,1
1138=,Malachai,1
1138=,Malaki,1
1138=,Malo,1
1138=,Manasse,1
1138=,Mani,1
1138=,Manjesh,1
1138=,Manmeet,1
1138=,Manoach,1
1138=,Manoj,1
1138=,Manu,1
1138=,Manuel,1
1138=,Manzoor,1
1138=,Marcas,1
1138=,Marcos,1
1138=,Marin,1
1138=,Maris,1
1138=,Mark-Antony,1
1138=,Markjello,1
1138=,Markuss,1
1138=,Marli,1
1138=,Marlie,1
1138=,Marly,1
1138=,Marti,1
1138=,Marvin,1
1138=,Mason-Bruce,1
1138=,Mason-Lee,1
1138=,Masroor,1
1138=,Massi,1
1138=,Massinissa,1
1138=,Massoud,1
1138=,Masyn,1
1138=,Matai,1
1138=,Mateen,1
1138=,Mateo,1
1138=,Mathanaraj,1
1138=,Matias,1
1138=,Matis,1
1138=,Matteo,1
1138=,Matthieu,1
1138=,Matti,1
1138=,Mattie,1
1138=,Maurits,1
1138=,Maurycy,1
1138=,Maveed,1
1138=,Maverick,1
1138=,Maximilien,1
1138=,Maximo,1
1138=,Maxmillian,1
1138=,Maxymillian,1
1138=,Maynard,1
1138=,Mcanthony,1
1138=,Mccaullie,1
1138=,Mckay,1
1138=,Mckenzi,1
1138=,Mckenzy,1
1138=,Meer,1
1138=,Mehdi,1
1138=,Mei,1
1138=,Melvin,1
1138=,Memet,1
1138=,Menzie,1
1138=,Mesud,1
1138=,Miaka,1
1138=,Michael-Jay,1
1138=,Michael-Tyler,1
1138=,Micheal,1
1138=,Michel,1
1138=,Michiel,1
1138=,Mika,1
1138=,Mikaial,1
1138=,Mikail,1
1138=,Mikas,1
1138=,Mikayel,1
1138=,Mike,1
1138=,Mikelis,1
1138=,Mikenzy,1
1138=,Milosz,1
1138=,Mina,1
1138=,Minoru,1
1138=,Miracle,1
1138=,Mirko,1
1138=,Miron,1
1138=,Miroslav,1
1138=,Mirsab,1
1138=,Mitchal,1
1138=,Mmelenhle,1
1138=,Moad,1
1138=,Moamen,1
1138=,Moans,1
1138=,Mohammad-Rayan,1
1138=,Mohammed-Azhar,1
1138=,Mohaned,1
1138=,Moheen,1
1138=,Moiz,1
1138=,Monroe,1
1138=,Montgomery,1
1138=,Monty,1
1138=,Moosa,1
1138=,Morayo,1
1138=,Morgen,1
1138=,Morghen,1
1138=,Moritz,1
1138=,Morray,1
1138=,Morrgan,1
1138=,Mosaab,1
1138=,Moses,1
1138=,Moss,1
1138=,Motaz,1
1138=,Mouath,1
1138=,Mouhamed,1
1138=,Moustapha,1
1138=,Moyosoreoluwa,1
1138=,Muaz,1
1138=,Mufaro,1
1138=,Muftah,1
1138=,Mugen,1
1138=,Muhammad-Ahmad,1
1138=,Muhammad-Yahya,1
1138=,Muhammadazeem,1
1138=,Muhanad,1
1138=,Muhd,1
1138=,Muhdin,1
1138=,Muhhamed,1
1138=,Muhtasim,1
1138=,Mujaheed,1
1138=,Mujtabaa,1
1138=,Munachimso,1
1138=,Mungo,1
1138=,Munroe,1
1138=,Munzur,1
1138=,Muqadus,1
1138=,Murdoch,1
1138=,Murry,1
1138=,Murtadaa,1
1138=,Musab,1
1138=,Mutakabbir,1
1138=,Muzammil,1
1138=,Mykola,1
1138=,Nabil,1
1138=,Nadeem,1
1138=,Nadhir,1
1138=,Naethyn,1
1138=,Nahiyan,1
1138=,Naim,1
1138=,Naithan,1
1138=,Najeeb,1
1138=,Nalin,1
1138=,Naman,1
1138=,Nana,1
1138=,Naoise,1
1138=,Narra,1
1138=,Nasif,1
1138=,Nasr,1
1138=,Nasrullah,1
1138=,Natanas,1
1138=,Naviyan,1
1138=,Navjot,1
1138=,Navkirat,1
1138=,Neall,1
1138=,Neco,1
1138=,Nedas,1
1138=,Neelesh,1
1138=,Neeson,1
1138=,Neevan,1
1138=,Nehan,1
1138=,Nelson,1
1138=,Nevan,1
1138=,Nevis,1
1138=,Newton,1
1138=,Nial,1
1138=,Nichol,1
1138=,Nickolas,1
1138=,Nicol,1
1138=,Nicoln,1
1138=,Niels,1
1138=,Nikkie,1
1138=,Nikolai,1
1138=,Nikolajs,1
1138=,Nikolaos,1
1138=,Nikolas,1
1138=,Nile,1
1138=,Nivin,1
1138=,Noa,1
1138=,Noah-Reevie,1
1138=,Nokutenda,1
1138=,Noman,1
1138=,Noor,1
1138=,Noraiz,1
1138=,Nosarena,1
1138=,Noyal,1
1138=,Nuha,1
1138=,Nuhan,1
1138=,Nur,1
1138=,Nutifafa,1
1138=,Nutikorkoe,1
1138=,Nyle,1
1138=,O'nam,1
1138=,Oban,1
1138=,Obead,1
1138=,Obieze,1
1138=,Obyda,1
1138=,Ocean,1
1138=,Oden,1
1138=,Odilon,1
1138=,Ogoolutamiyo,1
1138=,Okeoghene,1
1138=,Olamilekan,1
1138=,Olaoluwa,1
1138=,Olgierd,1
1138=,Oli,1
1138=,Olie,1
1138=,Olin,1
1138=,Olliver,1
1138=,Olumide,1
1138=,Oluwadamilola,1
1138=,Oluwadamisi,1
1138=,Oluwamurewa,1
1138=,Oluwasemilore,1
1138=,Oluwaseni,1
1138=,Oluwateniola,1
1138=,Oluwatomisin,1
1138=,Omeed,1
1138=,Omer,1
1138=,Omerah,1
1138=,Omotayo,1
1138=,Omraj,1
1138=,Orin,1
1138=,Orlande,1
1138=,Oromena,1
1138=,Orr,1
1138=,Orren,1
1138=,Osamagbe,1
1138=,Osawe,1
1138=,Oseneme,1
1138=,Oska,1
1138=,Oskars,1
1138=,Ossian,1
1138=,Ostyn,1
1138=,Oswald,1
1138=,Oswin,1
1138=,Otto-William,1
1138=,Owais,1
1138=,Ozzy,1
1138=,Pablo,1
1138=,Paddy,1
1138=,Paddyjoe,1
1138=,Papa,1
1138=,Patrik,1
1138=,Paul-Gabriel,1
1138=,Paull-J,1
1138=,Paulo,1
1138=,Pavel,1
1138=,Peace,1
1138=,Percivel,1
1138=,Perez,1
1138=,Perry,1
1138=,Peter-Damien,1
1138=,Peter-James,1
1138=,Petr,1
1138=,Phaedrus,1
1138=,Phil,1
1138=,Phinn,1
1138=,Pierre,1
1138=,Pierson,1
1138=,Pilaal,1
1138=,Platon,1
1138=,Praise,1
1138=,Pratham,1
1138=,Precious,1
1138=,Prince,1
1138=,Prince-Daniel,1
1138=,Prithvi,1
1138=,Purevdorj,1
1138=,Qais,1
1138=,Qaiyum,1
1138=,Qasim,1
1138=,Quentin,1
1138=,Quin,1
1138=,R-Jay,1
1138=,Raahil,1
1138=,Raamih,1
1138=,Raayn,1
1138=,Rab,1
1138=,Radoslaw,1
1138=,Radwan,1
1138=,Raees,1
1138=,Rafee,1
1138=,Rafi,1
1138=,Raheeb,1
1138=,Raheem,1
1138=,Raibeart,1
1138=,Raigan,1
1138=,Raigen,1
1138=,Raiyan,1
1138=,Rakeem,1
1138=,Rami,1
1138=,Ramon,1
1138=,Rana,1
1138=,Ranjodh,1
1138=,Rannoch,1
1138=,Rano,1
1138=,Ranulf,1
1138=,Ranulph,1
1138=,Rashid,1
1138=,Ravinder,1
1138=,Rawson,1
1138=,Ray,1
1138=,Rayann,1
1138=,Rayen,1
1138=,Rayhaan,1
1138=,Raymie,1
1138=,Raza,1
1138=,Reagen,1
1138=,Reagyn,1
1138=,Reda,1
1138=,Redford,1
1138=,Reed,1
1138=,Reghan,1
1138=,Reginald,1
1138=,Rehoboth,1
1138=,Reid,1
1138=,Reigan,1
1138=,Reihan,1
1138=,Reiley,1
1138=,Remi,1
1138=,Remo,1
1138=,Rennie,1
1138=,Reon,1
1138=,Reuban,1
1138=,Reubyn,1
1138=,Rex,1
1138=,Reyansh,1
1138=,Reyss,1
1138=,Rhauri,1
1138=,Rhegan,1
1138=,Rheuben,1
1138=,Rhuairdh,1
1138=,Rhuari,1
1138=,Rhune,1
1138=,Rhydian,1
1138=,Rhylee,1
1138=,Rhylie,1
1138=,Rhys-Alexander,1
1138=,Rhys-James,1
1138=,Riccardo,1
1138=,Richards,1
1138=,Ridwan,1
1138=,Riely,1
1138=,Riko,1
1138=,Rileigh,1
1138=,Ringaudas,1
1138=,Ringo,1
1138=,Rio-Cruz,1
1138=,Riordain,1
1138=,Riordan,1
1138=,Rishan,1
1138=,Rishi,1
1138=,Ritchie,1
1138=,Roaaf,1
1138=,Roary,1
1138=,Rob,1
1138=,Robaidh,1
1138=,Robb,1
1138=,Robbi,1
1138=,Robbie-James,1
1138=,Robby,1
1138=,Roberto,1
1138=,Roberts,1
1138=,Roby,1
1138=,Roch,1
1138=,Rocky,1
1138=,Rodi,1
1138=,Rodrigo,1
1138=,Rody,1
1138=,Roe,1
1138=,Rokas,1
1138=,Romach,1
1138=,Romann,1
1138=,Romareo,1
1138=,Rome,1
1138=,Roney,1
1138=,Ronney,1
1138=,Roohan,1
1138=,Rorey,1
1138=,Roshan,1
1138=,Rouben,1
1138=,Roux,1
1138=,Ruadhri,1
1138=,Ruairaidh,1
1138=,Ruarie,1
1138=,Rubin,1
1138=,Ruiraidh,1
1138=,Rune,1
1138=,Ruohai,1
1138=,Ruri,1
1138=,Rushil,1
1138=,Rustam,1
1138=,Ruthven,1
1138=,Ruudi,1
1138=,Ruven,1
1138=,Ryahn,1
1138=,Ryann,1
1138=,Ryden,1
1138=,Rye,1
1138=,Rylaey,1
1138=,Saadiq,1
1138=,Saalih,1
1138=,Sabeh,1
1138=,Sabery,1
1138=,Saboor,1
1138=,Sachjeevan,1
1138=,Sacson,1
1138=,Sadeer,1
1138=,Safee-Ullah,1
1138=,Safyan,1
1138=,Sagnik,1
1138=,Sahaj,1
1138=,Sahan,1
1138=,Sahel,1
1138=,Sahil,1
1138=,Sai,1
1138=,Saif-Ullah,1
1138=,Saifan,1
1138=,Saifudeen,1
1138=,Saim,1
1138=,Saimanas,1
1138=,Saimons,1
1138=,Sajid,1
1138=,Sajjad,1
1138=,Salaar,1
1138=,Salimshaaban,1
1138=,Salman,1
1138=,Saman,1
1138=,Samarth,1
1138=,Samba,1
1138=,Sameer,1
1138=,Samiras,1
1138=,Samridh,1
1138=,Samson,1
1138=,Samual,1
1138=,Samuel-Alexander,1
1138=,Samuele,1
1138=,Sanaan,1
1138=,Sanjay,1
1138=,Sanjot,1
1138=,Sarunas,1
1138=,Sashendra,1
1138=,Sathyanarayanan,1
1138=,Sawlih,1
1138=,Scot,1
1138=,Sean-Michael,1
1138=,Sean-Mitchell,1
1138=,Sean-Paul,1
1138=,Seancole,1
1138=,Seann,1
1138=,Sebastiaan,1
1138=,Seeley,1
1138=,Sef,1
1138=,Seita,1
1138=,Semisi,1
1138=,Sen,1
1138=,Sepan,1
1138=,Serafin,1
1138=,Seweryn,1
1138=,Seyido,1
1138=,Shabahat,1
1138=,Shae,1
1138=,Shafaan,1
1138=,Shahin,1
1138=,Shahmir,1
1138=,Shaho,1
1138=,Shai,1
1138=,Shakir,1
1138=,Shakur,1
1138=,Shameer,1
1138=,Shangfei,1
1138=,Shanjai,1
1138=,Sharif,1
1138=,Shashank,1
1138=,Shaun-Dylan,1
1138=,Shayna,1
1138=,Shehu,1
1138=,Sheikh,1
1138=,Sheldon,1
1138=,Shelton,1
1138=,Sheriffdeen,1
1138=,Sherwin,1
1138=,Shigeru,1
1138=,Shijie,1
1138=,Shimon,1
1138=,Shiven,1
1138=,Shivraj,1
1138=,Shkar,1
1138=,Shloke,1
1138=,Shota,1
1138=,Shravan,1
1138=,Shreyas,1
1138=,Shunji,1
1138=,Shunsuke,1
1138=,Shurahbeel,1
1138=,Si,1
1138=,Sidney,1
1138=,Sigurd,1
1138=,Sikai,1
1138=,Sikander,1
1138=,Silas,1
1138=,Simao,1
1138=,Simonas,1
1138=,Sirajeddine,1
1138=,Sireli,1
1138=,Siyabulela,1
1138=,Skander,1
1138=,Skene,1
1138=,Skylar,1
1138=,Skyler,1
1138=,Smithy,1
1138=,Sohaib,1
1138=,Sohrab,1
1138=,Solamh,1
1138=,Soloman,1
1138=,Sonai,1
1138=,Sonni,1
1138=,Sooraj,1
1138=,Soren-Hudson,1
1138=,Sorley,1
1138=,Sorren,1
1138=,Sota,1
1138=,Soul,1
1138=,Spence,1
1138=,Spyridon,1
1138=,Stanislas,1
1138=,Stef,1
1138=,Stefan,1
1138=,Steffan,1
1138=,Stene,1
1138=,Stephan,1
1138=,Stilian,1
1138=,Stiliyan,1
1138=,Stroan,1
1138=,Subaan,1
1138=,Sufyaan,1
1138=,Suhail,1
1138=,Suhas,1
1138=,Sujan,1
1138=,Sulaiman,1
1138=,Sunan,1
1138=,Sunia,1
1138=,Supreme,1
1138=,Surbjeet,1
1138=,Surudhishaggara,1
1138=,Sweetie,1
1138=,Sye,1
1138=,Sylvan,1
1138=,Sylvester,1
1138=,Szon,1
1138=,T,1
1138=,Tadhg,1
1138=,Taesan,1
1138=,Taha,1
1138=,Taher,1
1138=,Tahir,1
1138=,Tait,1
1138=,Taiwo,1
1138=,Tajus,1
1138=,Talor,1
1138=,Talvin,1
1138=,Tam,1
1138=,Tamas,1
1138=,Taneem,1
1138=,Tanmay,1
1138=,Tanya,1
1138=,Tanzil,1
1138=,Tarayn,1
1138=,Taren,1
1138=,Tarkan,1
1138=,Tarquin,1
1138=,Tarun,1
1138=,Tarunjot,1
1138=,Tate,1
1138=,Tatsukichi,1
1138=,Tavis,1
1138=,Tay,1
1138=,Tayef,1
1138=,Tayel,1
1138=,Taylar,1
1138=,Taym-Allah,1
1138=,Tayo,1
1138=,Tayyeb,1
1138=,Tayyib,1
1138=,Tcharlie,1
1138=,Teague,1
1138=,Ted,1
1138=,Teegan,1
1138=,Teghna,1
1138=,Teigan,1
1138=,Teilo,1
1138=,Tejas,1
1138=,Tejveer,1
1138=,Tekoa,1
1138=,Telford,1
1138=,Temiloluwa,1
1138=,Temitayo,1
1138=,Terence,1
1138=,Terrence,1
1138=,Tevin,1
1138=,Tevita,1
1138=,Thabo,1
1138=,Thaddeus,1
1138=,Thai,1
1138=,Thato,1
1138=,Theodor,1
1138=,Theofilos,1
1138=,Theophilus,1
1138=,Thiago,1
1138=,Thiemo,1
1138=,Thomas-Jack,1
1138=,Thomas-Jordan,1
1138=,Thomas-Junior,1
1138=,Thomas-Lee,1
1138=,Thor,1
1138=,Thorsson,1
1138=,Tiago,1
1138=,Tian,1
1138=,Tiberius,1
1138=,Tijani,1
1138=,Tilman,1
1138=,Timon,1
1138=,Timur,1
1138=,Tineyi,1
1138=,Tino,1
1138=,Tioram,1
1138=,Titas,1
1138=,Titus,1
1138=,Tj,1
1138=,Tjay,1
1138=,Tobechukwu,1
1138=,Tobenna,1
1138=,Tobey,1
1138=,Tochi,1
1138=,Tochukwu,1
1138=,Toivo,1
1138=,Tola,1
1138=,Toluwalase,1
1138=,Tomi,1
1138=,Tommy-James,1
1138=,Tomo,1
1138=,Toochi,1
1138=,Toren,1
1138=,Torran,1
1138=,Toru,1
1138=,Tory,1
1138=,Tresor,1
1138=,Tryphon,1
1138=,Turki,1
1138=,Tye,1
1138=,Tyeler,1
1138=,Tyler-James,1
1138=,Tyler-Jay,1
1138=,Tyree,1
1138=,Tyro,1
1138=,Tze,1
1138=,Ubaid,1
1138=,Uchechukwu,1
1138=,Udochukwu,1
1138=,Ugnius,1
1138=,Uisdean,1
1138=,Umair,1
1138=,Umer,1
1138=,Umut,1
1138=,Unashe,1
1138=,Unodiwanashe,1
1138=,Usher,1
1138=,Utsav,1
1138=,Uzair,1
1138=,Uzayr-Muhammed,1
1138=,Uzman,1
1138=,Vakaris,1
1138=,Valter,1
1138=,Van,1
1138=,Vedant,1
1138=,Verrall,1
1138=,Vibhav,1
1138=,Victory,1
1138=,Vidath,1
1138=,Vighnesh,1
1138=,Viktor,1
1138=,Vince,1
1138=,Viran,1
1138=,Viren,1
1138=,Viresh,1
1138=,Virinao,1
1138=,Vishwak,1
1138=,Vladut,1
1138=,Wadood'llah,1
1138=,Walker,1
1138=,Wallace,1
1138=,Waro,1
1138=,Warran,1
1138=,Warsama,1
1138=,Wassay,1
1138=,Wen,1
1138=,Wenbing,1
1138=,Wenjun,1
1138=,Westen,1
1138=,Wil,1
1138=,Wilfred,1
1138=,Willis,1
1138=,Willow,1
1138=,Wilmer,1
1138=,Winson,1
1138=,Wisdom,1
1138=,Wonderful,1
1138=,Woodrow,1
1138=,Wyatt,1
1138=,Xandar,1
1138=,Xavian,1
1138=,Xaviar,1
1138=,Xavior,1
1138=,Xeno,1
1138=,Xi,1
1138=,Xiaokai,1
1138=,Yacine,1
1138=,Yadav,1
1138=,Yahia,1
1138=,Yahya,1
1138=,Yair,1
1138=,Yamikani,1
1138=,Yamin,1
1138=,Yanbo,1
1138=,Yannick,1
1138=,Yaqub,1
1138=,Yaser,1
1138=,Yasher,1
1138=,Yasim,1
1138=,Yasin,1
1138=,Yassar,1
1138=,Yassin,1
1138=,Yeong,1
1138=,Yi,1
1138=,Yichen,1
1138=,Yifei,1
1138=,Yiming,1
1138=,Ying,1
1138=,Yiwei,1
1138=,Yohane,1
1138=,Yosuf,1
1138=,Youn,1
1138=,Younis,1
1138=,Yousaf,1
1138=,Yrjo,1
1138=,Yue,1
1138=,Yuhao,1
1138=,Yuming,1
1138=,Yusif,1
1138=,Yuv-Raj,1
1138=,Zacharry,1
1138=,Zachery,1
1138=,Zackariya,1
1138=,Zackary,1
1138=,Zahid,1
1138=,Zahil,1
1138=,Zainuddin,1
1138=,Zainul,1
1138=,Zakar,1
1138=,Zakaraya,1
1138=,Zakaria,1
1138=,Zakariah,1
1138=,Zakariyah,1
1138=,Zakariye,1
1138=,Zakariyya,1
1138=,Zakary,1
1138=,Zaki,1
1138=,Zandar,1
1138=,Zarrar,1
1138=,Zayan,1
1138=,Zayden,1
1138=,Zayn,1
1138=,Zayne,1
1138=,Zayyan,1
1138=,Ze,1
1138=,Zebastian,1
1138=,Zed,1
1138=,Zeeshan,1
1138=,Zendan,1
1138=,Zeon,1
1138=,Zephram,1
1138=,Zephyr,1
1138=,Zeyaan,1
1138=,Zhen,1
1138=,Zhenxi,1
1138=,Zhuo,1
1138=,Zi,1
1138=,Zia,1
1138=,Ziad,1
1138=,Ziggy,1
1138=,Zikoraebubenna,1
1138=,Zikoranachimdi,1
1138=,Zinachidi,1
1138=,Zinachidindu,1
1138=,Zixuan,1
1138=,Zohaib,1
1138=,Zuhayr,1
1138=,Zwelihle,1
1138=,Zygimantas,1
,,
,,
,,
,,
,,
,,
,,
,,
,,
,,
,,
,,
,,
,,
,,
,,
,,
,,
,,
,,
,,
,,
,,
,,
,,
,,
,,
,,
,,
,,
,,
,,
,,
,,
,,
,,
,,
,,
,,
,,
,,
,,
,,
,,
,,
,,
,,
,,
,,
,,
,,
,,
,,
,,
,,
,,
,,
,,
,,
,,
,,
,,
,,
,,
,,
,,
,,
,,
,,
,,
,,
,,
,,
,,
,,
,,
,,
,,
,,
,,
,,
,,
,,
,,
,,
,,
,,
,,
,,
,,
,,
,,
,,
,,
,,
,,
,,
,,
,,
,,
,,
,,
,,
,,
,,
,,
,,
,,
,,
,,
,,
,,
,,
,,
,,
,,
,,
,,
,,
,,
,,
,,
,,
,,
,,
,,
,,
,,
,,
,,
,,
,,
,,
,,
,,
,,
,,
,,
,,
,,
,,
,,
,,
,,
,,
,,
,,
,,
,,
,,
,,
,,
,,
,,
,,
,,
,,
,,
,,
,,
,,
,,
,,
,,
,,
,,
,,
,,
,,
,,
,,
,,
,,
,,
,,
,,
,,
,,
,,
,,
,,
,,
,,
,,
,,
,,
,,
,,
,,
,,
,,
,,
,,
,,
,,
,,
,,
,,
,,
,,
,,
,,
,,
,,
,,
,,
,,
,,
,,
,,
,,
,,
,,
,,
,,
,,
,,
,,
,,
,,
,,
,,
,,
,,
,,
,,
,,
,,
,,
,,
,,
,,
,,
,,
,,
,,
,,
,,
,,
,,
,,
,,
,,
,,
,,
,,
,,
,,
,,
,,
,,
,,
,,
,,
,,
,,
,,
,,
,,
,,
,,
,,
,,
,,
,,
,,
,,
,,
,,
,,
,,
,,
,,
,,
,,
,,
,,
,,
,,
,,
,,
,,
,,
,,
,,
,,
,,
,,
,,
,,
,,
,,
,,
,,
,,
,,
,,
,,
,,
,,
,,
,,
,,
,,
,,
,,
,,
,,
,,
,,
,,
,,
,,
,,
,,
,,
,,
,,
,,
,,
,,
,,
,,
,,
,,
,,
,,
,,
,,
,,
,,
,,
,,
,,
,,
,,
,,
,,
,,
,,
,,
,,
,,
,,
,,
,,
,,
,,
,,
,,
,,
,,
,,
,,
,,
,,
,,
,,
,,
,,
,,
,,
,,
,,
,,
,,
,,
,,
,,
,,
,,
,,
,,
,,
,,
,,
,,
,,
,,
,,
,,
,,
,,
,,
,,
,,
,,
,,
,,
,,
,,
,,
,,
,,
,,
,,
,,
,,
,,
,,
,,
,,
,,
,,
,,
,,
,,
,,
,,
,,
,,
,,
,,
,,
,,
,,
,,
,,
,,
,,
,,
,,
,,
,,
,,
,,
,,
,,
,,
,,
,,
,,
,,
,,
,,
,,
,,
,,
,,
,,
,,
,,
,,
,,
,,
,,
,,
,,
,,
,,
,,
,,
,,
,,
,,
,,
,,
,,
,,
,,
,,
,,
,,
,,
,,
,,
,,
,,
,,
,,
,,
,,
,,
,,
,,
,,
,,
,,
,,
,,
,,
,,
,,
,,
,,
,,
,,
,,
,,
,,
,,
,,
,,
,,
,,
,,
,,
,,
,,
,,
,,
,,
,,
,,
,,
,,
,,
,,
,,
,,
,,
,,
,,
,,
,,
,,
,,
,,
,,
,,
,,
,,
,,
,,
,,
,,
,,
,,
,,
,,
,,
,,
,,
,,
,,
,,
,,
,,
,,
,,
,,
,,
,,
,,
,,
,,
,,
,,
,,
,,
,,
,,
,,
,,
,,
,,
,,
,,
,,
,,
,,
,,
,,
,,
,,
,,
,,
,,
,,
,,
,,
,,
,,
,,
,,
,,
,,
,,
,,
,,
,,
,,
,,
,,
,,
,,
,,
,,
,,
,,
,,
,,
,,
,,
,,
,,
,,
,,
,,
,,
,,
,,
,,
,,
,,
,,
,,
,,
,,
,,
,,
,,
,,
,,
,,
,,
,,
,,
,,
,,
,,
,,
,,
,,
,,
,,
,,
,,
,,
,,
,,
,,
,,
,,
,,
,,
,,
,,
,,
,,
,,
,,
,,
,,
,,
,,
,,
,,
,,
,,
,,
,,
,,
,,
,,
,,
,,
,,
,,
,,
,,
,,
,,
,,
,,
,,
,,
,,
,,
,,
,,
,,
,,
,,
,,
,,
,,
,,
,,
,,
,,
,,
,,
,,
,,
,,
,,
,,
,,
,,
,,
,,
,,
,,
,,
,,
,,
,,
,,
,,
,,
,,
,,
,,
,,
,,
,,
,,
,,
,,
,,
,,
,,
,,
,,
,,
,,
,,
,,
,,
,,
,,
,,
,,
,,
,,
,,
,,
,,
,,
,,
,,
,,
,,
,,
,,
,,
,,
,,
,,
,,
,,
,,
,,
,,
,,
,,
,,
,,
,,
,,
,,
,,
,,
,,
,,
,,
,,
,,
,,
,,
,,
,,
,,
,,
,,
,,
,,
,,
,,
,,
,,
,,
,,
,,
,,
,,
,,
,,
,,
,,
,,
,,
,,
,,
,,
,,
,,
,,
,,
,,
,,
,,
,,
,,
,,
,,
,,
,,
,,
,,
,,
,,
,,
,,
,,
,,
,,
,,
,,
,,
,,
,,
,,
,,
,,
,,
,,
,,
,,
,,
,,
,,
,,
,,
,,
,,
,,
,,
,,
,,
,,
,,
,,
,,
,,
,,
,,
,,
,,
,,
,,
,,
,,
,,
,,
,,
,,
,,
,,
,,
,,
,,
,,
,,
,,
,,
,,
,,
,,
,,
,,
,,
,,
,,
,,
,,
,,
,,
,,
,,
,,
,,
,,
,,
,,
,,
,,
,,
,,
,,
,,
,,
,,
,,
,,
,,
,,
,,
,,
,,
,,
,,
,,
,,
,,
,,
,,
,,
,,
,,
,,
,,
,,
,,
,,
,,
,,
,,
,,
,,
,,
,,
,,
,,
,,
,,
,,
,,
,,
,,
,,
,,
,,
,,
,,
,,
,,
,,
,,
,,
,,
,,
,,
,,
,,
,,
,,
,,
,,
,,
,,
,,
,,
,,
,,
,,
,,
,,
,,
,,
,,
,,
,,
,,
,,
,,
,,
,,
,,
,,
,,
,,
,,
,,
,,
,,
,,
,,
,,
,,
,,
,,
,,
,,
,,
,,
,,
,,
,,
,,
,,
,,
,,
,,
,,
,,
,,
,,
,,
,,
,,
,,
,,
,,
,,
,,
,,
,,
,,
,,
,,
,,
,,
,,
,,
,,
,,
,,
,,
,,
,,
,,
,,
,,
,,
,,
,,
,,
,,
,,
,,
,,
,,
,,
,,
,,
,,
,,
,,
,,
,,
© Crown Copyright 2015,,
