Position,Name,Number of babies
1,Jack,644
2,Lewis,566
3,James,459
4,Logan,443
5,Daniel,416
6,Ryan,407
7,Aaron,379
8,Oliver,371
9,Liam,366
10,Jamie,358
11,Ethan,334
12,Alexander,330
13,Cameron,328
14=,Finlay,307
14=,Kyle,307
16=,Adam,303
16=,Harry,303
16=,Matthew,303
19,Callum,301
20,Lucas,298
21,Nathan,289
22,Aiden,288
23,Dylan,285
24,Charlie,281
25,Connor,267
26,Thomas,262
27,Alfie,245
28,Joshua,229
29,William,222
30,Jayden,213
31=,Andrew,212
31=,Kai,212
33,Max,206
34,Ben,190
35,Samuel,188
36,Luke,182
37,Tyler,179
38,Rory,178
39=,David,175
39=,Michael,175
39=,Riley,175
42,Noah,169
43,Cole,164
44,Joseph,160
45,John,158
46=,Archie,156
46=,Jacob,156
48,Fraser,155
49=,Rhys,152
49=,Ross,152
51=,Calum,145
51=,Jay,145
53,Josh,142
54,Euan,140
55=,Mason,139
55=,Owen,139
57,Sam,138
58,Leo,136
59,Robert,135
60,Scott,134
61=,Leon,127
61=,Robbie,127
63,Benjamin,126
64=,Caleb,125
64=,Oscar,125
66,Harris,121
67,Murray,117
68,Sean,114
69,Christopher,111
70,Kieran,104
71=,Aidan,103
71=,Jake,103
73,Evan,102
74,Kayden,101
75,Arran,99
76=,Angus,98
76=,Brodie,98
78,Ewan,96
79,Muhammad,94
80,Alex,93
81,Declan,92
82,Finn,91
83,Blair,90
84,Ollie,89
85,Reece,88
86,Corey,85
87,Kian,83
88,Harrison,77
89,Taylor,74
90=,Kaiden,73
90=,Kenzie,73
92=,Cody,72
92=,Craig,72
92=,Mohammed,72
95,Calvin,71
96,Mark,70
97,Jude,69
98,Luca,68
99=,Ciaran,67
99=,George,67
101,Zak,64
102,Zac,63
103,Charles,62
104=,Gregor,61
104=,Hamish,61
104=,Isaac,61
107,Harvey,60
108=,Shay,59
108=,Struan,59
110=,Lee,58
110=,Steven,58
112=,Joe,57
112=,Lennon,57
112=,Patrick,57
115,Jason,55
116=,Louis,54
116=,Olly,54
118=,Bailey,53
118=,Marcus,53
118=,Peter,53
118=,Sebastian,53
122=,Gabriel,52
122=,Jackson,52
122=,Zack,52
125,Ashton,51
126=,Brandon,48
126=,Reuben,48
126=,Theo,48
129,Paul,47
130=,Conor,46
130=,Hayden,46
130=,Lachlan,46
130=,Ruaridh,46
134,Innes,45
135,Stuart,44
136=,Jordan,43
136=,Sonny,43
138=,Alan,42
138=,Blake,42
138=,Zachary,42
141=,Cooper,41
141=,Ellis,41
143=,Caiden,40
143=,Fergus,40
143=,Jakub,40
143=,Zach,40
147,Findlay,39
148=,Alistair,38
148=,Elliot,38
148=,Harley,38
151=,Anthony,37
151=,Callan,37
151=,Filip,37
151=,Louie,37
151=,Lyle,37
151=,Mohammad,37
157=,Brody,36
157=,Cayden,36
157=,Cian,36
157=,Marc,36
161=,Danny,35
161=,Shaun,35
163=,Austin,34
163=,Joel,34
163=,Nicholas,34
163=,Rio,34
163=,Rocco,34
168=,Dean,33
168=,Jonathan,33
170=,Carson,32
170=,Duncan,32
170=,Mitchell,32
170=,Ruairidh,32
170=,Stephen,32
175=,Dominic,31
175=,Kerr,31
177=,Edward,30
177=,Lloyd,30
177=,Mackenzie,30
177=,Martin,30
181=,Ali,29
181=,Henry,29
181=,Kevin,29
181=,Tom,29
185=,Alasdair,28
185=,Billy,28
185=,Freddie,28
188=,Keir,27
188=,Levi,27
190,Junior,26
191=,Allan,25
191=,Campbell,25
191=,Darren,25
191=,Drew,25
191=,Oskar,25
196=,Arron,24
196=,Ayden,24
196=,Douglas,24
196=,Frederick,24
196=,Gary,24
196=,Seth,24
202=,Bruce,23
202=,Kaleb,23
202=,Maxwell,23
202=,Richard,23
202=,Rowan,23
202=,Toby,23
202=,Xander,23
209=,Alastair,22
209=,Colin,22
209=,Finley,22
209=,Jaxon,22
209=,Keiran,22
209=,Magnus,22
209=,Mateusz,22
209=,Mckenzie,22
209=,Nathaniel,22
218=,Felix,21
218=,Grant,21
218=,Zander,21
221=,Antoni,20
221=,Curtis,20
221=,Kacper,20
221=,Layton,20
221=,Niall,20
221=,Travis,20
221=,Tristan,20
228=,Adrian,19
228=,Flynn,19
228=,Hugh,19
228=,Ian,19
228=,Kaden,19
228=,Kieron,19
228=,Lochlan,19
228=,Morgan,19
228=,Nico,19
228=,Ronan,19
238=,Caelan,18
238=,Christian,18
238=,Jaden,18
238=,Justin,18
238=,Robin,18
243=,Eli,17
243=,Frankie,17
243=,Lauchlan,17
243=,Lennox,17
243=,Marco,17
243=,Mikey,17
243=,Vincent,17
250=,Arthur,16
250=,Aston,16
250=,Boyd,16
250=,Casey,16
250=,Dominik,16
250=,Iain,16
250=,Jaiden,16
250=,Jan,16
250=,Keegan,16
250=,Mac,16
250=,Marcel,16
250=,Ruari,16
250=,Rudy,16
263=,Abdul,15
263=,Bradley,15
263=,Cohen,15
263=,Damian,15
263=,Damien,15
263=,Dexter,15
263=,Dillon,15
263=,Elliott,15
263=,Hugo,15
263=,Leighton,15
263=,Marley,15
263=,Neil,15
263=,Ruben,15
263=,Szymon,15
263=,Zane,15
278=,Ahmed,14
278=,Ayaan,14
278=,Conner,14
278=,Hector,14
278=,Miller,14
278=,Milo,14
278=,Quinn,14
278=,Reilly,14
278=,Roman,14
278=,Shane,14
278=,Stewart,14
289=,Brogan,13
289=,Donald,13
289=,Elijah,13
289=,Hunter,13
289=,Ibrahim,13
289=,Jasper,13
289=,Kane,13
289=,Lukas,13
289=,Michal,13
289=,Nairn,13
289=,Ramsay,13
289=,Ruairi,13
289=,Rudi,13
289=,Simon,13
303=,Barry,12
303=,Bobby,12
303=,Brian,12
303=,Cruz,12
303=,Eoin,12
303=,Frazer,12
303=,Jai,12
303=,Jak,12
303=,Jenson,12
303=,Leyton,12
303=,Muhammed,12
303=,Nicolas,12
303=,Patryk,12
303=,Roan,12
303=,Saul,12
303=,Tommy,12
319=,Abdullah,11
319=,Aedan,11
319=,Alfred,11
319=,Arlo,11
319=,Bartosz,11
319=,Beau,11
319=,Cailean,11
319=,Clark,11
319=,Daniyal,11
319=,Eric,11
319=,Graeme,11
319=,Graham,11
319=,Greg,11
319=,Hamza,11
319=,Jaxson,11
319=,Johnny,11
319=,Jonah,11
319=,Marshall,11
319=,Micah,11
319=,Rayan,11
319=,Reiss,11
319=,Rohan,11
319=,Ryley,11
319=,Saif,11
319=,Victor,11
344=,Ajay,10
344=,Brendan,10
344=,Brooklyn,10
344=,Carter,10
344=,Coby,10
344=,Cory,10
344=,Dale,10
344=,Gavin,10
344=,Ivan,10
344=,Kelvin,10
344=,Kenneth,10
344=,Kody,10
344=,Mathew,10
344=,Mikolaj,10
344=,Miles,10
344=,Mohamed,10
344=,Myles,10
344=,Olivier,10
344=,Piotr,10
344=,Rayyan,10
344=,Shea,10
344=,Wiktor,10
366=,Brayden,9
366=,Caden,9
366=,Cain,9
366=,Conall,9
366=,Daryl,9
366=,Devon,9
366=,Emmanuel,9
366=,Fletcher,9
366=,Franciszek,9
366=,Garry,9
366=,Kalvin,9
366=,Oliwier,9
366=,Omar,9
366=,Regan,9
366=,Syed,9
366=,Warren,9
366=,Xavier,9
383=,Aleksander,8
383=,Asher,8
383=,Danyl,8
383=,Glen,8
383=,Kris,8
383=,Kyran,8
383=,Lawrie,8
383=,Lyall,8
383=,Maison,8
383=,Matteo,8
383=,Murdo,8
383=,Mylo,8
383=,Phoenix,8
383=,Stanley,8
383=,Will,8
383=,Zain,8
399=,Andy,7
399=,Anton,7
399=,Armaan,7
399=,Cairn,7
399=,Conrad,7
399=,Dawid,7
399=,Derren,7
399=,Francis,7
399=,Gareth,7
399=,Gordon,7
399=,Haris,7
399=,Jaydon,7
399=,Joey,7
399=,Leland,7
399=,Leonardo,7
399=,Maksymilian,7
399=,Malcolm,7
399=,Nikodem,7
399=,Philip,7
399=,Ruaraidh,7
399=,Russell,7
399=,Santiago,7
399=,Shae,7
399=,Shayne,7
399=,Torin,7
399=,Vinnie,7
399=,Wojciech,7
426=,Aarron,6
426=,Ahmad,6
426=,Aidyn,6
426=,Albert,6
426=,Alec,6
426=,Amir,6
426=,Antony,6
426=,Archibald,6
426=,Aydin,6
426=,Baillie,6
426=,Bryan,6
426=,Calan,6
426=,Cillian,6
426=,Clay,6
426=,Conlan,6
426=,Connell,6
426=,Cullen,6
426=,Dara,6
426=,Devin,6
426=,Devlin,6
426=,Donnie,6
426=,Dorian,6
426=,Dougal,6
426=,Elias,6
426=,Eoghan,6
426=,Fionn,6
426=,Fred,6
426=,Glenn,6
426=,Igor,6
426=,Innis,6
426=,Ismail,6
426=,Jensen,6
426=,Jimmy,6
426=,Kobi,6
426=,Korey,6
426=,Laurence,6
426=,Lucca,6
426=,Luis,6
426=,Musa,6
426=,Natan,6
426=,Olaf,6
426=,Oran,6
426=,Ray,6
426=,Raymond,6
426=,Reegan,6
426=,Remy,6
426=,Richie,6
426=,Ritchie,6
426=,Romeo,6
426=,Ronnie,6
426=,Rylan,6
426=,Rylie,6
426=,Troy,6
426=,Tymon,6
426=,Yousef,6
426=,Yusuf,6
482=,Aaran,5
482=,Aden,5
482=,Ally,5
482=,Antonio,5
482=,Bo,5
482=,Cade,5
482=,Callen,5
482=,Carlo,5
482=,Casper,5
482=,Cormac,5
482=,Damon,5
482=,Darragh,5
482=,Darryl,5
482=,Davis,5
482=,Derek,5
482=,Eddie,5
482=,Emil,5
482=,Emilio,5
482=,Enzo,5
482=,Ewen,5
482=,Frank,5
482=,Guy,5
482=,Hassan,5
482=,Isa,5
482=,Julian,5
482=,Kade,5
482=,Kaidyn,5
482=,Kamil,5
482=,Karol,5
482=,Kenzi,5
482=,Kole,5
482=,Kristopher,5
482=,Lincoln,5
482=,Lochlann,5
482=,Luka,5
482=,Maciej,5
482=,Malachy,5
482=,Markus,5
482=,Maximillian,5
482=,Muir,5
482=,Nikolas,5
482=,Oisin,5
482=,Otis,5
482=,Pawel,5
482=,Preston,5
482=,Ralph,5
482=,Rayhan,5
482=,Reagan,5
482=,Rehan,5
482=,Rhuari,5
482=,Rhyan,5
482=,Roddy,5
482=,Rylee,5
482=,Sami,5
482=,Sandy,5
482=,Scot,5
482=,Spencer,5
482=,Stanislaw,5
482=,Teejay,5
482=,Theodore,5
482=,Tomas,5
482=,Tomasz,5
482=,Tony,5
482=,Tymoteusz,5
482=,Wilson,5
482=,Zakariya,5
548=,Alessandro,4
548=,Alexandre,4
548=,Alisdair,4
548=,Aran,4
548=,Ari,4
548=,Artur,4
548=,Aryan,4
548=,Ashwin,4
548=,Aulay,4
548=,Axel,4
548=,Bernard,4
548=,Bilal,4
548=,Blaine,4
548=,Brandan,4
548=,Bryce,4
548=,Bryden,4
548=,Bryn,4
548=,Calder,4
548=,Cale,4
548=,Cieran,4
548=,Codey,4
548=,Coen,4
548=,Conal,4
548=,Crawford,4
548=,Daragh,4
548=,Darwin,4
548=,Dennis,4
548=,Dermot,4
548=,Eesa,4
548=,Emilis,4
548=,Eryk,4
548=,Etienne,4
548=,Faizan,4
548=,Freddy,4
548=,Fynn,4
548=,Greig,4
548=,Haroon,4
548=,Haydn,4
548=,Hubert,4
548=,Hudson,4
548=,Humza,4
548=,Ivor,4
548=,Jared,4
548=,Jaydan,4
548=,Jayson,4
548=,Kabir,4
548=,Kaidan,4
548=,Kal,4
548=,Kallan,4
548=,Kenley,4
548=,Khai,4
548=,Kier,4
548=,Kingsley,4
548=,Kiran,4
548=,Kodi,4
548=,Koen,4
548=,Konrad,4
548=,Kristian,4
548=,Kristofer,4
548=,Kye,4
548=,Kyron,4
548=,Lleyton,4
548=,Malachi,4
548=,Maximilian,4
548=,Maximus,4
548=,Milosz,4
548=,Montgomery,4
548=,Munro,4
548=,Nataniel,4
548=,Nicol,4
548=,Niko,4
548=,Olli,4
548=,Pierce,4
548=,Reese,4
548=,Reily,4
548=,Rhyley,4
548=,Rian,4
548=,Roderick,4
548=,Ronald,4
548=,Rossi,4
548=,Ruan,4
548=,Sameer,4
548=,Seumas,4
548=,Shaye,4
548=,Solomon,4
548=,Taha,4
548=,Timothy,4
548=,Tobias,4
548=,Ty,4
548=,Usman,4
638=,Abdirahman,3
638=,Abel,3
638=,Abraham,3
638=,Adan,3
638=,Adel,3
638=,Alexzander,3
638=,Alix,3
638=,Ameer,3
638=,Andrei,3
638=,Aodhan,3
638=,Arden,3
638=,Arin,3
638=,Arjun,3
638=,Aron,3
638=,Ayan,3
638=,Ayman,3
638=,Ayyan,3
638=,Azaan,3
638=,Azan,3
638=,Baxter,3
638=,Bentley,3
638=,Blane,3
638=,Bodhi,3
638=,Braiden,3
638=,Brandyn,3
638=,Brendon,3
638=,Bruno,3
638=,Byron,3
638=,Cadan,3
638=,Cai,3
638=,Chang,3
638=,Chase,3
638=,Chris,3
638=,Codi,3
638=,Codie,3
638=,Cody-James,3
638=,Colby,3
638=,Colton,3
638=,Conan,3
638=,Conlon,3
638=,Connal,3
638=,Corbin,3
638=,Corin,3
638=,Cosmo,3
638=,Daniels,3
638=,Deacon,3
638=,Declyn,3
638=,Denis,3
638=,Derry,3
638=,Devyn,3
638=,Dillan,3
638=,Eachann,3
638=,Eden,3
638=,Edgar,3
638=,Edmund,3
638=,Erik,3
638=,Fabian,3
638=,Faris,3
638=,Finnlay,3
638=,Fionnlagh,3
638=,Franco,3
638=,Frederic,3
638=,Gabrielius,3
638=,Gene,3
638=,Gerard,3
638=,Ghulam,3
638=,Gino,3
638=,Gio,3
638=,Haaris,3
638=,Hasan,3
638=,Hashim,3
638=,Huzaifa,3
638=,Ieuan,3
638=,Ilyas,3
638=,Imran,3
638=,Isaiah,3
638=,Ismaeel,3
638=,Jac,3
638=,Jace,3
638=,Jamieson,3
638=,Jayce,3
638=,Jaydn,3
638=,Jeremy,3
638=,Jia,3
638=,John-Paul,3
638=,Jonathon,3
638=,Jordon,3
638=,Kaan,3
638=,Kaelan,3
638=,Kain,3
638=,Kamran,3
638=,Kamron,3
638=,Kayleb,3
638=,Keane,3
638=,Keelan,3
638=,Kegan,3
638=,Kellen,3
638=,Kevins,3
638=,Kieren,3
638=,Kobe,3
638=,Koby,3
638=,Krystian,3
638=,Ksawery,3
638=,Kyan,3
638=,Laiton,3
638=,Lance,3
638=,Li,3
638=,Loghan,3
638=,Lomond,3
638=,Luc,3
638=,Macauley,3
638=,Mack,3
638=,Madden,3
638=,Mahdi,3
638=,Maksim,3
638=,Mikail,3
638=,Milan,3
638=,Moses,3
638=,Mustafa,3
638=,Nikita,3
638=,Noel,3
638=,Norman,3
638=,Phillip,3
638=,Quentin,3
638=,Raphael,3
638=,Rayaan,3
638=,Reigan,3
638=,Reo,3
638=,Ricky,3
638=,Rico,3
638=,Rogan,3
638=,Roy,3
638=,Salar,3
638=,Samir,3
638=,Samson,3
638=,Seamus,3
638=,Shahzaib,3
638=,Smith,3
638=,Sol,3
638=,Sonni,3
638=,Spike,3
638=,T,3
638=,Tai,3
638=,Terence,3
638=,Thom,3
638=,Thomas-James,3
638=,Thorfinn,3
638=,Tian,3
638=,Tyler-Jay,3
638=,Tyreece,3
638=,Tyrese,3
638=,Tyrone,3
638=,Wayne,3
638=,Wen,3
638=,Wilbur,3
638=,Woody,3
638=,Yazan,3
638=,Yi,3
638=,Yu,3
638=,Yuvraj,3
638=,Zakaria,3
638=,Zayn,3
800=,Aadam,2
800=,Aarav,2
800=,Aarran,2
800=,Abderrahmane,2
800=,Abdur-Rahman,2
800=,Abdurrahman,2
800=,Addison,2
800=,Adeolu,2
800=,Aditya,2
800=,Aeron,2
800=,Aethan,2
800=,Affan,2
800=,Ahsan,2
800=,Akim,2
800=,Alans,2
800=,Alejandro,2
800=,Aleksandrs,2
800=,Alessio,2
800=,Alexandru,2
800=,Alister,2
800=,Alvin,2
800=,Amaan,2
800=,Aman,2
800=,Amar,2
800=,Anas,2
800=,Anders,2
800=,Andrea,2
800=,Andrzej,2
800=,Anish,2
800=,Annan,2
800=,Anson,2
800=,Arda,2
800=,Argyll,2
800=,Arman,2
800=,Arnav,2
800=,Arnold,2
800=,Ash,2
800=,Ashraf,2
800=,Auley,2
800=,Austen,2
800=,Awais,2
800=,Aydan,2
800=,Aymen,2
800=,Aziz,2
800=,Bailie,2
800=,Barri,2
800=,Beinn,2
800=,Blue,2
800=,Borys,2
800=,Brad,2
800=,Bradan,2
800=,Brady,2
800=,Bradyn,2
800=,Braeden,2
800=,Bram,2
800=,Branden,2
800=,Braydon,2
800=,Brennan,2
800=,Brett,2
800=,Broden,2
800=,Brydon,2
800=,Caeleb,2
800=,Cailen,2
800=,Callin,2
800=,Carl,2
800=,Carrick,2
800=,Carrson,2
800=,Cathal,2
800=,Cezary,2
800=,Charley,2
800=,Chester,2
800=,Chukwubuikem,2
800=,Clayton,2
800=,Clyde,2
800=,Cobey,2
800=,Cobie,2
800=,Coden,2
800=,Cohan,2
800=,Coinneach,2
800=,Coll,2
800=,Connelly,2
800=,Conon,2
800=,Corbyn,2
800=,Corran,2
800=,Couper,2
800=,Cyrus,2
800=,Damion,2
800=,Dane,2
800=,Dante,2
800=,Darach,2
800=,Darron,2
800=,Davie,2
800=,Dax,2
800=,Dayne,2
800=,Deividas,2
800=,Denholm,2
800=,Deniz,2
800=,Denver,2
800=,Deon,2
800=,Derin,2
800=,Derrin,2
800=,Diarmuid,2
800=,Diego,2
800=,Diesel,2
800=,Dimitri,2
800=,Dino,2
800=,Dolan,2
800=,Donovan,2
800=,Dougie,2
800=,Eamonn,2
800=,Eben,2
800=,Edwin,2
800=,Ekam,2
800=,Eliott,2
800=,Elvis,2
800=,Emanuel,2
800=,Emerson,2
800=,Emile,2
800=,Erland,2
800=,Ernest,2
800=,Ernie,2
800=,Eshan,2
800=,Ethen,2
800=,Fahad,2
800=,Fahim,2
800=,Fareed,2
800=,Fredrik,2
800=,Fynlay,2
800=,Gerrard,2
800=,Gibson,2
800=,Gilbert,2
800=,Giovanni,2
800=,Gray,2
800=,Grayson,2
800=,Haiden,2
800=,Haider,2
800=,Hamid,2
800=,Hao,2
800=,Harlan,2
800=,Harlie,2
800=,Harlow,2
800=,Harold,2
800=,Hendrix,2
800=,Herbert,2
800=,Hong,2
800=,Hussain,2
800=,Idris,2
800=,Ihsan,2
800=,Irvine,2
800=,Issa,2
800=,Ivo,2
800=,Jacek,2
800=,Jackie,2
800=,Jadon,2
800=,Jaidan,2
800=,Jaime,2
800=,Jase,2
800=,Javier,2
800=,Jax,2
800=,Jayden-James,2
800=,Jayme,2
800=,Jaysen,2
800=,Jesse,2
800=,Johan,2
800=,Johannes,2
800=,John-Robert,2
800=,Johnnie,2
800=,Jon,2
800=,Jonasz,2
800=,Jonny,2
800=,Jorden,2
800=,Josef,2
800=,Joss,2
800=,Jozef,2
800=,Jun,2
800=,Kael,2
800=,Kallen,2
800=,Kalvyn,2
800=,Karam,2
800=,Kavin,2
800=,Kaydin,2
800=,Kaylan,2
800=,Keagan,2
800=,Keaghan,2
800=,Keanu,2
800=,Keaton,2
800=,Keenan,2
800=,Keigan,2
800=,Keiren,2
800=,Keiron,2
800=,Kelan,2
800=,Kell,2
800=,Kellan,2
800=,Kerem,2
800=,Keyaan,2
800=,Khalid,2
800=,Kiain,2
800=,Kiegan,2
800=,Killian,2
800=,Kirk,2
800=,Kit,2
800=,Klay,2
800=,Kohl,2
800=,Konnor,2
800=,Koray,2
800=,Kori,2
800=,Kornel,2
800=,Kory,2
800=,Krish,2
800=,Krzysztof,2
800=,Kuba,2
800=,Kurtis,2
800=,Kyeron,2
800=,Kyler,2
800=,Kyren,2
800=,Laith,2
800=,Laurie,2
800=,Lawson,2
800=,Leeroy,2
800=,Leith,2
800=,Lemuel,2
800=,Lenny,2
800=,Leonard,2
800=,Leonid,2
800=,Leslie,2
800=,Lionel,2
800=,Loic,2
800=,Lorcan,2
800=,Lucan,2
800=,Ludovic,2
800=,Lukasz,2
800=,Lynden,2
800=,Macaulay,2
800=,Mackie,2
800=,Mahmoud,2
800=,Maksym,2
800=,Mani,2
800=,Mario,2
800=,Marwan,2
800=,Massimo,2
800=,Matas,2
800=,Mate,2
800=,Mateo,2
800=,Mathias,2
800=,Matt,2
800=,Maxi,2
800=,Maxim,2
800=,Maxime,2
800=,Maxx,2
800=,Mckinley,2
800=,Mieszko,2
800=,Miguel,2
800=,Mikaeel,2
800=,Millar,2
800=,Mohanad,2
800=,Murdoch,2
800=,Murtaza,2
800=,Naif,2
800=,Nate,2
800=,Nelson,2
800=,Neo,2
800=,Odhran,2
800=,Odin,2
800=,Orhan,2
800=,Orran,2
800=,Orrin,2
800=,Ossian,2
800=,Paddy,2
800=,Padraig,2
800=,Paton,2
800=,Patrik,2
800=,Pearse,2
800=,Presley,2
800=,Raees,2
800=,Raegan,2
800=,Rafael,2
800=,Raiden,2
800=,Raja,2
800=,Rami,2
800=,Ramin,2
800=,Ramsey,2
800=,Ranald,2
800=,Rannoch,2
800=,Rex,2
800=,Rheagan,2
800=,Rhian,2
800=,Rhiley,2
800=,Rhuraidh,2
800=,Rhylen,2
800=,Riyad,2
800=,Rob,2
800=,Rocky,2
800=,Ronin,2
800=,Ruadhan,2
800=,Ruaidhri,2
800=,Rui,2
800=,Ryaan,2
800=,Ryden,2
800=,Rylen,2
800=,Sammy,2
800=,Sean-Paul,2
800=,Seonaidh,2
800=,Seoras,2
800=,Shawn,2
800=,Shayaan,2
800=,Shayan,2
800=,Sheldon,2
800=,Sinclair,2
800=,Sorley,2
800=,Stevie,2
800=,Sulaiman,2
800=,Sylvan,2
800=,T-Jay,2
800=,Taio,2
800=,Talha,2
800=,Tate,2
800=,Tay,2
800=,Ted,2
800=,Thiago,2
800=,Tomass,2
800=,Torren,2
800=,Torrin,2
800=,Travi,2
800=,Tylor,2
800=,Uilleam,2
800=,Umair,2
800=,Umar,2
800=,Umer,2
800=,Vakaris,2
800=,Vaughn,2
800=,Viggo,2
800=,Viraj,2
800=,Vojtech,2
800=,Wilfred,2
800=,Winston,2
800=,Wyatt,2
800=,Yahia,2
800=,Yahya,2
800=,Yan,2
800=,Yousif,2
800=,Yuan,2
800=,Yuri,2
800=,Zachariah,2
800=,Zackary,2
800=,Zakk,2
800=,Zayan,2
800=,Zenon,2
800=,Ziyad,2
1148=,A-Jay,1
1148=,Aaban,1
1148=,Aaden,1
1148=,Aadi,1
1148=,Aadil,1
1148=,Aadyn,1
1148=,Aagat,1
1148=,Aahil,1
1148=,Aarnav,1
1148=,Aaron-John,1
1148=,Aaryn,1
1148=,Aashdon,1
1148=,Aaston,1
1148=,Abbad,1
1148=,Abbas,1
1148=,Abdalhai,1
1148=,Abdalkhalq,1
1148=,Abdelrahman,1
1148=,Abdelrauof,1
1148=,Abdorahman,1
1148=,Abdoul,1
1148=,Abdualeem,1
1148=,Abduallah,1
1148=,Abdul-Hakim,1
1148=,Abdul-Karim,1
1148=,Abdul-Nafi,1
1148=,Abdul-Rehman,1
1148=,Abdul-Samad,1
1148=,Abdula,1
1148=,Abdulhaq,1
1148=,Abdulkarim,1
1148=,Abdull,1
1148=,Abdulmohymen,1
1148=,Abdulrahim,1
1148=,Abdulrhman,1
1148=,Abdur,1
1148=,Abdur-Rahim,1
1148=,Abdurrhman,1
1148=,Abdusalam,1
1148=,Abe,1
1148=,Abedraouf,1
1148=,Abhinav,1
1148=,Abhiram,1
1148=,Abiola,1
1148=,Abobaker,1
1148=,Abubakar,1
1148=,Ace,1
1148=,Adabpreet,1
1148=,Adedimeji,1
1148=,Adeeb,1
1148=,Adejinmi,1
1148=,Adem,1
1148=,Adeswara,1
1148=,Adetayo,1
1148=,Adham,1
1148=,Adhamh,1
1148=,Adhvik,1
1148=,Adil,1
1148=,Adley,1
1148=,Adnan,1
1148=,Adrian-Lee,1
1148=,Adryell,1
1148=,Adyn,1
1148=,Affonso,1
1148=,Afton,1
1148=,Aghilas,1
1148=,Ahmet,1
1148=,Ahmid,1
1148=,Ahron,1
1148=,Aidan-Scott,1
1148=,Aidanlee,1
1148=,Aide,1
1148=,Aidi,1
1148=,Aidian,1
1148=,Aighan,1
1148=,Ainoras,1
1148=,Airen,1
1148=,Airil,1
1148=,Airyn,1
1148=,Aithan,1
1148=,Aj,1
1148=,Ajaipal,1
1148=,Ajmail,1
1148=,Aki,1
1148=,Akib,1
1148=,Akshaj,1
1148=,Akshar,1
1148=,Al-Houssen,1
1148=,Alan-John,1
1148=,Aland,1
1148=,Alasdhair,1
1148=,Alban,1
1148=,Aldrin,1
1148=,Aleister,1
1148=,Aleksandr,1
1148=,Aleksejs,1
1148=,Ales,1
1148=,Alexander-James,1
1148=,Alexandreau-Le-Prince,1
1148=,Alexin,1
1148=,Alfie-George,1
1148=,Alfie-John,1
1148=,Alick,1
1148=,Alistar,1
1148=,Alixander,1
1148=,Aliyan,1
1148=,Allen,1
1148=,Allister,1
1148=,Alphonsus,1
1148=,Alwaleed,1
1148=,Alwyn,1
1148=,Alyx,1
1148=,Alyxs,1
1148=,Amaar,1
1148=,Amad,1
1148=,Amadou,1
1148=,Amandeep,1
1148=,Amanjeet,1
1148=,Amanveer,1
1148=,Amin,1
1148=,Amine,1
1148=,Amiogho,1
1148=,Amirreza,1
1148=,Amitoj,1
1148=,Ammaar,1
1148=,Ammar,1
1148=,Amrit,1
1148=,Anaan,1
1148=,Anamol,1
1148=,Anayat,1
1148=,Anderson,1
1148=,Andre,1
1148=,Andreas,1
1148=,Andres,1
1148=,Andrius,1
1148=,Anees,1
1148=,Aneirin,1
1148=,Aneurin,1
1148=,Angelo,1
1148=,Aniket,1
1148=,Anir,1
1148=,Anis,1
1148=,Anizoba,1
1148=,Anjan,1
1148=,Anmol,1
1148=,Ansh,1
1148=,Antek,1
1148=,Anthany,1
1148=,Anthony-John,1
1148=,Anthony-Junior,1
1148=,Antoine,1
1148=,Anup,1
1148=,Aonghas,1
1148=,Aous,1
1148=,Aqeel,1
1148=,Aqil,1
1148=,Arainn,1
1148=,Arbaaz,1
1148=,Archie-Jay,1
1148=,Ardil,1
1148=,Areeb,1
1148=,Areen,1
1148=,Argyle,1
1148=,Arhaan,1
1148=,Arhab,1
1148=,Arian,1
1148=,Arien,1
1148=,Arihaant,1
1148=,Aristarkh,1
1148=,Ariz,1
1148=,Arjan,1
1148=,Arkadiusz,1
1148=,Arkle,1
1148=,Armaghan,1
1148=,Armando,1
1148=,Arne,1
1148=,Arnod,1
1148=,Aronas,1
1148=,Arris,1
1148=,Arryn,1
1148=,Arsal,1
1148=,Arsalan,1
1148=,Arshia,1
1148=,Arshveer,1
1148=,Arta,1
1148=,Arthor,1
1148=,Arturas,1
1148=,Arturs,1
1148=,Arun,1
1148=,Arvin,1
1148=,Aryaman,1
1148=,Asad,1
1148=,Ashley,1
1148=,Asim,1
1148=,Aslan,1
1148=,Aswin,1
1148=,Athanasios,1
1148=,Atholl,1
1148=,Atif,1
1148=,Atila,1
1148=,Attilio,1
1148=,Auob,1
1148=,Auryn,1
1148=,Austyn,1
1148=,Aveer,1
1148=,Avery,1
1148=,Aviral,1
1148=,Avyukt,1
1148=,Ayaz,1
1148=,Ayden-James,1
1148=,Ayham,1
1148=,Ayibatonye,1
1148=,Ayodeji,1
1148=,Ayomiyato,1
1148=,Ayoub,1
1148=,Ayush,1
1148=,Azaia,1
1148=,Azhar,1
1148=,Babatunde,1
1148=,Baden,1
1148=,Bailley,1
1148=,Bajan,1
1148=,Baldev,1
1148=,Balfour,1
1148=,Baljeet,1
1148=,Bambeli,1
1148=,Baran,1
1148=,Barclay,1
1148=,Bardia,1
1148=,Barna,1
1148=,Barnaby,1
1148=,Barrie,1
1148=,Bartek,1
1148=,Bartlomiej,1
1148=,Basim,1
1148=,Bassiru,1
1148=,Bay,1
1148=,Bayley,1
1148=,Bayly,1
1148=,Bence,1
1148=,Benedek,1
1148=,Benedict,1
1148=,Benicio,1
1148=,Benny,1
1148=,Berk,1
1148=,Bertram,1
1148=,Bion,1
1148=,Bison,1
1148=,Bixuan,1
1148=,Biyron,1
1148=,Blaike,1
1148=,Blayne,1
1148=,Blessings,1
1148=,Bobby-Joe,1
1148=,Boden,1
1148=,Boette,1
1148=,Boluwatife,1
1148=,Bosco,1
1148=,Boston,1
1148=,Bourdieu,1
1148=,Bowie,1
1148=,Braden,1
1148=,Bragi,1
1148=,Braidy,1
1148=,Braidyn-Drew,1
1148=,Branach,1
1148=,Brandin,1
1148=,Brandon-Lee,1
1148=,Brandonlee,1
1148=,Brannon,1
1148=,Braydin,1
1148=,Brenden,1
1148=,Brian-Thomas,1
1148=,Broc,1
1148=,Brodi,1
1148=,Brodie-Alexander,1
1148=,Brodyn,1
1148=,Brogen,1
1148=,Brogin,1
1148=,Bruan,1
1148=,Brydan,1
1148=,Brydyn,1
1148=,Buddy,1
1148=,C-Jay,1
1148=,Caddell,1
1148=,Cadyn-Lee,1
1148=,Caedan,1
1148=,Caeden,1
1148=,Cael,1
1148=,Caelahn,1
1148=,Caelin,1
1148=,Caesar,1
1148=,Cahir,1
1148=,Caiden-John,1
1148=,Caidyn-James,1
1148=,Cailin,1
1148=,Caillan,1
1148=,Caillen,1
1148=,Caillin,1
1148=,Cailloch,1
1148=,Cailob,1
1148=,Caine,1
1148=,Cainnech,1
1148=,Cairo,1
1148=,Cal,1
1148=,Calam,1
1148=,Calen,1
1148=,Calib,1
1148=,Callaghan,1
1148=,Calogero,1
1148=,Calvey,1
1148=,Calvyn,1
1148=,Caly,1
1148=,Cambell,1
1148=,Camilo,1
1148=,Camryn,1
1148=,Caolan,1
1148=,Carey,1
1148=,Carlos,1
1148=,Carlyle,1
1148=,Carson-Lewis,1
1148=,Carwyn,1
1148=,Casch,1
1148=,Cash,1
1148=,Cass,1
1148=,Cassius,1
1148=,Cavan,1
1148=,Cayan,1
1148=,Cayden-Lee,1
1148=,Caydin,1
1148=,Caydon,1
1148=,Caylan,1
1148=,Caylim,1
1148=,Ceiran,1
1148=,Celin,1
1148=,Celyn,1
1148=,Chace,1
1148=,Chad,1
1148=,Chael,1
1148=,Chaitanya,1
1148=,Chance,1
1148=,Charis,1
1148=,Charls,1
1148=,Chazael,1
1148=,Che,1
1148=,Che-Jaedon,1
1148=,Chetan,1
1148=,Chetanveer,1
1148=,Chia-Cheng,1
1148=,Chidozie,1
1148=,Chidubellum,1
1148=,Chidumebi,1
1148=,Chiemerie,1
1148=,Chimaihe,1
1148=,Chinedum,1
1148=,Chinonso,1
1148=,Chinwike,1
1148=,Chiwetel,1
1148=,Christiano,1
1148=,Chukwudubem,1
1148=,Chukwuebuka,1
1148=,Cianan,1
1148=,Cj,1
1148=,Clae,1
1148=,Clarke,1
1148=,Claude,1
1148=,Claudiu,1
1148=,Clement,1
1148=,Clint,1
1148=,Clinton,1
1148=,Clive,1
1148=,Clivejakson,1
1148=,Coben,1
1148=,Cobi-Dean,1
1148=,Cobin,1
1148=,Cobyn,1
1148=,Cochrane,1
1148=,Codylee,1
1148=,Codyn,1
1148=,Coel,1
1148=,Cohyn,1
1148=,Coire,1
1148=,Collin,1
1148=,Comhan,1
1148=,Comrie,1
1148=,Connall,1
1148=,Connan,1
1148=,Connar,1
1148=,Connon,1
1148=,Coray,1
1148=,Corben,1
1148=,Corbie,1
1148=,Corey-Jaidan,1
1148=,Corey-Lee,1
1148=,Corey-Ray,1
1148=,Corie,1
1148=,Cornelius,1
1148=,Corrigan,1
1148=,Corry,1
1148=,Corwen,1
1148=,Cox,1
1148=,Cristian,1
1148=,Cristofor,1
1148=,Cruize,1
1148=,Cruze,1
1148=,Csongor,1
1148=,Cuillin,1
1148=,Cully,1
1148=,Cupar,1
1148=,Cyd,1
1148=,Cye,1
1148=,Cyril,1
1148=,D'arcy,1
1148=,Daanish,1
1148=,Daanyaal,1
1148=,Daegan,1
1148=,Dael,1
1148=,Daimien,1
1148=,Dainis,1
1148=,Dainton,1
1148=,Dairis,1
1148=,Daivik,1
1148=,Daiwik,1
1148=,Dakarai,1
1148=,Dakota,1
1148=,Daley,1
1148=,Dalin,1
1148=,Dalton,1
1148=,Daly,1
1148=,Damir,1
1148=,Dan,1
1148=,Danaidh,1
1148=,Daney,1
1148=,Dani,1
1148=,Danial,1
1148=,Daniel-James,1
1148=,Daniele,1
1148=,Danielo,1
1148=,Danila,1
1148=,Danilo,1
1148=,Dannie,1
1148=,Danniel,1
1148=,Dannon,1
1148=,Danny-Junior,1
1148=,Danny-Lee,1
1148=,Danoush,1
1148=,Danyaal,1
1148=,Daoud,1
1148=,Darcy,1
1148=,Dario,1
1148=,Dariusz,1
1148=,Darko,1
1148=,Darnell,1
1148=,Darraich,1
1148=,Darrell,1
1148=,Darrin,1
1148=,Darroch,1
1148=,Daryn,1
1148=,Dastins,1
1148=,Datca,1
1148=,David-Jordan,1
1148=,Davide,1
1148=,Davidlee,1
1148=,Davy,1
1148=,Davyn,1
1148=,Dawood,1
1148=,Dawoud,1
1148=,Dawson,1
1148=,Dayle,1
1148=,Daylon,1
1148=,Dayn,1
1148=,Daynton,1
1148=,Dayu,1
1148=,De,1
1148=,Deacan,1
1148=,Deakan,1
1148=,Decklyn,1
1148=,Declan-Junior,1
1148=,Deco,1
1148=,Dee,1
1148=,Deegan,1
1148=,Deejay,1
1148=,Deimantas,1
1148=,Deklan,1
1148=,Deklin,1
1148=,Delano,1
1148=,Demnan,1
1148=,Dennon,1
1148=,Denzel,1
1148=,Deri,1
1148=,Derrak,1
1148=,Derrick,1
1148=,Derryn,1
1148=,Desmond,1
1148=,Dev,1
1148=,Devan,1
1148=,Devron,1
1148=,Dhilan,1
1148=,Dhillon,1
1148=,Dhruv,1
1148=,Diarmid,1
1148=,Diaz,1
1148=,Digby,1
1148=,Dilan,1
1148=,Dilbagh,1
1148=,Dilip,1
1148=,Dilraj,1
1148=,Dilveer,1
1148=,Dio,1
1148=,Dion,1
1148=,Dirko,1
1148=,Divy,1
1148=,Django,1
1148=,Dmitry,1
1148=,Domhnall,1
1148=,Dominiks,1
1148=,Dominykas,1
1148=,Don,1
1148=,Donald-James,1
1148=,Dougald,1
1148=,Dougall,1
1148=,Dovydas,1
1148=,Dray,1
1148=,Drever,1
1148=,Dubhglas,1
1148=,Dudek,1
1148=,Duncan-James,1
1148=,Duncan-Milan,1
1148=,Dustin,1
1148=,Dwayne,1
1148=,Dylan-Mckenzie,1
1148=,Dylan-Thomas,1
1148=,Dylin,1
1148=,Dyllen,1
1148=,Eamon,1
1148=,Earl,1
1148=,Eason,1
1148=,Eathan,1
1148=,Ed,1
1148=,Edan,1
1148=,Eden-Lionell,1
1148=,Edidiong,1
1148=,Edmond,1
1148=,Eduard,1
1148=,Efetobore,1
1148=,Efosa,1
1148=,Ehan,1
1148=,Ehsaan,1
1148=,Ehsan,1
1148=,Eimantas,1
1148=,Einar,1
1148=,Eion,1
1148=,Eisa,1
1148=,Ekenechukwu,1
1148=,El-Shadai,1
1148=,Elden,1
1148=,Elgar,1
1148=,Elias-Francis,1
1148=,Elija,1
1148=,Elio,1
1148=,Eliot,1
1148=,Elisha,1
1148=,Elohim,1
1148=,Eloi,1
1148=,Elwood,1
1148=,Emanuele,1
1148=,Emanuiel,1
1148=,Emiliano,1
1148=,Emir,1
1148=,Emirhan,1
1148=,Emlyn,1
1148=,Emre,1
1148=,Enea,1
1148=,Enes,1
1148=,Ennis,1
1148=,Enrikas,1
1148=,Enrique,1
1148=,Eparama,1
1148=,Eray,1
1148=,Eren,1
1148=,Erick,1
1148=,Erin,1
1148=,Erion,1
1148=,Erlend,1
1148=,Erskine,1
1148=,Ervin,1
1148=,Erwin,1
1148=,Esa,1
1148=,Esli,1
1148=,Essien,1
1148=,Ethan-Ali,1
1148=,Ethan-Paul,1
1148=,Etinosa,1
1148=,Evann,1
1148=,Everett,1
1148=,Evin,1
1148=,Ezel,1
1148=,Ezra,1
1148=,Fabien,1
1148=,Fabio,1
1148=,Fahd,1
1148=,Faheem,1
1148=,Faithrich,1
1148=,Faiz,1
1148=,Faizaan-Ul-Hassan,1
1148=,Fallon,1
1148=,Fan,1
1148=,Faraj,1
1148=,Fardin,1
1148=,Fareiz,1
1148=,Fares,1
1148=,Farrell,1
1148=,Faryl,1
1148=,Favoured,1
1148=,Fawwaz,1
1148=,Fayaaz,1
1148=,Fazeel,1
1148=,Fearghal,1
1148=,Federico,1
1148=,Feras,1
1148=,Fergal,1
1148=,Fergie,1
1148=,Fiachra,1
1148=,Filipe,1
1148=,Finbar,1
1148=,Findley,1
1148=,Finlaggan,1
1148=,Finnbarr,1
1148=,Finnley,1
1148=,Fintan,1
1148=,Finton,1
1148=,Fionan,1
1148=,Fizaan,1
1148=,Flinn,1
1148=,Floyd,1
1148=,Flyn,1
1148=,Flynne,1
1148=,Forbes,1
1148=,Ford,1
1148=,Forrest,1
1148=,Francisco,1
1148=,Franek,1
1148=,Franki,1
1148=,Frankie-Ray,1
1148=,Franky,1
1148=,Fraser-Lee,1
1148=,Frasier,1
1148=,Fredric,1
1148=,Fyfe,1
1148=,Fyvie,1
1148=,Gab,1
1148=,Gabe,1
1148=,Gabor,1
1148=,Gaetano,1
1148=,Galip,1
1148=,Gamaliel,1
1148=,Garland,1
1148=,Garvie,1
1148=,Garvveer,1
1148=,Gaspar,1
1148=,Gaspard,1
1148=,Gaura-Kisora,1
1148=,Gedeon,1
1148=,Geordie,1
1148=,Georgie,1
1148=,Gethin,1
1148=,Ghillies,1
1148=,Gian,1
1148=,Gianluca,1
1148=,Gideon,1
1148=,Gilson,1
1148=,Giulio,1
1148=,Giuseppe,1
1148=,Gizzy,1
1148=,Gleb,1
1148=,Glebs,1
1148=,Godwin,1
1148=,Goodluck,1
1148=,Gracjan,1
1148=,Grady,1
1148=,Graison,1
1148=,Grayden,1
1148=,Gregg,1
1148=,Gregoire,1
1148=,Gregory,1
1148=,Greyson,1
1148=,Griffin,1
1148=,Grzegorz,1
1148=,Gurdit,1
1148=,Gurditta,1
1148=,Guriopal,1
1148=,Gurrajvir,1
1148=,Gurseace,1
1148=,Gurseerit,1
1148=,Gursewak,1
1148=,Gursharan,1
1148=,Gustavs,1
1148=,Gvidas,1
1148=,Haadhi,1
1148=,Haadi,1
1148=,Haaziq,1
1148=,Hadee,1
1148=,Hadley,1
1148=,Hadyn,1
1148=,Haidarali,1
1148=,Haidn,1
1148=,Haig,1
1148=,Hakki,1
1148=,Halcro,1
1148=,Hamad,1
1148=,Hammad,1
1148=,Hamzah,1
1148=,Hamzh,1
1148=,Han,1
1148=,Hani,1
1148=,Hank,1
1148=,Hanley,1
1148=,Hanli,1
1148=,Hanno,1
1148=,Hanro,1
1148=,Hans,1
1148=,Hanzalah,1
1148=,Haoqi,1
1148=,Haozhe,1
1148=,Hardy,1
1148=,Harees,1
1148=,Harigovind,1
1148=,Harison,1
1148=,Harjas,1
1148=,Harlye,1
1148=,Harown,1
1148=,Harri,1
1148=,Harrison-Blake,1
1148=,Harry-James,1
1148=,Harvie,1
1148=,Hasen,1
1148=,Hashir,1
1148=,Hasnain,1
1148=,Haydan,1
1148=,Hayden-Mac,1
1148=,Haydyn,1
1148=,Haziim,1
1148=,Hazim,1
1148=,Heath,1
1148=,Heaven,1
1148=,Helgi,1
1148=,Hendry,1
1148=,Henendem-Obasi,1
1148=,Henley,1
1148=,Henrik,1
1148=,Henrique,1
1148=,Henryk,1
1148=,Hezekiah,1
1148=,Hiren,1
1148=,Hisham,1
1148=,Hitansh,1
1148=,Holiness,1
1148=,Howard,1
1148=,Howie,1
1148=,Hridhaan,1
1148=,Huck,1
1148=,Huey,1
1148=,Humayun,1
1148=,Humzah,1
1148=,Huratio,1
1148=,Husnain,1
1148=,Husnayn,1
1148=,Hussan,1
1148=,Iacov,1
1148=,Ibraheem,1
1148=,Ibrahem,1
1148=,Ideachi,1
1148=,Idriss,1
1148=,Ifeakanwanne,1
1148=,Ifeanyichukwu,1
1148=,Ignac,1
1148=,Ignacy,1
1148=,Igors,1
1148=,Ikechukwu,1
1148=,Ikenna,1
1148=,Ilan,1
1148=,Imaad,1
1148=,Iman,1
1148=,Immanuel,1
1148=,Imo,1
1148=,Indrid,1
1148=,Inness,1
1148=,Ioan,1
1148=,Ires,1
1148=,Iretemi,1
1148=,Irfan,1
1148=,Irtaza,1
1148=,Irvin,1
1148=,Is-Haaq,1
1148=,Isaak,1
1148=,Isaeah,1
1148=,Isah,1
1148=,Isaque,1
1148=,Ishaq,1
1148=,Isidoros,1
1148=,Isio,1
1148=,Israel,1
1148=,Issac,1
1148=,Issam,1
1148=,Isxaq,1
1148=,Iulian,1
1148=,Ivie,1
1148=,Izaan,1
1148=,Izak,1
1148=,Izakeel,1
1148=,Izaki,1
1148=,Izen,1
1148=,Izuwa,1
1148=,J,1
1148=,Jacen,1
1148=,Jacko-Square,1
1148=,Jacky,1
1148=,Jaco,1
1148=,Jacob-John,1
1148=,Jae,1
1148=,Jaelyn,1
1148=,Jaeyoun,1
1148=,Jafar,1
1148=,Jagjeevan,1
1148=,Jago,1
1148=,Jahan,1
1148=,Jaicob-David,1
1148=,Jaidon,1
1148=,Jailyn,1
1148=,Jaimie,1
1148=,Jais,1
1148=,Jaivon,1
1148=,Jaiyen,1
1148=,Jakob,1
1148=,Jamall,1
1148=,James-John,1
1148=,James-Paul,1
1148=,Jamey,1
1148=,Jamie-Junior,1
1148=,Jamie-Scott,1
1148=,Jamiey,1
1148=,Jamin,1
1148=,Janek,1
1148=,Janiece,1
1148=,Jann,1
1148=,Jannes,1
1148=,Jarlath,1
1148=,Jarron,1
1148=,Jarvie,1
1148=,Jarvis,1
1148=,Jase-James,1
1148=,Jashandeep,1
1148=,Jaskeerat,1
1148=,Jasper-John,1
1148=,Javed,1
1148=,Jawaad,1
1148=,Jaxen,1
1148=,Jaxxon,1
1148=,Jay-Dominic,1
1148=,Jay-J,1
1148=,Jay-Jay,1
1148=,Jay-Lee,1
1148=,Jay-P,1
1148=,Jay-Peter,1
1148=,Jay-Scott,1
1148=,Jayan,1
1148=,Jayanthsayee,1
1148=,Jayasekera,1
1148=,Jayden-Mckenzie,1
1148=,Jayden-Oliver,1
1148=,Jayden-Paul,1
1148=,Jayden-Sean,1
1148=,Jayden-Thomas,1
1148=,Jaydyn,1
1148=,Jaye,1
1148=,Jayk,1
1148=,Jaymes,1
1148=,Jaymie,1
1148=,Jayvn,1
1148=,Jayy,1
1148=,Jean,1
1148=,Jeb,1
1148=,Jeck,1
1148=,Jed,1
1148=,Jeden,1
1148=,Jedison,1
1148=,Jedrzej,1
1148=,Jeevun,1
1148=,Jefferson,1
1148=,Jeidan,1
1148=,Jem,1
1148=,Jeran,1
1148=,Jeremiah,1
1148=,Jeremiasz,1
1148=,Jerry,1
1148=,Jesujenyo,1
1148=,Ji,1
1148=,Jianle,1
1148=,Jianxuan,1
1148=,Jidechukwu,1
1148=,Jie,1
1148=,Jin,1
1148=,Jiri,1
1148=,Jiwan,1
1148=,Jiya,1
1148=,Jo,1
1148=,Joachim,1
1148=,Joahnny,1
1148=,Joao,1
1148=,Joash,1
1148=,Joe-Alexander,1
1148=,Joesph,1
1148=,John-Jaydyn,1
1148=,John-William,1
1148=,Johnalexander,1
1148=,Johnathan,1
1148=,Johnathon,1
1148=,Johnboy,1
1148=,Johnie,1
1148=,Johnjames,1
1148=,Johnmason,1
1148=,Johno,1
1148=,Johnston,1
1148=,Johnwilliam,1
1148=,Jolyon,1
1148=,Jon-Jo,1
1148=,Jon-Paul,1
1148=,Jonaide,1
1148=,Jonas,1
1148=,Jonathin,1
1148=,Jonnie,1
1148=,Jonnie-Scott,1
1148=,Jonpaul,1
1148=,Jonty,1
1148=,Joosep,1
1148=,Jordan-James,1
1148=,Jordi,1
1148=,Jordie,1
1148=,Jordin,1
1148=,Jordy,1
1148=,Jose,1
1148=,Josh-Jaden,1
1148=,Josh-James,1
1148=,Joshandeep,1
1148=,Joshua-Jack,1
1148=,Joshua-James,1
1148=,Josie,1
1148=,Jotham,1
1148=,Jovan,1
1148=,Jowaine,1
1148=,Juan,1
1148=,Judah,1
1148=,Jules,1
1148=,Junaid,1
1148=,Junayd,1
1148=,Junxi,1
1148=,Justin-Lee,1
1148=,Justis,1
1148=,Kadan,1
1148=,Kadian,1
1148=,Kadin,1
1148=,Kadir,1
1148=,Kadyn-Rhys,1
1148=,Kaelem,1
1148=,Kaelen,1
1148=,Kaelyn,1
1148=,Kah,1
1148=,Kahlin,1
1148=,Kai-Morgan,1
1148=,Kaian,1
1148=,Kaide,1
1148=,Kaiden-Scott,1
1148=,Kaidon,1
1148=,Kaii,1
1148=,Kaileb,1
1148=,Kailen,1
1148=,Kailin,1
1148=,Kaino,1
1148=,Kaio,1
1148=,Kairen,1
1148=,Kairoh,1
1148=,Kairon,1
1148=,Kaison,1
1148=,Kaivan,1
1148=,Kaiwei,1
1148=,Kaiyue,1
1148=,Kaizer,1
1148=,Kalan,1
1148=,Kaleem,1
1148=,Kalen,1
1148=,Kaleyll,1
1148=,Kalian,1
1148=,Kalib,1
1148=,Kalle,1
1148=,Kallum,1
1148=,Kam,1
1148=,Kameran,1
1148=,Kameron,1
1148=,Kamili,1
1148=,Kamrayn,1
1148=,Kamsiyochukwu,1
1148=,Kan,1
1148=,Kang,1
1148=,Kankanamge,1
1148=,Kanyin,1
1148=,Kar,1
1148=,Karambir,1
1148=,Karamo,1
1148=,Karanjeet,1
1148=,Karanjot,1
1148=,Kareem,1
1148=,Karim,1
1148=,Karl,1
1148=,Karolis,1
1148=,Karoly,1
1148=,Karsen,1
1148=,Karson,1
1148=,Karsson,1
1148=,Karsyn,1
1148=,Karter,1
1148=,Karthik,1
1148=,Kas,1
1148=,Kash,1
1148=,Kasim,1
1148=,Kasper,1
1148=,Kaya,1
1148=,Kaydhen,1
1148=,Kaydn,1
1148=,Kaydon,1
1148=,Kaylen,1
1148=,Kayler,1
1148=,Kaylib,1
1148=,Kaylob,1
1148=,Kayra,1
1148=,Kaysan,1
1148=,Kayson,1
1148=,Keanan,1
1148=,Keanen,1
1148=,Keaten,1
1148=,Keating,1
1148=,Kebron,1
1148=,Keelen,1
1148=,Keelyn,1
1148=,Keeran,1
1148=,Kei,1
1148=,Keighan,1
1148=,Keio,1
1148=,Keion,1
1148=,Keiran-Neely,1
1148=,Keith,1
1148=,Kelden,1
1148=,Kelly,1
1148=,Kelton,1
1148=,Kemal,1
1148=,Kenan,1
1148=,Kendo,1
1148=,Kendrix,1
1148=,Kennedy,1
1148=,Kenny,1
1148=,Kennzie,1
1148=,Kensei,1
1148=,Kenzie-Jay,1
1148=,Kenzie-Jo,1
1148=,Kenzie-William,1
1148=,Keon,1
1148=,Kereb,1
1148=,Kerrin,1
1148=,Kerwin,1
1148=,Keryn,1
1148=,Keshav,1
1148=,Kester,1
1148=,Kevir,1
1148=,Keyan,1
1148=,Khabat,1
1148=,Khaiden,1
1148=,Khaidyn,1
1148=,Khairin,1
1148=,Khalil,1
1148=,Khayden,1
1148=,Khaydian,1
1148=,Khian,1
1148=,Khodyn,1
1148=,Khol,1
1148=,Khris,1
1148=,Khrithick,1
1148=,Khurram,1
1148=,Khye,1
1148=,Khylan,1
1148=,Kialan,1
1148=,Kiayn,1
1148=,Kiean,1
1148=,Kiedis,1
1148=,Kiefer,1
1148=,Kien,1
1148=,Kierin,1
1148=,Kiern,1
1148=,Kierrin,1
1148=,Kilner,1
1148=,Kim,1
1148=,Kimathi,1
1148=,Kin,1
1148=,Kingston,1
1148=,Kinnan,1
1148=,Kinnon,1
1148=,Kirac,1
1148=,Kishan,1
1148=,Klajus,1
1148=,Knowledge,1
1148=,Koban,1
1148=,Kobie,1
1148=,Kobus,1
1148=,Koby-Joe,1
1148=,Kobyn,1
1148=,Kodey,1
1148=,Kodie,1
1148=,Kohdyn,1
1148=,Kohen,1
1148=,Kolvin,1
1148=,Kona,1
1148=,Konan,1
1148=,Konlay,1
1148=,Konnan,1
1148=,Korben,1
1148=,Korbin,1
1148=,Korbyn,1
1148=,Kordell,1
1148=,Kory-Leigh,1
1148=,Kosha,1
1148=,Kosma,1
1148=,Kristians,1
1148=,Kristofer-James,1
1148=,Kruz,1
1148=,Kruze,1
1148=,Kunal,1
1148=,Kurt,1
1148=,Kushal,1
1148=,Kuzey,1
1148=,Kyden,1
1148=,Kylan,1
1148=,Kymani,1
1148=,Kyrin,1
1148=,Kyro,1
1148=,Kyron-Shogun,1
1148=,Laeton,1
1148=,Laggan,1
1148=,Lailand,1
1148=,Laird,1
1148=,Lakshman,1
1148=,Lally,1
1148=,Landon,1
1148=,Lannon,1
1148=,Lansu,1
1148=,Lars,1
1148=,Lauden,1
1148=,Laughlan,1
1148=,Laughlin,1
1148=,Laurin,1
1148=,Lawrence,1
1148=,Layne,1
1148=,Layson,1
1148=,Laytn,1
1148=,Lazar,1
1148=,Lazarus,1
1148=,Leathan,1
1148=,Leeland,1
1148=,Leevi-Alexander,1
1148=,Leighton-James,1
1148=,Leighton-Kyle,1
1148=,Leighton-Quade,1
1148=,Leiland,1
1148=,Leim,1
1148=,Lenon,1
1148=,Leo-James,1
1148=,Leocartel,1
1148=,Leon-Rhys,1
1148=,Leonel,1
1148=,Leopold,1
1148=,Leri,1
1148=,Les,1
1148=,Letian,1
1148=,Leven,1
1148=,Lewis-Fraser,1
1148=,Lewis-Tyler,1
1148=,Lewy,1
1148=,Lewys,1
1148=,Leylan,1
1148=,Leyland,1
1148=,Leyun,1
1148=,Lhoghan,1
1148=,Liamthomas,1
1148=,Liibaan,1
1148=,Lincon,1
1148=,Lindyn,1
1148=,Linkin,1
1148=,Livi,1
1148=,Liviu,1
1148=,Lj,1
1148=,Ljay,1
1148=,Llayton,1
1148=,Llyal,1
1148=,Lochain,1
1148=,Lochlainn,1
1148=,Lochlyn,1
1148=,Logan-Lee,1
1148=,Logen,1
1148=,Loghain,1
1148=,Lok,1
1148=,Loken,1
1148=,Loklun,1
1148=,Lorenz,1
1148=,Lorenzo,1
1148=,Lorne,1
1148=,Lotfi,1
1148=,Louden,1
1148=,Loudon,1
1148=,Lough,1
1148=,Lovejoy,1
1148=,Lucais,1
1148=,Lucas-Jack,1
1148=,Lucas-James,1
1148=,Lucian,1
1148=,Lucjan,1
1148=,Ludwik,1
1148=,Lugano,1
1148=,Luigi,1
1148=,Lukis,1
1148=,Luwen,1
1148=,Lyam,1
1148=,Lydon,1
1148=,Lyll,1
1148=,Lynk,1
1148=,Lyotard,1
1148=,Maaz,1
1148=,Maazin,1
1148=,Macaully,1
1148=,Machlan,1
1148=,Macire,1
1148=,Mackay,1
1148=,Mackenzy,1
1148=,Maclaren,1
1148=,Macleod,1
1148=,Maddoch,1
1148=,Maddox,1
1148=,Madhava,1
1148=,Mads,1
1148=,Mael,1
1148=,Mahad,1
1148=,Mahbir,1
1148=,Mahckie,1
1148=,Mahmud,1
1148=,Maikls,1
1148=,Majd,1
1148=,Makenzie,1
1148=,Makoto,1
1148=,Malacay,1
1148=,Malachie,1
1148=,Malakai,1
1148=,Malaykai,1
1148=,Maleek,1
1148=,Malik,1
1148=,Maliki-Levi,1
1148=,Malin,1
1148=,Mandeep,1
1148=,Manis,1
1148=,Manjot,1
1148=,Manni,1
1148=,Manpreet,1
1148=,Manraj,1
1148=,Mansoor,1
1148=,Manuel,1
1148=,Manus,1
1148=,Manveer,1
1148=,Marc-Aurele,1
1148=,Marc-Joseph,1
1148=,Marc-Matthew,1
1148=,Marcello,1
1148=,Marcellus,1
1148=,Maris,1
1148=,Mariusz,1
1148=,Mark-Lee,1
1148=,Markas,1
1148=,Marko,1
1148=,Marsels,1
1148=,Marshall-Cameron,1
1148=,Martain,1
1148=,Marten,1
1148=,Marthinus,1
1148=,Martins,1
1148=,Marton,1
1148=,Martyn,1
1148=,Martynas,1
1148=,Marzio,1
1148=,Mason-James,1
1148=,Matej,1
1148=,Mathis,1
1148=,Matthis,1
1148=,Mattia,1
1148=,Mattias,1
1148=,Matus,1
1148=,Maurice,1
1148=,Maurley,1
1148=,Mauro,1
1148=,Maximillion,1
1148=,Maxym,1
1148=,Maxymilian,1
1148=,Mayson,1
1148=,Maziko,1
1148=,Mazin,1
1148=,Mcalister,1
1148=,Mccaullie,1
1148=,Mckenzi,1
1148=,Mckenzii,1
1148=,Mertcan,1
1148=,Meschac,1
1148=,Michael-Stephen,1
1148=,Micheal,1
1148=,Mickie,1
1148=,Mihir,1
1148=,Mike,1
1148=,Mikee,1
1148=,Mikey-Lee,1
1148=,Mikie,1
1148=,Miks,1
1148=,Milanas,1
1148=,Milind,1
1148=,Millan,1
1148=,Millen,1
1148=,Ming,1
1148=,Mirza,1
1148=,Miska,1
1148=,Mitchel,1
1148=,Mo,1
1148=,Moad,1
1148=,Moanes,1
1148=,Moazzam,1
1148=,Modechai,1
1148=,Modestas,1
1148=,Mohab,1
1148=,Mohammad-Deen,1
1148=,Mohid,1
1148=,Mohsin,1
1148=,Monique,1
1148=,Monroe,1
1148=,Monty,1
1148=,Moray,1
1148=,Morgan-Lee,1
1148=,Moritz,1
1148=,Morris,1
1148=,Morrison,1
1148=,Morten,1
1148=,Mortimer,1
1148=,Morven,1
1148=,Moryn,1
1148=,Mosab,1
1148=,Mosimiloluwa,1
1148=,Moss,1
1148=,Motasim,1
1148=,Mourade,1
1148=,Mousa,1
1148=,Mritunjay,1
1148=,Mrwan,1
1148=,Mu'ath,1
1148=,Muaad,1
1148=,Muaaz,1
1148=,Mueed,1
1148=,Muhammad-Ibrahim,1
1148=,Muhammad-Ishaq,1
1148=,Muhammad-Muaz,1
1148=,Muhammed-Zakariya,1
1148=,Muhammedarhum,1
1148=,Muhib,1
1148=,Mujahid,1
1148=,Mujtaba,1
1148=,Mukhtar,1
1148=,Mullen,1
1148=,Muneer,1
1148=,Mungo,1
1148=,Muntazir,1
1148=,Murphy,1
1148=,Murtadha,1
1148=,Mustapha,1
1148=,Muzamil,1
1148=,Mylez,1
1148=,Nade,1
1148=,Nadir,1
1148=,Naeem,1
1148=,Naill,1
1148=,Naithan,1
1148=,Najjibu,1
1148=,Nakeal,1
1148=,Nathan-James,1
1148=,Naythan,1
1148=,Neal,1
1148=,Nebi,1
1148=,Neelesh,1
1148=,Neeraj,1
1148=,Neeson,1
1148=,Neiko,1
1148=,Neithan,1
1148=,Nelwyn,1
1148=,Neon,1
1148=,Nevan,1
1148=,Ngai,1
1148=,Nicco,1
1148=,Nick,1
1148=,Nicky,1
1148=,Nika,1
1148=,Nikhil,1
1148=,Nikolaos,1
1148=,Niks,1
1148=,Nikson,1
1148=,Nile,1
1148=,Nils,1
1148=,Ninian,1
1148=,Nino,1
1148=,Nischal,1
1148=,Nishan,1
1148=,Niven,1
1148=,Noa,1
1148=,Noaah,1
1148=,Noe,1
1148=,Nsikakinamabasi,1
1148=,Nuha,1
1148=,Nyall,1
1148=,Nyran,1
1148=,Oakley,1
1148=,Obie,1
1148=,Oche,1
1148=,Ochriel,1
1148=,Odafeoghene,1
1148=,Ofodire,1
1148=,Ohian,1
1148=,Ohli,1
1148=,Oistin,1
1148=,Ojas,1
1148=,Olamilekan,1
1148=,Olatomiwa,1
1148=,Olegs,1
1148=,Olgierd,1
1148=,Oli,1
1148=,Olie,1
1148=,Olin,1
1148=,Olivet,1
1148=,Oliwer,1
1148=,Olley,1
1148=,Olly-Jude,1
1148=,Ollyver,1
1148=,Olufolayemi,1
1148=,Oluwafifunmi,1
1148=,Oluwamayomikun,1
1148=,Oluwasemilore,1
1148=,Oluwaseun,1
1148=,Oluwatamilore,1
1148=,Oluwatimilehin,1
1148=,Oluwatobiloba,1
1148=,Oluwatosato,1
1148=,Oluwatoyosi,1
1148=,Oluyemi,1
1148=,Om,1
1148=,Omer,1
1148=,Omkar,1
1148=,On,1
1148=,Ondrej,1
1148=,Onic,1
1148=,Orandy,1
1148=,Oreoluwa,1
1148=,Orfukondu,1
1148=,Orin,1
1148=,Orlando,1
1148=,Orrie,1
1148=,Orson,1
1148=,Osama,1
1148=,Osca,1
1148=,Oseze,1
1148=,Osgar,1
1148=,Osmond,1
1148=,Ostin,1
1148=,Othello,1
1148=,Otto,1
1148=,Owain,1
1148=,Owen-Clay,1
1148=,Owen-James,1
1148=,Ozan,1
1148=,Ozzi,1
1148=,Paa,1
1148=,Paarmik,1
1148=,Pablo,1
1148=,Pahulveer,1
1148=,Panashe,1
1148=,Paolo,1
1148=,Param,1
1148=,Parker,1
1148=,Parth,1
1148=,Pasha,1
1148=,Pat,1
1148=,Pattin,1
1148=,Paul-Junior,1
1148=,Paul-Michael,1
1148=,Paula,1
1148=,Paulius,1
1148=,Pavan,1
1148=,Pavel,1
1148=,Peadar,1
1148=,Percy,1
1148=,Peter-James,1
1148=,Petr,1
1148=,Peytros,1
1148=,Phil,1
1148=,Philippe,1
1148=,Phindamandla,1
1148=,Piers,1
1148=,Pieters,1
1148=,Pj,1
1148=,Plamen,1
1148=,Prabhjeet,1
1148=,Prakhar,1
1148=,Prannav,1
1148=,Premo,1
1148=,Prince,1
1148=,Prosper,1
1148=,Przemyslaw,1
1148=,Punnoose,1
1148=,Qays,1
1148=,Quin,1
1148=,Quincy,1
1148=,Quinnlan,1
1148=,Quinton,1
1148=,Raahil,1
1148=,Raahim,1
1148=,Rachata,1
1148=,Radek,1
1148=,Radko,1
1148=,Radleigh,1
1148=,Radovan,1
1148=,Radwan,1
1148=,Rae,1
1148=,Rafal,1
1148=,Raffat,1
1148=,Rafferty,1
1148=,Rahab,1
1148=,Rahib,1
1148=,Rahman,1
1148=,Rai,1
1148=,Raif,1
1148=,Raih,1
1148=,Raihan,1
1148=,Rajj,1
1148=,Rajvir,1
1148=,Ralfs,1
1148=,Rana,1
1148=,Rand,1
1148=,Ranulph,1
1148=,Ranveer,1
1148=,Raqayim,1
1148=,Rares,1
1148=,Rasmie,1
1148=,Rastislav,1
1148=,Ravindran,1
1148=,Rayhaan,1
1148=,Rayhane,1
1148=,Raymie,1
1148=,Raza,1
1148=,Reda,1
1148=,Reeve,1
1148=,Reggie,1
1148=,Regie,1
1148=,Reginald,1
1148=,Rehman,1
1148=,Reid,1
1148=,Reife,1
1148=,Reiff,1
1148=,Reiley,1
1148=,Reilley,1
1148=,Reimer,1
1148=,Rennie,1
1148=,Reno,1
1148=,Renz,1
1148=,Renzo,1
1148=,Ressan,1
1148=,Reuven,1
1148=,Rewon,1
1148=,Rhoan,1
1148=,Rhodi,1
1148=,Rhori,1
1148=,Rhuairdh,1
1148=,Rhuan,1
1148=,Rhuaridh,1
1148=,Rhudi,1
1148=,Rhuri,1
1148=,Rhylan,1
1148=,Rhylee,1
1148=,Rhyleigh,1
1148=,Riccardo,1
1148=,Ricki,1
1148=,Ridoy,1
1148=,Rielly,1
1148=,Rikijs,1
1148=,Riley-Boy,1
1148=,Riley-Joshua,1
1148=,Rino,1
1148=,Rio-James,1
1148=,Rion,1
1148=,Riordan,1
1148=,Ripley,1
1148=,Rithik,1
1148=,River,1
1148=,Roane,1
1148=,Roary,1
1148=,Robby,1
1148=,Robert-Jay,1
1148=,Robert-John,1
1148=,Roberto,1
1148=,Roch,1
1148=,Rodaidh,1
1148=,Rodel,1
1148=,Rogen,1
1148=,Roger,1
1148=,Rohen,1
1148=,Rohit,1
1148=,Rohnan,1
1148=,Roj,1
1148=,Roland,1
1148=,Romans,1
1148=,Ronon,1
1148=,Roosevelt,1
1148=,Roran,1
1148=,Rosco,1
1148=,Roshan,1
1148=,Roshik,1
1148=,Rowen,1
1148=,Rowin,1
1148=,Royal,1
1148=,Ruadhri,1
1148=,Ruary,1
1148=,Rubeinn,1
1148=,Rubin,1
1148=,Rubyn,1
1148=,Rudra,1
1148=,Ruen,1
1148=,Rufus,1
1148=,Runo,1
1148=,Rupert,1
1148=,Ruslan,1
1148=,Ryan-Andrew,1
1148=,Ryan-Junior,1
1148=,Ryan-Noah,1
1148=,Ryan-Oliver,1
1148=,Rylai,1
1148=,Ryland,1
1148=,Ryleigh,1
1148=,Rylyn,1
1148=,Rys,1
1148=,Ryukazu,1
1148=,Ryuto,1
1148=,Saad,1
1148=,Saail,1
1148=,Sabih,1
1148=,Sabyrzhan,1
1148=,Saeed,1
1148=,Saejin,1
1148=,Safdar,1
1148=,Safwaan,1
1148=,Sahad,1
1148=,Sahibdeep,1
1148=,Sahishnu,1
1148=,Sahmha,1
1148=,Saif-Ali,1
1148=,Sajjad,1
1148=,Sajmon,1
1148=,Saleh,1
1148=,Salem,1
1148=,Salman,1
1148=,Salvatore,1
1148=,Samiullah,1
1148=,Sampson,1
1148=,Samsidine,1
1148=,Samsor,1
1148=,Samual,1
1148=,Samyo,1
1148=,Sandiso,1
1148=,Sans,1
1148=,Saross,1
1148=,Sarthak,1
1148=,Sasha,1
1148=,Saud,1
1148=,Sayed,1
1148=,Scotty,1
1148=,Se,1
1148=,Seain,1
1148=,Sean-Luke,1
1148=,Sebastiano,1
1148=,Sebastien,1
1148=,Sebhjeet,1
1148=,Sehej,1
1148=,Seif,1
1148=,Seme-Skaedy,1
1148=,Semyon,1
1148=,Sephiroth,1
1148=,Seraj,1
1148=,Serkan,1
1148=,Seroud,1
1148=,Seumais,1
1148=,Sevag,1
1148=,Sewa,1
1148=,Seweryn,1
1148=,Shaan,1
1148=,Shaban,1
1148=,Shadan,1
1148=,Shadeen,1
1148=,Shahood,1
1148=,Shahzad,1
1148=,Shahzain,1
1148=,Shair,1
1148=,Shand,1
1148=,Shanmukha,1
1148=,Shaquille,1
1148=,Sharafeddean,1
1148=,Sharan,1
1148=,Sharmake,1
1148=,Shaydan'lee,1
1148=,Shayden,1
1148=,Shayn-Lee,1
1148=,Shen,1
1148=,Shenshah,1
1148=,Sheraz,1
1148=,Sheryarr,1
1148=,Shiva,1
1148=,Shivam,1
1148=,Shoaib,1
1148=,Shohomjyoti,1
1148=,Shonnie,1
1148=,Shree,1
1148=,Shreya,1
1148=,Shreyansh,1
1148=,Shunna,1
1148=,Siddharth,1
1148=,Sidhant,1
1148=,Sidney,1
1148=,Silas,1
1148=,Simbarashe,1
1148=,Sinai,1
1148=,Sinan,1
1148=,Siraj,1
1148=,Sirius,1
1148=,Slesh,1
1148=,Slessor,1
1148=,Sochima,1
1148=,Sofian,1
1148=,Sohail,1
1148=,Sohan,1
1148=,Sole,1
1148=,Solieman,1
1148=,Somhairle,1
1148=,Somto,1
1148=,Sonas,1
1148=,Sonila,1
1148=,Sonne,1
1148=,Sonnie,1
1148=,Soren,1
1148=,Soul,1
1148=,Spence,1
1148=,Sri,1
1148=,Sribatsa,1
1148=,Srinivas,1
1148=,Stafford,1
1148=,Starley,1
1148=,Stefan,1
1148=,Steffan,1
1148=,Steffano,1
1148=,Steven-Jnr,1
1148=,Stewart-Allan,1
1148=,Stirling,1
1148=,Stoyan,1
1148=,Subhan,1
1148=,Suhayb,1
1148=,Sukh,1
1148=,Sukhbeer,1
1148=,Sukrit,1
1148=,Suleman,1
1148=,Sunny,1
1148=,Sutherland,1
1148=,Sven,1
1148=,Sweyn,1
1148=,Tadeas,1
1148=,Tadiwanashe,1
1148=,Taevon,1
1148=,Tage,1
1148=,Tailer-Jay,1
1148=,Tain,1
1148=,Taine,1
1148=,Tait,1
1148=,Tajpreet,1
1148=,Tamaradeinyefa,1
1148=,Tamaro,1
1148=,Tameem,1
1148=,Tanay,1
1148=,Tanish,1
1148=,Tanmay,1
1148=,Tanzeer,1
1148=,Taonanyasha,1
1148=,Taranvir,1
1148=,Tarig,1
1148=,Tariq,1
1148=,Tark,1
1148=,Tarlach,1
1148=,Tawana-Nyasha,1
1148=,Tawananyasha,1
1148=,Tawanda,1
1148=,Tawfeequr,1
1148=,Tawsif,1
1148=,Taygen,1
1148=,Tayim,1
1148=,Taylon,1
1148=,Taylor-Jon,1
1148=,Teagan,1
1148=,Tearlach,1
1148=,Teddy,1
1148=,Teenaidy,1
1148=,Tejas,1
1148=,Tejay,1
1148=,Tejus,1
1148=,Temidayo,1
1148=,Teo,1
1148=,Teodor,1
1148=,Terna,1
1148=,Terry,1
1148=,Tessleem,1
1148=,Tevish,1
1148=,Texas,1
1148=,Thai,1
1148=,Thanda,1
1148=,Thaneesh,1
1148=,Thayne,1
1148=,Thomas-John,1
1148=,Thor,1
1148=,Tibor,1
1148=,Tidiane,1
1148=,Ties,1
1148=,Tiger,1
1148=,Timothe,1
1148=,Timothee,1
1148=,Tin,1
1148=,Tinashe,1
1148=,Ting,1
1148=,Tito,1
1148=,Tivon,1
1148=,Tiylor,1
1148=,Tj,1
1148=,Tobechukwu,1
1148=,Tobiasz,1
1148=,Tod,1
1148=,Todd,1
1148=,Toma,1
1148=,Tommi,1
1148=,Tomos,1
1148=,Toren,1
1148=,Torran,1
1148=,Torridon,1
1148=,Torrun,1
1148=,Torryn,1
1148=,Tory,1
1148=,Toryn,1
1148=,Towson,1
1148=,Travis-Clayton,1
1148=,Trent,1
1148=,Trevor,1
1148=,Trey,1
1148=,Tristen,1
1148=,Tristyn,1
1148=,Tumininu,1
1148=,Tunay,1
1148=,Turay,1
1148=,Tye,1
1148=,Tyem,1
1148=,Tyler-Jack,1
1148=,Tyler-Jackson,1
1148=,Tyler-Ross,1
1148=,Tymek,1
1148=,Tyron,1
1148=,Ubaidullah,1
1148=,Uchenna,1
1148=,Ugochukwu,1
1148=,Uriel,1
1148=,Urijah,1
1148=,Usef,1
1148=,Usher,1
1148=,Uvie,1
1148=,Uzair,1
1148=,Vaclav,1
1148=,Vaden,1
1148=,Vahit,1
1148=,Valdemars,1
1148=,Valentin,1
1148=,Vanya,1
1148=,Vatandavara,1
1148=,Veer,1
1148=,Vegas,1
1148=,Venkata,1
1148=,Vere,1
1148=,Vicente,1
1148=,Vidal,1
1148=,Vihaan,1
1148=,Viktor,1
1148=,Vilhelm,1
1148=,Vince,1
1148=,Vincenzo,1
1148=,Vinny,1
1148=,Visanda,1
1148=,Vishal,1
1148=,Vittorio,1
1148=,Volkan,1
1148=,Vuk,1
1148=,Wade,1
1148=,Wai-Kit,1
1148=,Waleed,1
1148=,Wali,1
1148=,Walker,1
1148=,Wallace,1
1148=,Wanya,1
1148=,Warrick,1
1148=,Wasee,1
1148=,Wei,1
1148=,Werner,1
1148=,Weston,1
1148=,Wil,1
1148=,Wilder,1
1148=,Wilf,1
1148=,Willam,1
1148=,Willie,1
1148=,Wincenty,1
1148=,Wojtek,1
1148=,Woodrow,1
1148=,Woodward,1
1148=,Wu,1
1148=,Xack,1
1148=,Xaiver,1
1148=,Xane,1
1148=,Xavier-Ian,1
1148=,Xavier-Troy,1
1148=,Xiang,1
1148=,Yacub,1
1148=,Yadin,1
1148=,Yael,1
1148=,Yafi,1
1148=,Yamin,1
1148=,Yanhong,1
1148=,Yanis,1
1148=,Yann,1
1148=,Yannai,1
1148=,Yannic,1
1148=,Yanzheng,1
1148=,Yaroslav,1
1148=,Yaseen,1
1148=,Yasin,1
1148=,Yasseen,1
1148=,Yasser,1
1148=,Yav,1
1148=,Yersultan,1
1148=,Yichen,1
1148=,Yiqi,1
1148=,Yixuan,1
1148=,Yoan,1
1148=,Yosef,1
1148=,Yosif,1
1148=,Yousief,1
1148=,Yousuf,1
1148=,Yue,1
1148=,Yuk-Chi,1
1148=,Yun,1
1148=,Yusef,1
1148=,Zac-James,1
1148=,Zachery,1
1148=,Zackaria,1
1148=,Zackery,1
1148=,Zaid,1
1148=,Zainedine,1
1148=,Zakariyya,1
1148=,Zakhele,1
1148=,Zal,1
1148=,Zarar,1
1148=,Zayaan,1
1148=,Zayd,1
1148=,Zaydan,1
1148=,Zayden,1
1148=,Zecoy,1
1148=,Zed,1
1148=,Zeeshan,1
1148=,Zen,1
1148=,Zeshan,1
1148=,Zhang-Francois,1
1148=,Zhi,1
1148=,Zhoucan,1
1148=,Zi,1
1148=,Zidan,1
1148=,Zidane,1
1148=,Ziggy,1
1148=,Zilong,1
1148=,Zinedine,1
1148=,Zion,1
1148=,Ziyu,1
1148=,Zohaib,1
1148=,Zygmunt,1
,,
,,
,,
,,
,,
,,
,,
,,
,,
,,
,,
,,
,,
,,
,,
,,
,,
,,
,,
,,
,,
,,
,,
,,
,,
,,
,,
,,
,,
,,
,,
,,
,,
,,
,,
,,
,,
,,
,,
,,
,,
,,
,,
,,
,,
,,
,,
,,
,,
,,
,,
,,
,,
,,
,,
,,
,,
,,
,,
,,
,,
,,
,,
,,
,,
,,
,,
,,
,,
,,
,,
,,
,,
,,
,,
,,
,,
,,
,,
,,
,,
,,
,,
,,
,,
,,
,,
,,
,,
,,
,,
,,
,,
,,
,,
,,
,,
,,
,,
,,
,,
,,
,,
,,
,,
,,
,,
,,
,,
,,
,,
,,
,,
,,
,,
,,
,,
,,
,,
,,
,,
,,
,,
,,
,,
,,
,,
,,
,,
,,
,,
,,
,,
,,
,,
,,
,,
,,
,,
,,
,,
,,
,,
,,
,,
,,
,,
,,
,,
,,
,,
,,
,,
,,
,,
,,
,,
,,
,,
,,
,,
,,
,,
,,
,,
,,
,,
,,
,,
,,
,,
,,
,,
,,
,,
,,
,,
,,
,,
,,
,,
,,
,,
,,
,,
,,
,,
,,
,,
,,
,,
,,
,,
,,
,,
,,
,,
,,
,,
,,
,,
,,
,,
,,
,,
,,
,,
,,
,,
,,
,,
,,
,,
,,
,,
,,
,,
,,
,,
,,
,,
,,
,,
,,
,,
,,
,,
,,
,,
,,
,,
,,
,,
,,
,,
,,
,,
,,
,,
,,
,,
,,
,,
,,
,,
,,
,,
,,
,,
,,
,,
,,
,,
,,
,,
,,
,,
,,
,,
,,
,,
,,
,,
,,
,,
,,
,,
,,
,,
,,
,,
,,
,,
,,
,,
,,
,,
,,
,,
,,
,,
,,
,,
,,
,,
,,
,,
,,
,,
,,
,,
,,
,,
,,
,,
,,
,,
,,
,,
,,
,,
,,
,,
,,
,,
,,
,,
,,
,,
,,
,,
,,
,,
,,
,,
,,
,,
,,
,,
,,
,,
,,
,,
,,
,,
,,
,,
,,
,,
,,
,,
,,
,,
,,
,,
,,
,,
,,
,,
,,
,,
,,
,,
,,
,,
,,
,,
,,
,,
,,
,,
,,
,,
,,
,,
,,
,,
,,
,,
,,
,,
,,
,,
,,
,,
,,
,,
,,
,,
,,
,,
,,
,,
,,
,,
,,
,,
,,
,,
,,
,,
,,
,,
,,
,,
,,
,,
,,
,,
,,
,,
,,
,,
,,
,,
,,
,,
,,
,,
,,
,,
,,
,,
,,
,,
,,
,,
,,
,,
,,
,,
,,
,,
,,
,,
,,
,,
,,
,,
,,
,,
,,
,,
,,
,,
,,
,,
,,
,,
,,
,,
,,
,,
,,
,,
,,
,,
,,
,,
,,
,,
,,
,,
,,
,,
,,
,,
,,
,,
,,
,,
,,
,,
,,
,,
,,
,,
,,
,,
,,
,,
,,
,,
,,
,,
,,
,,
,,
,,
,,
,,
,,
,,
,,
,,
,,
,,
,,
,,
,,
,,
,,
,,
,,
,,
,,
,,
,,
,,
,,
,,
,,
,,
,,
,,
,,
,,
,,
,,
,,
,,
,,
,,
,,
,,
,,
,,
,,
,,
,,
,,
,,
,,
,,
,,
,,
,,
,,
,,
,,
,,
,,
,,
,,
,,
,,
,,
,,
,,
,,
,,
,,
,,
,,
,,
,,
,,
,,
,,
,,
,,
,,
,,
,,
,,
,,
,,
,,
,,
,,
,,
,,
,,
,,
,,
,,
,,
,,
,,
,,
,,
,,
,,
,,
,,
,,
,,
,,
,,
,,
,,
,,
,,
,,
,,
,,
,,
,,
,,
,,
,,
,,
,,
,,
,,
,,
,,
,,
,,
,,
,,
,,
,,
,,
,,
,,
,,
,,
,,
,,
,,
,,
,,
,,
,,
,,
,,
,,
,,
,,
,,
,,
,,
,,
,,
,,
,,
,,
,,
,,
,,
,,
,,
,,
,,
,,
,,
,,
,,
,,
,,
,,
,,
,,
,,
,,
,,
,,
,,
,,
,,
,,
,,
,,
,,
,,
,,
,,
,,
,,
,,
,,
,,
,,
,,
,,
,,
,,
,,
,,
,,
,,
,,
,,
,,
,,
,,
,,
,,
,,
,,
,,
,,
,,
,,
,,
,,
,,
,,
,,
,,
,,
,,
,,
,,
,,
,,
,,
,,
,,
,,
,,
,,
,,
,,
,,
,,
,,
,,
,,
,,
,,
,,
,,
,,
,,
,,
,,
,,
,,
,,
,,
,,
,,
,,
,,
,,
,,
,,
,,
,,
,,
,,
,,
,,
,,
,,
,,
,,
,,
,,
,,
,,
,,
,,
,,
,,
,,
,,
,,
,,
,,
,,
,,
,,
,,
,,
,,
,,
,,
,,
,,
,,
,,
,,
,,
,,
,,
,,
,,
,,
,,
,,
,,
,,
,,
,,
,,
,,
,,
,,
,,
,,
,,
,,
,,
,,
,,
,,
,,
,,
,,
,,
,,
,,
,,
,,
,,
,,
,,
,,
,,
,,
,,
,,
,,
,,
,,
,,
,,
,,
,,
,,
,,
,,
,,
,,
,,
,,
,,
,,
,,
,,
,,
,,
,,
,,
,,
,,
,,
,,
,,
,,
,,
,,
,,
,,
,,
,,
,,
,,
,,
,,
,,
,,
,,
,,
,,
,,
,,
,,
,,
,,
,,
,,
,,
,,
,,
,,
,,
,,
,,
,,
,,
,,
,,
,,
,,
,,
,,
,,
,,
,,
,,
,,
,,
,,
,,
,,
,,
,,
,,
,,
,,
,,
,,
,,
,,
,,
,,
,,
,,
,,
,,
,,
,,
,,
,,
,,
,,
,,
,,
,,
,,
,,
,,
,,
,,
,,
,,
,,
,,
,,
,,
,,
,,
,,
,,
,,
,,
,,
,,
,,
,,
,,
,,
,,
,,
,,
,,
,,
,,
,,
,,
,,
,,
,,
,,
,,
,,
,,
,,
,,
,,
,,
,,
,,
,,
,,
,,
,,
,,
,,
,,
,,
,,
,,
,,
,,
,,
,,
,,
,,
,,
,,
,,
,,
,,
,,
,,
,,
,,
,,
,,
,,
,,
,,
,,
,,
,,
,,
,,
,,
,,
,,
,,
,,
,,
,,
,,
,,
,,
,,
,,
,,
,,
,,
,,
,,
,,
,,
,,
,,
,,
,,
,,
,,
,,
,,
,,
,,
,,
,,
,,
,,
,,
,,
,,
,,
,,
,,
,,
,,
,,
,,
,,
,,
,,
,,
,,
,,
,,
,,
,,
,,
,,
,,
,,
,,
,,
,,
,,
,,
,,
,,
,,
,,
,,
,,
,,
,,
,,
,,
,,
,,
,,
,,
,,
,,
,,
,,
,,
,,
,,
,,
,,
,,
,,
,,
,,
,,
,,
,,
,,
,,
,,
,,
,,
,,
,,
,,
,,
,,
,,
,,
,,
,,
,,
,,
,,
,,
,,
,,
,,
,,
,,
,,
,,
,,
,,
,,
,,
,,
,,
,,
,,
,,
,,
,,
,,
,,
,,
,,
,,
,,
,,
,,
,,
,,
,,
,,
,,
,,
,,
,,
,,
,,
,,
,,
,,
,,
,,
,,
,,
,,
,,
,,
,,
,,
,,
,,
,,
,,
,,
,,
,,
,,
,,
,,
© Crown Copyright 2015,,
