Position,Name,Number of babies
1,Jack,595
2,James,434
3,Lewis,382
4,Oliver,361
5,Daniel,359
6,Logan,349
7,Alexander,318
8,Lucas,313
9,Charlie,301
10,Harry,299
11,Mason,292
12,Ethan,284
13,Noah,282
14,Harris,270
15,Riley,265
16,Finlay,259
17,Alfie,257
18,Jacob,249
19,Max,247
20,Adam,243
21,Thomas,241
22,Leo,238
23,Cameron,236
24,Ryan,234
25,Aaron,232
26,Matthew,229
27,Nathan,225
28=,Kai,216
28=,Liam,216
30=,Archie,214
30=,Jamie,214
32,Dylan,213
33,Callum,207
34,Joshua,202
35,Tyler,193
36,David,190
37,Connor,189
38,Luke,188
39,William,187
40,Oscar,185
41,Kyle,184
42,Rory,182
43,Michael,169
44,Andrew,164
45,Aiden,159
46,Samuel,153
47,Brodie,148
48,Jayden,147
49,Joseph,142
50,Harrison,137
51,John,136
52,Muhammad,134
53=,Benjamin,124
53=,Cole,124
55,Robbie,122
56,Leon,121
57,Josh,119
58=,Caleb,116
58=,Cooper,116
60=,Jay,115
60=,Murray,115
60=,Sam,115
63=,Ben,114
63=,Fraser,114
65,Finn,112
66,Angus,109
67=,Calum,108
67=,Ruaridh,108
69,Rhys,107
70,Arran,106
71,Kayden,105
72=,Euan,103
72=,Ollie,103
74,Blake,100
75,Christopher,98
76,Robert,95
77,Jake,92
78=,Blair,91
78=,Owen,91
80,Isaac,87
81,Jude,84
82,Luca,83
83,Aidan,81
84,George,80
85,Cody,76
86,Ross,75
87=,Harvey,72
87=,Zac,72
89=,Alex,71
89=,Jackson,71
89=,Sean,71
92,Calvin,70
93=,Hamish,69
93=,Kian,69
95,Corey,68
96=,Callan,67
96=,Evan,67
96=,Reuben,67
99=,Declan,66
99=,Theo,66
101=,Carson,65
101=,Kieran,65
103,Kaiden,64
104,Struan,63
105=,Lachlan,61
105=,Scott,61
105=,Zachary,61
108=,Mohammed,59
108=,Zak,59
110=,Charles,58
110=,Olly,58
112,Jaxon,57
113,Mark,56
114,Carter,55
115=,Flynn,54
115=,Gregor,54
117=,Brody,53
117=,Ewan,53
117=,Lyle,53
117=,Reece,53
117=,Sebastian,53
122=,Gabriel,52
122=,Taylor,52
124=,Hunter,51
124=,Shay,51
126=,Joey,50
126=,Patrick,50
128,Rocco,49
129,Jakub,48
130=,Alistair,46
130=,Edward,46
130=,Marcus,46
130=,Sonny,46
134,Elliot,45
135,Ellis,44
136,Harley,43
137=,Anthony,42
137=,Joe,42
139=,Henry,41
139=,Mohammad,41
139=,Zack,41
142=,Arthur,40
142=,Austin,40
142=,Danny,40
142=,Hugo,40
146=,Bailey,39
146=,Louis,39
146=,Steven,39
146=,Toby,39
150=,Bradley,38
150=,Junior,38
150=,Ruairidh,38
153,Kacper,37
154=,Fergus,36
154=,Innes,36
154=,Jason,36
154=,Nicholas,36
154=,Tommy,36
159=,Alan,35
159=,Finley,35
159=,Layton,35
162=,Conor,34
162=,Lennon,34
162=,Levi,34
162=,Paul,34
162=,Zach,34
167=,Brandon,33
167=,Ciaran,33
167=,Dexter,33
167=,Stephen,33
171=,Craig,32
171=,Dominic,32
171=,Louie,32
171=,Lukas,32
171=,Peter,32
171=,Shaun,32
177=,Alasdair,31
177=,Campbell,31
177=,Duncan,31
177=,Frankie,31
177=,Travis,31
182,Kenzie,30
183=,Ayden,29
183=,Bobby,29
183=,Cian,29
183=,Keir,29
183=,Leighton,29
183=,Mitchell,29
183=,Niall,29
190=,Filip,28
190=,Findlay,28
190=,Magnus,28
190=,Stuart,28
194=,Freddie,27
194=,Rowan,27
194=,Zander,27
197=,Darren,26
197=,Jonathan,26
197=,Ronan,26
197=,Seth,26
201=,Douglas,25
201=,Hayden,25
203=,Ashton,24
203=,Elliott,24
203=,Felix,24
203=,Leyton,24
207=,Billy,23
207=,Cayden,23
207=,Kye,23
207=,Lee,23
207=,Marc,23
207=,Myles,23
207=,Roman,23
207=,Xavier,23
215=,Caiden,22
215=,Eli,22
215=,Elijah,22
215=,Joel,22
215=,Jordan,22
215=,Lochlan,22
215=,Maxwell,22
215=,Oskar,22
223=,Hugh,21
223=,Jenson,21
223=,Martin,21
223=,Patryk,21
227=,Adrian,20
227=,Arron,20
227=,Kerr,20
227=,Kevin,20
227=,Nathaniel,20
227=,Ruben,20
227=,Tom,20
234=,Caelan,19
234=,Dawid,19
234=,Fabian,19
234=,Jai,19
234=,Torin,19
234=,Tristan,19
240=,Antoni,18
240=,Ibrahim,18
240=,Kaleb,18
240=,Miller,18
240=,Quinn,18
240=,Rio,18
240=,Ruari,18
247=,Abdullah,17
247=,Arlo,17
247=,Brian,17
247=,Francis,17
247=,Jan,17
247=,Jaxson,17
247=,Kenneth,17
247=,Lyall,17
247=,Maximilian,17
247=,Spencer,17
257=,Ali,16
257=,Christian,16
257=,Cohen,16
257=,Dominik,16
257=,Marcel,16
257=,Mikey,16
257=,Muhammed,16
257=,Nico,16
257=,Nicolas,16
257=,Richard,16
257=,Robin,16
257=,Rudi,16
269=,Abdul,15
269=,Alfred,15
269=,Allan,15
269=,Casey,15
269=,Dean,15
269=,Frederick,15
269=,Jace,15
269=,Jax,15
269=,Leland,15
269=,Rohan,15
269=,Xander,15
280=,Brendan,14
280=,Bruce,14
280=,Colin,14
280=,Gordon,14
280=,Hudson,14
280=,Jaiden,14
280=,Kole,14
280=,Kyran,14
280=,Lawson,14
280=,Leonardo,14
280=,Maison,14
280=,Miles,14
280=,Milo,14
280=,Preston,14
280=,Saul,14
280=,Simon,14
280=,Theodore,14
280=,Tobias,14
280=,Wiktor,14
299=,Ayaan,13
299=,Caden,13
299=,Callen,13
299=,Conner,13
299=,Eoin,13
299=,Gavin,13
299=,Grayson,13
299=,Hassan,13
299=,Jensen,13
299=,Kelvin,13
299=,Kody,13
299=,Lennox,13
299=,Marley,13
299=,Mateusz,13
299=,Mikolaj,13
299=,Parker,13
299=,Szymon,13
316=,Colby,12
316=,Cormac,12
316=,Cruz,12
316=,Damian,12
316=,Gary,12
316=,Greg,12
316=,Igor,12
316=,Jasper,12
316=,Kade,12
316=,Keegan,12
316=,Mackenzie,12
316=,Mathew,12
316=,Maximus,12
316=,Murdo,12
316=,Philip,12
316=,Rayyan,12
316=,Ruairi,12
316=,Ruaraidh,12
316=,Shane,12
335=,Archibald,11
335=,Brayden,11
335=,Cailean,11
335=,Cillian,11
335=,Coby,11
335=,Curtis,11
335=,Donald,11
335=,Drew,11
335=,Franciszek,11
335=,Fynn,11
335=,Karson,11
335=,Luka,11
335=,Malcolm,11
335=,Morgan,11
335=,Mylo,11
335=,Nairn,11
335=,Neil,11
335=,Nikodem,11
335=,Olivier,11
335=,Ramsay,11
335=,Vincent,11
335=,Zain,11
357=,Alastair,10
357=,Bartosz,10
357=,Kalvin,10
357=,Lauchlan,10
357=,Marco,10
357=,Ray,10
357=,Victor,10
357=,Warren,10
357=,Yusuf,10
366=,Aedan,9
366=,Ajay,9
366=,Aleksander,9
366=,Ally,9
366=,Anton,9
366=,Beau,9
366=,Cairn,9
366=,Colton,9
366=,Conall,9
366=,Dawson,9
366=,Derry,9
366=,Devlin,9
366=,Devon,9
366=,Dillon,9
366=,Elias,9
366=,Hector,9
366=,Iain,9
366=,Ian,9
366=,Johnny,9
366=,Julian,9
366=,Kaden,9
366=,Kane,9
366=,Lleyton,9
366=,Mckenzie,9
366=,Musa,9
366=,Nolan,9
366=,Phoenix,9
366=,Reilly,9
366=,Shae,9
366=,Stanley,9
366=,Stewart,9
366=,Timothy,9
366=,Zayn,9
399=,Aarav,8
399=,Aj,8
399=,Albert,8
399=,Aryan,8
399=,Braxton,8
399=,Bruno,8
399=,Calan,8
399=,Clark,8
399=,Codie,8
399=,Dale,8
399=,Damon,8
399=,Eoghan,8
399=,Fionn,8
399=,Fletcher,8
399=,Frank,8
399=,Glen,8
399=,Harper,8
399=,Jonah,8
399=,Lloyd,8
399=,Mac,8
399=,Maksymilian,8
399=,Millar,8
399=,Natan,8
399=,Nate,8
399=,Noel,8
399=,Omar,8
399=,Oran,8
399=,Piotr,8
399=,Roan,8
399=,Rudy,8
399=,Sandy,8
399=,Seamus,8
399=,Sol,8
399=,Syed,8
399=,Will,8
434=,Barry,7
434=,Baxter,7
434=,Boyd,7
434=,Bryan,7
434=,Daryl,7
434=,Eesa,7
434=,Frazer,7
434=,Graham,7
434=,Haris,7
434=,Hubert,7
434=,Jaden,7
434=,Jak,7
434=,Jakob,7
434=,Kaelan,7
434=,Kieron,7
434=,Kobe,7
434=,Kobi,7
434=,Koby,7
434=,Laurence,7
434=,Malachi,7
434=,Micah,7
434=,Oliwier,7
434=,Rico,7
434=,Rylee,7
434=,Ryley,7
434=,Seumas,7
434=,Stanislaw,7
434=,Tate,7
434=,Tomas,7
434=,Tomasz,7
434=,Zane,7
434=,Zi,7
466=,Aaran,6
466=,Antony,6
466=,Aron,6
466=,Aston,6
466=,Aydin,6
466=,Broden,6
466=,Brooklyn,6
466=,Bryce,6
466=,Cal,6
466=,Carrick,6
466=,Chris,6
466=,Coen,6
466=,Damien,6
466=,Denny,6
466=,Eddie,6
466=,Emmanuel,6
466=,Eric,6
466=,Guy,6
466=,Haydn,6
466=,Heath,6
466=,Innis,6
466=,Jayson,6
466=,Jeremy,6
466=,Kailan,6
466=,Kamil,6
466=,Kasey,6
466=,Kasper,6
466=,Keiran,6
466=,Kenzi,6
466=,Kristian,6
466=,Kyan,6
466=,Kylan,6
466=,Lawrie,6
466=,Lorenzo,6
466=,Macaulay,6
466=,Markus,6
466=,Marshall,6
466=,Matteo,6
466=,Mayson,6
466=,Mohamed,6
466=,Montgomery,6
466=,Niko,6
466=,Orrin,6
466=,Otis,6
466=,Pearse,6
466=,Rafael,6
466=,Rafe,6
466=,Ralph,6
466=,Richie,6
466=,Rufus,6
466=,Russell,6
466=,Sami,6
466=,Thorfinn,6
466=,Yahya,6
520=,Aarron,5
520=,Ahmad,5
520=,Ahmed,5
520=,Albie,5
520=,Antonio,5
520=,Aran,5
520=,Argyll,5
520=,Ari,5
520=,Bentley,5
520=,Brady,5
520=,Braiden,5
520=,Caeden,5
520=,Caolan,5
520=,Carlo,5
520=,Casper,5
520=,Clayton,5
520=,Conan,5
520=,Connell,5
520=,Conrad,5
520=,Corin,5
520=,Cullen,5
520=,Darragh,5
520=,Deacon,5
520=,Dennis,5
520=,Derek,5
520=,Donnie,5
520=,Eugene,5
520=,Freddy,5
520=,Gareth,5
520=,Grant,5
520=,Hasan,5
520=,Ismail,5
520=,Jaydon,5
520=,Jed,5
520=,Jesse,5
520=,Johan,5
520=,Justin,5
520=,Keaton,5
520=,Kellan,5
520=,Kirk,5
520=,Konrad,5
520=,Loui,5
520=,Lucca,5
520=,Luis,5
520=,Lukasz,5
520=,Malachy,5
520=,Malakai,5
520=,Malik,5
520=,Maximillian,5
520=,Michal,5
520=,Oakley,5
520=,Qasim,5
520=,Raphael,5
520=,River,5
520=,Ronald,5
520=,Ronnie,5
520=,Ruan,5
520=,Rupert,5
520=,Rylan,5
520=,Shaye,5
520=,Sorley,5
520=,Teddy,5
520=,Tony,5
520=,Vihaan,5
520=,Wilfred,5
520=,Wilson,5
520=,Wojciech,5
520=,Zakk,5
520=,Zayd,5
520=,Zion,5
590=,A-Jay,4
590=,Aden,4
590=,Alec,4
590=,Ameer,4
590=,Amos,4
590=,Anderson,4
590=,Ash,4
590=,Asher,4
590=,Ayan,4
590=,Barney,4
590=,Benedict,4
590=,Blaine,4
590=,Braeden,4
590=,Brandyn,4
590=,Brogan,4
590=,Cael,4
590=,Clay,4
590=,Clyde,4
590=,Corrie,4
590=,Cory,4
590=,Crawford,4
590=,Darryl,4
590=,Derren,4
590=,Devin,4
590=,Dillan,4
590=,Donovan,4
590=,Dorian,4
590=,Eamon,4
590=,Emir,4
590=,Ezra,4
590=,Federico,4
590=,Forbes,4
590=,Francesco,4
590=,Gene,4
590=,Greig,4
590=,Haiden,4
590=,Hamza,4
590=,Hussain,4
590=,Ivan,4
590=,Jase,4
590=,Jimmy,4
590=,Jon,4
590=,Jonas,4
590=,Josiah,4
590=,Jovan,4
590=,Kajus,4
590=,Kaydan,4
590=,Keiron,4
590=,Kodie,4
590=,Korey,4
590=,Kris,4
590=,Kristopher,4
590=,Kuba,4
590=,Laurie,4
590=,Lenny,4
590=,Leyland,4
590=,Lochlann,4
590=,Lorcan,4
590=,Marek,4
590=,Mateo,4
590=,Matt,4
590=,Milan,4
590=,Munro,4
590=,Murphy,4
590=,Mustafa,4
590=,Nataniel,4
590=,Nathanael,4
590=,Odhran,4
590=,Odin,4
590=,Oisin,4
590=,Olaf,4
590=,Oren,4
590=,Otto,4
590=,Rayaan,4
590=,Rayan,4
590=,Reid,4
590=,Reiss,4
590=,Roberts,4
590=,Roderick,4
590=,Romeo,4
590=,Ronin,4
590=,Rueben,4
590=,Rylie,4
590=,Shayan,4
590=,Shea,4
590=,Solomon,4
590=,Somhairle,4
590=,Stevie,4
590=,Subhan,4
590=,Tj,4
590=,Torran,4
590=,Ty,4
590=,Tymon,4
590=,Wayne,4
590=,Zackery,4
590=,Zaid,4
590=,Zakaria,4
687=,A,3
687=,Abel,3
687=,Ace,3
687=,Addison,3
687=,Adil,3
687=,Adyan,3
687=,Affan,3
687=,Aleks,3
687=,Alessandro,3
687=,Allister,3
687=,Alvin,3
687=,Anas,3
687=,Andre,3
687=,Andreas,3
687=,Angelo,3
687=,Arav,3
687=,Arjun,3
687=,Armaan,3
687=,Artur,3
687=,Arturo,3
687=,Aulay,3
687=,Axel,3
687=,Benas,3
687=,Bilal,3
687=,Brad,3
687=,Brax,3
687=,Byron,3
687=,Cade,3
687=,Caelen,3
687=,Cai,3
687=,Cailen,3
687=,Cain,3
687=,Calder,3
687=,Calen,3
687=,Cason,3
687=,Chad,3
687=,Chay,3
687=,Chi,3
687=,Clarke,3
687=,Clive,3
687=,Coll,3
687=,Corbin,3
687=,Corbyn,3
687=,Corran,3
687=,Cosmo,3
687=,Cupar,3
687=,Daley,3
687=,Dalton,3
687=,Dan,3
687=,Daniyal,3
687=,Dara,3
687=,Darius,3
687=,Davis,3
687=,Denis,3
687=,Divine,3
687=,Dominykas,3
687=,Eduardo,3
687=,Emil,3
687=,Emmett,3
687=,Emre,3
687=,Enzo,3
687=,Ernest,3
687=,Faris,3
687=,Finnlay,3
687=,Franco,3
687=,Gerald,3
687=,Glenn,3
687=,Graeme,3
687=,Gregory,3
687=,Hamdan,3
687=,Hashim,3
687=,Humza,3
687=,Ignacy,3
687=,Imran,3
687=,Ismaeel,3
687=,Ivor,3
687=,Jaxx,3
687=,Jaydan,3
687=,Jayden-James,3
687=,Jia,3
687=,John-Paul,3
687=,Johnjames,3
687=,Jokubas,3
687=,Joss,3
687=,Jun,3
687=,Kadyn,3
687=,Kain,3
687=,Kajetan,3
687=,Kallum,3
687=,Kameron,3
687=,Karter,3
687=,Kayleb,3
687=,Keenan,3
687=,Keian,3
687=,Keigan,3
687=,Kennedy,3
687=,Kerem,3
687=,Kier,3
687=,Kit,3
687=,Kori,3
687=,Krish,3
687=,Kurtis,3
687=,Lachie,3
687=,Lamin,3
687=,Leonard,3
687=,Leonidas,3
687=,Maciej,3
687=,Mackie,3
687=,Marcin,3
687=,Mario,3
687=,Matyas,3
687=,Monty,3
687=,Nairne,3
687=,Nikhil,3
687=,Oban,3
687=,Olli,3
687=,Om,3
687=,Orson,3
687=,Ossian,3
687=,Presley,3
687=,Rafay,3
687=,Regan,3
687=,Reigan,3
687=,Rennie,3
687=,Rhuaridh,3
687=,Ritchie,3
687=,Rogan,3
687=,Roshan,3
687=,Saif,3
687=,Salman,3
687=,Samir,3
687=,Samson,3
687=,Santino,3
687=,Senan,3
687=,Seonaidh,3
687=,Seoras,3
687=,Shai,3
687=,Skye,3
687=,Stellan,3
687=,Taha,3
687=,Tai,3
687=,Ted,3
687=,Teo,3
687=,Terry,3
687=,Thom,3
687=,Thomas-James,3
687=,Trent,3
687=,Troy,3
687=,Uilleam,3
687=,Umar,3
687=,Vinnie,3
687=,Wyatt,3
687=,Yanis,3
687=,Yousef,3
687=,Yousuf,3
687=,Yu,3
687=,Zachariah,3
687=,Zakariya,3
687=,Zayan,3
687=,Zephyr,3
847=,Aahil,2
847=,Aariz,2
847=,Aarush,2
847=,Aaryn,2
847=,Aayaan,2
847=,Abdallah,2
847=,Abdulrahman,2
847=,Adrijus,2
847=,Aiden-James,2
847=,Akram,2
847=,Alberto,2
847=,Alby,2
847=,Alexandru,2
847=,Alexzander,2
847=,Allen,2
847=,Ammar,2
847=,Andrei,2
847=,Aonghas,2
847=,Archer,2
847=,Arhaan,2
847=,Arham,2
847=,Arian,2
847=,Arik,2
847=,Arjen,2
847=,Arne,2
847=,Aronas,2
847=,Arryn,2
847=,Aryn,2
847=,Ashar,2
847=,Atholl,2
847=,Atticus,2
847=,Auley,2
847=,Austyn,2
847=,Avery,2
847=,Axl,2
847=,Ayaz,2
847=,Aymen,2
847=,Ayomide,2
847=,Azaan,2
847=,Bailie,2
847=,Barclay,2
847=,Bartek,2
847=,Bastian,2
847=,Bence,2
847=,Benny,2
847=,Bertie,2
847=,Blane,2
847=,Bo,2
847=,Boaz,2
847=,Bode,2
847=,Borys,2
847=,Bowen,2
847=,Branden,2
847=,Braydon,2
847=,Bronx,2
847=,Brook,2
847=,Bryn,2
847=,Bryson,2
847=,Buddy,2
847=,C-Jay,2
847=,Cailan,2
847=,Caillen,2
847=,Cairo,2
847=,Calin,2
847=,Camden,2
847=,Cammy,2
847=,Caspian,2
847=,Caylan,2
847=,Charley,2
847=,Chase,2
847=,Chester,2
847=,Christy,2
847=,Clinton,2
847=,Cobin,2
847=,Codey,2
847=,Codi,2
847=,Cody-James,2
847=,Coire,2
847=,Colt,2
847=,Conlan,2
847=,Conlon,2
847=,Connar,2
847=,Connel,2
847=,Corben,2
847=,Danielius,2
847=,Danyal,2
847=,Daood,2
847=,Daragh,2
847=,Darwin,2
847=,Daryn,2
847=,Daxton,2
847=,Declyn,2
847=,Denholm,2
847=,Derryn,2
847=,Deryn,2
847=,Destan,2
847=,Dheeraj,2
847=,Diego,2
847=,Dilans,2
847=,Dillion,2
847=,Dino,2
847=,Donnacha,2
847=,Drake,2
847=,Dwayne,2
847=,Eamonn,2
847=,Eason,2
847=,Easton,2
847=,Eben,2
847=,Eden,2
847=,Edwin,2
847=,Ehan,2
847=,Eliot,2
847=,Elis,2
847=,Emerson,2
847=,Emile,2
847=,Enioluwa,2
847=,Enrico,2
847=,Eoghann,2
847=,Erik,2
847=,Erikas,2
847=,Ernesto,2
847=,Ernie,2
847=,Erwin,2
847=,Eryk,2
847=,Eshan,2
847=,Eyad,2
847=,Fabio,2
847=,Fearghas,2
847=,Finbar,2
847=,Finnley,2
847=,Fintan,2
847=,Fionnlagh,2
847=,Floyd,2
847=,Folajimi,2
847=,Fred,2
847=,Gael,2
847=,Garry,2
847=,Gennaro,2
847=,Georgios,2
847=,Ghulam,2
847=,Gideon,2
847=,Gil,2
847=,Gillan,2
847=,Giorgio,2
847=,Giuseppe,2
847=,Hadyn,2
847=,Hari,2
847=,Harlan,2
847=,Harlow,2
847=,Haroon,2
847=,Haroun,2
847=,Harri,2
847=,Hashir,2
847=,Hendrix,2
847=,Howie,2
847=,Ibraheem,2
847=,Idrees,2
847=,Isa,2
847=,Isaak,2
847=,Isac,2
847=,Isaiah,2
847=,Isak,2
847=,Israel,2
847=,Issac,2
847=,Izhaar,2
847=,J,2
847=,Jackie,2
847=,Jakson,2
847=,Jamal,2
847=,Jared,2
847=,Jayce,2
847=,Jaymes,2
847=,Jeffrey,2
847=,Jerome,2
847=,Jock,2
847=,John-James,2
847=,Johnathan,2
847=,Johnathon,2
847=,Johnnie,2
847=,Johnson,2
847=,Jonny,2
847=,Jordy,2
847=,Junhao,2
847=,Jye,2
847=,Kaidyn,2
847=,Kaine,2
847=,Kairo,2
847=,Kaj,2
847=,Kal,2
847=,Kalen,2
847=,Kallan,2
847=,Kamran,2
847=,Kareem,2
847=,Karim,2
847=,Karl,2
847=,Kaspar,2
847=,Kayde,2
847=,Kaylub,2
847=,Kayne,2
847=,Kayson,2
847=,Keane,2
847=,Keith,2
847=,Kell,2
847=,Kellen,2
847=,Kenji,2
847=,Keyaan,2
847=,Khai,2
847=,Kiean,2
847=,Kieren,2
847=,Kingston,2
847=,Klayton,2
847=,Kobie,2
847=,Koden,2
847=,Kodey,2
847=,Kodi,2
847=,Koen,2
847=,Kol,2
847=,Koltyn,2
847=,Kristoffer,2
847=,Kroy,2
847=,Krystian,2
847=,Krzysztof,2
847=,Ksawery,2
847=,Kwame,2
847=,Kyler,2
847=,Kyrin,2
847=,Kyron,2
847=,Laiton,2
847=,Laughlin,2
847=,Leandro,2
847=,Leith,2
847=,Lelan,2
847=,Leon-John,2
847=,Leroy,2
847=,Linden,2
847=,Logan-Lee,2
847=,Loki,2
847=,Lomond,2
847=,Lowrie,2
847=,Lucian,2
847=,Lucus,2
847=,Mackinley,2
847=,Maddox,2
847=,Mahir,2
847=,Malaki,2
847=,Manu,2
847=,Marlowe,2
847=,Matas,2
847=,Matthieu,2
847=,Maverick,2
847=,Maxim,2
847=,Maxx,2
847=,Mehdi,2
847=,Moiz,2
847=,Moray,2
847=,Moses,2
847=,Muaaz,2
847=,Mujtaba,2
847=,Naeem,2
847=,Nahum,2
847=,Nayan,2
847=,Neeson,2
847=,Nick,2
847=,Nicky,2
847=,Nigel,2
847=,Nikolas,2
847=,Niven,2
847=,Nixon,2
847=,Oli,2
847=,Oliwer,2
847=,Oluwatobi,2
847=,Omer,2
847=,Orlando,2
847=,Orran,2
847=,Pablo,2
847=,Papa,2
847=,Pranav,2
847=,Prince,2
847=,Radoslaw,2
847=,Radu,2
847=,Raheem,2
847=,Ralphie,2
847=,Ramsey,2
847=,Rayhan,2
847=,Raymond,2
847=,Reegan,2
847=,Reeve,2
847=,Reo,2
847=,Reubyn,2
847=,Rhoan,2
847=,Rhory,2
847=,Rhuari,2
847=,Rhylee,2
847=,Rhyley,2
847=,Rian,2
847=,Rielly,2
847=,Robbi,2
847=,Roberto,2
847=,Rocko,2
847=,Roddy,2
847=,Roger,2
847=,Rori,2
847=,Roscoe,2
847=,Roy,2
847=,Rubin,2
847=,Rui,2
847=,Ryder,2
847=,Sai,2
847=,Saleh,2
847=,Samy,2
847=,Sanjay,2
847=,Santiago,2
847=,Sarunas,2
847=,Sawyer,2
847=,Sean-Paul,2
847=,Sebastien,2
847=,Shahzaib,2
847=,Shaunie,2
847=,Shaw,2
847=,Sufian,2
847=,Sulayman,2
847=,Suleyman,2
847=,Sultan,2
847=,Syon,2
847=,Tadhg,2
847=,Tait,2
847=,Tariq,2
847=,Teodor,2
847=,Terrence,2
847=,Thando,2
847=,Theodor,2
847=,Tiago,2
847=,Tiger,2
847=,Timur,2
847=,Tobiasz,2
847=,Tommy-Lee,2
847=,Tor,2
847=,Torrin,2
847=,Tristian,2
847=,Tucker,2
847=,Tye,2
847=,Tyler-James,2
847=,Tyr,2
847=,Umair,2
847=,Umer,2
847=,Uzair,2
847=,Viktor,2
847=,Vinny,2
847=,Vivaan,2
847=,Vladimir,2
847=,Wallace,2
847=,Walter,2
847=,Warrick,2
847=,Wesley,2
847=,Witold,2
847=,Yago,2
847=,Yousaf,2
847=,Yun,2
847=,Yunus,2
847=,Zacharia,2
847=,Zakariyya,2
847=,Zaki,2
847=,Zayaan,2
847=,Zayden,2
847=,Zhi,2
847=,Zidan,2
847=,Zidane,2
847=,Zsombor,2
1215=,Aaban,1
1215=,Aadam,1
1215=,Aadit,1
1215=,Aadyn,1
1215=,Aafi,1
1215=,Aamir,1
1215=,Aaranyan,1
1215=,Aaronarthur,1
1215=,Aaronjames,1
1215=,Aarran,1
1215=,Aarv,1
1215=,Aarya,1
1215=,Aathyn,1
1215=,Aayan,1
1215=,Aayden,1
1215=,Aayon,1
1215=,Abd,1
1215=,Abdalla,1
1215=,Abdalrahman,1
1215=,Abdel,1
1215=,Abdul-Qaadir,1
1215=,Abdul-Quddus,1
1215=,Abdulaziz,1
1215=,Abdulhameed,1
1215=,Abdulkader,1
1215=,Abdulkhalek,1
1215=,Abdulkhalid,1
1215=,Abdulraheim,1
1215=,Abdulrazak,1
1215=,Abdulsalam,1
1215=,Abdurrahmaan,1
1215=,Abdurrahman,1
1215=,Abdurrauf,1
1215=,Abdurrehman,1
1215=,Abhinab,1
1215=,Abhiram,1
1215=,Abi,1
1215=,Abian,1
1215=,Abisali,1
1215=,Aboubakry,1
1215=,Abraham,1
1215=,Abrar,1
1215=,Abu,1
1215=,Abu-Ubaidah,1
1215=,Abubakr,1
1215=,Abubokar,1
1215=,Abwe,1
1215=,Acyee,1
1215=,Adair,1
1215=,Adam-Alexander,1
1215=,Addi,1
1215=,Addisyn,1
1215=,Adebola,1
1215=,Adedoyin,1
1215=,Adeiza,1
1215=,Adem,1
1215=,Adeogooluwa,1
1215=,Adesubomi,1
1215=,Adetoyosi,1
1215=,Adheen,1
1215=,Adhrit,1
1215=,Adi,1
1215=,Adian,1
1215=,Aditya,1
1215=,Adley,1
1215=,Admir,1
1215=,Ado,1
1215=,Adore,1
1215=,Adrians,1
1215=,Adriel,1
1215=,Advaith,1
1215=,Adyn,1
1215=,Aedric,1
1215=,Aeren-A'ter,1
1215=,Aeryn,1
1215=,Aeson,1
1215=,Agastya,1
1215=,Agrim,1
1215=,Ahmar,1
1215=,Ahmet,1
1215=,Ahyan,1
1215=,Aibel,1
1215=,Aiddan,1
1215=,Aidie,1
1215=,Aidyn,1
1215=,Aiesrom,1
1215=,Ailin,1
1215=,Aiman,1
1215=,Airan,1
1215=,Airen,1
1215=,Aisosa,1
1215=,Aivan,1
1215=,Ajae,1
1215=,Ajay-Lee,1
1215=,Ajeer,1
1215=,Ajeesh,1
1215=,Ajit,1
1215=,Ajmy,1
1215=,Ak,1
1215=,Akifumi,1
1215=,Akrm,1
1215=,Akseli,1
1215=,Akshaj,1
1215=,Aksil,1
1215=,Al,1
1215=,Al-Bar'aa,1
1215=,Alam,1
1215=,Alaric,1
1215=,Albaraa,1
1215=,Alden,1
1215=,Aldous,1
1215=,Aldrin,1
1215=,Aled,1
1215=,Alejandro,1
1215=,Aleksandr,1
1215=,Aleksey,1
1215=,Alessio,1
1215=,Alexander-John,1
1215=,Alexander-Michael,1
1215=,Alexandr,1
1215=,Alexandro,1
1215=,Alexey,1
1215=,Alfey,1
1215=,Alfi,1
1215=,Alfie-Jack,1
1215=,Alfie-James,1
1215=,Alfy,1
1215=,Alhasan,1
1215=,Alhassan,1
1215=,Alieu,1
1215=,Alisdair,1
1215=,Alistar,1
1215=,Alister,1
1215=,Alman,1
1215=,Alpha,1
1215=,Alphy,1
1215=,Aly,1
1215=,Alyaan,1
1215=,Amaar,1
1215=,Aman,1
1215=,Amardeep,1
1215=,Amazigh,1
1215=,Amine,1
1215=,Amir,1
1215=,Amr,1
1215=,Anakin,1
1215=,Anashe,1
1215=,Ander,1
1215=,Anders,1
1215=,Andi,1
1215=,Andrej,1
1215=,Andres,1
1215=,Andrew-Jacob,1
1215=,Andries,1
1215=,Aness,1
1215=,Anetochukwu,1
1215=,Angad,1
1215=,Angadveer,1
1215=,Anh,1
1215=,Anirduh,1
1215=,Anis,1
1215=,Annan,1
1215=,Anoop,1
1215=,Ans,1
1215=,Ansel,1
1215=,Anselm,1
1215=,Ansh,1
1215=,Anshveer,1
1215=,Anson,1
1215=,Antanas,1
1215=,Anthony-John,1
1215=,Antoan,1
1215=,Antonin,1
1215=,Aodan,1
1215=,Aodhan,1
1215=,Aras,1
1215=,Archange,1
1215=,Archy,1
1215=,Ardan,1
1215=,Ardhan,1
1215=,Arez,1
1215=,Argyll-Sutherland,1
1215=,Arhum,1
1215=,Ariel,1
1215=,Arijus,1
1215=,Aris,1
1215=,Ariyan,1
1215=,Arka,1
1215=,Arkadiusz,1
1215=,Arlen,1
1215=,Arlend,1
1215=,Armandas,1
1215=,Armani,1
1215=,Armanjit,1
1215=,Arn,1
1215=,Arnaud,1
1215=,Arnish,1
1215=,Arnold,1
1215=,Arran-Luke,1
1215=,Arrie,1
1215=,Arrin,1
1215=,Arrlo,1
1215=,Arsalan,1
1215=,Arshia,1
1215=,Arsim,1
1215=,Artjom,1
1215=,Artjoms,1
1215=,Arturs,1
1215=,Arty,1
1215=,Arun,1
1215=,Arunjot,1
1215=,Arvin,1
1215=,Arwyn,1
1215=,Arya,1
1215=,Aryaan,1
1215=,Aryaveer,1
1215=,Arzan,1
1215=,Asa,1
1215=,Ashaz,1
1215=,Ashbel,1
1215=,Ashbik,1
1215=,Ashkan,1
1215=,Ashley,1
1215=,Ashton-James,1
1215=,Askel,1
1215=,Aslan,1
1215=,Atahualpa,1
1215=,Atakan,1
1215=,Atharv,1
1215=,Attila,1
1215=,Audric,1
1215=,Augustas,1
1215=,Augustine,1
1215=,Aurrin,1
1215=,Auryn,1
1215=,Austin-Ian,1
1215=,Aven,1
1215=,Avi,1
1215=,Avikrit,1
1215=,Avinveer,1
1215=,Avneesh,1
1215=,Avraj,1
1215=,Avyukt,1
1215=,Awais,1
1215=,Aws,1
1215=,Axton,1
1215=,Ayaab,1
1215=,Ayaansh,1
1215=,Ayat,1
1215=,Ayben,1
1215=,Aydan,1
1215=,Ayden-James,1
1215=,Ayhan,1
1215=,Aylan,1
1215=,Ayman,1
1215=,Aymon,1
1215=,Ayobami,1
1215=,Ayomikun,1
1215=,Ayomitilekun,1
1215=,Ayoub,1
1215=,Aythan,1
1215=,Ayush,1
1215=,Ayyan,1
1215=,Ayyub,1
1215=,Azad,1
1215=,Azael,1
1215=,Azan,1
1215=,Azeem,1
1215=,Azlan,1
1215=,Babacer,1
1215=,Baban,1
1215=,Bailey-Shay,1
1215=,Bailley,1
1215=,Baily,1
1215=,Bamidele,1
1215=,Bane,1
1215=,Bannan,1
1215=,Baqir,1
1215=,Barcley,1
1215=,Barklay,1
1215=,Barrington,1
1215=,Bartlomiej,1
1215=,Baruch,1
1215=,Barukh,1
1215=,Baryal,1
1215=,Battista,1
1215=,Baylee,1
1215=,Bazil,1
1215=,Beck,1
1215=,Benamin,1
1215=,Bendeguz,1
1215=,Benedek,1
1215=,Benett,1
1215=,Benjemin,1
1215=,Benjimin,1
1215=,Benn,1
1215=,Bennett,1
1215=,Benyamin,1
1215=,Berat,1
1215=,Bernard-Che,1
1215=,Berwyn,1
1215=,Bex,1
1215=,Bhriclan,1
1215=,Bien-Zachary,1
1215=,Billy-Lee,1
1215=,Bishaan,1
1215=,Bivan,1
1215=,Blaik,1
1215=,Blake-Lee,1
1215=,Blayne,1
1215=,Blayr,1
1215=,Blayre,1
1215=,Blaze-Lee,1
1215=,Blessed,1
1215=,Blyth,1
1215=,Bob,1
1215=,Bobby-James,1
1215=,Bodhi,1
1215=,Bodie,1
1215=,Bogdan,1
1215=,Bojidar,1
1215=,Bond,1
1215=,Boto,1
1215=,Bowie,1
1215=,Boyan,1
1215=,Boye,1
1215=,Bradan,1
1215=,Braden,1
1215=,Braeden-Scott,1
1215=,Braicyn,1
1215=,Braidan,1
1215=,Branan,1
1215=,Branch,1
1215=,Brandon-Lee,1
1215=,Braylin,1
1215=,Brendon,1
1215=,Brenin,1
1215=,Brennan,1
1215=,Bret,1
1215=,Brett,1
1215=,Brewster,1
1215=,Breyan,1
1215=,Breyon,1
1215=,Briac,1
1215=,Bright,1
1215=,Brodhi,1
1215=,Brookley,1
1215=,Brown,1
1215=,Bruin,1
1215=,Brycie,1
1215=,Burhan,1
1215=,Burhanuddin,1
1215=,C,1
1215=,Caalin,1
1215=,Cadeon,1
1215=,Caedan,1
1215=,Caedmon,1
1215=,Cage,1
1215=,Cahl,1
1215=,Caidyn,1
1215=,Caihden,1
1215=,Cailaen,1
1215=,Cailin,1
1215=,Caillan,1
1215=,Cailynn,1
1215=,Caine,1
1215=,Cairan,1
1215=,Cal-El,1
1215=,Calabe,1
1215=,Calay,1
1215=,Cale,1
1215=,Caley,1
1215=,Calin-Ionut,1
1215=,Calixte,1
1215=,Callaghan,1
1215=,Callaghn,1
1215=,Callin,1
1215=,Calub,1
1215=,Calvie,1
1215=,Calvin-James,1
1215=,Calvyn,1
1215=,Calydon,1
1215=,Calyx,1
1215=,Camden-Jordan,1
1215=,Camdyn,1
1215=,Camille,1
1215=,Campbell-Josh,1
1215=,Camren,1
1215=,Camryn,1
1215=,Caoimhan,1
1215=,Carden,1
1215=,Carl,1
1215=,Carlisle,1
1215=,Carlito,1
1215=,Carlos,1
1215=,Carsen,1
1215=,Carson-Koa,1
1215=,Carsyn,1
1215=,Carter-Blue,1
1215=,Cash,1
1215=,Caspar,1
1215=,Cass,1
1215=,Cassius,1
1215=,Casson,1
1215=,Castiel,1
1215=,Casyn,1
1215=,Cathal,1
1215=,Cavan,1
1215=,Caylem,1
1215=,Ceajay,1
1215=,Ceejay,1
1215=,Ceiran,1
1215=,Cezar,1
1215=,Chace,1
1215=,Chae,1
1215=,Chael,1
1215=,Chang-In,1
1215=,Charvic,1
1215=,Che,1
1215=,Chen,1
1215=,Cheng,1
1215=,Chenhao,1
1215=,Chenul,1
1215=,Chiagozie,1
1215=,Chidalu,1
1215=,Chiekezi,1
1215=,Chiemeka,1
1215=,Chigozirim,1
1215=,Chikezie,1
1215=,Chimaraobim,1
1215=,Chimnonso,1
1215=,Chinani,1
1215=,Chinecherem,1
1215=,Ching-Tien,1
1215=,Chinmay,1
1215=,Chiron,1
1215=,Chizitaram,1
1215=,Christan,1
1215=,Christie,1
1215=,Christophe,1
1215=,Christos,1
1215=,Chukwuemeka,1
1215=,Chukwuka,1
1215=,Chukwumwudike,1
1215=,Cian-James,1
1215=,Ciaren,1
1215=,Ciaron,1
1215=,Cieran,1
1215=,Cinar,1
1215=,Ciraj,1
1215=,Ciro,1
1215=,Clement,1
1215=,Coady,1
1215=,Coben,1
1215=,Cobey,1
1215=,Coden,1
1215=,Codey-Jay,1
1215=,Cody-Jay,1
1215=,Cody-Lee,1
1215=,Coel,1
1215=,Coinneach,1
1215=,Colden,1
1215=,Cole-Brian,1
1215=,Cole-Lee,1
1215=,Collum,1
1215=,Colm,1
1215=,Conal,1
1215=,Conchobhar,1
1215=,Conlen,1
1215=,Conlin,1
1215=,Connal,1
1215=,Connall,1
1215=,Connall-James,1
1215=,Connan,1
1215=,Connolly,1
1215=,Conor-Jay,1
1215=,Cooper-James,1
1215=,Coplan,1
1215=,Corbin-Blue,1
1215=,Cordell,1
1215=,Corentin,1
1215=,Cori,1
1215=,Cori-Lee,1
1215=,Corie,1
1215=,Cormack,1
1215=,Corry,1
1215=,Corvin,1
1215=,Cosmin,1
1215=,Courage,1
1215=,Cowan,1
1215=,Cowyn,1
1215=,Craig-Cobie,1
1215=,Cree,1
1215=,Crisdean,1
1215=,Cristian,1
1215=,Crombie,1
1215=,Crue,1
1215=,Csongor,1
1215=,Culbin,1
1215=,Curtis-James,1
1215=,Cyran,1
1215=,Cyrus,1
1215=,Daaltyn,1
1215=,Daegan,1
1215=,Daim,1
1215=,Daiwikjeet,1
1215=,Dallan,1
1215=,Dallas,1
1215=,Daly,1
1215=,Dalziel,1
1215=,Daman,1
1215=,Damir,1
1215=,Dane,1
1215=,Daniel-Kenzo,1
1215=,Daniels,1
1215=,Danii,1
1215=,Daniil,1
1215=,Danilo,1
1215=,Danis,1
1215=,Danish,1
1215=,Daniyaal,1
1215=,Dante,1
1215=,Dany,1
1215=,Darcy,1
1215=,Darin,1
1215=,Dario,1
1215=,Dariusz,1
1215=,Darol,1
1215=,Darrach,1
1215=,Darrah,1
1215=,Darrell,1
1215=,Darren-Lee,1
1215=,Darrin,1
1215=,Darryn,1
1215=,Dary,1
1215=,Daryll,1
1215=,Dashiel,1
1215=,Dashiell,1
1215=,Daud,1
1215=,Davey,1
1215=,David-Junior,1
1215=,David-Richard,1
1215=,David-Scott,1
1215=,Davidalexander,1
1215=,Davit,1
1215=,Dawood,1
1215=,Dawud,1
1215=,Dayn,1
1215=,Debarghya,1
1215=,Dee,1
1215=,Deen,1
1215=,Deep,1
1215=,Deepak,1
1215=,Deighton,1
1215=,Deivids,1
1215=,Dejan,1
1215=,Demir,1
1215=,Dempster,1
1215=,Denin,1
1215=,Denis-Jay,1
1215=,Deniz,1
1215=,Dennin,1
1215=,Denver,1
1215=,Denzel,1
1215=,Denziel,1
1215=,Dereks,1
1215=,Dermot,1
1215=,Dermott,1
1215=,Derri,1
1215=,Derrin,1
1215=,Derrin-Lee,1
1215=,Devante,1
1215=,Deven-Jon,1
1215=,Devin-Jak,1
1215=,Devinas,1
1215=,Devinn,1
1215=,Devran,1
1215=,Devyn,1
1215=,Devyn-Andrew,1
1215=,Devyn-Martin,1
1215=,Dex,1
1215=,Deyan,1
1215=,Dheny,1
1215=,Dhillon,1
1215=,Dhruv,1
1215=,Dicky,1
1215=,Diesel,1
1215=,Diezel,1
1215=,Dilanas,1
1215=,Dirk,1
1215=,Dmarion,1
1215=,Doen,1
1215=,Dolce,1
1215=,Doltin,1
1215=,Domas,1
1215=,Domhnall,1
1215=,Don,1
1215=,Donal,1
1215=,Donny,1
1215=,Doruk,1
1215=,Dougal,1
1215=,Dougald,1
1215=,Dougan,1
1215=,Dougie,1
1215=,Dougray,1
1215=,Doulyn,1
1215=,Dovidas,1
1215=,Dovydas,1
1215=,Dre,1
1215=,Drewie,1
1215=,Drostan,1
1215=,Drummond,1
1215=,Dugal,1
1215=,Dwayne-James,1
1215=,Dyari,1
1215=,Dyllan,1
1215=,Dylyn,1
1215=,Dzaraldas,1
1215=,Dzeisonas,1
1215=,Eachann,1
1215=,Eagan,1
1215=,Easa,1
1215=,Eassa,1
1215=,Ebbanezer,1
1215=,Ebenether,1
1215=,Ebn,1
1215=,Ebraheem,1
1215=,Ebube,1
1215=,Ebubechukwu,1
1215=,Ebunoluwa,1
1215=,Ebyn,1
1215=,Edan,1
1215=,Edden,1
1215=,Edem,1
1215=,Edgar,1
1215=,Edison,1
1215=,Edmund,1
1215=,Eduard,1
1215=,Edvanio,1
1215=,Edward-Matthew,1
1215=,Edwyn,1
1215=,Efrim,1
1215=,Egan,1
1215=,Ehsan,1
1215=,Eilon,1
1215=,Einar,1
1215=,Einarr,1
1215=,Eisa,1
1215=,Ekam,1
1215=,Ekene,1
1215=,El-Yri,1
1215=,Eldar,1
1215=,Eliab,1
1215=,Eliah,1
1215=,Eliel,1
1215=,Elijus,1
1215=,Ellison,1
1215=,Elrick,1
1215=,Elson,1
1215=,Elvis,1
1215=,Elyes,1
1215=,Elyon,1
1215=,Emery,1
1215=,Emilio,1
1215=,Emilis,1
1215=,Emioluwa,1
1215=,Emteas,1
1215=,Eniaranimi,1
1215=,Ennis,1
1215=,Enoch,1
1215=,Enric,1
1215=,Enrique,1
1215=,Eren,1
1215=,Erenay,1
1215=,Ergi,1
1215=,Eriks,1
1215=,Erim,1
1215=,Erland,1
1215=,Erlend,1
1215=,Erlin,1
1215=,Ernest-Lee,1
1215=,Ernestas,1
1215=,Ernests,1
1215=,Ervin,1
1215=,Eshen,1
1215=,Essa,1
1215=,Essam,1
1215=,Ethain,1
1215=,Ethen,1
1215=,Evan-Edward,1
1215=,Evanas,1
1215=,Evann,1
1215=,Everett,1
1215=,Evinn,1
1215=,Ewen,1
1215=,Eymen,1
1215=,Ezekiel,1
1215=,Fadipe,1
1215=,Fahad,1
1215=,Fahd,1
1215=,Fahham,1
1215=,Faizan,1
1215=,Fanshuai,1
1215=,Faraday,1
1215=,Farasiko,1
1215=,Faraz,1
1215=,Fareed,1
1215=,Farhan,1
1215=,Farley,1
1215=,Farrel,1
1215=,Fawwaz,1
1215=,Fazal,1
1215=,Fearchar,1
1215=,Fearghus,1
1215=,Fechi,1
1215=,Felipe,1
1215=,Fenn,1
1215=,Fenyx,1
1215=,Ferdinand,1
1215=,Fergal,1
1215=,Ferris,1
1215=,Fiach,1
1215=,Fiachra,1
1215=,Filep,1
1215=,Findley,1
1215=,Finlay-James,1
1215=,Finn-Alan,1
1215=,Finnan,1
1215=,Flinn,1
1215=,Florian,1
1215=,Florin,1
1215=,Forest,1
1215=,Fox,1
1215=,Fraiza,1
1215=,Francois,1
1215=,Frankee,1
1215=,Franklin,1
1215=,Franky,1
1215=,Frederic,1
1215=,Fredie,1
1215=,Frew,1
1215=,Fulton,1
1215=,Fyfe,1
1215=,Fynche,1
1215=,Fynlay,1
1215=,Fynlay-James,1
1215=,Gabriele,1
1215=,Gaige,1
1215=,Gao,1
1215=,Gaspar,1
1215=,Gaston,1
1215=,Gautam,1
1215=,Geli,1
1215=,Geocomo,1
1215=,Geordan,1
1215=,Geordie,1
1215=,Georges,1
1215=,Georgi,1
1215=,Georgio,1
1215=,Gerard,1
1215=,Gerry,1
1215=,Gerven,1
1215=,Gexian,1
1215=,Ghengis,1
1215=,Ghillie,1
1215=,Ghufran,1
1215=,Gianluca,1
1215=,Gibby,1
1215=,Gibril,1
1215=,Gilbert,1
1215=,Giles,1
1215=,Giorgi,1
1215=,Giovanni,1
1215=,Glen-Andrew,1
1215=,Glyn,1
1215=,Godsrest,1
1215=,Godwin,1
1215=,Gohan,1
1215=,Gor,1
1215=,Gowan,1
1215=,Graidy,1
1215=,Gray,1
1215=,Graye,1
1215=,Greyson,1
1215=,Grieg,1
1215=,Griffin,1
1215=,Griffith,1
1215=,Gruffydd,1
1215=,Grzegorz,1
1215=,Guerau,1
1215=,Gulam-Mustafa,1
1215=,Guopeng,1
1215=,Gurdeep,1
1215=,Gurjas,1
1215=,Gurjivan,1
1215=,Gurmandeep,1
1215=,Gurpaige,1
1215=,Gursevak,1
1215=,Gurshaan,1
1215=,Gurvir,1
1215=,Gus,1
1215=,Gustav,1
1215=,Gustavo,1
1215=,Haahris,1
1215=,Haaris,1
1215=,Hadi,1
1215=,Hadley,1
1215=,Hadriel,1
1215=,Haidyn,1
1215=,Haisam,1
1215=,Hal,1
1215=,Hamdia,1
1215=,Hammaad,1
1215=,Hamud,1
1215=,Hamzah,1
1215=,Han-Lin,1
1215=,Handel,1
1215=,Hanlon,1
1215=,Hannes,1
1215=,Hanyi,1
1215=,Hao,1
1215=,Haoen,1
1215=,Haralambos,1
1215=,Hardwin,1
1215=,Harjeet,1
1215=,Harjovan,1
1215=,Harlay,1
1215=,Harley-James,1
1215=,Harly,1
1215=,Harmanpreet,1
1215=,Harnadar,1
1215=,Harold,1
1215=,Harpal,1
1215=,Harrisson,1
1215=,Harrisyn,1
1215=,Harsharan,1
1215=,Harshavardhan,1
1215=,Harun,1
1215=,Harvie,1
1215=,Haseeb,1
1215=,Haskel,1
1215=,Hatim,1
1215=,Hayder,1
1215=,Haydon,1
1215=,Hayston,1
1215=,Hayyan,1
1215=,Heerad,1
1215=,Hei,1
1215=,Hem,1
1215=,Hendricus,1
1215=,Hendrik,1
1215=,Henri,1
1215=,Henryk,1
1215=,Herbert,1
1215=,Hillary,1
1215=,Holden,1
1215=,Hollis,1
1215=,Hollywood,1
1215=,Honey,1
1215=,Hongtuo,1
1215=,Hosea,1
1215=,Hossam,1
1215=,Houston,1
1215=,Huckleberry,1
1215=,Hufeza,1
1215=,Hughie,1
1215=,Hukam,1
1215=,Humayl,1
1215=,Humphrey,1
1215=,Huntley,1
1215=,Hussein,1
1215=,Huxley,1
1215=,Huzaifah,1
1215=,Iago,1
1215=,Ianto,1
1215=,Ibaad,1
1215=,Iker,1
1215=,Ilan,1
1215=,Ilyas,1
1215=,Indiana,1
1215=,Indy,1
1215=,Inis,1
1215=,Ioannis,1
1215=,Iqbal,1
1215=,Ira,1
1215=,Ireoluwatomileyin,1
1215=,Irvin,1
1215=,Irvine,1
1215=,Irving,1
1215=,Irvyn,1
1215=,Ishaan,1
1215=,Ishan,1
1215=,Ishmaan,1
1215=,Islam,1
1215=,Israr,1
1215=,Issa,1
1215=,Itoro,1
1215=,Iver,1
1215=,Ivo,1
1215=,Iyad,1
1215=,Izaak,1
1215=,Izak,1
1215=,Izan,1
1215=,Izyan,1
1215=,Izzet,1
1215=,Jaac,1
1215=,Jaagup,1
1215=,Jaak,1
1215=,Jac,1
1215=,Jac-Dean,1
1215=,Jacek,1
1215=,Jack-Carter,1
1215=,Jack-James,1
1215=,Jackson-James,1
1215=,Jacky,1
1215=,Jacob-Charles,1
1215=,Jacob-James,1
1215=,Jacobi,1
1215=,Jacques,1
1215=,Jacques-James,1
1215=,Jad,1
1215=,Jadan,1
1215=,Jade,1
1215=,Jadon,1
1215=,Jae-Won,1
1215=,Jaeden,1
1215=,Jaero-Drake,1
1215=,Jagger,1
1215=,Jago,1
1215=,Jaidan,1
1215=,Jaideep,1
1215=,Jaiden-John,1
1215=,Jaidyn,1
1215=,Jaime,1
1215=,Jake-Albert,1
1215=,Jake-Daniel,1
1215=,Jakk,1
1215=,Jakobi,1
1215=,Jameel,1
1215=,James-Alexander,1
1215=,James-Dean,1
1215=,James-Michael,1
1215=,James-Patrick,1
1215=,James-Robert,1
1215=,Jamison,1
1215=,Japheth,1
1215=,Japjot,1
1215=,Jarema,1
1215=,Jarrod,1
1215=,Jarvis,1
1215=,Jashandeep,1
1215=,Jasraj,1
1215=,Javier,1
1215=,Javon,1
1215=,Jaxen,1
1215=,Jaxon-Lee,1
1215=,Jay-Jay,1
1215=,Jaycob,1
1215=,Jaycub-James,1
1215=,Jayda,1
1215=,Jayden-Connor,1
1215=,Jayden-John,1
1215=,Jayden-Thomas,1
1215=,Jaydi,1
1215=,Jaydn,1
1215=,Jaye,1
1215=,Jaykub,1
1215=,Jaylan,1
1215=,Jaylin,1
1215=,Jaymi,1
1215=,Jayon,1
1215=,Jayse,1
1215=,Jeemie,1
1215=,Jeff,1
1215=,Jeremi,1
1215=,Jeremiah,1
1215=,Jericho,1
1215=,Jermaine,1
1215=,Jermaine-Jacob,1
1215=,Jeron,1
1215=,Jeronimo,1
1215=,Jeshurun,1
1215=,Jesus,1
1215=,Jezreel-Devontea,1
1215=,Ji,1
1215=,Jianzhou,1
1215=,Jibraeel,1
1215=,Jibran,1
1215=,Jimi,1
1215=,Jin,1
1215=,Jj,1
1215=,Jo,1
1215=,Joah,1
1215=,Joakim,1
1215=,Joaquin,1
1215=,Jody,1
1215=,Joeseph,1
1215=,John-Hendry,1
1215=,John-Jack,1
1215=,John-Junior,1
1215=,John-Thomas,1
1215=,John-William,1
1215=,Johnboy,1
1215=,Johnjoe,1
1215=,Johnjoseph,1
1215=,Johnpaul,1
1215=,Johnross,1
1215=,Johnston,1
1215=,Jole,1
1215=,Jonathan-James,1
1215=,Joni,1
1215=,Jonjo,1
1215=,Jonross,1
1215=,Jools,1
1215=,Jorden,1
1215=,Jordi,1
1215=,Jordie,1
1215=,Jorge,1
1215=,Jorgie,1
1215=,Jory,1
1215=,Jose,1
1215=,Josef,1
1215=,Josefa,1
1215=,Joseph-Anthony,1
1215=,Josh-Elliot,1
1215=,Joshua-James,1
1215=,Joshvin,1
1215=,Josiel,1
1215=,Jotham,1
1215=,Jowin,1
1215=,Jozsef,1
1215=,Jozua,1
1215=,Jozzel,1
1215=,Jucel,1
1215=,Judah,1
1215=,Judi,1
1215=,Junxi,1
1215=,Juon,1
1215=,Kaan,1
1215=,Kabir,1
1215=,Kacen,1
1215=,Kaci,1
1215=,Kadir,1
1215=,Kaeden,1
1215=,Kael,1
1215=,Kaelin,1
1215=,Kafeel,1
1215=,Kai-Xander,1
1215=,Kaiden-Jay,1
1215=,Kaidon,1
1215=,Kaie,1
1215=,Kaii,1
1215=,Kaile,1
1215=,Kaileb-William,1
1215=,Kailen,1
1215=,Kailym,1
1215=,Kaima,1
1215=,Kaira,1
1215=,Kairon,1
1215=,Kairyn,1
1215=,Kaiser,1
1215=,Kaito,1
1215=,Kajahli,1
1215=,Kal-El,1
1215=,Kalan,1
1215=,Kaleem,1
1215=,Kalib,1
1215=,Kalid,1
1215=,Kalub,1
1215=,Kamron,1
1215=,Kamryn,1
1215=,Kamsiyochi,1
1215=,Kamsiyochukwu,1
1215=,Kan,1
1215=,Kanye,1
1215=,Kaolan,1
1215=,Karan,1
1215=,Karanveer,1
1215=,Karel,1
1215=,Karlo,1
1215=,Karo,1
1215=,Karol,1
1215=,Karolos,1
1215=,Karrson,1
1215=,Karsen,1
1215=,Karsyn,1
1215=,Karthik,1
1215=,Kash,1
1215=,Kashem,1
1215=,Kasin,1
1215=,Kasjan,1
1215=,Kassius,1
1215=,Kavalpreet,1
1215=,Kavan,1
1215=,Kayal,1
1215=,Kayden-Jay,1
1215=,Kayden-Lewis,1
1215=,Kaydin,1
1215=,Kaydin-Lee,1
1215=,Kayetan,1
1215=,Kayinat,1
1215=,Kaylan,1
1215=,Kaylen,1
1215=,Kaylib,1
1215=,Kayll,1
1215=,Kaylyb,1
1215=,Kayn,1
1215=,Kayson-Charles,1
1215=,Kayson-James,1
1215=,Kaythan,1
1215=,Kcey,1
1215=,Ke,1
1215=,Keagan,1
1215=,Kealan,1
1215=,Keanu,1
1215=,Keatin,1
1215=,Keean,1
1215=,Keegan-Riley,1
1215=,Keeghan,1
1215=,Keelan,1
1215=,Kegan,1
1215=,Keirlyn,1
1215=,Kelian,1
1215=,Kelson,1
1215=,Kempton,1
1215=,Ken,1
1215=,Kendal,1
1215=,Kendrick,1
1215=,Kenneth-James,1
1215=,Kensey,1
1215=,Kent,1
1215=,Kenyon,1
1215=,Kenzie-James,1
1215=,Kenzo,1
1215=,Keon,1
1215=,Keoni,1
1215=,Kerim,1
1215=,Kerren,1
1215=,Kerrin,1
1215=,Keshigan,1
1215=,Kester,1
1215=,Ketan,1
1215=,Kevins,1
1215=,Keyan,1
1215=,Keyann,1
1215=,Keyyan,1
1215=,Khadel,1
1215=,Khalid,1
1215=,Khalil,1
1215=,Khodie,1
1215=,Khody,1
1215=,Khy,1
1215=,Kiaren,1
1215=,Kiegan,1
1215=,Kilan,1
1215=,Kilen,1
1215=,Kilian,1
1215=,Killian,1
1215=,Killin,1
1215=,Kimi,1
1215=,King-Enoch,1
1215=,Kingsly,1
1215=,Kingson,1
1215=,Kinley,1
1215=,Kinnin,1
1215=,Kinnon,1
1215=,Kip,1
1215=,Kirill,1
1215=,Kitt,1
1215=,Kiyan,1
1215=,Klay,1
1215=,Klayten,1
1215=,Kobain,1
1215=,Kobichukwudi,1
1215=,Kobimtochi,1
1215=,Koda,1
1215=,Kodeah,1
1215=,Kodina,1
1215=,Kody-Lee,1
1215=,Kohde,1
1215=,Kolby,1
1215=,Kolt,1
1215=,Kolten,1
1215=,Kolton,1
1215=,Konnor,1
1215=,Konor,1
1215=,Kooper,1
1215=,Koray,1
1215=,Korban,1
1215=,Kordian,1
1215=,Korie,1
1215=,Kornel,1
1215=,Korri,1
1215=,Korvyn,1
1215=,Koshan,1
1215=,Kosmas,1
1215=,Kouper,1
1215=,Krishan,1
1215=,Krishn,1
1215=,Krishna,1
1215=,Kristaps,1
1215=,Kristers,1
1215=,Kristians,1
1215=,Kristofer,1
1215=,Kristoferis,1
1215=,Kryspin,1
1215=,Krystof,1
1215=,Ksawier,1
1215=,Kullen,1
1215=,Kupakwashe,1
1215=,Kurt,1
1215=,Kurtis-Derry,1
1215=,Kwesi,1
1215=,Ky,1
1215=,Kyal,1
1215=,Kydd,1
1215=,Kylar,1
1215=,Kynan,1
1215=,Kyran-Daniel,1
1215=,Kyson,1
1215=,Lachlann,1
1215=,Laighton,1
1215=,Laird,1
1215=,Laith,1
1215=,Laithen,1
1215=,Laksh,1
1215=,Landon,1
1215=,Landyn,1
1215=,Larkin,1
1215=,Larne,1
1215=,Larry,1
1215=,Lars,1
1215=,Larsson,1
1215=,Lathan,1
1215=,Laughlan,1
1215=,Lawe,1
1215=,Lawrence,1
1215=,Layd,1
1215=,Layker,1
1215=,Laylind,1
1215=,Laythan,1
1215=,Layton-James,1
1215=,Layton-Stewart,1
1215=,Lealand-Roy,1
1215=,Leatham,1
1215=,Lebron,1
1215=,Ledley,1
1215=,Ledley-Lee,1
1215=,Leeland,1
1215=,Leiland,1
1215=,Lelland,1
1215=,Lelynd,1
1215=,Lemi,1
1215=,Lemuel,1
1215=,Lenox,1
1215=,Leo-Edward,1
1215=,Leo-Harley,1
1215=,Leo-Jay,1
1215=,Levon,1
1215=,Lewellyn,1
1215=,Leylan-Andrew,1
1215=,Leytinn,1
1215=,Leyton-Lee,1
1215=,Liam-James,1
1215=,Lias,1
1215=,Liath,1
1215=,Lihuel,1
1215=,Lincoln,1
1215=,Linley,1
1215=,Lio,1
1215=,Lisle,1
1215=,Llayton,1
1215=,Lliyle,1
1215=,Llyle,1
1215=,Lochie,1
1215=,Lochlainn,1
1215=,Lochlan-James,1
1215=,Lochloinn,1
1215=,Logan-James,1
1215=,Logan-Joe,1
1215=,Logun,1
1215=,Logyn,1
1215=,Lok,1
1215=,Lord,1
1215=,Louis-Ricardo,1
1215=,Louka,1
1215=,Loukas,1
1215=,Lozhin,1
1215=,Luc,1
1215=,Lucaas,1
1215=,Lucah,1
1215=,Lucan,1
1215=,Lucas-James,1
1215=,Lucas-Scott,1
1215=,Luccas,1
1215=,Lucian-Leslie,1
1215=,Lucifer,1
1215=,Lucis,1
1215=,Lucjan,1
1215=,Lui,1
1215=,Lukacs,1
1215=,Lydon,1
1215=,Lyko,1
1215=,Lyndon,1
1215=,Maaz,1
1215=,Macauley,1
1215=,Macenzie,1
1215=,Maciek,1
1215=,Mack,1
1215=,Mackay,1
1215=,Macks,1
1215=,Macx,1
1215=,Madden,1
1215=,Mael,1
1215=,Magnus-Mackenzie,1
1215=,Mahad,1
1215=,Maikl,1
1215=,Maison-Lee,1
1215=,Maisyn,1
1215=,Maiyale,1
1215=,Majus,1
1215=,Makenzie,1
1215=,Makhtar,1
1215=,Makinley,1
1215=,Maksim,1
1215=,Maksym,1
1215=,Malekay-John,1
1215=,Malhi,1
1215=,Malick,1
1215=,Malikai,1
1215=,Malki,1
1215=,Manandeep,1
1215=,Manas,1
1215=,Manasseh,1
1215=,Manel,1
1215=,Manni,1
1215=,Mannix,1
1215=,Manny,1
1215=,Manpreet,1
1215=,Mansimrat,1
1215=,Manus,1
1215=,Manvir,1
1215=,Manviraj,1
1215=,Manvydas,1
1215=,Mao,1
1215=,Marcco,1
1215=,Marcell,1
1215=,Marcello,1
1215=,Marcelo,1
1215=,Marcqus,1
1215=,Marcus-Anthony,1
1215=,Marcus-James,1
1215=,Marijus,1
1215=,Maris,1
1215=,Marius,1
1215=,Mark-Joseph,1
1215=,Mark-Lewis,1
1215=,Markas,1
1215=,Markfrancis,1
1215=,Markis,1
1215=,Markis-Jackson,1
1215=,Marko,1
1215=,Markuss,1
1215=,Marlow,1
1215=,Marnie,1
1215=,Marnyn,1
1215=,Marthienus,1
1215=,Marti,1
1215=,Martins,1
1215=,Marton,1
1215=,Martyn,1
1215=,Marven,1
1215=,Marwan,1
1215=,Mashfik,1
1215=,Maskeen,1
1215=,Maslon,1
1215=,Mason-James,1
1215=,Mason-Jax,1
1215=,Mason-Lee,1
1215=,Mason-Scott,1
1215=,Massimo,1
1215=,Masson,1
1215=,Mathis,1
1215=,Matin,1
1215=,Matiss,1
1215=,Matthaus,1
1215=,Matthis,1
1215=,Mattia,1
1215=,Mattias,1
1215=,Mauro,1
1215=,Maven,1
1215=,Maxen,1
1215=,Maxime,1
1215=,Maximillion,1
1215=,Maximino,1
1215=,Maximus-Clayton,1
1215=,Maxmilian,1
1215=,Maxxy,1
1215=,Mayukh,1
1215=,Mazin,1
1215=,Mccauley,1
1215=,Mckai,1
1215=,Mckenzi,1
1215=,Mckenzie-Scott,1
1215=,Mckenzy-Alexander,1
1215=,Mcrae,1
1215=,Md,1
1215=,Meekal,1
1215=,Mehaan,1
1215=,Melvin,1
1215=,Melvyn,1
1215=,Mert,1
1215=,Mesake,1
1215=,Messiah,1
1215=,Michael-William,1
1215=,Micheal,1
1215=,Micheil,1
1215=,Michele,1
1215=,Mickael,1
1215=,Mickey,1
1215=,Mico,1
1215=,Miguel,1
1215=,Mika,1
1215=,Mikaal,1
1215=,Mikael,1
1215=,Mikail,1
1215=,Mikail-Adam,1
1215=,Mike,1
1215=,Mikhail,1
1215=,Mikhil,1
1215=,Miks,1
1215=,Millan,1
1215=,Millen,1
1215=,Milne,1
1215=,Miloh,1
1215=,Milos,1
1215=,Minen,1
1215=,Minuka,1
1215=,Miquel,1
1215=,Miroslav,1
1215=,Mitchel,1
1215=,Mnelisi,1
1215=,Moataz,1
1215=,Moawia,1
1215=,Moeletsi,1
1215=,Mohammad-Ahmed,1
1215=,Mohammed-Sa'ad,1
1215=,Mohaymin,1
1215=,Mohid,1
1215=,Mohsen,1
1215=,Mohtad,1
1215=,Moir,1
1215=,Moisa,1
1215=,Moldovan,1
1215=,Momodou,1
1215=,Montasir,1
1215=,Moray-Geo,1
1215=,Morireoluwa,1
1215=,Moritz,1
1215=,Moss,1
1215=,Motanmoluwa,1
1215=,Mouhamed,1
1215=,Mouloud,1
1215=,Mousa,1
1215=,Mpumalanga,1
1215=,Muaz,1
1215=,Muchuan,1
1215=,Muhamad,1
1215=,Muhammad-Hadi,1
1215=,Muhammet,1
1215=,Muheeb,1
1215=,Muir,1
1215=,Munachimso,1
1215=,Muneeb,1
1215=,Munesuishe,1
1215=,Munroe,1
1215=,Munyaradzi,1
1215=,Murad,1
1215=,Murdoch,1
1215=,Murry,1
1215=,Murtaza,1
1215=,Mustapha,1
1215=,Mustaqeem,1
1215=,Mutasim,1
1215=,Nabeel,1
1215=,Nalan,1
1215=,Naman,1
1215=,Nami,1
1215=,Naod,1
1215=,Naryan,1
1215=,Nathan-James,1
1215=,Nathen,1
1215=,Natko,1
1215=,Nawar,1
1215=,Nawwaf,1
1215=,Naythan,1
1215=,Neel,1
1215=,Neeryug,1
1215=,Neevin,1
1215=,Nehaan,1
1215=,Nelson,1
1215=,Neo,1
1215=,Nestor,1
1215=,Nevada-Lucas,1
1215=,Nial,1
1215=,Nickolas,1
1215=,Nico-Alexander,1
1215=,Nicol-Robert,1
1215=,Nidal,1
1215=,Nihaal,1
1215=,Nikan,1
1215=,Nikita,1
1215=,Nikko,1
1215=,Niklaus,1
1215=,Nikolay,1
1215=,Niraj,1
1215=,Nirvan,1
1215=,Nishan,1
1215=,Nived,1
1215=,Njay,1
1215=,Nkosi-Unathi,1
1215=,Nnanyelugo,1
1215=,Noah-Sean,1
1215=,Noble,1
1215=,Nodebechukwu,1
1215=,Noe,1
1215=,Norbert,1
1215=,Norberts,1
1215=,Nordine,1
1215=,Norie,1
1215=,Norman,1
1215=,Normunds,1
1215=,Noxx,1
1215=,Nuuruddiin,1
1215=,Nyall,1
1215=,Nyco,1
1215=,Oaklie,1
1215=,Obi,1
1215=,Octavian,1
1215=,Odalomen,1
1215=,Odosamamwen,1
1215=,Odunayo,1
1215=,Oghenefejiro,1
1215=,Oghenetejiri,1
1215=,Ohran,1
1215=,Ojas,1
1215=,Okike,1
1215=,Oktawiusz,1
1215=,Olamide,1
1215=,Olamiposi,1
1215=,Olaoluwa,1
1215=,Olayemi,1
1215=,Olgierd,1
1215=,Olin,1
1215=,Oliver-John,1
1215=,Oliver-Peters,1
1215=,Olivers,1
1215=,Oliviero,1
1215=,Ollie-George,1
1215=,Olliver,1
1215=,Olurotimi,1
1215=,Oluwabukunmi,1
1215=,Oluwadarasimi,1
1215=,Oluwadurotimi,1
1215=,Oluwafifehanmi,1
1215=,Oluwafolajimi,1
1215=,Oluwafolakunmi,1
1215=,Oluwafolayemi,1
1215=,Oluwamotemi,1
1215=,Oluwanifemi,1
1215=,Oluwatimileyin,1
1215=,Oluwatomiwa,1
1215=,Omganesh,1
1215=,Ophelio,1
1215=,Orestis,1
1215=,Orges,1
1215=,Orion,1
1215=,Orkurga,1
1215=,Orly,1
1215=,Orrhaen,1
1215=,Orry,1
1215=,Osasere,1
1215=,Osato,1
1215=,Osbourne,1
1215=,Osca,1
1215=,Oscar-Bentley,1
1215=,Oshian,1
1215=,Osiasse,1
1215=,Oska,1
1215=,Oskaras,1
1215=,Ostin,1
1215=,Oswald,1
1215=,Ousainou,1
1215=,Ozzy,1
1215=,P-Jay,1
1215=,Paco,1
1215=,Pakapon,1
1215=,Palmer,1
1215=,Panagiotis,1
1215=,Paramvir,1
1215=,Paride,1
1215=,Parkor,1
1215=,Paschar,1
1215=,Patris,1
1215=,Pavel,1
1215=,Pavraj,1
1215=,Pawel,1
1215=,Paxton,1
1215=,Payton,1
1215=,Pendar,1
1215=,Percival,1
1215=,Perri,1
1215=,Perry,1
1215=,Pete,1
1215=,Peterjames,1
1215=,Petru,1
1215=,Peyton,1
1215=,Phillipe,1
1215=,Phinehas,1
1215=,Piers,1
1215=,Pierson,1
1215=,Pijus,1
1215=,Pjay,1
1215=,Pol,1
1215=,Praise,1
1215=,Pranay,1
1215=,Pratik,1
1215=,Pratyush,1
1215=,Prekake,1
1215=,Prem,1
1215=,Prestyn,1
1215=,Putu,1
1215=,Qaim,1
1215=,Qais,1
1215=,Qaiser,1
1215=,Qazi,1
1215=,Qiwen,1
1215=,Quentin,1
1215=,Quin,1
1215=,Quintin,1
1215=,Quinton,1
1215=,Raahill,1
1215=,Rabi,1
1215=,Radek,1
1215=,Radley,1
1215=,Radman,1
1215=,Raees,1
1215=,Rael,1
1215=,Rafaiel,1
1215=,Rafal,1
1215=,Raffa,1
1215=,Rafferty,1
1215=,Raffy,1
1215=,Rafi,1
1215=,Rahib,1
1215=,Raidon,1
1215=,Raif,1
1215=,Raihan,1
1215=,Raimi,1
1215=,Rajwinder,1
1215=,Ralfi,1
1215=,Ralje,1
1215=,Raluchi,1
1215=,Ramanpreet,1
1215=,Ramesses,1
1215=,Ramzi,1
1215=,Rana,1
1215=,Ranald,1
1215=,Randall,1
1215=,Rangsirit,1
1215=,Rannoch,1
1215=,Ranveer,1
1215=,Raphaeel,1
1215=,Raqeeb,1
1215=,Rashid,1
1215=,Ratu,1
1215=,Raul,1
1215=,Rauridh,1
1215=,Ravi,1
1215=,Raylan,1
1215=,Raymon,1
1215=,Rayne,1
1215=,Raza,1
1215=,Reagan,1
1215=,Reansh,1
1215=,Redford,1
1215=,Reece-William,1
1215=,Reed,1
1215=,Reede,1
1215=,Reeham,1
1215=,Reehan,1
1215=,Reese,1
1215=,Regi,1
1215=,Reginald,1
1215=,Rehoboth,1
1215=,Reiley,1
1215=,Reilly-James,1
1215=,Reinas,1
1215=,Rejoice,1
1215=,Rekesh,1
1215=,Remi,1
1215=,Remy,1
1215=,Renato,1
1215=,Reni,1
1215=,Rey,1
1215=,Reyansh,1
1215=,Reylan,1
1215=,Reyss,1
1215=,Rhiley,1
1215=,Rhonan,1
1215=,Rhuairi,1
1215=,Rhudi,1
1215=,Rhudy,1
1215=,Rhuri,1
1215=,Rhuriadh,1
1215=,Rhylee-Jack,1
1215=,Rhys-Jake,1
1215=,Rhyse,1
1215=,Rhyss,1
1215=,Riaan,1
1215=,Rias,1
1215=,Riaz,1
1215=,Ricardo,1
1215=,Riccardo,1
1215=,Ricci,1
1215=,Ridhaan,1
1215=,Ridhawn,1
1215=,Ridwan,1
1215=,Rikki,1
1215=,Rileigh,1
1215=,Riley-James,1
1215=,Riley-Jay,1
1215=,Rinalds,1
1215=,Rinnes,1
1215=,Rion,1
1215=,Ripley,1
1215=,Rishaan,1
1215=,Rishan,1
1215=,Ritvik,1
1215=,Riyadh,1
1215=,Riyansh,1
1215=,Riza,1
1215=,Rj,1
1215=,Roairi,1
1215=,Roary,1
1215=,Robbin,1
1215=,Robert-Junior,1
1215=,Robson,1
1215=,Roch,1
1215=,Rodi,1
1215=,Rodrigo,1
1215=,Rohaan,1
1215=,Rohail,1
1215=,Rohen,1
1215=,Rohun,1
1215=,Roibin,1
1215=,Rokas,1
1215=,Roland,1
1215=,Roman-Colt,1
1215=,Roque,1
1215=,Rorey,1
1215=,Rorie,1
1215=,Rory-James,1
1215=,Rossi,1
1215=,Rsamen,1
1215=,Ruach,1
1215=,Ruard,1
1215=,Rubens,1
1215=,Rubyn,1
1215=,Rudaigh,1
1215=,Rudra,1
1215=,Ruien,1
1215=,Ruslan,1
1215=,Ruthven,1
1215=,Rutvi,1
1215=,Ry,1
1215=,Ryan-Carter,1
1215=,Ryan-Rhema,1
1215=,Ryden,1
1215=,Ryker,1
1215=,Ryker-James,1
1215=,Ryleigh,1
1215=,Ryli,1
1215=,Ryszard,1
1215=,Saafir,1
1215=,Saahir,1
1215=,Saam,1
1215=,Saatvik,1
1215=,Sabe,1
1215=,Sabir,1
1215=,Sacha,1
1215=,Saddiq,1
1215=,Sadra,1
1215=,Sadru,1
1215=,Sahil,1
1215=,Saho,1
1215=,Saifan,1
1215=,Sailas,1
1215=,Saim,1
1215=,Saimonas,1
1215=,Saish,1
1215=,Saitej,1
1215=,Saiyf,1
1215=,Salahedin,1
1215=,Samarbir,1
1215=,Samarth,1
1215=,Sameer,1
1215=,Samiullah,1
1215=,Sammie,1
1215=,Sammy,1
1215=,Samual,1
1215=,Samuel-James,1
1215=,Samuel-Jude,1
1215=,Sanad,1
1215=,Sanaila,1
1215=,Sangam,1
1215=,Sanjog,1
1215=,Sanskar,1
1215=,Santosh,1
1215=,Saral,1
1215=,Sarmd,1
1215=,Sarwat,1
1215=,Sasan,1
1215=,Sashanth,1
1215=,Sasi,1
1215=,Sasilca,1
1215=,Satthik,1
1215=,Savio,1
1215=,Savit,1
1215=,Sayyid,1
1215=,Scotty,1
1215=,Seb,1
1215=,Sebastiano,1
1215=,Sebi,1
1215=,Seemonsh,1
1215=,Seerat,1
1215=,Selorm,1
1215=,Senay,1
1215=,Sergio,1
1215=,Seungjun,1
1215=,Seve,1
1215=,Sevi,1
1215=,Sezgin,1
1215=,Shaanul,1
1215=,Shaban,1
1215=,Shabd,1
1215=,Shaemus,1
1215=,Shah,1
1215=,Shah-Zaib,1
1215=,Shahid,1
1215=,Shaikh,1
1215=,Shameer,1
1215=,Shami,1
1215=,Shao,1
1215=,Sharvin,1
1215=,Shaun-Liam,1
1215=,Shaun-Paul,1
1215=,Shaurya,1
1215=,Shawen,1
1215=,Shawn,1
1215=,Shayaan,1
1215=,Shaymus,1
1215=,Shayne,1
1215=,Shazil,1
1215=,Shees,1
1215=,Shehroze,1
1215=,Sheldon,1
1215=,Shewin,1
1215=,Shirish,1
1215=,Shivam,1
1215=,Shivan,1
1215=,Shivansh,1
1215=,Shoaibudin,1
1215=,Sholto,1
1215=,Shree,1
1215=,Shreedatt,1
1215=,Shreyas,1
1215=,Shuaib,1
1215=,Shug,1
1215=,Sid,1
1215=,Sidar,1
1215=,Sigurd,1
1215=,Silas,1
1215=,Simas,1
1215=,Simion,1
1215=,Sion,1
1215=,Sisanwunmi,1
1215=,Sizuo,1
1215=,Skylan,1
1215=,Sloane,1
1215=,Sobaan,1
1215=,Sofyan,1
1215=,Soma,1
1215=,Sonni,1
1215=,Sonnie,1
1215=,Soren,1
1215=,Sorren,1
1215=,Sotonye,1
1215=,Souleymane,1
1215=,Spiros,1
1215=,Spyridonas,1
1215=,Srijan,1
1215=,Srikrishna,1
1215=,Stan,1
1215=,Steev,1
1215=,Stefan,1
1215=,Stefans,1
1215=,Stelios,1
1215=,Stephen-James,1
1215=,Sterling,1
1215=,Steve,1
1215=,Stirling,1
1215=,Storm,1
1215=,Strubhan,1
1215=,Su'dd,1
1215=,Subhaan,1
1215=,Subhanallah,1
1215=,Success,1
1215=,Suhaib,1
1215=,Sukhwinder,1
1215=,Suleiman,1
1215=,Suleman,1
1215=,Suliman,1
1215=,Sumant,1
1215=,Sumekh,1
1215=,Sunny,1
1215=,Suprit,1
1215=,Surya,1
1215=,Sushant,1
1215=,Swarachit,1
1215=,Swithun,1
1215=,Syd,1
1215=,Szandor,1
1215=,T,1
1215=,T-Jay,1
1215=,Tadas,1
1215=,Taeju,1
1215=,Taesan,1
1215=,Tafara,1
1215=,Tahoma,1
1215=,Tahsin,1
1215=,Taiga,1
1215=,Taimur,1
1215=,Taio,1
1215=,Takeo,1
1215=,Takeru,1
1215=,Talal,1
1215=,Talha,1
1215=,Talhah,1
1215=,Talio,1
1215=,Tam,1
1215=,Tamim,1
1215=,Tamsir,1
1215=,Tamunoseimieibi,1
1215=,Tanav,1
1215=,Tanmeet,1
1215=,Tanner,1
1215=,Tansang,1
1215=,Tao,1
1215=,Tapiwanashe,1
1215=,Taranbir,1
1215=,Tarjei,1
1215=,Tarlach,1
1215=,Tarrin,1
1215=,Tarryn,1
1215=,Tavis,1
1215=,Taylan,1
1215=,Tayler-Jay,1
1215=,Tearlach,1
1215=,Tee-Jay,1
1215=,Teejay,1
1215=,Tejai,1
1215=,Tejas,1
1215=,Tejesh,1
1215=,Teoman,1
1215=,Terence,1
1215=,Terrance,1
1215=,Testimony,1
1215=,Tevis,1
1215=,Thanakorn,1
1215=,Thane,1
1215=,Theodoros,1
1215=,Theon,1
1215=,Thiago,1
1215=,Thibault,1
1215=,Thomas-John,1
1215=,Thomas-Joseph,1
1215=,Thomson,1
1215=,Thor,1
1215=,Thorin,1
1215=,Thorvin,1
1215=,Tiberius,1
1215=,Tiernan,1
1215=,Tierno,1
1215=,Tighearnan,1
1215=,Timas,1
1215=,Timeothy,1
1215=,Timocy,1
1215=,Timothee,1
1215=,Timotheo,1
1215=,Timurs,1
1215=,Tino,1
1215=,Tirtha,1
1215=,Titus,1
1215=,Tobechukwu,1
1215=,Tobenna,1
1215=,Tobey,1
1215=,Tobi,1
1215=,Tobyn,1
1215=,Toluwalase,1
1215=,Tomi,1
1215=,Tommaso,1
1215=,Tommie,1
1215=,Tommielee,1
1215=,Tommy-Jay,1
1215=,Toms,1
1215=,Toni-Marc,1
1215=,Tonjie,1
1215=,Tony-Lee,1
1215=,Torion,1
1215=,Torsten,1
1215=,Trae,1
1215=,Tre,1
1215=,Tristan-James,1
1215=,Tristen,1
1215=,Tshegofatso,1
1215=,Tsu,1
1215=,Turan,1
1215=,Ture,1
1215=,Tyga,1
1215=,Tygo,1
1215=,Tylan,1
1215=,Tylar,1
1215=,Tyler-Jack,1
1215=,Tyler-Jay,1
1215=,Tyler-John,1
1215=,Tyler-Junior,1
1215=,Tyler-Scott,1
1215=,Tyller,1
1215=,Tylor-James,1
1215=,Tymoteusz,1
1215=,Tyree,1
1215=,Tyrone,1
1215=,Tyson,1
1215=,Uchenna,1
1215=,Uel,1
1215=,Uisdean,1
1215=,Untamo,1
1215=,Upkirat,1
1215=,Urbain,1
1215=,Usaid,1
1215=,Usama,1
1215=,Uthman,1
1215=,Utkrisht,1
1215=,Uwais,1
1215=,Vaelan,1
1215=,Vakaris,1
1215=,Vangel,1
1215=,Varun,1
1215=,Vasco,1
1215=,Vaughan,1
1215=,Vedant,1
1215=,Veer,1
1215=,Veersukhraj,1
1215=,Veyaan,1
1215=,Viaan,1
1215=,Victory,1
1215=,Viet,1
1215=,Vignesh,1
1215=,Vijval,1
1215=,Virgil,1
1215=,Vito,1
1215=,Vittorio,1
1215=,Vlad,1
1215=,Voi,1
1215=,Vratko,1
1215=,Vuong,1
1215=,Vytautas,1
1215=,Wadaan,1
1215=,Wade,1
1215=,Wai,1
1215=,Waleed,1
1215=,Wali,1
1215=,Walker,1
1215=,Warrick-Elijah,1
1215=,Wenyuan,1
1215=,Wiley,1
1215=,Wiliam,1
1215=,William-James,1
1215=,Winnie,1
1215=,Winston,1
1215=,Wojech,1
1215=,Woodiee,1
1215=,Woody,1
1215=,Xander-Wolfgang,1
1215=,Xaver,1
1215=,Xavi,1
1215=,Xaviar,1
1215=,Xavier-John,1
1215=,Xi,1
1215=,Xiao,1
1215=,Xin,1
1215=,Xinrui,1
1215=,Xu,1
1215=,Xuechen,1
1215=,Xzander,1
1215=,Yacer,1
1215=,Yahia,1
1215=,Yahye,1
1215=,Yakoub,1
1215=,Yan,1
1215=,Yancy,1
1215=,Yann,1
1215=,Yannic,1
1215=,Yanxuan,1
1215=,Yaqub,1
1215=,Yarin,1
1215=,Yash,1
1215=,Yashraj,1
1215=,Yashveer,1
1215=,Yasin,1
1215=,Yasir,1
1215=,Yasseen,1
1215=,Yassere,1
1215=,Yatish,1
1215=,Yazan,1
1215=,Yekshit,1
1215=,Yernazar,1
1215=,Yi,1
1215=,Yilong,1
1215=,Yiming,1
1215=,Yingfan,1
1215=,Yinoluwa,1
1215=,Yoan,1
1215=,You,1
1215=,Youcef,1
1215=,Younes,1
1215=,Yousif,1
1215=,Youssef,1
1215=,Ysacor,1
1215=,Yue,1
1215=,Yufan,1
1215=,Yuhan,1
1215=,Yuhao,1
1215=,Yujoe,1
1215=,Yunis,1
1215=,Yusif,1
1215=,Yuvaan,1
1215=,Yuvan,1
1215=,Yuvraj,1
1215=,Zaccaria,1
1215=,Zaccariah,1
1215=,Zacharias,1
1215=,Zaen,1
1215=,Zafir,1
1215=,Zahari,1
1215=,Zaidan,1
1215=,Zaine,1
1215=,Zaine-Eddine,1
1215=,Zaiyden,1
1215=,Zakariah,1
1215=,Zakariyyas,1
1215=,Zakee,1
1215=,Zakhary,1
1215=,Zakriyya,1
1215=,Zan,1
1215=,Zander-George,1
1215=,Zanyn,1
1215=,Zarish,1
1215=,Zaroon,1
1215=,Zavier,1
1215=,Zayne,1
1215=,Ze,1
1215=,Zeeshan,1
1215=,Zehn,1
1215=,Zeke,1
1215=,Zene,1
1215=,Zephaniah,1
1215=,Zeyad,1
1215=,Zeyu,1
1215=,Zhe,1
1215=,Zia,1
1215=,Ziggy,1
1215=,Zihang,1
1215=,Zimran,1
1215=,Zineddine,1
1215=,Zion-Benjamin,1
1215=,Ziphezinhle,1
1215=,Ziya,1
1215=,Ziyad,1
1215=,Zohaib,1
1215=,Zohair,1
1215=,Zoltan,1
1215=,Zubair,1
1215=,Zuhair,1
,,
,,
,,
,,
,,
,,
,,
,,
,,
,,
,,
,,
,,
,,
,,
,,
,,
,,
,,
,,
,,
,,
,,
,,
,,
,,
,,
,,
,,
,,
,,
,,
,,
,,
,,
,,
,,
,,
,,
,,
,,
,,
,,
,,
,,
,,
,,
,,
,,
,,
,,
,,
,,
,,
,,
,,
,,
,,
,,
,,
,,
,,
,,
,,
,,
,,
,,
,,
,,
,,
,,
,,
,,
,,
,,
,,
,,
,,
,,
,,
,,
,,
,,
,,
,,
,,
,,
,,
,,
,,
,,
,,
,,
,,
,,
,,
,,
,,
,,
,,
,,
,,
,,
,,
,,
,,
,,
,,
,,
,,
,,
,,
,,
,,
,,
,,
,,
,,
,,
,,
,,
,,
,,
,,
,,
,,
,,
,,
,,
,,
,,
,,
,,
,,
,,
,,
,,
,,
,,
,,
,,
,,
,,
,,
,,
,,
,,
,,
,,
,,
,,
,,
,,
,,
,,
,,
,,
,,
,,
,,
,,
,,
,,
,,
,,
,,
,,
,,
,,
,,
,,
,,
,,
,,
,,
,,
,,
,,
,,
,,
,,
,,
,,
,,
,,
,,
,,
,,
,,
,,
,,
,,
,,
,,
,,
,,
,,
,,
,,
,,
,,
,,
,,
,,
,,
,,
,,
,,
,,
,,
,,
,,
,,
,,
,,
,,
,,
,,
,,
,,
,,
,,
,,
,,
,,
,,
,,
,,
,,
,,
,,
,,
,,
,,
,,
,,
,,
,,
,,
,,
,,
,,
,,
,,
,,
,,
,,
,,
,,
,,
,,
,,
,,
,,
,,
,,
,,
,,
,,
,,
,,
,,
,,
,,
,,
,,
,,
,,
,,
,,
,,
,,
,,
,,
,,
,,
,,
,,
,,
,,
,,
,,
,,
,,
,,
,,
,,
,,
,,
,,
,,
,,
,,
,,
,,
,,
,,
,,
,,
,,
,,
,,
,,
,,
,,
,,
,,
,,
,,
,,
,,
,,
,,
,,
,,
,,
,,
,,
,,
,,
,,
,,
,,
,,
,,
,,
,,
,,
,,
,,
,,
,,
,,
,,
,,
,,
,,
,,
,,
,,
,,
,,
,,
,,
,,
,,
,,
,,
,,
,,
,,
,,
,,
,,
,,
,,
,,
,,
,,
,,
,,
,,
,,
,,
,,
,,
,,
,,
,,
,,
,,
,,
,,
,,
,,
,,
,,
,,
,,
,,
,,
,,
,,
,,
,,
,,
,,
,,
,,
,,
,,
,,
,,
,,
,,
,,
,,
,,
,,
,,
,,
,,
,,
,,
,,
,,
,,
,,
,,
,,
,,
,,
,,
,,
,,
,,
,,
,,
,,
,,
,,
,,
,,
,,
,,
,,
,,
,,
,,
,,
,,
,,
,,
,,
,,
,,
,,
,,
,,
,,
,,
,,
,,
,,
,,
,,
,,
,,
,,
,,
,,
,,
,,
,,
,,
,,
,,
,,
,,
,,
,,
,,
,,
,,
,,
,,
,,
,,
,,
,,
,,
,,
,,
,,
,,
,,
,,
,,
,,
,,
,,
,,
,,
,,
,,
,,
,,
,,
,,
,,
,,
,,
,,
,,
,,
,,
,,
,,
,,
,,
,,
,,
,,
,,
,,
,,
,,
,,
,,
,,
,,
,,
,,
,,
,,
,,
,,
,,
,,
,,
,,
,,
,,
,,
,,
,,
,,
,,
,,
,,
,,
,,
,,
,,
,,
,,
,,
,,
,,
,,
,,
,,
,,
,,
,,
,,
,,
,,
,,
,,
,,
,,
,,
,,
,,
,,
,,
,,
,,
,,
,,
,,
,,
,,
,,
,,
,,
,,
,,
,,
,,
,,
,,
,,
,,
,,
,,
,,
,,
,,
,,
,,
,,
,,
,,
,,
,,
,,
,,
,,
,,
,,
,,
,,
,,
,,
,,
,,
,,
,,
,,
,,
,,
,,
,,
,,
,,
,,
,,
,,
,,
,,
,,
,,
,,
,,
,,
,,
,,
,,
,,
,,
,,
,,
,,
,,
,,
,,
,,
,,
,,
,,
,,
,,
,,
,,
,,
,,
,,
,,
,,
,,
,,
,,
,,
,,
,,
,,
,,
,,
,,
,,
,,
,,
,,
,,
,,
,,
,,
,,
,,
,,
,,
,,
,,
,,
,,
,,
,,
,,
,,
,,
,,
,,
,,
,,
,,
,,
,,
,,
,,
,,
,,
,,
,,
,,
,,
,,
,,
,,
,,
,,
,,
,,
,,
,,
,,
,,
,,
,,
,,
,,
,,
,,
,,
,,
,,
,,
,,
,,
,,
,,
,,
,,
,,
,,
,,
,,
,,
,,
,,
,,
,,
,,
,,
,,
,,
,,
,,
,,
,,
,,
,,
,,
,,
,,
,,
,,
,,
,,
,,
,,
,,
,,
,,
,,
,,
,,
,,
,,
,,
,,
,,
,,
,,
,,
,,
,,
,,
,,
,,
,,
,,
,,
,,
,,
,,
,,
,,
,,
,,
,,
,,
,,
,,
,,
,,
,,
,,
,,
,,
,,
,,
,,
,,
,,
,,
,,
,,
,,
,,
,,
,,
,,
,,
,,
,,
,,
,,
,,
,,
,,
,,
,,
,,
,,
,,
,,
,,
,,
,,
,,
,,
,,
,,
,,
,,
,,
,,
,,
,,
,,
,,
,,
,,
,,
,,
,,
,,
,,
,,
,,
,,
,,
,,
,,
,,
,,
,,
,,
,,
,,
,,
,,
,,
,,
,,
,,
,,
,,
,,
,,
,,
,,
,,
,,
,,
,,
,,
,,
,,
,,
,,
,,
,,
,,
,,
,,
,,
,,
,,
,,
,,
,,
,,
,,
,,
,,
,,
,,
,,
,,
,,
,,
,,
,,
,,
,,
,,
,,
,,
,,
,,
,,
,,
,,
,,
,,
,,
,,
,,
,,
,,
,,
,,
,,
,,
,,
,,
,,
,,
,,
,,
,,
,,
,,
,,
,,
,,
,,
,,
,,
,,
,,
,,
,,
,,
,,
,,
,,
,,
,,
,,
,,
,,
,,
,,
,,
,,
,,
,,
,,
,,
,,
,,
,,
,,
,,
,,
,,
,,
,,
,,
,,
,,
,,
,,
,,
,,
,,
,,
,,
,,
,,
,,
,,
,,
,,
,,
,,
,,
,,
,,
,,
,,
,,
,,
,,
,,
,,
,,
,,
,,
,,
,,
,,
,,
,,
© Crown Copyright 2015,,
