Position,Name,Number of babies
1,Nicola,839
2,Karen,767
3,Claire,759
4,Angela,672
5,Fiona,664
6,Susan,551
7,Jennifer,540
8,Julie,538
9,Gillian,524
10,Michelle,494
11,Sharon,486
12,Sarah,477
13,Louise,458
14,Donna,454
15,Laura,445
16,Amanda,376
17=,Alison,366
17=,Lisa,366
19,Caroline,358
20,Kirsty,347
21,Jacqueline,344
22,Elaine,343
23,Lesley,323
24,Lynn,321
25,Deborah,319
26,Elizabeth,316
27,Joanne,311
28,Emma,301
29,Tracy,283
30,Lorraine,275
31=,Lynne,264
31=,Margaret,264
33,Heather,262
34,Carol,252
35,Lorna,249
36,Pauline,242
37,Kelly,240
38,Helen,238
39,Catherine,232
40,Linda,221
41,Victoria,219
42,Suzanne,217
43,Kerry,216
44,Pamela,210
45,Lee,209
46,Wendy,204
47,Jane,201
48,Yvonne,193
49,Tracey,187
50,Anne,185
51,Clare,171
52,Mary,163
53,Diane,162
54,Christine,156
55,Lynsey,153
56,Samantha,150
57,Shona,149
58,Andrea,147
59,Marie,145
60,Gail,136
61,Melanie,135
62,Dawn,128
63,Ann,127
64,Paula,122
65=,Jill,119
65=,Ruth,119
67,Leigh,118
68,Hazel,117
69,Debbie,110
70,Joanna,109
71,Denise,108
72,Lindsay,106
73=,Gayle,104
73=,Patricia,104
75,Catriona,99
76,Kathleen,96
77,Sandra,92
78=,Leanne,91
78=,Stephanie,91
80,Rachel,88
81=,Katrina,85
81=,Shirley,85
83,Kirsteen,82
84,Janet,81
85=,Arlene,80
85=,Zoe,80
87,Jillian,79
88=,Anna,74
88=,Judith,74
88=,Mhairi,74
88=,Natalie,74
92,Audrey,72
93=,Carolyn,71
93=,Morag,71
95,Aileen,70
96=,Cheryl,69
96=,Rebecca,69
98,Allison,68
99,Barbara,66
100,Mandy,65
101,Christina,63
102,Lindsey,62
103,Kirsten,61
104,Maureen,59
105,Kathryn,58
106,Katherine,57
107,Julia,55
108=,Maria,54
108=,Marion,54
108=,Sally,54
108=,Sara,54
112=,Frances,53
112=,Mairi,53
112=,Vicky,53
115=,Carrie,52
115=,Nichola,52
117=,Lucy,50
117=,Lynda,50
119=,Kim,49
119=,Vicki,49
121,Michele,47
122=,Alexandra,45
122=,Ashley,45
122=,Lyndsey,45
125,Eileen,43
126,Valerie,42
127,Carole,41
128=,Beverley,40
128=,Janice,40
130=,Brenda,38
130=,Jean,38
130=,Marianne,38
130=,Rosemary,38
134=,Colette,37
134=,Siobhan,37
136=,Kimberley,35
136=,Lyndsay,35
136=,Theresa,35
139=,Evelyn,34
139=,Georgina,34
139=,Hilary,34
139=,June,34
139=,Moira,34
139=,Rhona,34
139=,Teresa,34
146=,Dianne,33
146=,Emily,33
148=,Eleanor,32
148=,Tanya,32
150=,Charlotte,31
150=,Leah,31
150=,Natasha,31
150=,Nicole,31
154=,Carla,30
154=,Lyn,30
154=,Melissa,30
157=,Adele,29
157=,Janette,29
157=,Jayne,29
160=,Irene,28
160=,Joyce,28
160=,Kirstin,28
163=,Alexis,27
163=,Gaynor,27
163=,Geraldine,27
163=,Kate,27
163=,Kay,27
163=,Morven,27
163=,Susanne,27
170=,Agnes,26
170=,Bernadette,26
170=,Iona,26
170=,Lauren,26
170=,Sylvia,26
175=,Alyson,25
175=,Clair,25
175=,Jan,25
175=,Joan,25
175=,Kellie,25
180=,Alice,24
180=,Cara,24
180=,Hannah,24
183=,Eilidh,23
183=,Rachael,23
183=,Shelley,23
183=,Sonia,23
183=,Tina,23
188=,Isla,22
188=,Kimberly,22
188=,Nadia,22
188=,Naomi,22
188=,Stacey,22
188=,Veronica,22
194=,Ellen,21
194=,Kirstie,21
194=,Tammy,21
194=,Vivienne,21
198=,Annette,20
198=,Avril,20
198=,Faye,20
198=,Lee-Anne,20
198=,Maxine,20
198=,Rona,20
198=,Sheila,20
205=,Amy,19
205=,Gwen,19
205=,Louisa,19
205=,Sheena,19
209=,Ailsa,18
209=,Charlene,18
209=,Dorothy,18
209=,Hayley,18
209=,Katie,18
209=,Leona,18
209=,Sarah-Jane,18
216=,Debra,17
216=,Diana,17
216=,Janine,17
216=,Jenny,17
216=,Marina,17
216=,Rosalind,17
222=,Collette,16
222=,Danielle,16
222=,Eve,16
222=,Jaime,16
222=,Joy,16
222=,Katharine,16
222=,Kerri,16
229=,Anne-Marie,15
229=,Corinne,15
229=,Evonne,15
229=,Isabel,15
229=,Josephine,15
229=,Juliet,15
229=,Lynsay,15
229=,Rhonda,15
229=,Sophie,15
229=,Vanessa,15
229=,Wilma,15
240=,Doreen,14
240=,Esther,14
240=,Isabella,14
240=,Isobel,14
240=,Kerrie,14
240=,Lara,14
240=,Lee-Ann,14
240=,Leeanne,14
240=,Nadine,14
240=,Norma,14
240=,Sharlene,14
240=,Tara,14
252=,Angie,13
252=,Anita,13
252=,Carol-Anne,13
252=,Charmaine,13
252=,Elspeth,13
252=,Ingrid,13
252=,Lea,13
252=,Linsey,13
252=,Sonya,13
252=,Vikki,13
262=,Abigail,12
262=,Colleen,12
262=,Erica,12
262=,Gael,12
262=,Grace,12
262=,Lianne,12
262=,Liza,12
262=,Lynette,12
262=,Mhari,12
262=,Nina,12
262=,Penny,12
262=,Roslyn,12
274=,Ann-Marie,11
274=,Carmen,11
274=,Francesca,11
274=,Jade,11
274=,Jeanette,11
274=,Jessica,11
274=,Jolene,11
274=,Julie-Anne,11
274=,Justine,11
274=,Karin,11
274=,Kirstine,11
274=,Lesley-Anne,11
274=,Monica,11
274=,Roseanne,11
274=,Verity,11
274=,Vivien,11
290=,Allyson,10
290=,Bridget,10
290=,Carolanne,10
290=,Cindy,10
290=,Fay,10
290=,Gina,10
290=,Kara,10
290=,Keri,10
290=,Linzi,10
290=,Marilyn,10
290=,Sacha,10
290=,Vivian,10
302=,Angelina,9
302=,Annabel,9
302=,Annmarie,9
302=,April,9
302=,Connie,9
302=,Dionne,9
302=,Harriet,9
302=,Helena,9
302=,Johanna,9
302=,Juliette,9
302=,Karyn,9
302=,Katy,9
302=,Linsay,9
302=,Margo,9
302=,Martha,9
302=,Morna,9
302=,Philippa,9
302=,Roberta,9
302=,Rose,9
302=,Seonaid,9
302=,Sonja,9
323=,Alana,8
323=,Amber,8
323=,Annie,8
323=,Catrina,8
323=,Dana,8
323=,Glenda,8
323=,Johan,8
323=,Karina,8
323=,Leann,8
323=,Lois,8
323=,Marisa,8
323=,Marissa,8
323=,Marnie,8
323=,Nikki,8
323=,Olivia,8
323=,Penelope,8
323=,Rhoda,8
323=,Roseann,8
323=,Sasha,8
323=,Sheryl,8
323=,Shonagh,8
323=,Tania,8
345=,Amelia,7
345=,Beth,7
345=,Carolann,7
345=,Claudia,7
345=,Cora,7
345=,Davina,7
345=,Deirdre,7
345=,Gemma,7
345=,Inga,7
345=,Jackie,7
345=,Janis,7
345=,Jessie,7
345=,Johanne,7
345=,Judy,7
345=,Lana,7
345=,Lilian,7
345=,Maree,7
345=,Martine,7
345=,Miriam,7
345=,Nyree,7
345=,Senga,7
345=,Sharron,7
345=,Simone,7
345=,Susannah,7
345=,Tamsin,7
345=,Virginia,7
371=,Adrienne,6
371=,Alix,6
371=,Belinda,6
371=,Carly,6
371=,Carol-Ann,6
371=,Carolyne,6
371=,Cassandra,6
371=,Cherie,6
371=,Chloe,6
371=,Edith,6
371=,Elinor,6
371=,Elisabeth,6
371=,Erika,6
371=,Erin,6
371=,Heidi,6
371=,Jacquelyn,6
371=,Jody,6
371=,Julianne,6
371=,Kareen,6
371=,Laurie,6
371=,Leeann,6
371=,Leslie,6
371=,Marcia,6
371=,Marian,6
371=,Marjorie,6
371=,Marlene,6
371=,May,6
371=,Michaela,6
371=,Petra,6
371=,Rita,6
371=,Robina,6
371=,Robyn,6
371=,Selena,6
371=,Shazia,6
371=,Susanna,6
371=,Tamara,6
371=,Terri,6
371=,Toni,6
371=,Trudy,6
371=,Wai,6
411=,Abbie,5
411=,Ainsley,5
411=,Andrina,5
411=,Annabelle,5
411=,Annamarie,5
411=,Anthea,5
411=,Arleen,5
411=,Beatrice,5
411=,Beverly,5
411=,Caren,5
411=,Cecilia,5
411=,Corinna,5
411=,Emma-Jane,5
411=,Eva,5
411=,Faith,5
411=,Freya,5
411=,Janey,5
411=,Julie-Ann,5
411=,Katriona,5
411=,Kristina,5
411=,Leigh-Ann,5
411=,Leila,5
411=,Lesley-Ann,5
411=,Lia,5
411=,Lillian,5
411=,Lucinda,5
411=,Miranda,5
411=,Myra,5
411=,Rae,5
411=,Rebekah,5
411=,Rowan,5
411=,Serena,5
411=,Shahida,5
411=,Sharleen,5
411=,Shelagh,5
411=,Sheree,5
411=,Sian,5
411=,Soraya,5
411=,Trudi,5
450=,Abby,4
450=,Adelle,4
450=,Alexa,4
450=,Aline,4
450=,Antonia,4
450=,Arwen,4
450=,Ashleigh,4
450=,Bianca,4
450=,Caitlin,4
450=,Camilla,4
450=,Candice,4
450=,Carlyn,4
450=,Carron,4
450=,Ceri,4
450=,Cherry,4
450=,Christian,4
450=,Dolina,4
450=,Donna-Marie,4
450=,Elena,4
450=,Elise,4
450=,Flora,4
450=,Gabrielle,4
450=,Helga,4
450=,Hilda,4
450=,Iris,4
450=,Ishbel,4
450=,Jay,4
450=,Jeanie,4
450=,Jenifer,4
450=,Jo-Anne,4
450=,Joann,4
450=,Kerry-Ann,4
450=,Kirsti,4
450=,Krista,4
450=,Laureen,4
450=,Leesa,4
450=,Leigh-Anne,4
450=,Lesa,4
450=,Liane,4
450=,Lissa,4
450=,Lydia,4
450=,Mari,4
450=,Marjory,4
450=,Marsaili,4
450=,Marsha,4
450=,Maryann,4
450=,Maryanne,4
450=,Nickola,4
450=,Nikola,4
450=,Noreen,4
450=,Odette,4
450=,Rosalyn,4
450=,Rowena,4
450=,Sadia,4
450=,Sandie,4
450=,Sarah-Anne,4
450=,Sheona,4
450=,Sinead,4
450=,Sophia,4
450=,Stacy,4
450=,Stella,4
450=,Tammi,4
450=,Teri,4
450=,Yla,4
450=,Yvette,4
450=,Zoey,4
516=,Ailie,3
516=,Alanna,3
516=,Alexandria,3
516=,Alicia,3
516=,Andrena,3
516=,Annemarie,3
516=,Anouska,3
516=,Averil,3
516=,Ayesha,3
516=,Bryony,3
516=,Caireen,3
516=,Carey,3
516=,Carolan,3
516=,Carrie-Ann,3
516=,Cathrine,3
516=,Celia,3
516=,Chantelle,3
516=,Corrina,3
516=,Dale,3
516=,Dee,3
516=,Dominique,3
516=,Elisa,3
516=,Emma-Louise,3
516=,Euphemia,3
516=,Felicity,3
516=,Florence,3
516=,Gale,3
516=,Gwendoline,3
516=,Heloise,3
516=,Henrietta,3
516=,Holly,3
516=,Honor,3
516=,Isabelle,3
516=,Jacqui,3
516=,Janie,3
516=,Jeannie,3
516=,Jennie,3
516=,Jocelyn,3
516=,Joline,3
516=,Juliana,3
516=,Kari,3
516=,Kaye,3
516=,Keira,3
516=,Kelley,3
516=,Kelly-Marie,3
516=,Keren,3
516=,Kristen,3
516=,Kristine,3
516=,Kylie,3
516=,Lai,3
516=,Layla,3
516=,Leisa,3
516=,Leonie,3
516=,Letitia,3
516=,Leza,3
516=,Liann,3
516=,Loraine,3
516=,Lori,3
516=,Lucie,3
516=,Luisa,3
516=,Lynnette,3
516=,Madeleine,3
516=,Marie-Louise,3
516=,Mariessa,3
516=,Martina,3
516=,Mary-Anne,3
516=,Melody,3
516=,Moyra,3
516=,Nancy,3
516=,Nanette,3
516=,Olga,3
516=,Regan,3
516=,Rosalynn,3
516=,Rosemarie,3
516=,Samina,3
516=,Sara-Jane,3
516=,Selina,3
516=,Shannon,3
516=,Sheelagh,3
516=,Sheonagh,3
516=,Sherri,3
516=,Sorrel,3
516=,Stefanie,3
516=,Sunita,3
516=,Suzannah,3
516=,Tabitha,3
516=,Tammie,3
516=,Thea,3
516=,Thelma,3
516=,Ursula,3
516=,Vanda,3
516=,Vickie,3
516=,Violet,3
516=,Yee,3
516=,Yolanda,3
516=,Yuen,3
516=,Zena,3
613=,Ailis,2
613=,Aimee,2
613=,Ainslie,2
613=,Alexandrina,2
613=,Alexia,2
613=,Alisha,2
613=,Alma,2
613=,Amira,2
613=,Andrewina,2
613=,Anna-Marie,2
613=,Annika,2
613=,Antoinette,2
613=,Anya,2
613=,Aron,2
613=,Asha,2
613=,Athena,2
613=,Aylene,2
613=,Bernice,2
613=,Billie,2
613=,Billie-Jean,2
613=,Bonnie,2
613=,Briony,2
613=,Candida,2
613=,Caragh,2
613=,Carina,2
613=,Carine,2
613=,Carolynn,2
613=,Caryn,2
613=,Cassie,2
613=,Cathy,2
613=,Charis,2
613=,Charlaine,2
613=,Charleen,2
613=,Chelsea,2
613=,Cher,2
613=,Cherryl,2
613=,Chris,2
613=,Christie,2
613=,Christy,2
613=,Clara,2
613=,Claudette,2
613=,Claudine,2
613=,Coleen,2
613=,Corrie,2
613=,Daniela,2
613=,Dawna,2
613=,Dennise,2
613=,Diann,2
613=,Dona,2
613=,Donella,2
613=,Dorothea,2
613=,Dyan,2
613=,Elisha,2
613=,Elissa,2
613=,Elizabeth-Ann,2
613=,Elsbeth,2
613=,Emma-Jayne,2
613=,Eveline,2
613=,Ewa,2
613=,Farah,2
613=,Farida,2
613=,Farzana,2
613=,Fauzia,2
613=,Fozia,2
613=,Francine,2
613=,Frieda,2
613=,Genevieve,2
613=,Georgette,2
613=,Gillean,2
613=,Gladys,2
613=,Graine,2
613=,Haley,2
613=,Hanna,2
613=,Hellen,2
613=,Ijeoma,2
613=,Imogen,2
613=,Ina,2
613=,Irena,2
613=,Isis,2
613=,Islay,2
613=,Jacolyn,2
613=,Jacquelyne,2
613=,Jamie,2
613=,Janna,2
613=,Janne,2
613=,Jaqueline,2
613=,Jasmine,2
613=,Jeanne,2
613=,Jemima,2
613=,Jemma,2
613=,Jeniffer,2
613=,Jilliam,2
613=,Jo-Ann,2
613=,Jodi,2
613=,Jodie,2
613=,Joleen,2
613=,Julieann,2
613=,Julieanne,2
613=,Karena,2
613=,Karine,2
613=,Karla,2
613=,Karlin,2
613=,Karren,2
613=,Karrie,2
613=,Kathrine,2
613=,Katya,2
613=,Keli,2
613=,Kendal,2
613=,Kerriann,2
613=,Kerrie-Anne,2
613=,Kerry-Jane,2
613=,Kerryn,2
613=,Kerstin,2
613=,Kiri,2
613=,Kirstene,2
613=,Kirstyn,2
613=,Kristeen,2
613=,Kristel,2
613=,Kristi,2
613=,Kyla,2
613=,Laraine,2
613=,Lauri,2
613=,Laurina,2
613=,Layna,2
613=,Lea-Anne,2
613=,Leaza,2
613=,Lena,2
613=,Leonora,2
613=,Leyla,2
613=,Lily,2
613=,Lindsay-Anne,2
613=,Lindy,2
613=,Linzie,2
613=,Lisa-Ann,2
613=,Loreen,2
613=,Loretta,2
613=,Lorna-Jane,2
613=,Lorne,2
613=,Lucille,2
613=,Luma,2
613=,Lynn-Marie,2
613=,Mabel,2
613=,Maeve,2
613=,Mairi-Clare,2
613=,Manjit,2
613=,Marcella,2
613=,Marita,2
613=,Marlyn,2
613=,Marni,2
613=,Mary-Jane,2
613=,Megan,2
613=,Mei,2
613=,Melloney,2
613=,Mirelle,2
613=,Mischa,2
613=,Mona,2
613=,Muriel,2
613=,Natalina,2
613=,Nazia,2
613=,Nichole,2
613=,Nicola-Jane,2
613=,Nicolette,2
613=,Niki,2
613=,Nora,2
613=,Pearl,2
613=,Polly,2
613=,Pooja,2
613=,Rachelle,2
613=,Raina,2
613=,Rayna,2
613=,Renee,2
613=,Rhian,2
613=,Rhiannon,2
613=,Rochelle,2
613=,Roisin,2
613=,Rosaleen,2
613=,Rosanne,2
613=,Roseleen,2
613=,Roslynn,2
613=,Rubina,2
613=,Ruby,2
613=,Sabina,2
613=,Sabrina,2
613=,Saiqa,2
613=,Sally-Anne,2
613=,Samara,2
613=,Sara-Louise,2
613=,Sarah-Louise,2
613=,Seonad,2
613=,Shabana,2
613=,Shareen,2
613=,Shauna,2
613=,Shelly,2
613=,Sherrie,2
613=,Shiona,2
613=,Shireen,2
613=,Shirley-Anne,2
613=,Sorcha,2
613=,Stephenie,2
613=,Surinder,2
613=,Tamsyn,2
613=,Tasneem,2
613=,Terry,2
613=,Tessa,2
613=,Therese,2
613=,Tiziana,2
613=,Tonia,2
613=,Tracie,2
613=,Tracy-Ann,2
613=,Trisha,2
613=,Trudie,2
613=,Una,2
613=,Vaila,2
613=,Vanya,2
613=,Vera,2
613=,Wilhelmina,2
613=,Winifred,2
613=,Yasmeen,2
613=,Yuk,2
613=,Zara,2
833=,Abbi,1
833=,Abbigail,1
833=,Abida,1
833=,Abie,1
833=,Adanna,1
833=,Adel,1
833=,Adelaine,1
833=,Adeline,1
833=,Adi,1
833=,Aeesha,1
833=,Aicha,1
833=,Ailidh,1
833=,Ailison,1
833=,Aineak,1
833=,Aisha,1
833=,Aishah,1
833=,Aishea,1
833=,Aisling,1
833=,Aislinn,1
833=,Alaa,1
833=,Alberta,1
833=,Alettia,1
833=,Alex,1
833=,Alexander,1
833=,Alexanderina,1
833=,Alexandrine,1
833=,Alia,1
833=,Aliesha,1
833=,Alina,1
833=,Alishya,1
833=,Alison-Joan,1
833=,Alisonann,1
833=,Allaine,1
833=,Allana,1
833=,Althea,1
833=,Aly,1
833=,Alys,1
833=,Alysoun,1
833=,Alyssa,1
833=,Amabel,1
833=,Amal,1
833=,Amamda,1
833=,Amanda-Jane,1
833=,Amena,1
833=,Americ,1
833=,Amina,1
833=,Ammira,1
833=,Amna,1
833=,Amreet,1
833=,Amrit,1
833=,Amrita,1
833=,Amtul,1
833=,Analene,1
833=,Ancris,1
833=,Andreana,1
833=,Andria,1
833=,Androulla,1
833=,Aneela,1
833=,Angelena,1
833=,Angelene,1
833=,Angelica,1
833=,Angelika,1
833=,Angeline,1
833=,Angelliki,1
833=,Anica,1
833=,Anilla,1
833=,Anita-Jane,1
833=,Anja,1
833=,Anjanette,1
833=,Anji,1
833=,Anjie,1
833=,Anjna,1
833=,Ann-Louise,1
833=,Ann-Maree,1
833=,Anna-Karina,1
833=,Anna-Liisa,1
833=,Anna-Lisa,1
833=,Anna-Louise,1
833=,Annabella,1
833=,Annalena,1
833=,Annalisa,1
833=,Annalise,1
833=,Anndrea,1
833=,Annelise,1
833=,Annis,1
833=,Annita,1
833=,Annmaria,1
833=,Annwen,1
833=,Annya,1
833=,Anona,1
833=,Anoushka,1
833=,Ansclena,1
833=,Anushka,1
833=,Anuska,1
833=,Aowyn,1
833=,Aqeela,1
833=,Arabella,1
833=,Archina,1
833=,Areasha,1
833=,Areij,1
833=,Arianne,1
833=,Arjmund,1
833=,Arlee,1
833=,Arliene,1
833=,Aruna,1
833=,Arwyn,1
833=,Ashlaigh,1
833=,Ashlay,1
833=,Ashlea,1
833=,Ashleah,1
833=,Ashlyn,1
833=,Asima,1
833=,Asma,1
833=,Asna,1
833=,Assea,1
833=,Assifa,1
833=,Atiya,1
833=,Aubrey,1
833=,Aude,1
833=,Aurora,1
833=,Austinne,1
833=,Ava,1
833=,Avis,1
833=,Avrille,1
833=,Awlwyn,1
833=,Ayeh,1
833=,Aynsley,1
833=,Aynslie,1
833=,Ayrene,1
833=,Ayse,1
833=,Ayshe,1
833=,Badi'ih,1
833=,Balbinder,1
833=,Baljeet,1
833=,Barbara-Jane,1
833=,Barbie,1
833=,Barrie,1
833=,Bathsheba,1
833=,Becky,1
833=,Bella,1
833=,Bernardine,1
833=,Bethany,1
833=,Betsey,1
833=,Betsy,1
833=,Biba,1
833=,Bidisha,1
833=,Billinda,1
833=,Bina,1
833=,Binaca,1
833=,Binderpal,1
833=,Binette,1
833=,Blue,1
833=,Bobbie-Jean,1
833=,Bonita,1
833=,Bonny,1
833=,Brandy,1
833=,Breda,1
833=,Breidge,1
833=,Bridie,1
833=,Brigid,1
833=,Brigit,1
833=,Brigitte,1
833=,Brodie,1
833=,Bronagh,1
833=,Bronia,1
833=,Bronwen,1
833=,Bronya,1
833=,Bruna,1
833=,Bryany,1
833=,Cahille,1
833=,Cailean,1
833=,Cailey,1
833=,Cairistine,1
833=,Caitriona,1
833=,Cam,1
833=,Camelle,1
833=,Camille,1
833=,Candace,1
833=,Candace-Louise,1
833=,Candra,1
833=,Capre,1
833=,Carah,1
833=,Caralyn,1
833=,Cari-Elizabeth,1
833=,Carie,1
833=,Carin,1
833=,Carinna,1
833=,Carlene,1
833=,Carolin,1
833=,Carolina,1
833=,Carolynne,1
833=,Caron,1
833=,Carra,1
833=,Carrey-Anne,1
833=,Carri,1
833=,Carrianne,1
833=,Carrie-Anne,1
833=,Carrieanne,1
833=,Casey,1
833=,Catalina,1
833=,Catharine,1
833=,Cathryn,1
833=,Catreena,1
833=,Catreona,1
833=,Catrionna,1
833=,Celene,1
833=,Celina,1
833=,Celine,1
833=,Cerisse,1
833=,Chaneen,1
833=,Chanel,1
833=,Chantal,1
833=,Chantel,1
833=,Charelle,1
833=,Charlain,1
833=,Charlyne,1
833=,Charmian,1
833=,Charyl,1
833=,Chenzira,1
833=,Cheri,1
833=,Cherie-Anne,1
833=,Cherlene,1
833=,Chermarie,1
833=,Cherr'a,1
833=,Cheryl-Anne,1
833=,Cheryll-Ann,1
833=,Chesarea,1
833=,Chevonne,1
833=,Chiara,1
833=,Chiu,1
833=,Chontelle,1
833=,Chrisann,1
833=,Chrisanna,1
833=,Chrisanne,1
833=,Chrisella,1
833=,Chrisine,1
833=,Chriss,1
833=,Christabel,1
833=,Christeen,1
833=,Christiane,1
833=,Christopher,1
833=,Chrysothemis,1
833=,Ciara,1
833=,Cimera,1
833=,Claire-Louise,1
833=,Clarissa,1
833=,Clarisse,1
833=,Clemency,1
833=,Cleo,1
833=,Cleone,1
833=,Colene,1
833=,Collete,1
833=,Coral,1
833=,Cordelia,1
833=,Coreen,1
833=,Corin,1
833=,Corriene,1
833=,Corrinna,1
833=,Corrinne,1
833=,Coyla,1
833=,Crystal,1
833=,Cynthia,1
833=,Dalcy,1
833=,Dalene,1
833=,Daliea,1
833=,Daljinder,1
833=,Dallas,1
833=,Dalma,1
833=,Dalwinder,1
833=,Dana-Lena,1
833=,Danar,1
833=,Dania,1
833=,Daniella,1
833=,Danni,1
833=,Dannielle,1
833=,Dara,1
833=,Daryl,1
833=,David,1
833=,Dawn-Marie,1
833=,Dayle,1
833=,Dayveen,1
833=,Debbi,1
833=,Debhora,1
833=,Debjani,1
833=,Debrah,1
833=,Deena,1
833=,Defne,1
833=,Delia,1
833=,Delina,1
833=,Demelsa,1
833=,Dena,1
833=,Denice,1
833=,Deniz,1
833=,Deon,1
833=,Derek,1
833=,Deryn,1
833=,Desiree,1
833=,Desrie,1
833=,Dianah,1
833=,Dina,1
833=,Domenique,1
833=,Donalda,1
833=,Donemma,1
833=,Doneva,1
833=,Donise,1
833=,Donnah,1
833=,Doracina,1
833=,Dorileen,1
833=,Doris,1
833=,Douglas,1
833=,Dyane,1
833=,Dyann,1
833=,Dyanne,1
833=,Dyllis,1
833=,Edele,1
833=,Eden,1
833=,Edwina,1
833=,Eilidh-Jane,1
833=,Eilish,1
833=,Eiman,1
833=,Eira,1
833=,Eirene,1
833=,Elain,1
833=,Elana,1
833=,Elanor,1
833=,Elayne,1
833=,Electra,1
833=,Eleftheria,1
833=,Eleni,1
833=,Elenor,1
833=,Eleror,1
833=,Elisabetta,1
833=,Eliza,1
833=,Elizabeth-Anne,1
833=,Ella,1
833=,Ellis,1
833=,Ellison,1
833=,Elme,1
833=,Eloisa,1
833=,Eloise,1
833=,Elona,1
833=,Elsa,1
833=,Elspeth-Jean,1
833=,Elysha,1
833=,Elysia,1
833=,Emalia,1
833=,Emily-Jane,1
833=,Emma-Jain,1
833=,Emman,1
833=,Emy,1
833=,Encarnita,1
833=,Eona,1
833=,Erena,1
833=,Erga,1
833=,Ericka,1
833=,Eriskay,1
833=,Errin,1
833=,Estelle,1
833=,Eunice,1
833=,Evaline,1
833=,Eveanna,1
833=,Evelina,1
833=,Evelyne,1
833=,Evette,1
833=,Eyvonne,1
833=,Fabia,1
833=,Fahmida,1
833=,Farnaz,1
833=,Farrah,1
833=,Fayona,1
833=,Feiza,1
833=,Felice,1
833=,Felicity-Jane,1
833=,Filiz,1
833=,Fionna,1
833=,Firsila,1
833=,Fleur,1
833=,Fowzia,1
833=,Francene,1
833=,Frances-Ann,1
833=,Francinne,1
833=,Freda,1
833=,Furzana,1
833=,Gabriela,1
833=,Gaile,1
833=,Gamela,1
833=,Gar,1
833=,Gay,1
833=,Gaye,1
833=,Gayl,1
833=,Gayleen,1
833=,Gehan,1
833=,Gelina,1
833=,Genan,1
833=,Generosa,1
833=,Genine,1
833=,George,1
833=,Georgeann,1
833=,Georgena,1
833=,Georgia,1
833=,Gerardine,1
833=,Gerri,1
833=,Giga,1
833=,Gilean,1
833=,Gilliam,1
833=,Gilliane,1
833=,Gilliann,1
833=,Ginette,1
833=,Ginny,1
833=,Giovana,1
833=,Giovanna,1
833=,Giulia,1
833=,Glennis,1
833=,Glenys,1
833=,Gloria,1
833=,Glynis,1
833=,Gordon,1
833=,Gracie,1
833=,Grier,1
833=,Guillemette,1
833=,Gulia,1
833=,Guramerit,1
833=,Gurbhajan,1
833=,Gurjit,1
833=,Gurkimmat,1
833=,Gurmeet,1
833=,Gwenda,1
833=,Gwendolen,1
833=,Gwendolyn,1
833=,Gyda,1
833=,Haidee,1
833=,Hailey,1
833=,Hala,1
833=,Halina,1
833=,Harman,1
833=,Harminder,1
833=,Harmony,1
833=,Harvinder,1
833=,Hay,1
833=,Hayat,1
833=,Hedil,1
833=,Heena,1
833=,Helea,1
833=,Helene,1
833=,Hema,1
833=,Hermione,1
833=,Hiew,1
833=,Hileama,1
833=,Hoi,1
833=,Hollie,1
833=,Hope,1
833=,Humah,1
833=,Husna,1
833=,Hyfa,1
833=,Ida,1
833=,Iffet,1
833=,Ifshan,1
833=,Ilana,1
833=,Iman,1
833=,Imelda,1
833=,Iola,1
833=,Irina,1
833=,Isabell,1
833=,Ishorat,1
833=,Islagh,1
833=,Islean,1
833=,Istar,1
833=,Itahsin,1
833=,Ivy,1
833=,Jackilene,1
833=,Jacqualine,1
833=,Jacqualyn,1
833=,Jacquelina,1
833=,Jada,1
833=,Jalna,1
833=,Jamila,1
833=,Jamina,1
833=,Jane-Avril,1
833=,Janell,1
833=,Janene,1
833=,Janese,1
833=,Jannette,1
833=,Jannine,1
833=,Jasvir,1
833=,Jatinder,1
833=,Jeanann,1
833=,Jeania,1
833=,Jeanne-Marie,1
833=,Jehan,1
833=,Jehanara,1
833=,Jenan,1
833=,Jenda,1
833=,Jenine,1
833=,Jennifer-Ruth,1
833=,Jennyfer,1
833=,Jil,1
833=,Jillane,1
833=,Jilly,1
833=,Jimena,1
833=,Joe-Ann,1
833=,Joelle,1
833=,Johana,1
833=,Johann,1
833=,John,1
833=,Joina,1
833=,Joni,1
833=,Josephina-Molly,1
833=,Jotta,1
833=,Juan,1
833=,Juliane,1
833=,Juliann,1
833=,Julide,1
833=,Jull,1
833=,Justina,1
833=,Jyoti,1
833=,Ka,1
833=,Kalene,1
833=,Kalsoom,1
833=,Kalsum,1
833=,Kam,1
833=,Kaminder,1
833=,Kamlash,1
833=,Kamny,1
833=,Karalyn,1
833=,Karan,1
833=,Karel,1
833=,Karen-Ann,1
833=,Kareth,1
833=,Karina-Dawn,1
833=,Karis,1
833=,Karleen,1
833=,Karlyn,1
833=,Karolyn,1
833=,Karolynn,1
833=,Karon-Louise,1
833=,Karriann,1
833=,Karrina,1
833=,Kary-Ann,1
833=,Katanya,1
833=,Katerina,1
833=,Kathaleen,1
833=,Katheryn,1
833=,Kathlyn,1
833=,Kathryne,1
833=,Kathy,1
833=,Katja,1
833=,Katrena,1
833=,Katrina-Lee,1
833=,Katrine,1
833=,Katrona,1
833=,Kavita,1
833=,Keavy,1
833=,Kechinyerum,1
833=,Keeley,1
833=,Keiran,1
833=,Kellas,1
833=,Kellee,1
833=,Kelli,1
833=,Kelliann,1
833=,Kelly-Ann,1
833=,Kelly-Anne,1
833=,Kellyann,1
833=,Kendra,1
833=,Kenna,1
833=,Kereen,1
833=,Kerensa,1
833=,Keris,1
833=,Kerri-Ann,1
833=,Kerri-Anne,1
833=,Kerri-Lea,1
833=,Kerril,1
833=,Kerrin,1
833=,Kerry-Anne,1
833=,Keryl,1
833=,Khadija,1
833=,Kiem,1
833=,Kimberley-Ellen,1
833=,Kimlyn,1
833=,Kintrea,1
833=,Kira,1
833=,Kiran,1
833=,Kirenjit,1
833=,Kirstian,1
833=,Kirstina,1
833=,Kirston,1
833=,Kirsty-Ann,1
833=,Kirsty-Anne,1
833=,Kirsty-Jane,1
833=,Komil,1
833=,Koreen,1
833=,Kresta,1
833=,Kris,1
833=,Krissen,1
833=,Kristelle,1
833=,Kristian,1
833=,Kristy,1
833=,Krystal,1
833=,Krystyna,1
833=,Kuljinder,1
833=,Kulvinder,1
833=,Kumari,1
833=,Kymberley,1
833=,Lacey,1
833=,Laila,1
833=,Laine,1
833=,Lalage,1
833=,Lanna,1
833=,Laoidheach,1
833=,Larisa,1
833=,Larissa,1
833=,Laura-Alaine,1
833=,Laura-Anne,1
833=,Laura-Jayne,1
833=,Laura-Louise,1
833=,Lauraine,1
833=,Laurette,1
833=,Laurn,1
833=,Lavinia,1
833=,Laynou,1
833=,Leaah,1
833=,Leahan,1
833=,Leahanne,1
833=,Leanda,1
833=,Leandra,1
833=,Leanna,1
833=,Leasa,1
833=,Leasha,1
833=,Leeane,1
833=,Leeona,1
833=,Lehan,1
833=,Lehh,1
833=,Lei,1
833=,Leica,1
833=,Leighan,1
833=,Lemara,1
833=,Lenka,1
833=,Lenore,1
833=,Lesel,1
833=,Lesia,1
833=,Lesleyann,1
833=,Li-Anne,1
833=,Liesl,1
833=,Liliana,1
833=,Lilias,1
833=,Linnea,1
833=,Linza,1
833=,Lisa-Marie,1
833=,Lise,1
833=,Lizette,1
833=,Llana,1
833=,Lobna,1
833=,Lora,1
833=,Loreta,1
833=,Lorette,1
833=,Lornaanne,1
833=,Lorrayne,1
833=,Lorri,1
833=,Lorrinda,1
833=,Louie,1
833=,Louisa-Jane,1
833=,Louise-Anne,1
833=,Louise-May,1
833=,Luan,1
833=,Luana,1
833=,Luannah,1
833=,Luciana,1
833=,Lucilee,1
833=,Lucina,1
833=,Luigina,1
833=,Lydna,1
833=,Lyne,1
833=,Lynne-Marie,1
833=,Lynnsey,1
833=,Lysan,1
833=,Lysanne,1
833=,Madalaine,1
833=,Madelynn,1
833=,Mae,1
833=,Magdalene,1
833=,Magdolin,1
833=,Maha,1
833=,Mahri,1
833=,Mai,1
833=,Maida,1
833=,Maihri,1
833=,Maire,1
833=,Mairead,1
833=,Mairi-Claire,1
833=,Mairi-Josephine,1
833=,Mairianne,1
833=,Mairie,1
833=,Mairietta,1
833=,Malissa,1
833=,Malvine,1
833=,Mamoona,1
833=,Mana,1
833=,Manar,1
833=,Manday,1
833=,Manila,1
833=,Manjinder,1
833=,Manuela,1
833=,Manvinder,1
833=,Marayan,1
833=,Marcina,1
833=,Mardie,1
833=,Marelle,1
833=,Maren,1
833=,Margaret-Ann,1
833=,Margery,1
833=,Margie,1
833=,Margot,1
833=,Marguerite,1
833=,Maria-Angela,1
833=,Maria-Luise,1
833=,Mariam,1
833=,Mariann,1
833=,Maribeth,1
833=,Marie-Francoise,1
833=,Marieanne,1
833=,Mariel,1
833=,Marielle,1
833=,Marietta,1
833=,Marijke,1
833=,Mariota,1
833=,Marisha,1
833=,Marjatta,1
833=,Marlena,1
833=,Marlisa,1
833=,Marna,1
833=,Marrianne,1
833=,Martinne,1
833=,Mary-Ann,1
833=,Marys,1
833=,Maryse,1
833=,Masarrat,1
833=,Matilda,1
833=,Maurica,1
833=,Maxene,1
833=,Mayetri,1
833=,Maylynda,1
833=,Meahead,1
833=,Mechell,1
833=,Mechelle,1
833=,Meena,1
833=,Meghan,1
833=,Mekella,1
833=,Melaney,1
833=,Melinda,1
833=,Melisa,1
833=,Melkorka,1
833=,Mellissa,1
833=,Meredith,1
833=,Meryl,1
833=,Mhairi-Louise,1
833=,Michaelle,1
833=,Micheala,1
833=,Micheele,1
833=,Micheley,1
833=,Micheline,1
833=,Mika,1
833=,Mildred,1
833=,Mina,1
833=,Ming-Chen,1
833=,Minnie,1
833=,Mirfet,1
833=,Mirran,1
833=,Moira-Ann,1
833=,Monika,1
833=,Morena,1
833=,Morn,1
833=,Morvern,1
833=,Mousumi,1
833=,Mushtaha,1
833=,Mussarat,1
833=,Mussart,1
833=,Myrianthe,1
833=,Myrica,1
833=,Nabeet,1
833=,Nachat,1
833=,Nada,1
833=,Nadean,1
833=,Nadene,1
833=,Nadiya,1
833=,Nadya,1
833=,Naglaa,1
833=,Naheeda,1
833=,Nahreen,1
833=,Najla,1
833=,Najma,1
833=,Naledi,1
833=,Nalin,1
833=,Narelle,1
833=,Narian,1
833=,Nasreen,1
833=,Natalee,1
833=,Natallie,1
833=,Nathalie,1
833=,Natsai,1
833=,Naureen,1
833=,Navasha,1
833=,Naveen,1
833=,Naydene,1
833=,Nazanin,1
833=,Nazik,1
833=,Nazila,1
833=,Nazim,1
833=,Nazmeem,1
833=,Neelum,1
833=,Neena,1
833=,Negar,1
833=,Neilam,1
833=,Nesseem,1
833=,Nia,1
833=,Nicarla,1
833=,Nicholla,1
833=,Nico,1
833=,Nicola-Ann,1
833=,Nicola-Anne,1
833=,Nina-Inger,1
833=,Niria,1
833=,Nirmal,1
833=,Nirvisha,1
833=,Nisa,1
833=,Nisha,1
833=,Nobeela,1
833=,Noel,1
833=,Noeleen,1
833=,Nonah,1
833=,Norah,1
833=,Noreena,1
833=,Norunnuha,1
833=,Nusrat,1
833=,Nusrrat,1
833=,Nuzhat,1
833=,Nyanamalar,1
833=,Nyaradzo,1
833=,Nykola,1
833=,Ogbeialu,1
833=,Oi,1
833=,Olecia,1
833=,Olive,1
833=,Ollwen,1
833=,Oluremi,1
833=,Oluwatosin,1
833=,Oona,1
833=,Oonagh,1
833=,Oriana,1
833=,Ozma,1
833=,Pamela-Jane,1
833=,Paola,1
833=,Parneet,1
833=,Paromita,1
833=,Patrice,1
833=,Patrizia,1
833=,Paul,1
833=,Paula-Anne,1
833=,Pauleen,1
833=,Paulene,1
833=,Peggy,1
833=,Penne,1
833=,Perveen,1
833=,Pervin,1
833=,Pheona,1
833=,Philady,1
833=,Phillipa,1
833=,Phillippa,1
833=,Philomeana,1
833=,Philomena,1
833=,Phoebe,1
833=,Phyllida,1
833=,Phyllis,1
833=,Piu,1
833=,Po,1
833=,Pollynn,1
833=,Prudence,1
833=,Pushpa,1
833=,Rabhia,1
833=,Rachna,1
833=,Radha,1
833=,Raeleen,1
833=,Raelene,1
833=,Rafedah,1
833=,Ragbear,1
833=,Raheela,1
833=,Rajbinder,1
833=,Rajnee,1
833=,Raminder,1
833=,Raquel,1
833=,Raramai,1
833=,Rashida,1
833=,Ray,1
833=,Raye,1
833=,Rayleen,1
833=,Razia,1
833=,Razwana,1
833=,Reem,1
833=,Reena,1
833=,Regina,1
833=,Regine,1
833=,Rehana,1
833=,Rena,1
833=,Renata,1
833=,Renate,1
833=,Rene,1
833=,Renee-Jayne,1
833=,Reona,1
833=,Ribena,1
833=,Richard,1
833=,Rifat,1
833=,Rifka,1
833=,Rifth,1
833=,Riham,1
833=,Rimona,1
833=,Rizwana,1
833=,Robin,1
833=,Ronay,1
833=,Ronnee,1
833=,Ronzai,1
833=,Rosaline,1
833=,Rose-Marie,1
833=,Roselean,1
833=,Roselena,1
833=,Roselin,1
833=,Roselyn,1
833=,Rosemari-Ann,1
833=,Rosie,1
833=,Roslind,1
833=,Roslynd,1
833=,Roslyne,1
833=,Rossalyn,1
833=,Rosslyn,1
833=,Rosslynn,1
833=,Rovina,1
833=,Rowenna,1
833=,Rowia,1
833=,Roxanne,1
833=,Roxie,1
833=,Rozanne,1
833=,Rozeena,1
833=,Rozel,1
833=,Rozina,1
833=,Rukhsana,1
833=,Rupa,1
833=,Ruthanna,1
833=,Sabeena,1
833=,Sadaf,1
833=,Saddaf,1
833=,Sadelle,1
833=,Sadye,1
833=,Saeeda,1
833=,Saeema,1
833=,Saffa,1
833=,Safina,1
833=,Sagenna,1
833=,Sahaar,1
833=,Sahar,1
833=,Sahera,1
833=,Saira,1
833=,Sajda,1
833=,Sajdh,1
833=,Sajidah,1
833=,Salina,1
833=,Sally-Ann,1
833=,Sallyanne,1
833=,Samana,1
833=,Samantha-Jayne,1
833=,Samantha-Lee,1
833=,Sameena,1
833=,Samiara,1
833=,Samiera,1
833=,Sandeep,1
833=,Sandrine,1
833=,Santina,1
833=,Saqba,1
833=,Sarah-Ann,1
833=,Sarah-Jayne,1
833=,Sarahanne,1
833=,Sareeta,1
833=,Saria,1
833=,Sarra,1
833=,Sarrah,1
833=,Sau,1
833=,Seifeldin,1
833=,Seona,1
833=,Seonag,1
833=,Seunag,1
833=,Shabnaz,1
833=,Shagufta,1
833=,Shahda,1
833=,Shahjadi,1
833=,Shaiesta,1
833=,Shakira,1
833=,Shalimar,1
833=,Shama,1
833=,Shameela,1
833=,Shamine,1
833=,Shamshad,1
833=,Shana,1
833=,Shann,1
833=,Shanna,1
833=,Sharan,1
833=,Shari,1
833=,Sharina,1
833=,Sharlen,1
833=,Sharli,1
833=,Sharline,1
833=,Sharmainne,1
833=,Sharmane,1
833=,Sharmila,1
833=,Sharon-Anne,1
833=,Sharon-Leah,1
833=,Sharon-Lee,1
833=,Shavonne,1
833=,Shay,1
833=,Sheera,1
833=,Sheetal,1
833=,Sheilagh,1
833=,Sheilah,1
833=,Shek,1
833=,Shella,1
833=,Shelley-Patrici,1
833=,Sheonadh,1
833=,Shereen,1
833=,Sherelle,1
833=,Sheri,1
833=,Sherilee,1
833=,Sherralee,1
833=,Sherrie-Ann,1
833=,Sherryl,1
833=,Sherryll,1
833=,Sheryll,1
833=,Sheryn,1
833=,Shevhaun,1
833=,Shevon,1
833=,Shevonne,1
833=,Shibani,1
833=,Shimain,1
833=,Shirlee,1
833=,Shirlene,1
833=,Shirleyanne,1
833=,Shirly,1
833=,Shivan,1
833=,Shoina,1
833=,Sholena,1
833=,Shorbori,1
833=,Shuchi,1
833=,Shui,1
833=,Shuk,1
833=,Shuna,1
833=,Shuri,1
833=,Sibyl,1
833=,Siew,1
833=,Sileas,1
833=,Silke,1
833=,Silvia,1
833=,Simma,1
833=,Simona,1
833=,Sine,1
833=,Siobbhan,1
833=,Siobhain,1
833=,Siti,1
833=,Siubhan,1
833=,Siw,1
833=,Smaira,1
833=,Smpna,1
833=,So,1
833=,Sofia,1
833=,Sofie,1
833=,Solen,1
833=,Soma,1
833=,Sonin,1
833=,Sonwia,1
833=,Sophy,1
833=,Stacia,1
833=,Stacy-Lee,1
833=,Stefania,1
833=,Stephaney,1
833=,Stine,1
833=,Sue,1
833=,Suelley,1
833=,Suhaila,1
833=,Sui,1
833=,Suilina,1
833=,Sujata,1
833=,Sujatha,1
833=,Suk,1
833=,Sukhinder,1
833=,Sukhjit,1
833=,Sula,1
833=,Sulma,1
833=,Sumina,1
833=,Sundey,1
833=,Sunshine,1
833=,Surraya,1
833=,Susannah-Jane,1
833=,Susi,1
833=,Susmita,1
833=,Sussanne,1
833=,Suzanna,1
833=,Suzette,1
833=,Suzi,1
833=,Swati,1
833=,Sybil,1
833=,Sylvie,1
833=,Syma,1
833=,Tabasum,1
833=,Tabatha,1
833=,Taflyn,1
833=,Tahbusum,1
833=,Tahra,1
833=,Tamar,1
833=,Tamasin,1
833=,Tamie,1
833=,Tannith,1
833=,Tao,1
833=,Tarn,1
833=,Taryn,1
833=,Tasnim,1
833=,Teena,1
833=,Tempel,1
833=,Tercia,1
833=,Terris,1
833=,Thalassa,1
833=,Thereza,1
833=,Thomasina,1
833=,Tia,1
833=,Tiera,1
833=,Tilda,1
833=,Timarra,1
833=,Tonie,1
833=,Tonya,1
833=,Tracey-Ann,1
833=,Tracyann,1
833=,Tracyanne,1
833=,Tresna,1
833=,Tricia,1
833=,Trina,1
833=,Trischian,1
833=,Tsui-Tsui,1
833=,Tuyubah,1
833=,Unity,1
833=,Uzema,1
833=,Vadele,1
833=,Valda,1
833=,Valery,1
833=,Valissa,1
833=,Valmai,1
833=,Vana,1
833=,Vandrew,1
833=,Vari,1
833=,Varri,1
833=,Varrie,1
833=,Venetta,1
833=,Verda,1
833=,Verena,1
833=,Verrian,1
833=,Vhairi,1
833=,Vhari,1
833=,Viki,1
833=,Voirrey,1
833=,Wanda,1
833=,Wei-Ling,1
833=,Williamina,1
833=,Wonya,1
833=,Yala,1
833=,Yasmean,1
833=,Yasmina-Sophie,1
833=,Yeung,1
833=,Ynske,1
833=,Yolande,1
833=,Yper,1
833=,Yuan-Wen,1
833=,Yumaira,1
833=,Yun,1
833=,Zahar,1
833=,Zahida,1
833=,Zaibun-Nisa,1
833=,Zandra,1
833=,Zania,1
833=,Zaqia,1
833=,Zarabeth,1
833=,Zareya,1
833=,Zarina,1
833=,Zasha,1
833=,Zeena,1
833=,Zelda,1
833=,Zeph,1
833=,Zhenya,1
833=,Zina,1
833=,Zoe-Lianne,1
833=,Zoranna,1
