Position,Name,Number of babies
1,Claire,733
2,Nicola,689
3,Karen,663
4,Angela,643
5,Gillian,590
6,Fiona,582
7,Jennifer,552
8,Laura,526
9,Susan,518
10,Julie,502
11,Michelle,478
12,Lisa,460
13,Sharon,444
14,Louise,442
15,Sarah,435
16,Tracy,416
17,Donna,411
18,Kelly,397
19,Kirsty,369
20,Amanda,336
21,Alison,333
22,Joanne,313
23,Caroline,307
24,Emma,302
25,Jacqueline,298
26,Elaine,281
27,Elizabeth,279
28,Lynne,275
29,Lesley,271
30,Deborah,269
31=,Kerry,256
31=,Victoria,256
33,Carol,252
34=,Catherine,242
34=,Lynn,242
36,Pauline,222
37,Margaret,221
38,Lorna,208
39,Lynsey,206
40,Lorraine,201
41=,Linda,199
41=,Suzanne,199
41=,Tracey,199
44,Heather,193
45,Yvonne,188
46,Jane,180
47=,Dawn,171
47=,Mary,171
49,Helen,169
50,Anne,168
51,Wendy,163
52,Lee,162
53,Pamela,153
54,Jill,149
55,Lindsay,139
56,Clare,138
57=,Christine,132
57=,Diane,132
59=,Leigh,129
59=,Samantha,129
61,Shona,126
62=,Joanna,125
62=,Ruth,125
64,Debbie,123
65,Gail,122
66,Marie,120
67,Andrea,114
68,Paula,113
69,Kathleen,112
70,Catriona,108
71,Katrina,107
72,Denise,105
73,Melanie,100
74,Ann,99
75,Sandra,97
76=,Gayle,96
76=,Hazel,96
76=,Jillian,96
79,Stephanie,95
80,Rachel,89
81=,Kim,85
81=,Natalie,85
83=,Katherine,83
83=,Patricia,83
85,Leanne,81
86,Cheryl,79
87,Mhairi,72
88,Morag,70
89,Arlene,69
90,Zoe,68
91,Kathryn,67
92=,Aileen,64
92=,Ashley,64
92=,Judith,64
95=,Anna,61
95=,Frances,61
95=,Janet,61
95=,Lucy,61
99,Vicky,60
100=,Christina,59
100=,Kirsten,59
100=,Rebecca,59
103,Lyndsey,58
104,Stacey,57
105=,Allison,56
105=,Kirsteen,56
107=,Barbara,55
107=,Lynda,55
107=,Shirley,55
110=,Mairi,54
110=,Maria,54
112=,Carolyn,53
112=,Marion,53
112=,Maureen,53
115=,Julia,52
115=,Lynette,52
117=,Lindsey,50
117=,Lyndsay,50
117=,Mandy,50
117=,Sara,50
121,Valerie,49
122,Carrie,48
123,Audrey,46
124=,Eleanor,45
124=,Melissa,45
124=,Michele,45
127,Rhona,44
128=,Emily,43
128=,Nichola,43
128=,Theresa,43
131=,Adele,42
131=,Eileen,42
133=,Carole,41
133=,Kimberley,41
135=,Jean,39
135=,Sally,39
137,Vicki,38
138=,Jenny,37
138=,Lyn,37
140,Janice,36
141,Irene,34
142=,Amy,33
142=,Kay,33
142=,Kirstin,33
145=,Leah,32
145=,Natasha,32
145=,Rosemary,32
145=,Sheena,32
149=,Cara,31
149=,Marianne,31
151=,Clair,30
151=,Gemma,30
151=,Hilary,30
151=,Nadine,30
151=,Sheila,30
151=,Susanne,30
157=,Annette,29
157=,Charlotte,29
157=,Eilidh,29
157=,Kate,29
157=,Leona,29
157=,Vikki,29
163=,Alexandra,28
163=,Avril,28
163=,Rachael,28
163=,Tanya,28
163=,Teresa,28
168=,Ailsa,27
168=,Hannah,27
168=,June,27
171,Isla,26
172=,Agnes,25
172=,Alice,25
172=,Eve,25
172=,Geraldine,25
172=,Shelley,25
177=,Carla,24
177=,Faye,24
177=,Georgina,24
177=,Jaclyn,24
177=,Janette,24
177=,Jayne,24
177=,Kellie,24
177=,Nicole,24
185=,Colette,23
185=,Evelyn,23
185=,Nadia,23
188=,Grace,22
188=,Siobhan,22
190=,Abigail,21
190=,Beverley,21
190=,Debra,21
190=,Esther,21
190=,Gwen,21
190=,Katharine,21
190=,Lauren,21
190=,Morven,21
198=,Charlene,20
198=,Iona,20
198=,Jan,20
198=,Jolene,20
198=,Katie,20
198=,Kirstie,20
198=,Maxine,20
198=,Tina,20
198=,Vanessa,20
207=,Bernadette,19
207=,Brenda,19
207=,Jaime,19
207=,Joan,19
207=,Joyce,19
207=,Juliet,19
207=,Kerrie,19
207=,Louisa,19
207=,Moira,19
207=,Monica,19
207=,Sonia,19
207=,Veronica,19
219=,Anne-Marie,18
219=,Davina,18
219=,Heidi,18
219=,Lynsay,18
219=,Naomi,18
219=,Stacy,18
219=,Wilma,18
226=,Alexis,17
226=,April,17
226=,Charmaine,17
226=,Dianne,17
226=,Ellen,17
226=,Tara,17
232=,Colleen,16
232=,Jamie,16
232=,Johanna,16
232=,Kirstine,16
232=,Rhonda,16
232=,Vivienne,16
238=,Alana,15
238=,Annmarie,15
238=,Diana,15
238=,Josephine,15
238=,Simone,15
243=,Hayley,14
243=,Janine,14
243=,Laurie,14
243=,Lee-Anne,14
243=,Linzi,14
243=,Lynnette,14
243=,Norma,14
250=,Amber,13
250=,Anita,13
250=,Erin,13
250=,Lee-Ann,13
250=,Lianne,13
250=,Linsey,13
250=,Penelope,13
257=,Alyson,12
257=,Danielle,12
257=,Isabella,12
257=,Joy,12
257=,Karin,12
257=,Katy,12
257=,Kerri,12
257=,Leeann,12
257=,Nina,12
257=,Penny,12
257=,Shonagh,12
257=,Sophie,12
257=,Sylvia,12
257=,Tammy,12
271=,Ann-Marie,11
271=,Evonne,11
271=,Kimberly,11
271=,Marnie,11
271=,Olivia,11
271=,Philippa,11
271=,Rona,11
271=,Rosalind,11
271=,Sarah-Jane,11
271=,Shazia,11
271=,Sian,11
271=,Sonya,11
283=,Angie,10
283=,Dana,10
283=,Erica,10
283=,Eva,10
283=,Gaynor,10
283=,Isabel,10
283=,Janie,10
283=,Jeanette,10
283=,Lara,10
283=,Liza,10
283=,Marissa,10
283=,Marlene,10
283=,Rose,10
283=,Sabrina,10
283=,Sinead,10
283=,Susannah,10
283=,Tammie,10
283=,Vivien,10
301=,Ainsley,9
301=,Annie,9
301=,Cindy,9
301=,Helena,9
301=,Jodie,9
301=,Leesa,9
301=,Liana,9
301=,Linsay,9
301=,Lois,9
301=,Marina,9
301=,Mhari,9
301=,Morna,9
301=,Roslyn,9
301=,Selina,9
301=,Sharlene,9
301=,Sharron,9
301=,Toni,9
318=,Allyson,8
318=,Antonia,8
318=,Bridget,8
318=,Carol-Ann,8
318=,Corinne,8
318=,Deirdre,8
318=,Dionne,8
318=,Elinor,8
318=,Elisabeth,8
318=,Farrah,8
318=,Fay,8
318=,Felicity,8
318=,Holly,8
318=,Isobel,8
318=,Janey,8
318=,Leeanne,8
318=,Leigh-Anne,8
318=,Lesley-Anne,8
318=,Nikki,8
337=,Allana,7
337=,Annemarie,7
337=,Arleen,7
337=,Carmen,7
337=,Carol-Anne,7
337=,Carolann,7
337=,Carolanne,7
337=,Cassandra,7
337=,Estelle,7
337=,Ingrid,7
337=,Jessica,7
337=,Jo-Anne,7
337=,Jocelyn,7
337=,Jodi,7
337=,Justine,7
337=,Kristine,7
337=,Lucinda,7
337=,Margo,7
337=,Martine,7
337=,Megan,7
337=,Michaela,7
337=,Miranda,7
337=,Rowena,7
337=,Sandie,7
337=,Sasha,7
337=,Sheree,7
337=,Stella,7
337=,Tessa,7
337=,Trudy,7
337=,Vickie,7
337=,Virginia,7
337=,Vivian,7
369=,Annabel,6
369=,Carly,6
369=,Carrie-Ann,6
369=,Catrina,6
369=,Cherie,6
369=,Corrina,6
369=,Edith,6
369=,Flora,6
369=,Jennie,6
369=,Joann,6
369=,Julie-Ann,6
369=,Julie-Anne,6
369=,Kara,6
369=,Karyn,6
369=,Kelley,6
369=,Keri,6
369=,Leisa,6
369=,Lena,6
369=,Loraine,6
369=,Madeleine,6
369=,Madeline,6
369=,Mari,6
369=,Martha,6
369=,Martina,6
369=,Nancy,6
369=,Noreen,6
369=,Rae,6
369=,Robyn,6
369=,Rosalyn,6
369=,Sacha,6
369=,Serena,6
369=,Sharleen,6
369=,Sheona,6
369=,Sonja,6
369=,Susanna,6
404=,Adrienne,5
404=,Alexandria,5
404=,Andrina,5
404=,Angeline,5
404=,Anouska,5
404=,Anthea,5
404=,Ashleigh,5
404=,Belinda,5
404=,Bonnie,5
404=,Camilla,5
404=,Cathleen,5
404=,Cecilia,5
404=,Connie,5
404=,Dale,5
404=,Dorothy,5
404=,Elena,5
404=,Elise,5
404=,Elspeth,5
404=,Jacquelyn,5
404=,Jade,5
404=,Jenifer,5
404=,Jessie,5
404=,Johanne,5
404=,Kelli,5
404=,Kelly-Ann,5
404=,Kerry-Ann,5
404=,Layla,5
404=,Lea,5
404=,Leigh-Ann,5
404=,Lydia,5
404=,Marian,5
404=,Marjorie,5
404=,Marjory,5
404=,Maryann,5
404=,May,5
404=,Nyree,5
404=,Roseann,5
404=,Rowan,5
404=,Shauna,5
404=,Shelagh,5
404=,Tamara,5
404=,Teri,5
404=,Violet,5
404=,Yvette,5
448=,Abbie,4
448=,Alexa,4
448=,Alma,4
448=,Amelia,4
448=,Angelina,4
448=,Caren,4
448=,Carolynn,4
448=,Carrie-Anne,4
448=,Collette,4
448=,Constance,4
448=,Corina,4
448=,Corrine,4
448=,Daniela,4
448=,Daniella,4
448=,Demelza,4
448=,Emma-Jane,4
448=,Erika,4
448=,Farah,4
448=,Francesca,4
448=,Freya,4
448=,Gina,4
448=,Gloria,4
448=,Jackie,4
448=,Janis,4
448=,Jo-Ann,4
448=,Jody,4
448=,Julianne,4
448=,Juliette,4
448=,Karlyn,4
448=,Katrine,4
448=,Kelly-Anne,4
448=,Lana,4
448=,Leighann,4
448=,Leila,4
448=,Lesley-Ann,4
448=,Lindy,4
448=,Lissa,4
448=,Lori,4
448=,Lorne,4
448=,Mairead,4
448=,Maree,4
448=,Marlyn,4
448=,Mei,4
448=,Miriam,4
448=,Petra,4
448=,Phyllis,4
448=,Pui,4
448=,Rosslyn,4
448=,Sadie,4
448=,Senga,4
448=,Shannon,4
448=,Sharyn,4
448=,Shelly,4
448=,Stefanie,4
448=,Tabitha,4
448=,Terri,4
448=,Terry,4
448=,Trudi,4
448=,Trudie,4
448=,Wai,4
448=,Yasmin,4
448=,Yolanda,4
510=,Ailish,3
510=,Aimee,3
510=,Aimi,3
510=,Alaine,3
510=,Alicia,3
510=,Angharad,3
510=,Asia,3
510=,Asma,3
510=,Ayshea,3
510=,Bianca,3
510=,Bobbie,3
510=,Camille,3
510=,Carina,3
510=,Carolynne,3
510=,Carron,3
510=,Caryn,3
510=,Ceri,3
510=,Charis,3
510=,Charmain,3
510=,Chloe,3
510=,Christiana,3
510=,Claudia,3
510=,Coleen,3
510=,Cora,3
510=,Coreen,3
510=,Cynthia,3
510=,Daisy,3
510=,Debora,3
510=,Dee,3
510=,Dominique,3
510=,Donella,3
510=,Doreen,3
510=,Elisa,3
510=,Eliza,3
510=,Elsa,3
510=,Euphemia,3
510=,Francine,3
510=,Gael,3
510=,Georgia,3
510=,Harriet,3
510=,Imogen,3
510=,Ishbel,3
510=,Jacqui,3
510=,Jaimie,3
510=,Judy,3
510=,Juli,3
510=,Julianna,3
510=,Kareen,3
510=,Katriona,3
510=,Kaye,3
510=,Kelda,3
510=,Kellyann,3
510=,Kerry-Anne,3
510=,Kirsti,3
510=,Kristina,3
510=,Kyla,3
510=,Kylie,3
510=,Larissa,3
510=,Leslie,3
510=,Leza,3
510=,Lillian,3
510=,Lisette,3
510=,Lucie,3
510=,Marcia,3
510=,Marilyn,3
510=,Marisa,3
510=,Marsha,3
510=,Melinda,3
510=,Melody,3
510=,Monique,3
510=,Muriel,3
510=,Myra,3
510=,Nazia,3
510=,Odette,3
510=,Ray,3
510=,Rebekah,3
510=,Regan,3
510=,Rehana,3
510=,Rena,3
510=,Renee,3
510=,Rhiannon,3
510=,Rhoda,3
510=,Robin,3
510=,Rochelle,3
510=,Roisin,3
510=,Rosaleen,3
510=,Roseanne,3
510=,Rosemarie,3
510=,Rosina,3
510=,Sajida,3
510=,Sameena,3
510=,Seonaid,3
510=,Shabana,3
510=,Sheryl,3
510=,Shiona,3
510=,Sophia,3
510=,Suzan,3
510=,Suzannah,3
510=,Uzma,3
510=,Verity,3
510=,Winifred,3
510=,Zoey,3
612=,Abbey,2
612=,Abby,2
612=,Adelina,2
612=,Afshan,2
612=,Alanna,2
612=,Alexandrina,2
612=,Alexsandra,2
612=,Alisa,2
612=,Annabella,2
612=,Anne-Louise,2
612=,Assia,2
612=,Averil,2
612=,Ayesha,2
612=,Aynsley,2
612=,Ayshah,2
612=,Beatrice,2
612=,Beverly,2
612=,Briony,2
612=,Caireen,2
612=,Caragh,2
612=,Carlyn,2
612=,Carmine,2
612=,Caroll,2
612=,Carolyne,2
612=,Carra,2
612=,Cassie,2
612=,Catharine,2
612=,Celeste,2
612=,Celia,2
612=,Celine,2
612=,Chanelle,2
612=,Chantal,2
612=,Chirsty,2
612=,Christa,2
612=,Christian,2
612=,Clara,2
612=,Claudine,2
612=,Clayre,2
612=,Corena,2
612=,Corinna,2
612=,Craig,2
612=,Cristina,2
612=,Danelle,2
612=,Dawna,2
612=,Deanna,2
612=,Deanne,2
612=,Debby,2
612=,Dena,2
612=,Dina,2
612=,Dione,2
612=,Dolores,2
612=,Donnamarie,2
612=,Dora,2
612=,Dorinda,2
612=,Doris,2
612=,Elain,2
612=,Elaina,2
612=,Elane,2
612=,Elissa,2
612=,Ena,2
612=,Ethel,2
612=,Faith,2
612=,Freda,2
612=,Geeta,2
612=,Genevieve,2
612=,Glenda,2
612=,Greer,2
612=,Greta,2
612=,Gwendoline,2
612=,Gwendolyn,2
612=,Gwyneth,2
612=,Hailey,2
612=,Hala,2
612=,Haley,2
612=,Hellen,2
612=,Hilda,2
612=,Ilona,2
612=,Islay,2
612=,Jacqualine,2
612=,Jacquelynn,2
612=,Jasmine,2
612=,Jeanie,2
612=,Jeanine,2
612=,Jeanne,2
612=,Jeannie,2
612=,Jemma,2
612=,Jeniffer,2
612=,Jenna,2
612=,Johann,2
612=,Juliana,2
612=,Juliane,2
612=,Karan,2
612=,Kari,2
612=,Karlin,2
612=,Karrie,2
612=,Kathrine,2
612=,Keli,2
612=,Kendra,2
612=,Kerryn,2
612=,Khadine,2
612=,Kirstene,2
612=,Kizzy,2
612=,Kym,2
612=,Kyra,2
612=,Laura-Jane,2
612=,Laurna,2
612=,Leann,2
612=,Leighan,2
612=,Leighanne,2
612=,Leisha,2
612=,Letitia,2
612=,Li,2
612=,Lia,2
612=,Lian,2
612=,Liane,2
612=,Lily,2
612=,Lindi,2
612=,Llana,2
612=,Loretta,2
612=,Lorette,2
612=,Luan,2
612=,Lubna,2
612=,Lucia,2
612=,Lucille,2
612=,Luisa,2
612=,Marena,2
612=,Margaret-Anne,2
612=,Marianna,2
612=,Marie-Anne,2
612=,Marie-Claire,2
612=,Marie-Clare,2
612=,Marie-Louise,2
612=,Marielle,2
612=,Marisha,2
612=,Marrianne,2
612=,Maura,2
612=,Mellanie,2
612=,Melony,2
612=,Naheed,2
612=,Natalia,2
612=,Neelam,2
612=,Nichole,2
612=,Nikola,2
612=,Nova,2
612=,Patrice,2
612=,Paul,2
612=,Paulene,2
612=,Pearl,2
612=,Raylene,2
612=,Reem,2
612=,Rita,2
612=,Roberta,2
612=,Robina,2
612=,Rosalie,2
612=,Rosanne,2
612=,Roselynn,2
612=,Rosena,2
612=,Sadaf,2
612=,Saira,2
612=,Sally-Anne,2
612=,Salma,2
612=,Sau,2
612=,Scott,2
612=,Seonad,2
612=,Shakeela,2
612=,Shari,2
612=,Sharmila,2
612=,Sheenagh,2
612=,Sheryn,2
612=,Shireen,2
612=,Shirley-Anne,2
612=,Shyvonne,2
612=,Sigrid,2
612=,Sorrel,2
612=,Stacie,2
612=,Stroma,2
612=,Susann,2
612=,Susie,2
612=,Suzanna,2
612=,Syma,2
612=,Talia,2
612=,Thea,2
612=,Therese,2
612=,Tracie,2
612=,Tracy-Anne,2
612=,Ursula,2
612=,Valda,2
612=,Valentina,2
612=,Vari,2
612=,Verna,2
612=,Vhari,2
612=,Viki,2
612=,Williamina,2
612=,Yasmeen,2
612=,Ying,2
612=,Zena,2
808=,Abbe,1
808=,Abdah,1
808=,Abeddyin,1
808=,Abha,1
808=,Abtesam,1
808=,Adam,1
808=,Adel,1
808=,Adeline,1
808=,Adelle,1
808=,Adesuwa,1
808=,Aekta,1
808=,Afaf,1
808=,Afeeya,1
808=,Afia,1
808=,Ai,1
808=,Aida,1
808=,Ailean,1
808=,Ailie,1
808=,Ailisa,1
808=,Aimie,1
808=,Ainsleigh,1
808=,Ainslie,1
808=,Aisha,1
808=,Aisling,1
808=,Aislinn,1
808=,Ajibike,1
808=,Alan,1
808=,Alanha,1
808=,Albatole,1
808=,Alberdina,1
808=,Alethea,1
808=,Alexia,1
808=,Alienor,1
808=,Alinea,1
808=,Alinha,1
808=,Alisan,1
808=,Alisha,1
808=,Alishea,1
808=,Alisia,1
808=,Alissa,1
808=,Alix,1
808=,Allia,1
808=,Alsuin,1
808=,Alveena,1
808=,Alyna,1
808=,Alyssa,1
808=,Alysshia,1
808=,Alysson,1
808=,Amadine,1
808=,Amanda-Jane,1
808=,Amandeep,1
808=,Amel,1
808=,Ami,1
808=,Amilisa,1
808=,Amira,1
808=,Ammelies,1
808=,Amna,1
808=,Amrey,1
808=,Amye,1
808=,Ana,1
808=,Anastasia,1
808=,Andeela,1
808=,Andileeb,1
808=,Andre,1
808=,Andrene,1
808=,Andria,1
808=,Angel,1
808=,Angelene,1
808=,Anike,1
808=,Anjali,1
808=,Ann-Katrine,1
808=,Ann-Margret,1
808=,Anna-Lisa,1
808=,Anna-Marie,1
808=,Annabelle,1
808=,Annalee,1
808=,Annalie,1
808=,Annalisa,1
808=,Anne-Margaret,1
808=,Anneli,1
808=,Anneliese,1
808=,Antoinette,1
808=,Anya,1
808=,Aqsa,1
808=,Archana,1
808=,Arma,1
808=,Arryann,1
808=,Arti,1
808=,Arvon,1
808=,Asfa,1
808=,Ashia,1
808=,Ashlay,1
808=,Asifa,1
808=,Asmara,1
808=,Astra,1
808=,Astrid,1
808=,Athena,1
808=,Atia,1
808=,Atlanta,1
808=,Aubin,1
808=,Ayah,1
808=,Aysha,1
808=,Ayshar,1
808=,Azlin,1
808=,Azra,1
808=,Bahanth,1
808=,Balbir,1
808=,Baljit,1
808=,Banu,1
808=,Barbara-Ann,1
808=,Becci,1
808=,Bela,1
808=,Bernadine,1
808=,Bernice,1
808=,Beth,1
808=,Bethan,1
808=,Bethea,1
808=,Betsy,1
808=,Bettina,1
808=,Bibiana,1
808=,Billie,1
808=,Billie-Jean,1
808=,Bilwendar,1
808=,Blandine,1
808=,Bonita,1
808=,Boushra,1
808=,Brandalen,1
808=,Breda,1
808=,Brerah,1
808=,Bried,1
808=,Brigid,1
808=,Brigitte,1
808=,Britta,1
808=,Bronia,1
808=,Bronwen,1
808=,Bruna,1
808=,Bryana,1
808=,Bryony,1
808=,Bushra,1
808=,Caisie,1
808=,Caithleen,1
808=,Calina,1
808=,Camellia,1
808=,Candi,1
808=,Candice,1
808=,Candida,1
808=,Caraline,1
808=,Caran,1
808=,Careen,1
808=,Carene,1
808=,Carey,1
808=,Caria,1
808=,Carin,1
808=,Carissa,1
808=,Carlane,1
808=,Carleen,1
808=,Carlin,1
808=,Carmilla,1
808=,Caron,1
808=,Carra-Marie,1
808=,Carren,1
808=,Carri,1
808=,Carri-Anne,1
808=,Carrin,1
808=,Carrol,1
808=,Carys,1
808=,Casey,1
808=,Cassandar,1
808=,Cassy,1
808=,Catherin,1
808=,Cathlene,1
808=,Cecile,1
808=,Ceiran,1
808=,Celina,1
808=,Cesil,1
808=,Ch,1
808=,Chandra,1
808=,Chantel,1
808=,Charaine,1
808=,Charina,1
808=,Charisse,1
808=,Charla,1
808=,Charlaine,1
808=,Charlane,1
808=,Charlann,1
808=,Charleen,1
808=,Charles,1
808=,Charlott,1
808=,Charlotta,1
808=,Charron,1
808=,Chelsea,1
808=,Chera,1
808=,Cheralynne,1
808=,Cherelle,1
808=,Cherice,1
808=,Cheril,1
808=,Cherise,1
808=,Cherish,1
808=,Cherlene,1
808=,Cherri-Ann,1
808=,Cherrie,1
808=,Cherrisse,1
808=,Cheryl-Ann,1
808=,Chi,1
808=,Chiara,1
808=,Chimene,1
808=,Chin-Mun,1
808=,Chirine,1
808=,Chirsty-Anne,1
808=,Chrisaida,1
808=,Chrisanne,1
808=,Chrissie,1
808=,Christabel,1
808=,Christy,1
808=,Cian,1
808=,Ciara,1
808=,Ciaran,1
808=,Claira,1
808=,Clairinder,1
808=,Clancy,1
808=,Clary,1
808=,Claudette,1
808=,Clementina,1
808=,Clementine,1
808=,Colene,1
808=,Colin,1
808=,Colina,1
808=,Constantia,1
808=,Coral,1
808=,Corien,1
808=,Corna,1
808=,Corran,1
808=,Correen,1
808=,Corrinne,1
808=,Coryll,1
808=,Courtnay,1
808=,Crislynne,1
808=,Crystal,1
808=,Curstaidh,1
808=,Dahlia,1
808=,Dalia,1
808=,Dalvinder,1
808=,Danah,1
808=,Danch,1
808=,Danica,1
808=,Darcy,1
808=,Darla,1
808=,Darleen,1
808=,Darnel,1
808=,Darra,1
808=,Darrelle,1
808=,Davette,1
808=,Davidina,1
808=,Davine,1
808=,Dawn-Louise,1
808=,Dawn-Marie,1
808=,Daye,1
808=,Dayle,1
808=,Deborah-Ann,1
808=,Debral,1
808=,Dechelle,1
808=,Delia,1
808=,Demaras,1
808=,Demma,1
808=,Denelza,1
808=,Denese,1
808=,Denice,1
808=,Deonne,1
808=,Deryl,1
808=,Dheyah,1
808=,Dhivya,1
808=,Diamond,1
808=,Dolina,1
808=,Dolla,1
808=,Don,1
808=,Dona,1
808=,Donagh,1
808=,Donna-Marie,1
808=,Dorcas,1
808=,Dorothea,1
808=,Dorothyanne,1
808=,Dorren,1
808=,Dyanne,1
808=,Ebru,1
808=,Edwina,1
808=,Effie,1
808=,Eilen,1
808=,Eilion,1
808=,Eily,1
808=,Eirlys,1
808=,Eithne,1
808=,Ekta,1
808=,Elano,1
808=,Eleisha,1
808=,Elene,1
808=,Elinore,1
808=,Elis,1
808=,Elisha,1
808=,Elizabeth-Ann,1
808=,Elizabeth-Anne,1
808=,Elizabeth-May,1
808=,Elize,1
808=,Elki,1
808=,Ella,1
808=,Ellaine,1
808=,Ellice,1
808=,Ellise,1
808=,Elma,1
808=,Eloise,1
808=,Eluned,1
808=,Emma-Louise,1
808=,Emmalene,1
808=,Emme,1
808=,Emmie,1
808=,Engku,1
808=,Eoana,1
808=,Eoghan,1
808=,Erena,1
808=,Esme,1
808=,Estella,1
808=,Ester,1
808=,Eunice,1
808=,Euridice,1
808=,Evellyn,1
808=,Evette,1
808=,Evie,1
808=,Ewerendi,1
808=,Faie,1
808=,Farhana,1
808=,Farina,1
808=,Farra,1
808=,Farya,1
808=,Farzana,1
808=,Farzanna,1
808=,Farzeena,1
808=,Fatima,1
808=,Fauzia,1
808=,Fayona,1
808=,Fearn,1
808=,Feiona,1
808=,Feliciana,1
808=,Feonagh,1
808=,Ferena,1
808=,Ferga,1
808=,Feryal,1
808=,Fiaza,1
808=,Fiore,1
808=,Firzena,1
808=,Fleur,1
808=,Fran,1
808=,France-Leigh,1
808=,Francene,1
808=,Franchesca,1
808=,Francina,1
808=,Franki,1
808=,Furhana,1
808=,Furhat,1
808=,Furrah,1
808=,Gabriele,1
808=,Gabrielle,1
808=,Gaenor,1
808=,Gaye,1
808=,Gemma-Louise,1
808=,Georgea,1
808=,Georgette,1
808=,Georgiana,1
808=,Georgie,1
808=,Gerd,1
808=,Gheila,1
808=,Ghislaine,1
808=,Gia,1
808=,Gianna,1
808=,Gilan,1
808=,Gilean,1
808=,Gill,1
808=,Gillean,1
808=,Gilraen,1
808=,Gioia,1
808=,Giulia,1
808=,Glynis,1
808=,Gracenna,1
808=,Graeme,1
808=,Gudrun,1
808=,Guilia,1
808=,Gurjit,1
808=,Gurmeat,1
808=,Gurmeet,1
808=,Gwenda,1
808=,Gwenhwyvar,1
808=,Halema,1
808=,Halina,1
808=,Hanusha,1
808=,Har,1
808=,Harjeet,1
808=,Harvinder,1
808=,Hawwa,1
808=,Hazelann,1
808=,Heather-Louise,1
808=,Heathr,1
808=,Helane,1
808=,Helenor,1
808=,Henrietta,1
808=,Henrika,1
808=,Hidemi,1
808=,Hili,1
808=,Hina,1
808=,Holland,1
808=,Hsiao-Shan,1
808=,Huda,1
808=,Huguelin,1
808=,Huny,1
808=,Ian,1
808=,Idalene,1
808=,Iffat,1
808=,Ileana,1
808=,Ilena,1
808=,Illesha,1
808=,Iman,1
808=,Inca,1
808=,Inga,1
808=,Insha,1
808=,Intan,1
808=,Iram,1
808=,Irina,1
808=,Irinis,1
808=,Irme,1
808=,Isabell,1
808=,Isobell,1
808=,Isoken,1
808=,Ivy,1
808=,Ixchel,1
808=,Jacinta,1
808=,Jacintha,1
808=,Jackelene,1
808=,Jacklyn,1
808=,Jacklyne,1
808=,Jacolin,1
808=,Jacolyn,1
808=,Jacque,1
808=,Jacquelene,1
808=,Jacqueline-Ann,1
808=,Jacquelynne,1
808=,Jacquie,1
808=,Jadine,1
808=,Jaimi,1
808=,Jakki,1
808=,Jameela,1
808=,Janannie,1
808=,Jane-Ann,1
808=,Janelle,1
808=,Janki,1
808=,Janna,1
808=,Jannie,1
808=,January,1
808=,Jaqualine,1
808=,Jaqueline,1
808=,Jashbir,1
808=,Jasminara,1
808=,Jaspal,1
808=,Javre,1
808=,Jay,1
808=,Jayclyn,1
808=,Jaye,1
808=,Jaymie,1
808=,Jeanne-Marie,1
808=,Jeannine,1
808=,Jeannot,1
808=,Jeewan,1
808=,Jemima,1
808=,Jenia,1
808=,Jennia,1
808=,Jennifer-Ann,1
808=,Jenniffer,1
808=,Jer,1
808=,Jess,1
808=,Jindar,1
808=,Jinette,1
808=,Jo,1
808=,Joaane,1
808=,Joanita,1
808=,Jocylin,1
808=,Jodie-Ann,1
808=,Joelene,1
808=,Joelle,1
808=,Johan,1
808=,Johane,1
808=,Johnina,1
808=,Johnna,1
808=,Joleen,1
808=,Joline,1
808=,Jolinne,1
808=,Jolisa,1
808=,Joni,1
808=,Joran,1
808=,Joscelin,1
808=,Josefine,1
808=,Joseph,1
808=,Joysceal,1
808=,Juanita,1
808=,Julie-Claire,1
808=,July,1
808=,Ka,1
808=,Kahlua,1
808=,Kaira,1
808=,Kalaiarasi,1
808=,Kalitza,1
808=,Kam,1
808=,Kar,1
808=,Karalyn,1
808=,Karanne,1
808=,Karena,1
808=,Karene,1
808=,Karianne,1
808=,Karima,1
808=,Karina,1
808=,Karis,1
808=,Karla,1
808=,Karleen,1
808=,Karolynne,1
808=,Karrah,1
808=,Karren,1
808=,Kary,1
808=,Karys,1
808=,Katey,1
808=,Katharina,1
808=,Katheryn,1
808=,Kathleen-Anne,1
808=,Kathlyn,1
808=,Kathrin,1
808=,Kati,1
808=,Katrena,1
808=,Katryn,1
808=,Kawize,1
808=,Kayley,1
808=,Kayrinne,1
808=,Kazimiera,1
808=,Keira,1
808=,Kellie-Ann,1
808=,Kelly-Jayne,1
808=,Kelly-Jo,1
808=,Kelly-Marie,1
808=,Ken,1
808=,Kenda,1
808=,Kendal,1
808=,Kendall,1
808=,Keren,1
808=,Keri-Ann,1
808=,Keri-Marie,1
808=,Kerina,1
808=,Kerisa,1
808=,Kerrie-Ellen,1
808=,Kerrieanne,1
808=,Kerryann,1
808=,Kerryanne,1
808=,Keziah,1
808=,Khanom,1
808=,Khazaimatol,1
808=,Ki,1
808=,Kiaran,1
808=,Kiera,1
808=,Kira,1
808=,Kiran,1
808=,Kirntosh,1
808=,Kirsi,1
808=,Kirstan,1
808=,Kirstyann,1
808=,Kirstyn,1
808=,Klair,1
808=,Klare,1
808=,Klayre,1
808=,Kobie,1
808=,Korena,1
808=,Korenza,1
808=,Korina,1
808=,Kossar,1
808=,Krissy,1
808=,Kristeen,1
808=,Kristi,1
808=,Kristin,1
808=,Krystyna,1
808=,Kufena,1
808=,Kylah,1
808=,Kymm,1
808=,Kyrene,1
808=,Lacey,1
808=,Laela,1
808=,Lai,1
808=,Laine,1
808=,Lama,1
808=,Laragh,1
808=,Laraine,1
808=,Latisha,1
808=,Laurain,1
808=,Laurayne,1
808=,Laureen,1
808=,Laurel,1
808=,Laurence,1
808=,Laurene,1
808=,Lauretta,1
808=,Laurew,1
808=,Laureyn,1
808=,Laurieann,1
808=,Lauris,1
808=,Lawrena,1
808=,Lay,1
808=,Lea-Ina,1
808=,Leah-Ann,1
808=,Leahanne,1
808=,Leanna,1
808=,Leasa,1
808=,Leat,1
808=,Lee-Ellen,1
808=,Leea,1
808=,Leean,1
808=,Leeanneda,1
808=,Leeona,1
808=,Leesha,1
808=,Leianna,1
808=,Leigh-An,1
808=,Leighanna,1
808=,Lenore,1
808=,Leone,1
808=,Leoni,1
808=,Leonie,1
808=,Leonna,1
808=,Leonora,1
808=,Lesa,1
808=,Lesbeth,1
808=,Lesleyann,1
808=,Leslieann,1
808=,Lhamo,1
808=,Liah,1
808=,Lianda,1
808=,Libertad,1
808=,Liela,1
808=,Liesa,1
808=,Ligeia,1
808=,Liisa,1
808=,Lilian,1
808=,Lillianne,1
808=,Lin,1
808=,Linette,1
808=,Linn,1
808=,Linoy,1
808=,Linsie,1
808=,Linuscha,1
808=,Linzie,1
808=,Linzy,1
808=,Lisa-Jane,1
808=,Lisa-Marie,1
808=,Lisanne,1
808=,Lisbeth,1
808=,Liu,1
808=,Liv,1
808=,Lora,1
808=,Lorain,1
808=,Lorana,1
808=,Lorien,1
808=,Lorin,1
808=,Lorinne,1
808=,Lorna-Jean,1
808=,Lorra,1
808=,Lorrainne,1
808=,Lotus,1
808=,Louise-Marie,1
808=,Luana,1
808=,Luanna,1
808=,Lucienne,1
808=,Lucilla,1
808=,Lucy-Ann,1
808=,Lunar,1
808=,Lunsey,1
808=,Lux,1
808=,Lyana,1
808=,Lyann,1
808=,Lyndi,1
808=,Lyndie,1
808=,Lyndsey-Anne,1
808=,Lyndsy,1
808=,Lyndzi,1
808=,Lyne,1
808=,Lynn-Ann,1
808=,Lynnsey,1
808=,Lynsay-Anne,1
808=,Lynsie,1
808=,Lynzi,1
808=,Maame,1
808=,Maanaa,1
808=,Mabel,1
808=,Madalene,1
808=,Madelaine,1
808=,Madelene,1
808=,Mafaz,1
808=,Magdalana,1
808=,Magdalen,1
808=,Magdalene,1
808=,Magdolene,1
808=,Mahnaz,1
808=,Mahri,1
808=,Maili,1
808=,Mairi-Anne,1
808=,Mairianne,1
808=,Maja,1
808=,Makalla,1
808=,Malika,1
808=,Mamie,1
808=,Man,1
808=,Mana,1
808=,Mandy-Jane,1
808=,Maninder,1
808=,Manjit,1
808=,Manoy,1
808=,Manuela,1
808=,Mara,1
808=,Maranda,1
808=,Mararet-Ann,1
808=,Marcell,1
808=,Marcella,1
808=,Marcelle,1
808=,Marel,1
808=,Marelle,1
808=,Maresa,1
808=,Marese,1
808=,Margaret-Ann,1
808=,Margaret-Clare,1
808=,Margaret-Louise,1
808=,Margarette,1
808=,Margarite,1
808=,Margot,1
808=,Marguerite,1
808=,Mari-Louise,1
808=,Mariam,1
808=,Mariana,1
808=,Mariangela,1
808=,Mariann,1
808=,Maricia,1
808=,Marie-Therese,1
808=,Marijke,1
808=,Marilena,1
808=,Marium,1
808=,Mark,1
808=,Marleen,1
808=,Marlowe,1
808=,Marni,1
808=,Marrian,1
808=,Marriann,1
808=,Marrisha,1
808=,Martha-Anne,1
808=,Martie,1
808=,Martinique,1
808=,Martinne,1
808=,Mary-Ann,1
808=,Mary-Anne,1
808=,Mary-Jane,1
808=,Mary-Kate,1
808=,Maryam,1
808=,Maryanne,1
808=,Maryellen,1
808=,Marylee,1
808=,Marysia,1
808=,Masarat,1
808=,Mashfuka,1
808=,Matilda,1
808=,Mawya,1
808=,Maya,1
808=,Mayva,1
808=,Mclenie,1
808=,Mechele,1
808=,Mechell,1
808=,Mechelle,1
808=,Meggan,1
808=,Meike,1
808=,Melannie,1
808=,Meldrum,1
808=,Melena,1
808=,Melike,1
808=,Melina,1
808=,Melisa,1
808=,Mellany,1
808=,Mellisa,1
808=,Mellissa,1
808=,Mercedes,1
808=,Mercie,1
808=,Meredith,1
808=,Merewyn,1
808=,Meriel,1
808=,Mesaola,1
808=,Mhari-Claire,1
808=,Mhorag,1
808=,Mhoraig,1
808=,Miata,1
808=,Michell,1
808=,Mie,1
808=,Mikaela,1
808=,Mili,1
808=,Minah,1
808=,Minna,1
808=,Miracle,1
808=,Miranda-Jane,1
808=,Mirelle,1
808=,Mirren,1
808=,Misba,1
808=,Mischa,1
808=,Mohsiha,1
808=,Moira-Ann,1
808=,Molly,1
808=,Mon,1
808=,Mona,1
808=,Monika,1
808=,Monise,1
808=,Moragh,1
808=,Moreen,1
808=,Morena,1
808=,Morgane,1
808=,Morwenna,1
808=,Mounaa,1
808=,Moya,1
808=,Moya-Louise,1
808=,Moyra,1
808=,Muireall,1
808=,Mumtaz,1
808=,Muryum,1
808=,Mylene,1
808=,Myrene,1
808=,Naadein,1
808=,Nadelena,1
808=,Nadene,1
808=,Nadiena,1
808=,Nadiya,1
808=,Naela,1
808=,Naema,1
808=,Nahid,1
808=,Naidine,1
808=,Nan,1
808=,Nara,1
808=,Nareen,1
808=,Nareena,1
808=,Nasreen,1
808=,Nassima,1
808=,Natalee,1
808=,Natashia,1
808=,Nathalie,1
808=,Nathsha,1
808=,Naureen,1
808=,Naveeda,1
808=,Navjit,1
808=,Naz,1
808=,Nazish,1
808=,Nazliawati,1
808=,Nazlin,1
808=,Neelum,1
808=,Negin,1
808=,Neilian,1
808=,Nejuma,1
808=,Nell,1
808=,Nellieann,1
808=,Nerys,1
808=,Nevien,1
808=,Niccola,1
808=,Nichele,1
808=,Nichol,1
808=,Nickeata,1
808=,Nicki,1
808=,Nicol,1
808=,Nicola-Anne,1
808=,Nicola-Jane,1
808=,Nicolla,1
808=,Nihala,1
808=,Niki,1
808=,Nikkola,1
808=,Nilani,1
808=,Nilanthi,1
808=,Niona,1
808=,Nisha,1
808=,Nkechi,1
808=,Noeleen,1
808=,Noha,1
808=,Noleen,1
808=,Nolene,1
808=,Noorassihah,1
808=,Nora,1
808=,Norah,1
808=,Norna,1
808=,Nosheen,1
808=,Noshneen,1
808=,Novara,1
808=,Nuala,1
808=,Nusrat,1
808=,Ogoghukwu,1
808=,Olga,1
808=,Oluwaseun,1
808=,Omima,1
808=,Omita,1
808=,Ona,1
808=,Oonagh,1
808=,Oriana,1
808=,Oriane,1
808=,Orla,1
808=,Osla,1
808=,Pamella,1
808=,Parajkevi,1
808=,Parminder,1
808=,Parveen,1
808=,Parvinder,1
808=,Parvindera,1
808=,Pascale,1
808=,Patricia-Anne,1
808=,Patsy,1
808=,Pei,1
808=,Perri,1
808=,Perween,1
808=,Petrina,1
808=,Phillida,1
808=,Phillippa,1
808=,Pia,1
808=,Pietrina,1
808=,Pippa,1
808=,Pirsharon,1
808=,Polly,1
808=,Poonam,1
808=,Prima,1
808=,Pritipal,1
808=,Priyanka,1
808=,Puja,1
808=,Purwinder,1
808=,Rabina,1
808=,Rachael-Jane,1
808=,Rachaela,1
808=,Rachel-Jane,1
808=,Rachel-Sarah,1
808=,Radha,1
808=,Raelene,1
808=,Rahma,1
808=,Rajkamal,1
808=,Rajshree,1
808=,Rakiya,1
808=,Ramona,1
808=,Rani,1
808=,Rania,1
808=,Raquel,1
808=,Rasha,1
808=,Rashda,1
808=,Razwana,1
808=,Refiet,1
808=,Reina,1
808=,Remy,1
808=,Rhea,1
808=,Rhian,1
808=,Rhona-Margaret,1
808=,Rhonda-Jane,1
808=,Rhondda,1
808=,Rianna,1
808=,Risha,1
808=,Ritu,1
808=,Rizwana,1
808=,Robyne,1
808=,Rocha,1
808=,Rohan,1
808=,Rohanna,1
808=,Roma,1
808=,Romana,1
808=,Romi,1
808=,Rosa,1
808=,Rosaline,1
808=,Rosamond,1
808=,Rosanna,1
808=,Rose-Ann,1
808=,Rose-Marie,1
808=,Rosealine,1
808=,Roses,1
808=,Rosheen,1
808=,Rosie,1
808=,Roslin,1
808=,Roslind,1
808=,Roslynn,1
808=,Rowen,1
808=,Rowenna,1
808=,Roz,1
808=,Rozina,1
808=,Rozlyn,1
808=,Ruaa,1
808=,Rubana,1
808=,Rubyna,1
808=,Ruma,1
808=,Rumilah,1
808=,Runyararo,1
808=,Saadia,1
808=,Sabahet,1
808=,Sabba,1
808=,Sabia,1
808=,Sabine,1
808=,Sabira,1
808=,Sachie,1
808=,Saddaf,1
808=,Sadiya,1
808=,Saema,1
808=,Safa,1
808=,Sahra,1
808=,Sahrah,1
808=,Saimah,1
808=,Saiman,1
808=,Sakina,1
808=,Salena,1
808=,Salizah,1
808=,Salizan,1
808=,Sallwa,1
808=,Salmin,1
808=,Samara,1
808=,Samina,1
808=,Samiya,1
808=,Sanantha,1
808=,Sancha,1
808=,Sandhya,1
808=,Sandi,1
808=,Sandie-Anne,1
808=,Sandie-Jane,1
808=,Sansha,1
808=,Sarah-Ann,1
808=,Sarah-Gail,1
808=,Sarah-Jayne,1
808=,Sarah-Louise,1
808=,Sarahanne,1
808=,Sarahjane,1
808=,Saraid,1
808=,Sareena,1
808=,Sarena,1
808=,Sarra,1
808=,Sarrah,1
808=,Sarroll,1
808=,Sarzana,1
808=,Satinder,1
808=,Satveer,1
808=,Satvir,1
808=,Savita,1
808=,Sayaka,1
808=,Seema,1
808=,Selena,1
808=,Selma,1
808=,Semina,1
808=,Semira,1
808=,Semone,1
808=,Seona,1
808=,Sereena,1
808=,Serina,1
808=,Serrena,1
808=,Sevgi,1
808=,Shabna,1
808=,Shabnim,1
808=,Shabnum,1
808=,Shaghufta,1
808=,Shahannah,1
808=,Shahida,1
808=,Shahina,1
808=,Shakuntla,1
808=,Shaleen,1
808=,Shalena,1
808=,Shallon,1
808=,Shalon,1
808=,Shama,1
808=,Shamayla,1
808=,Shamlee,1
808=,Shana,1
808=,Shanaz,1
808=,Shane,1
808=,Shaney,1
808=,Shani,1
808=,Shanie,1
808=,Shanna,1
808=,Shannan,1
808=,Shanti,1
808=,Sharee,1
808=,Shareen,1
808=,Sharelle,1
808=,Sharen,1
808=,Sharis,1
808=,Sharlee,1
808=,Sharlie,1
808=,Sharline,1
808=,Sharman,1
808=,Sharmin,1
808=,Sharne,1
808=,Sharon-Leigh,1
808=,Sharon-Louise,1
808=,Shaunna,1
808=,Shawna,1
808=,Shawnee,1
808=,She,1
808=,Sheana,1
808=,Sheban,1
808=,Sheelagh,1
808=,Sheilah,1
808=,Sheilian,1
808=,Shelby,1
808=,Shenaz,1
808=,Shereen,1
808=,Sheri,1
808=,Sherie,1
808=,Sherlene,1
808=,Sherlenne,1
808=,Sherri,1
808=,Sherrill,1
808=,Sherrin,1
808=,Sheryll,1
808=,Shezadi,1
808=,Shinead,1
808=,Shiobhan,1
808=,Shirelle,1
808=,Shirlene,1
808=,Shonna,1
808=,Shymla,1
808=,Shyrleen,1
808=,Sile,1
808=,Simeone,1
808=,Simitie,1
808=,Simon,1
808=,Simona,1
808=,Sinade,1
808=,Sindy,1
808=,Siobhann,1
808=,Siona,1
808=,Sitara,1
808=,Sky,1
808=,Smera,1
808=,Sneh,1
808=,Sobia,1
808=,Sobrina,1
808=,Soha,1
808=,Solange,1
808=,Soley,1
808=,Somar,1
808=,Sorcha,1
808=,Stefania,1
808=,Suann,1
808=,Suba,1
808=,Sue,1
808=,Sui,1
808=,Suilven,1
808=,Sulafa,1
808=,Sumarah,1
808=,Sunita,1
808=,Sunnifa,1
808=,Sunniva,1
808=,Sura,1
808=,Surann,1
808=,Susal,1
808=,Sushila,1
808=,Susi,1
808=,Suvina,1
808=,Suzann,1
808=,Suzi,1
808=,Suzie,1
808=,Sybil,1
808=,Sylvy,1
808=,Syndey,1
808=,Tahera,1
808=,Tahseen,1
808=,Tali,1
808=,Tami,1
808=,Tamilyn,1
808=,Tammalynn,1
808=,Tammie-Lee,1
808=,Tamsin,1
808=,Tamsyn,1
808=,Tamzin,1
808=,Tania,1
808=,Tanith,1
808=,Tara-Jane,1
808=,Tara-Suzanne,1
808=,Tarin,1
808=,Tarra,1
808=,Tarralee,1
808=,Taye,1
808=,Tayibah,1
808=,Tearlach,1
808=,Tehseen,1
808=,Telea,1
808=,Tena,1
808=,Tendai,1
808=,Terene,1
808=,Teshmim,1
808=,Thahira,1
808=,Thomasina,1
808=,Tiana,1
808=,Tiffany,1
808=,Tiffiny,1
808=,Tina-Ray,1
808=,Tolayo,1
808=,Toyon,1
808=,Tracey-Anne,1
808=,Tracey-Louise,1
808=,Tracy-Ann,1
808=,Tricia,1
808=,Trinidad,1
808=,Trisha,1
808=,Tsui,1
808=,Tsumi,1
808=,Tusleam,1
808=,Umme,1
808=,Vadna,1
808=,Vaila,1
808=,Vanda,1
808=,Vanya,1
808=,Varie,1
808=,Vashti,1
808=,Velda,1
808=,Verne,1
808=,Veronique,1
808=,Vesna,1
808=,Vidette,1
808=,Vidya,1
808=,Viktoria,1
808=,Vindeya,1
808=,Virna,1
808=,Vivianne,1
808=,Waheeda,1
808=,Wasima,1
808=,Wei,1
808=,Wen,1
808=,Wylan,1
808=,Wyman,1
808=,Xanthe,1
808=,Yannina,1
808=,Yat,1
808=,Yee,1
808=,Yonas,1
808=,York,1
808=,Yuk,1
808=,Yuvonne,1
808=,Zahida,1
808=,Zainab,1
808=,Zanna,1
808=,Zara-Anne,1
808=,Zarlene,1
808=,Zelda,1
808=,Zenib,1
808=,Zia,1
808=,Zibya,1
808=,Zohia,1
808=,Zoie,1
808=,Zorina,1
808=,Zosia,1
808=,Zuleika,1
808=,Zuraida,1
