Position,Name,Number of babies
1,Laura,909
2,Claire,825
3,Nicola,713
4,Lisa,708
5,Louise,693
6,Michelle,633
7,Fiona,622
8,Karen,618
9,Gillian,563
10,Jennifer,562
11,Emma,485
12,Angela,466
13,Susan,456
14,Kelly,453
15,Julie,447
16,Donna,446
17,Sarah,435
18,Kirsty,429
19,Sharon,387
20,Joanne,369
21,Amanda,348
22,Tracy,334
23,Alison,327
24,Elizabeth,302
25=,Caroline,300
25=,Elaine,300
27,Jacqueline,298
28,Lynne,289
29,Leanne,287
30,Deborah,285
31,Lesley,256
32,Lorraine,252
33,Victoria,248
34=,Lynn,243
34=,Pamela,243
36,Kerry,239
37,Lynsey,236
38,Lorna,235
39=,Carol,213
39=,Margaret,213
41=,Heather,211
41=,Helen,211
43,Catherine,206
44,Suzanne,192
45,Tracey,189
46,Yvonne,185
47=,Cheryl,180
47=,Linda,180
49,Pauline,171
50=,Debbie,166
50=,Jane,166
52,Dawn,163
53=,Clare,151
53=,Lindsay,151
55=,Mary,148
55=,Shona,148
57,Anne,146
58,Rachel,145
59,Jill,136
60=,Christine,132
60=,Natalie,132
62,Samantha,131
63=,Diane,130
63=,Lee,130
65,Wendy,126
66=,Joanna,125
66=,Paula,125
68,Marie,124
69,Ann,121
70,Denise,118
71,Catriona,116
72,Gayle,114
73=,Hazel,106
73=,Kathleen,106
75,Stacey,105
76,Gail,104
77,Ashley,100
78=,Andrea,99
78=,Ruth,99
80=,Anna,97
80=,Jillian,97
80=,Leigh,97
83=,Katrina,94
83=,Stephanie,94
85,Mhairi,92
86,Katherine,90
87,Sandra,88
88,Lyndsey,86
89=,Christina,85
89=,Lucy,85
91,Patricia,82
92,Carrie,81
93,Rebecca,79
94=,Kathryn,77
94=,Lyndsay,77
96,Melanie,76
97,Amy,75
98,Sara,73
99=,Arlene,72
99=,Kirsten,72
101,Lauren,68
102=,Kim,65
102=,Melissa,65
104,Aileen,62
105=,Carolyn,61
105=,Vicki,61
105=,Vicky,61
105=,Zoe,61
109=,Allison,60
109=,Janet,60
109=,Mairi,60
112=,Lindsey,57
112=,Morag,57
114=,Charlene,56
114=,Frances,56
116=,Louisa,53
116=,Maria,53
116=,Shirley,53
119=,Audrey,52
119=,Barbara,52
119=,Kirsteen,52
122,Rhona,51
123,Julia,50
124=,Gemma,49
124=,Leeanne,49
126=,Emily,48
126=,Judith,48
128=,Lynda,47
128=,Maureen,47
128=,Nichola,47
131=,Marion,46
131=,Siobhan,46
133,Kate,44
134=,Adele,43
134=,Kimberley,43
136=,Katie,42
136=,Lynette,42
138=,Eleanor,41
138=,Isla,41
138=,Naomi,41
138=,Stacy,41
142=,Eilidh,40
142=,Rachael,40
142=,Shelley,40
145,Lianne,39
146,Hannah,38
147,Eileen,36
148=,Leona,35
148=,Marianne,35
150=,Clair,34
150=,Sally,34
152=,Charlotte,33
152=,Hayley,33
152=,Mandy,33
155=,Alexandra,32
155=,Nadine,32
155=,Natasha,32
155=,Valerie,32
159=,Bernadette,31
159=,Jean,31
159=,Leeann,31
159=,Theresa,31
163=,Lee-Anne,30
163=,Lyn,30
165=,Anne-Marie,29
165=,Cara,29
165=,Georgina,29
165=,Jodie,29
165=,Lee-Ann,29
165=,Susanne,29
171=,Beverley,28
171=,Jayne,28
171=,Lynsay,28
171=,Nadia,28
175=,Danielle,27
175=,Geraldine,27
175=,Irene,27
175=,Jan,27
175=,Janice,27
175=,Jenny,27
175=,Rosemary,27
182=,Alice,26
182=,Jaclyn,26
182=,Nicole,26
182=,Tammy,26
182=,Tara,26
187=,Colette,25
187=,Debra,25
187=,Sheila,25
190=,Alyson,24
190=,Annette,24
190=,Esther,24
190=,Grace,24
190=,Leah,24
190=,Rosalind,24
190=,Tanya,24
190=,Teresa,24
198=,Ailsa,23
198=,Alana,23
198=,Carla,23
198=,Jessica,23
198=,Maxine,23
198=,Sheryl,23
198=,Vikki,23
205=,Dianne,22
205=,Jade,22
205=,Kay,22
205=,Michele,22
205=,Sonia,22
210=,Agnes,21
210=,Brenda,21
210=,Carole,21
210=,Erin,21
210=,Josephine,21
210=,June,21
210=,Kellie,21
210=,Kirstin,21
210=,Moira,21
210=,Veronica,21
220=,Ellen,20
220=,Evelyn,20
220=,Hilary,20
220=,Janine,20
220=,Lesley-Anne,20
225=,Abigail,19
225=,Diana,19
225=,Erica,19
225=,Roslyn,19
225=,Sabrina,19
230=,Annmarie,18
230=,Carly,18
230=,Colleen,18
230=,Dorothy,18
230=,Eve,18
230=,Morven,18
230=,Sarah-Jane,18
237=,Ann-Marie,17
237=,Collette,17
237=,Corinne,17
237=,Iona,17
237=,Jenna,17
237=,Johanna,17
237=,Kerrie,17
237=,Martine,17
237=,Rona,17
246=,April,16
246=,Ashleigh,16
246=,Gaynor,16
246=,Jody,16
246=,Lana,16
246=,Monica,16
246=,Sandie,16
246=,Sophia,16
246=,Sylvia,16
255=,Alexis,15
255=,Faye,15
255=,Janette,15
255=,Joan,15
255=,Kirstie,15
255=,Sharlene,15
255=,Vivienne,15
262=,Evonne,14
262=,Isobel,14
262=,Jolene,14
262=,Joyce,14
262=,Kara,14
262=,Katy,14
262=,Roseanne,14
262=,Seonaid,14
262=,Simone,14
262=,Terri,14
262=,Tina,14
273=,Heidi,13
273=,Isabel,13
273=,Isabella,13
273=,Karin,13
273=,Karyn,13
273=,Katharine,13
273=,Liza,13
273=,Sinead,13
273=,Vanessa,13
282=,Charmaine,12
282=,Elspeth,12
282=,Francesca,12
282=,Gwen,12
282=,Jodi,12
282=,Kerri,12
282=,Kimberly,12
282=,Kirstine,12
282=,Laurie,12
282=,Linsey,12
282=,Marisa,12
282=,Sharron,12
282=,Sharyn,12
282=,Toni,12
296=,Anita,11
296=,Avril,11
296=,Carol-Ann,11
296=,Davina,11
296=,Jackie,11
296=,Jaime,11
296=,Leigh-Anne,11
296=,Linzi,11
296=,Lynnette,11
296=,Mari,11
296=,Rhonda,11
296=,Sonya,11
296=,Susannah,11
309=,Carolann,10
309=,Cherie,10
309=,Holly,10
309=,Jemma,10
309=,Joy,10
309=,Leann,10
309=,Lydia,10
309=,Marlene,10
309=,Mhari,10
309=,Rosalyn,10
309=,Senga,10
309=,Sheena,10
309=,Sian,10
322=,Allana,9
322=,Carolanne,9
322=,Cassandra,9
322=,Dana,9
322=,Deirdre,9
322=,Joni,9
322=,Julie-Ann,9
322=,Kelly-Anne,9
322=,Laura-Jane,9
322=,Leighann,9
322=,Lesa,9
322=,Liane,9
322=,Rose,9
335=,Angie,8
335=,Beth,8
335=,Catrina,8
335=,Corrie,8
335=,Eva,8
335=,Helena,8
335=,Jo-Anne,8
335=,Keira,8
335=,Lara,8
335=,Leesa,8
335=,Lesley-Ann,8
335=,Lori,8
335=,Lucie,8
335=,Maree,8
335=,Marina,8
335=,Nancy,8
335=,Nikki,8
335=,Nina,8
335=,Norma,8
335=,Philippa,8
335=,Rowan,8
335=,Shonagh,8
335=,Tessa,8
358=,Alanna,7
358=,Alexandria,7
358=,Annie,7
358=,Casey,7
358=,Cecilia,7
358=,Dionne,7
358=,Elise,7
358=,Harriet,7
358=,Jacquelyn,7
358=,Julie-Anne,7
358=,Katriona,7
358=,Kaye,7
358=,Marnie,7
358=,May,7
358=,Penny,7
358=,Selina,7
374=,Aisha,6
374=,Alexa,6
374=,Alicia,6
374=,Amber,6
374=,Angeline,6
374=,Belinda,6
374=,Bryony,6
374=,Carol-Anne,6
374=,Carrie-Ann,6
374=,Claudia,6
374=,Coleen,6
374=,Connie,6
374=,Elinor,6
374=,Erika,6
374=,Felicity,6
374=,Freda,6
374=,Genevieve,6
374=,Haley,6
374=,Ingrid,6
374=,Jamie,6
374=,Janie,6
374=,Johanne,6
374=,Judy,6
374=,Justine,6
374=,Karla,6
374=,Kelly-Ann,6
374=,Kerry-Ann,6
374=,Kerry-Anne,6
374=,Kristina,6
374=,Layla,6
374=,Leigh-Ann,6
374=,Liana,6
374=,Lois,6
374=,Margo,6
374=,Marissa,6
374=,Martina,6
374=,Michaela,6
374=,Penelope,6
374=,Shabana,6
374=,Shazia,6
374=,Sophie,6
374=,Tammie,6
374=,Teri,6
374=,Vivien,6
374=,Yasmin,6
419=,Adelle,5
419=,Ailie,5
419=,Aimee,5
419=,Allyson,5
419=,Angelina,5
419=,Anna-Marie,5
419=,Arleen,5
419=,Beverly,5
419=,Bridget,5
419=,Carley,5
419=,Cathryn,5
419=,Cindy,5
419=,Corrine,5
419=,Daniella,5
419=,Dee,5
419=,Elayne,5
419=,Elisa,5
419=,Eliza,5
419=,Faith,5
419=,Gabrielle,5
419=,Georgia,5
419=,Janis,5
419=,Jay,5
419=,Jeanie,5
419=,Jemima,5
419=,Jenifer,5
419=,Jessie,5
419=,Karina,5
419=,Karine,5
419=,Karoline,5
419=,Kelley,5
419=,Lea,5
419=,Leighanne,5
419=,Leslie,5
419=,Natalia,5
419=,Olivia,5
419=,Ria,5
419=,Roberta,5
419=,Rowena,5
419=,Sharleen,5
419=,Shelly,5
419=,Trina,5
419=,Vickie,5
419=,Wai,5
419=,Wilma,5
464=,Ainsley,4
464=,Annemarie,4
464=,Arwen,4
464=,Ashlie,4
464=,Camilla,4
464=,Carey,4
464=,Carmen,4
464=,Carolyne,4
464=,Caron,4
464=,Carron,4
464=,Cassie,4
464=,Claudine,4
464=,Crystal,4
464=,Dominique,4
464=,Edwina,4
464=,Elena,4
464=,Emma-Louise,4
464=,Farah,4
464=,Fay,4
464=,Flora,4
464=,Gael,4
464=,Glenda,4
464=,Islay,4
464=,Jacqui,4
464=,Jenni,4
464=,Jocelyn,4
464=,Johan,4
464=,Juliet,4
464=,Juliette,4
464=,Kellyann,4
464=,Keri,4
464=,Kirsty-Anne,4
464=,Kris,4
464=,Kristy,4
464=,Kym,4
464=,Leanna,4
464=,Leila,4
464=,Leonie,4
464=,Lian,4
464=,Lillian,4
464=,Linsay,4
464=,Lisa-Marie,4
464=,Lucia,4
464=,Lucinda,4
464=,Marcia,4
464=,Marilyn,4
464=,Marjorie,4
464=,Marsha,4
464=,Martha,4
464=,Megan,4
464=,Miranda,4
464=,Morna,4
464=,Nada,4
464=,Noreen,4
464=,Phyllis,4
464=,Polly,4
464=,Rae,4
464=,Rhiannon,4
464=,Rhoda,4
464=,Roseann,4
464=,Sadia,4
464=,Saima,4
464=,Sameena,4
464=,Selena,4
464=,Sonja,4
464=,Stella,4
464=,Tamsin,4
464=,Trudy,4
464=,Vaila,4
464=,Verity,4
464=,Virginia,4
535=,Abbie,3
535=,Adriana,3
535=,Adrienne,3
535=,Andrina,3
535=,Anika,3
535=,Anthea,3
535=,Bethany,3
535=,Billie,3
535=,Caireen,3
535=,Caitlin,3
535=,Caren,3
535=,Carina,3
535=,Carlene,3
535=,Carolynne,3
535=,Carrie-Anne,3
535=,Cathrine,3
535=,Charleen,3
535=,Cher,3
535=,Cheree,3
535=,Cherise,3
535=,Cherry,3
535=,Chevonne,3
535=,Chloe,3
535=,Christy,3
535=,Ciara,3
535=,Denice,3
535=,Deonne,3
535=,Donna-Marie,3
535=,Dyan,3
535=,Elaina,3
535=,Elisabeth,3
535=,Elissa,3
535=,Emma-Jane,3
535=,Emmaline,3
535=,Estelle,3
535=,Euphemia,3
535=,Georgette,3
535=,Gwyneth,3
535=,Ilona,3
535=,Imogen,3
535=,Janelle,3
535=,Jeanette,3
535=,Jennie,3
535=,Joann,3
535=,Joleen,3
535=,Julianne,3
535=,Kari,3
535=,Kathrine,3
535=,Kelli,3
535=,Kirsti,3
535=,Krista,3
535=,Kyla,3
535=,Kylie,3
535=,Laraine,3
535=,Laura-Jayne,3
535=,Leane,3
535=,Leisa,3
535=,Lena,3
535=,Lesleyann,3
535=,Letitia,3
535=,Lianna,3
535=,Lissa,3
535=,Loraine,3
535=,Luisa,3
535=,Madeleine,3
535=,Mandeep,3
535=,Margaret-Ann,3
535=,Maryann,3
535=,Miriam,3
535=,Misty,3
535=,Monique,3
535=,Moyra,3
535=,Nanette,3
535=,Nazia,3
535=,Nicki,3
535=,Nikola,3
535=,Razwana,3
535=,Rhian,3
535=,Rita,3
535=,Rosanna,3
535=,Rosslyn,3
535=,Ruby,3
535=,Sandi,3
535=,Sandy,3
535=,Serena,3
535=,Shabnam,3
535=,Shahida,3
535=,Shannon,3
535=,Shelagh,3
535=,Shenaz,3
535=,Shirley-Ann,3
535=,Siobhain,3
535=,Sorcha,3
535=,Suzi,3
535=,Tabitha,3
535=,Terry,3
535=,Therese,3
535=,Tracy-Anne,3
535=,Trudi,3
535=,Vhairi,3
535=,Vida,3
535=,Violet,3
535=,Williamina,3
638=,Abby,2
638=,Adeline,2
638=,Afshan,2
638=,Ainslie,2
638=,Alain,2
638=,Alaina,2
638=,Alaine,2
638=,Alexandrina,2
638=,Alia,2
638=,Alix,2
638=,Amanda-Jane,2
638=,Amara,2
638=,Amarjit,2
638=,Anastasia,2
638=,Andrena,2
638=,Anila,2
638=,Ann-Louise,2
638=,Anna-Louise,2
638=,Anouska,2
638=,Antonia,2
638=,Asia,2
638=,Astrid,2
638=,Barbra,2
638=,Bianca,2
638=,Bobbie,2
638=,Bonnie,2
638=,Briony,2
638=,Bronwen,2
638=,Bushra,2
638=,Candace,2
638=,Candice,2
638=,Caralyn,2
638=,Carolina,2
638=,Carolynn,2
638=,Carrieann,2
638=,Catharine,2
638=,Celine,2
638=,Chandra,2
638=,Chanel,2
638=,Chantelle,2
638=,Charis,2
638=,Charlaine,2
638=,Charlean,2
638=,Cherelle,2
638=,Cheryll,2
638=,Chiara,2
638=,Chinyere,2
638=,Cora,2
638=,Coral,2
638=,Cristina,2
638=,Dale,2
638=,Daniela,2
638=,Deanne,2
638=,Dee-Anne,2
638=,Dianna,2
638=,Donna-Maria,2
638=,Doreen,2
638=,Edith,2
638=,Eilean,2
638=,Eleni,2
638=,Elizabeth-Ann,2
638=,Elizabeth-Anne,2
638=,Elli,2
638=,Eloise,2
638=,Emilie,2
638=,Emmy,2
638=,Eunice,2
638=,Evelynne,2
638=,Fionna,2
638=,Francine,2
638=,Freya,2
638=,Freyja,2
638=,Gill,2
638=,Gina,2
638=,Giovanna,2
638=,Giuliana,2
638=,Grainne,2
638=,Greta,2
638=,Hailey,2
638=,Hanna,2
638=,Hazle,2
638=,Helenor,2
638=,Henrietta,2
638=,Hillary,2
638=,Hollie,2
638=,Humera,2
638=,Inga,2
638=,Ingeborg,2
638=,Ishbel,2
638=,Jaqueline,2
638=,Jasmine,2
638=,Jo,2
638=,Jo-Ann,2
638=,Jolie,2
638=,Julieann,2
638=,Karis,2
638=,Karlene,2
638=,Kellyanne,2
638=,Kenna,2
638=,Keren,2
638=,Kerianne,2
638=,Kerry-Lee,2
638=,Kerryanne,2
638=,Kiran,2
638=,Kirstyn,2
638=,Kristine,2
638=,Krystina,2
638=,Laila,2
638=,Laura-Ann,2
638=,Laurna,2
638=,Lavina,2
638=,Lea-Anne,2
638=,Leasa,2
638=,Leeon,2
638=,Leisha,2
638=,Leonna,2
638=,Lilian,2
638=,Lindy,2
638=,Lisa-Anne,2
638=,Lisanne,2
638=,Lizanne,2
638=,Loren,2
638=,Loretta,2
638=,Lucille,2
638=,Lyanne,2
638=,Madaleine,2
638=,Madonna,2
638=,Maeve,2
638=,Magdalene,2
638=,Maha,2
638=,Mairead,2
638=,Marcella,2
638=,Marcelle,2
638=,Marian,2
638=,Marie-Clare,2
638=,Marita,2
638=,Marla,2
638=,Marlyn,2
638=,Marrianne,2
638=,Marsali,2
638=,Maryanne,2
638=,Marysia,2
638=,Meena,2
638=,Mellissa,2
638=,Melody,2
638=,Mhairi-Clare,2
638=,Michala,2
638=,Mira,2
638=,Misbah,2
638=,Mon,2
638=,Morvern,2
638=,Moya,2
638=,Myra,2
638=,Nabeela,2
638=,Naiomi,2
638=,Nathalie,2
638=,Nicola-Jane,2
638=,Nicolle,2
638=,Noeleen,2
638=,Nyree,2
638=,Oona,2
638=,Oonagh,2
638=,Pamala,2
638=,Pauleen,2
638=,Pui,2
638=,Rania,2
638=,Reena,2
638=,Regan,2
638=,Renee,2
638=,Rhea,2
638=,Rifat,2
638=,Rohana,2
638=,Roisin,2
638=,Rosaleen,2
638=,Rosemarie,2
638=,Roslynn,2
638=,Roxanne,2
638=,Rozlyn,2
638=,Safia,2
638=,Saira,2
638=,Samia,2
638=,Sasha,2
638=,Satnam,2
638=,Shakila,2
638=,Shari,2
638=,Sheelagh,2
638=,Shelli,2
638=,Sheona,2
638=,Sheree,2
638=,Shereen,2
638=,Sherree,2
638=,Sherril,2
638=,Shirin,2
638=,Simon,2
638=,Sine,2
638=,Siona,2
638=,Stefanie,2
638=,Sue,2
638=,Suk,2
638=,Suman,2
638=,Susanna,2
638=,Susie,2
638=,Suzanna,2
638=,Tamara,2
638=,Tamsyn,2
638=,Tania,2
638=,Tasneem,2
638=,Tricia,2
638=,Trudie,2
638=,Ursula,2
638=,Uzma,2
638=,Vari,2
638=,Veda,2
638=,Viki,2
638=,Vivian,2
638=,Vivianne,2
638=,Yasmeen,2
638=,Yvette,2
638=,Zahida,2
638=,Zara,2
638=,Zofia,2
859=,Aaisha,1
859=,Aalaa,1
859=,Aanika,1
859=,Aarati,1
859=,Aaron,1
859=,Aarti,1
859=,Abbe,1
859=,Abbi,1
859=,Abi,1
859=,Abigaill,1
859=,Ada,1
859=,Adebukola,1
859=,Adela,1
859=,Adelia,1
859=,Adeola,1
859=,Adetolase,1
859=,Adisa,1
859=,Adriece,1
859=,Adwina,1
859=,Aeleana,1
859=,Afsah,1
859=,Aikaterine,1
859=,Ailey,1
859=,Ailidh,1
859=,Ailin,1
859=,Ailith,1
859=,Ailleen,1
859=,Aimi,1
859=,Aimie,1
859=,Aishah,1
859=,Aishleen,1
859=,Alaena,1
859=,Alannah,1
859=,Alayne,1
859=,Alaysia,1
859=,Albail,1
859=,Aleashia,1
859=,Aleena,1
859=,Alesha,1
859=,Aleta,1
859=,Alexandrea,1
859=,Alexandrear,1
859=,Alexi,1
859=,Alexia,1
859=,Alicen,1
859=,Aliesha,1
859=,Aline,1
859=,Alis,1
859=,Alisha,1
859=,Alissa,1
859=,Alita,1
859=,Aliza,1
859=,Alka,1
859=,Allisa,1
859=,Allysha,1
859=,Alma,1
859=,Althea,1
859=,Alvia,1
859=,Alyssa,1
859=,Amahalu,1
859=,Amal,1
859=,Amanda-Lee,1
859=,Ambreen,1
859=,Ameena,1
859=,Amelia,1
859=,Amie,1
859=,Amii,1
859=,Aminah,1
859=,Ammarah,1
859=,Amna,1
859=,Amrene,1
859=,Amy-Jo,1
859=,Amy-Maree,1
859=,Andrea-Louise,1
859=,Andreia,1
859=,Ane,1
859=,Aneela,1
859=,Aneika,1
859=,Angelea,1
859=,Angelle,1
859=,Anissa,1
859=,Anji,1
859=,Ann-Margaret,1
859=,Anna-Lisa,1
859=,Anna-Maeve,1
859=,Annabel,1
859=,Annabella,1
859=,Annabelle,1
859=,Annalee,1
859=,Annalie,1
859=,Annastasia,1
859=,Anne-Louise,1
859=,Annedrea,1
859=,Annetta,1
859=,Anniliese,1
859=,Annis,1
859=,Annismarie,1
859=,Annjanette,1
859=,Annlouise,1
859=,Annmaree,1
859=,Annmargaret,1
859=,Anoushka,1
859=,Ansa,1
859=,Antoinette,1
859=,Antonella,1
859=,Anwen,1
859=,Anya,1
859=,Anza,1
859=,Anzela,1
859=,Arabell,1
859=,Arabella,1
859=,Ariane,1
859=,Arianna,1
859=,Arianne,1
859=,Arola,1
859=,Arran,1
859=,Aryana,1
859=,Asheley,1
859=,Ashia,1
859=,Ashlene,1
859=,Ashly,1
859=,Asieaa,1
859=,Asmara,1
859=,Assia,1
859=,Assmaa,1
859=,Assunta,1
859=,Astral,1
859=,Asuhma,1
859=,Aubrey,1
859=,Aurora,1
859=,Ava,1
859=,Aveen,1
859=,Averyl,1
859=,Ayesha,1
859=,Aynsley,1
859=,Aysha,1
859=,Azza,1
859=,Azzura,1
859=,Baljit,1
859=,Bambi,1
859=,Barbara-Ann,1
859=,Barbie,1
859=,Barley,1
859=,Batool,1
859=,Beata,1
859=,Belle,1
859=,Bellinne,1
859=,Bernice,1
859=,Bethan,1
859=,Bethne,1
859=,Beverly-Jo,1
859=,Billie-Ann,1
859=,Bimla,1
859=,Blaise,1
859=,Blanche,1
859=,Blythe,1
859=,Bridie,1
859=,Brigett,1
859=,Brittany,1
859=,Bronia,1
859=,Byrony,1
859=,Cairine,1
859=,Caitriona,1
859=,Caley,1
859=,Camila,1
859=,Camille,1
859=,Candy,1
859=,Carenne,1
859=,Carine,1
859=,Carinna,1
859=,Carlaine,1
859=,Carlee,1
859=,Carleen,1
859=,Carlia,1
859=,Carlyn,1
859=,Carlynn,1
859=,Carmela,1
859=,Caroen-Marie,1
859=,Carol-Lyn,1
859=,Carole-Lyn,1
859=,Caroleanne,1
859=,Carolinn,1
859=,Caroll,1
859=,Carrena,1
859=,Carrianne,1
859=,Cary,1
859=,Caryn,1
859=,Carys,1
859=,Cassanora,1
859=,Catalina,1
859=,Catherina,1
859=,Cathie,1
859=,Cathrin,1
859=,Cathryne,1
859=,Catrena,1
859=,Cayan,1
859=,Cecelia,1
859=,Cecily,1
859=,Ceetl,1
859=,Celia,1
859=,Celina,1
859=,Celise,1
859=,Ceri,1
859=,Cerise,1
859=,Channelle,1
859=,Chantal,1
859=,Chantell,1
859=,Charise,1
859=,Charisma,1
859=,Charisse,1
859=,Charlane,1
859=,Charline,1
859=,Charmain,1
859=,Charmayne,1
859=,Charmian,1
859=,Charne,1
859=,Charrise,1
859=,Charys,1
859=,Cheire,1
859=,Chelsea,1
859=,Cheng,1
859=,Cheraine,1
859=,Chere,1
859=,Cherene,1
859=,Cherin,1
859=,Cherisse,1
859=,Cherith,1
859=,Cherlyne,1
859=,Cherrell,1
859=,Cherryll,1
859=,Cheryl-Lee,1
859=,Cherylann,1
859=,Cheryleen,1
859=,Cherylle,1
859=,Cheyvonne,1
859=,Chia,1
859=,Chienyenwa,1
859=,Chinonyerem,1
859=,Chiraz,1
859=,Chirsty,1
859=,Chishamiso,1
859=,Chitra,1
859=,Chris,1
859=,Chrisanne,1
859=,Chrissie,1
859=,Christa,1
859=,Christeen,1
859=,Christian,1
859=,Christianna,1
859=,Christopher,1
859=,Chung,1
859=,Cimeon,1
859=,Cinzia,1
859=,Ciorstain,1
859=,Claira,1
859=,Clara,1
859=,Clariel,1
859=,Clarinda,1
859=,Clarissa,1
859=,Claudette,1
859=,Cleo,1
859=,Concetta,1
859=,Constance,1
859=,Corale,1
859=,Coralyn,1
859=,Corina,1
859=,Corinna,1
859=,Corrina,1
859=,Corry,1
859=,Craigie,1
859=,Cynthia,1
859=,Dalaine,1
859=,Dalvina,1
859=,Damaris,1
859=,Danelle,1
859=,Dania,1
859=,Danica,1
859=,Danna,1
859=,Dannielle,1
859=,Darlene,1
859=,Darrell,1
859=,Dawna,1
859=,Dawne,1
859=,Deana,1
859=,Deanna,1
859=,Debbi,1
859=,Debbielee,1
859=,Debby,1
859=,Debirah-Jane,1
859=,Debora,1
859=,Deborah-Ann,1
859=,Deidre,1
859=,Dena,1
859=,Denese,1
859=,Deniece,1
859=,Denyse,1
859=,Deria,1
859=,Devrishe,1
859=,Deyna,1
859=,Dheepa,1
859=,Diama,1
859=,Dileas,1
859=,Dimitra,1
859=,Dioni,1
859=,Dizziana,1
859=,Doleen,1
859=,Dolina,1
859=,Dolores,1
859=,Dona,1
859=,Donalda,1
859=,Donella,1
859=,Donnamarie,1
859=,Dora,1
859=,Dorcas,1
859=,Dory,1
859=,Duana,1
859=,Dyanne,1
859=,E-Ming,1
859=,Ebru,1
859=,Edda,1
859=,Edelle,1
859=,Edna,1
859=,Eila-Fay,1
859=,Eilisa,1
859=,Eilishia,1
859=,Eily,1
859=,Einnas,1
859=,Eirin,1
859=,Ekanem,1
859=,Elana,1
859=,Elannor,1
859=,Elanor,1
859=,Elia,1
859=,Eliana,1
859=,Eliane,1
859=,Elidh,1
859=,Ellanna,1
859=,Ellie,1
859=,Ellison,1
859=,Elona,1
859=,Elsa,1
859=,Elsbeth,1
859=,Elsie,1
859=,Elvisa,1
859=,Elyse,1
859=,Ema-Louisa,1
859=,Emiko,1
859=,Emilee,1
859=,Emiline,1
859=,Emmeline,1
859=,Eneka,1
859=,Errin,1
859=,Esme,1
859=,Ethel,1
859=,Euda,1
859=,Evette,1
859=,Ewa,1
859=,Ewanna,1
859=,Ezmie,1
859=,Faiza,1
859=,Fanny,1
859=,Fanriye,1
859=,Fara,1
859=,Farahnaz,1
859=,Fareha,1
859=,Farina,1
859=,Farran,1
859=,Farrukh,1
859=,Farzana,1
859=,Farzhane,1
859=,Fateha,1
859=,Fatima,1
859=,Fauzia,1
859=,Feda,1
859=,Felicia,1
859=,Fereshteh,1
859=,Ferizanah,1
859=,Fionaann,1
859=,Fionnuala,1
859=,Firdoz,1
859=,Fleur,1
859=,Florence,1
859=,Folasade,1
859=,Fozia,1
859=,Fozzia,1
859=,Francene,1
859=,Franchesca,1
859=,Francise,1
859=,Franscesca,1
859=,Freeda,1
859=,Freeha,1
859=,Ga,1
859=,Gaia,1
859=,Gale,1
859=,Gamuchirai,1
859=,Gar,1
859=,Gay,1
859=,Gayla,1
859=,Gayna,1
859=,Genna,1
859=,Gerarldine,1
859=,Ghazala,1
859=,Ghazla,1
859=,Gilan,1
859=,Ginanne,1
859=,Ginette,1
859=,Ginny,1
859=,Gioia,1
859=,Gisella,1
859=,Giulietta,1
859=,Glynis,1
859=,Graceanne,1
859=,Grena,1
859=,Griselda,1
859=,Gul-Afroze,1
859=,Gurdayia,1
859=,Gurtheara,1
859=,Gurujit,1
859=,Gwenda,1
859=,Gwendolyn,1
859=,Hadeel,1
859=,Hailley,1
859=,Halay,1
859=,Haleema,1
859=,Halina,1
859=,Hanne,1
859=,Hardeep,1
859=,Harinder,1
859=,Hasel,1
859=,Hay,1
859=,Hayley-Marie,1
859=,Hayzl,1
859=,Hazel-Jayne,1
859=,Hazell,1
859=,Hedvig,1
859=,Helaine,1
859=,Helen-Anne,1
859=,Helen-Louise,1
859=,Helen-Marie,1
859=,Helenbarbara,1
859=,Helene,1
859=,Helga,1
859=,Hellen,1
859=,Heloise,1
859=,Hinna,1
859=,Ho,1
859=,Honor,1
859=,Houston,1
859=,Hu,1
859=,Hughena,1
859=,Hui,1
859=,Hulya,1
859=,Huma,1
859=,Ibiene,1
859=,Ibtisam,1
859=,Ida,1
859=,Ilana,1
859=,Ileen,1
859=,Ileene,1
859=,Illeish,1
859=,Inger,1
859=,Insha,1
859=,Iram,1
859=,Irana,1
859=,Iris,1
859=,Iseabal,1
859=,Isma,1
859=,Izzaty,1
859=,Jackalyn,1
859=,Jackeline,1
859=,Jackelyn,1
859=,Jacklyn,1
859=,Jacky,1
859=,Jacquelene,1
859=,Jacquelina,1
859=,Jacquie,1
859=,Jacqulyn,1
859=,Jacy,1
859=,Jaine,1
859=,Jaliah,1
859=,Jamesina,1
859=,Jan-Marie,1
859=,Jane-Ann,1
859=,Jane-Ashleigh,1
859=,Jane-Claire,1
859=,Janene,1
859=,Janessa,1
859=,Janet-Ann,1
859=,Janey,1
859=,Janina,1
859=,Janna,1
859=,Jannel,1
859=,Jannine,1
859=,Jaqualeen,1
859=,Jaque,1
859=,Jas,1
859=,Jasbir,1
859=,Jasmeen,1
859=,Jasvir,1
859=,Jayde,1
859=,Jaymie,1
859=,Jaynene,1
859=,Jaynie,1
859=,Jeana,1
859=,Jeanne,1
859=,Jeannie,1
859=,Jeetender,1
859=,Jena,1
859=,Jeni,1
859=,Jeniffer,1
859=,Jennefer,1
859=,Jenner,1
859=,Jenniffer,1
859=,Jillian-Selene,1
859=,Jilly,1
859=,Joane,1
859=,Joclyn,1
859=,Jodanna,1
859=,Jodi-Ann,1
859=,Jodie-Ann,1
859=,Jodilia,1
859=,Jodine,1
859=,Jody-Ann,1
859=,Joelle,1
859=,Joey,1
859=,Johnann,1
859=,Johrene,1
859=,Jolyne,1
859=,Jonelle,1
859=,Jonie,1
859=,Jordan,1
859=,Josanne,1
859=,Josie,1
859=,Juanita,1
859=,Julianna,1
859=,Julie-Louise,1
859=,Julieanne,1
859=,Julien,1
859=,Julliette,1
859=,Justene,1
859=,Justyna,1
859=,Jyothi,1
859=,Ka,1
859=,Kaara,1
859=,Kaat,1
859=,Kahleen,1
859=,Kaisey,1
859=,Kaleen,1
859=,Kalsoom,1
859=,Kamaljit,1
859=,Kanwal,1
859=,Karan,1
859=,Karelyn,1
859=,Karen-Ann,1
859=,Karena,1
859=,Karessa,1
859=,Karianne,1
859=,Karinna,1
859=,Karleen,1
859=,Karlijn,1
859=,Karol,1
859=,Karon,1
859=,Karra,1
859=,Karri,1
859=,Karrina,1
859=,Karron,1
859=,Kasha,1
859=,Katerina,1
859=,Kathalene,1
859=,Katherine-Anne,1
859=,Katheryn,1
859=,Kathy,1
859=,Kati,1
859=,Katie-Jane,1
859=,Katja,1
859=,Katrena,1
859=,Katrona,1
859=,Kawaljeat,1
859=,Kaya,1
859=,Kazia,1
859=,Keara,1
859=,Kellar,1
859=,Kelleigh,1
859=,Kellie-Margaret,1
859=,Kelly-Jane,1
859=,Kemya,1
859=,Kenagh,1
859=,Kendal,1
859=,Kenna-Marie,1
859=,Kenniflya,1
859=,Kered,1
859=,Kerenza,1
859=,Kerie,1
859=,Kerina,1
859=,Kerreen,1
859=,Kerri-Ann,1
859=,Kerriann,1
859=,Kerrie-Jane,1
859=,Kerry-Lea,1
859=,Kerry-Lou,1
859=,Kerryann,1
859=,Kerstin,1
859=,Kezban,1
859=,Khadeifa,1
859=,Khalidah,1
859=,Kieley,1
859=,Kiera,1
859=,Kileen,1
859=,Kimberley-Anne,1
859=,Kimberly-Anne,1
859=,Kin,1
859=,Kirntosh,1
859=,Kirstan,1
859=,Kirste,1
859=,Kirsteen-Ann,1
859=,Kirstein,1
859=,Kirstien,1
859=,Kirsty-Jane,1
859=,Kirstyana,1
859=,Kirstyne,1
859=,Kizzy,1
859=,Klaire,1
859=,Klarrisa,1
859=,Komal,1
859=,Korena,1
859=,Korin,1
859=,Krecia,1
859=,Krisann,1
859=,Kristeen,1
859=,Kristyn,1
859=,Krysia,1
859=,Krysta,1
859=,Krystyna,1
859=,Kunti,1
859=,Kyllie,1
859=,Kymm,1
859=,Kyra,1
859=,Kyrene,1
859=,Laeanna,1
859=,Laehann,1
859=,Lakshmi,1
859=,Landa,1
859=,Laney,1
859=,Lanna,1
859=,Larah,1
859=,Larrayne,1
859=,Laura-Lee,1
859=,Laura-Louise,1
859=,Laura-Marie,1
859=,Lauran,1
859=,Laurane,1
859=,Laureen,1
859=,Laurena,1
859=,Lauri,1
859=,Laurinda,1
859=,Lauryn,1
859=,Lavinia,1
859=,Lawrene,1
859=,Le-Ann,1
859=,Le-Anne,1
859=,Lea-Ann,1
859=,Leahann,1
859=,Leahanne,1
859=,Leana,1
859=,Leanda,1
859=,Leasha,1
859=,Leeah,1
859=,Leeane,1
859=,Leeanna,1
859=,Leia,1
859=,Leian,1
859=,Leiane,1
859=,Leica,1
859=,Leighan,1
859=,Leilah,1
859=,Leilla,1
859=,Leizabel,1
859=,Lenora,1
859=,Leonora,1
859=,Lesa-Jane,1
859=,Lesia,1
859=,Lesia-Ann,1
859=,Leslee,1
859=,Leslieanne,1
859=,Leyona,1
859=,Leyonee,1
859=,Leyre,1
859=,Leza,1
859=,Li,1
859=,Liah,1
859=,Liann,1
859=,Lichelle,1
859=,Lidia,1
859=,Lileen,1
859=,Lilias,1
859=,Lindsay-Anne,1
859=,Lindsey-Anne,1
859=,Linnette,1
859=,Linzie,1
859=,Liona,1
859=,Lir,1
859=,Lisa-Ann,1
859=,Lisa-Jayne,1
859=,Lisann,1
859=,Lisbeth,1
859=,Litza,1
859=,Liza-Joan,1
859=,Loanne,1
859=,Loene,1
859=,Lola,1
859=,Londena,1
859=,Loni,1
859=,Lora,1
859=,Lorayne,1
859=,Lorelene,1
859=,Lorre,1
859=,Lorrel,1
859=,Lorretta,1
859=,Lorri,1
859=,Luan,1
859=,Luchimee,1
859=,Lucina,1
859=,Luckbier,1
859=,Luella,1
859=,Luiza,1
859=,Luizi,1
859=,Luse,1
859=,Lyndsey-Anne,1
859=,Lyndzi,1
859=,Lynelle,1
859=,Lyneth,1
859=,Lynfryn,1
859=,Lynn-Anne,1
859=,Lynn-Marie,1
859=,Lynne-Ann,1
859=,Lynnslie,1
859=,Lynsday,1
859=,Lynsey-Ann,1
859=,Lynsie,1
859=,Mabel,1
859=,Machelle,1
859=,Madelene,1
859=,Madeline,1
859=,Mae,1
859=,Mai-Li,1
859=,Maie,1
859=,Maisie,1
859=,Maisoon,1
859=,Majella,1
859=,Majida,1
859=,Malinda,1
859=,Malissa,1
859=,Mamona,1
859=,Mamuna,1
859=,Manal,1
859=,Mandi,1
859=,Manira,1
859=,Manisha,1
859=,Manjit,1
859=,Mannayia,1
859=,Manpal,1
859=,Manpreet,1
859=,Maraide,1
859=,Maranne,1
859=,Marcela,1
859=,Marchelle,1
859=,Mardi,1
859=,Mareen,1
859=,Mareeta,1
859=,Marella,1
859=,Maressa,1
859=,Margarette,1
859=,Margarita,1
859=,Margot,1
859=,Marguerite,1
859=,Mari-Clare,1
859=,Maria-Anita,1
859=,Maria-Luisa,1
859=,Mariam,1
859=,Mariapia,1
859=,Maricia,1
859=,Marie-Ann,1
859=,Marie-Louise,1
859=,Marie-Therese,1
859=,Mariel,1
859=,Mariesha,1
859=,Marietta,1
859=,Marilis,1
859=,Marion-Anne,1
859=,Maris,1
859=,Marisha,1
859=,Marisia,1
859=,Marit,1
859=,Marjon,1
859=,Marjory,1
859=,Marlies,1
859=,Marri,1
859=,Marriane,1
859=,Marsail,1
859=,Marshall,1
859=,Marta,1
859=,Martin,1
859=,Martine-Louise,1
859=,Marvic,1
859=,Mary-Ann,1
859=,Mary-Anne,1
859=,Mary-Claire,1
859=,Mary-Ellen,1
859=,Mary-Jane,1
859=,Marya,1
859=,Maryellen,1
859=,Maryjane,1
859=,Marylin,1
859=,Masniy,1
859=,Matilda,1
859=,Maura,1
859=,Maurissa,1
859=,Mavis,1
859=,Maya-Eve,1
859=,Maya-Lin,1
859=,Mayo,1
859=,Maysie,1
859=,Mazia,1
859=,Mechele,1
859=,Mechelle,1
859=,Medena,1
859=,Megat,1
859=,Meghan,1
859=,Mehrun,1
859=,Mei,1
859=,Melany,1
859=,Mellanie,1
859=,Mellisa,1
859=,Memona,1
859=,Meredith,1
859=,Merissa,1
859=,Merran,1
859=,Mhaire,1
859=,Mhairi-Anne,1
859=,Mhairi-Claire,1
859=,Mharie,1
859=,Mialy,1
859=,Michalla,1
859=,Miechelle,1
859=,Migielle,1
859=,Mikaela,1
859=,Millicent,1
859=,Mintaz,1
859=,Mischa,1
859=,Mitzi,1
859=,Moira-Jane,1
859=,Mollie,1
859=,Molly,1
859=,Momotaj,1
859=,Monika,1
859=,Moninnuola,1
859=,Mora,1
859=,Moraig,1
859=,Morwen,1
859=,Mubo,1
859=,Muniba,1
859=,Muriel,1
859=,Musa,1
859=,Myke,1
859=,Nadine-Marie,1
859=,Nadra,1
859=,Naela,1
859=,Nahid,1
859=,Nairi,1
859=,Najia,1
859=,Najma,1
859=,Namdir,1
859=,Nareenah,1
859=,Naseem,1
859=,Natalena,1
859=,Natali,1
859=,Natalya,1
859=,Naureen,1
859=,Navneet,1
859=,Naysha,1
859=,Nazatul,1
859=,Nazhat,1
859=,Nazish,1
859=,Ndidi,1
859=,Neetu,1
859=,Nehal,1
859=,Nehla,1
859=,Neil,1
859=,Neive,1
859=,Nelam,1
859=,Nergis,1
859=,Nerice,1
859=,Nermeen,1
859=,Nerys,1
859=,Nesreen,1
859=,Nettie,1
859=,Neva,1
859=,Nga,1
859=,Ngukaren,1
859=,Nhargus,1
859=,Niamh,1
859=,Nicholl,1
859=,Nickola,1
859=,Nikee,1
859=,Niomi,1
859=,Nirvana,1
859=,Nisha,1
859=,Nivedita,1
859=,Niveen,1
859=,Nobila,1
859=,Noelle,1
859=,Noleen,1
859=,Nona,1
859=,Noor,1
859=,Nora,1
859=,Norah,1
859=,Norazlina,1
859=,Norelle,1
859=,Norhashimah,1
859=,Norhasliza,1
859=,Novak,1
859=,Novella,1
859=,Nowreen,1
859=,Nuala,1
859=,Nuha,1
859=,Nura,1
859=,Nvala,1
859=,Nyamepe,1
859=,Nyaradzai,1
859=,Oebra,1
859=,Oi,1
859=,Oiendrila,1
859=,Olanike,1
859=,Olukemi,1
859=,Omolola,1
859=,Ona,1
859=,Onorame,1
859=,Opeyemi,1
859=,Orla,1
859=,Orlagh,1
859=,Oy,1
859=,Paige,1
859=,Pallavi,1
859=,Parisa,1
859=,Parizad,1
859=,Parmjeet,1
859=,Parveen,1
859=,Pascalle,1
859=,Pasqua,1
859=,Pat,1
859=,Patience,1
859=,Patrice,1
859=,Patsy,1
859=,Pau,1
859=,Pavendeep,1
859=,Petra,1
859=,Petrena,1
859=,Phanitha,1
859=,Phillippa,1
859=,Philomena,1
859=,Pollyanna,1
859=,Pooja,1
859=,Poppy,1
859=,Preeti,1
859=,Priscilla,1
859=,Prudence,1
859=,Puja,1
859=,Puneeta,1
859=,Qasra,1
859=,Qubra,1
859=,Rabia,1
859=,Rabiya,1
859=,Rachelle,1
859=,Raegan,1
859=,Raewyn,1
859=,Rafeea,1
859=,Rafit,1
859=,Rahat,1
859=,Rahela,1
859=,Raj,1
859=,Rajdeep,1
859=,Ralda,1
859=,Raman,1
859=,Ramdeep,1
859=,Rana,1
859=,Raonaid,1
859=,Rasha,1
859=,Ravinder,1
859=,Ray,1
859=,Raylene,1
859=,Reagan,1
859=,Reanne,1
859=,Rebecca-Rose,1
859=,Rebeka,1
859=,Rebekah,1
859=,Reegie,1
859=,Reema,1
859=,Reffat,1
859=,Rekha,1
859=,Rena,1
859=,Renai,1
859=,Renay,1
859=,Rhianna,1
859=,Rhonagh,1
859=,Rietta,1
859=,Righa,1
859=,Rikki,1
859=,Rima,1
859=,Riona,1
859=,Roanna,1
859=,Robina,1
859=,Robyn,1
859=,Rochelle,1
859=,Rochine,1
859=,Rodel,1
859=,Rohan,1
859=,Roisine,1
859=,Rokhsana,1
859=,Rola,1
859=,Romaine,1
859=,Romana,1
859=,Romany,1
859=,Romina,1
859=,Ronalda,1
859=,Ronene,1
859=,Rosalie,1
859=,Rosalynd,1
859=,Rosalynde,1
859=,Rosalyne,1
859=,Rosalynn,1
859=,Rosanne,1
859=,Rosaria,1
859=,Rose-Anne,1
859=,Rose-Marie,1
859=,Roseanna,1
859=,Roselean,1
859=,Rosell,1
859=,Roselyn,1
859=,Roshanne,1
859=,Rosheen,1
859=,Rosheene,1
859=,Rosie,1
859=,Rosien,1
859=,Rosin,1
859=,Roslynne,1
859=,Ross,1
859=,Rossalyn,1
859=,Rozana,1
859=,Rozina,1
859=,Rubana,1
859=,Ruhzwana,1
859=,Rukhsana,1
859=,Rupinder,1
859=,Rushie,1
859=,Rya,1
859=,Sabah,1
859=,Sabbah,1
859=,Sabeen,1
859=,Sabina,1
859=,Sabrena,1
859=,Saddaf,1
859=,Sadiah,1
859=,Sadie,1
859=,Sadif,1
859=,Saeema,1
859=,Safa,1
859=,Sahar,1
859=,Sahdia,1
859=,Saheena,1
859=,Sahir,1
859=,Saiqa,1
859=,Saiyra,1
859=,Sajida,1
859=,Salena,1
859=,Salina,1
859=,Sally-Anne,1
859=,Salma,1
859=,Saman,1
859=,Samana,1
859=,Samantha-Jane,1
859=,Samantha-Louise,1
859=,Sameera,1
859=,Samina,1
859=,Samira,1
859=,Sanda,1
859=,Sandeep,1
859=,Sandra-Ann,1
859=,Sandy-Lee,1
859=,Sangeeta,1
859=,Saniah,1
859=,Saqia,1
859=,Sara-Anne,1
859=,Sara-Jayne,1
859=,Sara-Mae,1
859=,Sarahjane,1
859=,Saranne,1
859=,Saratu,1
859=,Sarena,1
859=,Sarnia,1
859=,Sarra,1
859=,Saskia,1
859=,Sathweer,1
859=,Sau,1
859=,Sausan,1
859=,Saya,1
859=,Saymma,1
859=,Seana,1
859=,Semone,1
859=,Seona,1
859=,Seonade,1
859=,Seonag,1
859=,Seonagh,1
859=,Sera,1
859=,Shaaron,1
859=,Shabanah,1
859=,Shabhana,1
859=,Shabnum,1
859=,Shaima,1
859=,Shaista,1
859=,Shama,1
859=,Shamar,1
859=,Shana,1
859=,Shanaz,1
859=,Shanna,1
859=,Sharanjit,1
859=,Sharell,1
859=,Sharelle,1
859=,Sharlane,1
859=,Sharlean,1
859=,Sharlene-Ann,1
859=,Sharmeen,1
859=,Sharmila,1
859=,Sharn,1
859=,Sharon-Marie,1
859=,Sharonne,1
859=,Sharraine,1
859=,Sharren,1
859=,Shau,1
859=,Shauna,1
859=,Shavon,1
859=,Shawna,1
859=,Shaziea,1
859=,Sheenagh,1
859=,Sheeren,1
859=,Sheimaa,1
859=,Shelley-Ann,1
859=,Shellie,1
859=,Shemane,1
859=,Shendl,1
859=,Sheonagh,1
859=,Sheonah,1
859=,Sherri-Lee,1
859=,Sherryl,1
859=,Shiabana,1
859=,Shian,1
859=,Shih,1
859=,Shiona,1
859=,Shiralee,1
859=,Shireen,1
859=,Shirelle,1
859=,Shirleyann,1
859=,Shivonne,1
859=,Shmela,1
859=,Shreen,1
859=,Shyvonne,1
859=,Sia,1
859=,Siama,1
859=,Sidelle,1
859=,Silvia,1
859=,Sima,1
859=,Sin,1
859=,Siob'an,1
859=,Siobhian,1
859=,Siohban,1
859=,Sionadh,1
859=,Sithbhan,1
859=,Siubhan,1
859=,Sobia,1
859=,Sohani,1
859=,Soibhan,1
859=,Solma,1
859=,Solveig,1
859=,Soo,1
859=,Sorelle,1
859=,Sorrel,1
859=,Sorrell,1
859=,Sowmya,1
859=,Stacey-Ann,1
859=,Stacey-Lee,1
859=,Staci,1
859=,Stefani,1
859=,Stephenie-Marie,1
859=,Stroma,1
859=,Suckwinder,1
859=,Sue-Ann,1
859=,Sue-Ellen,1
859=,Suellen,1
859=,Sufia,1
859=,Suhaly,1
859=,Sui,1
859=,Suilven,1
859=,Suja,1
859=,Sukbir,1
859=,Sulakshana,1
859=,Sultana,1
859=,Sumaiya,1
859=,Sumati,1
859=,Summon,1
859=,Sumra,1
859=,Sunnie,1
859=,Surjeet,1
859=,Susana,1
859=,Suzanah,1
859=,Suzann,1
859=,Suzannah,1
859=,Suzie-Ann,1
859=,Suzzane,1
859=,Swati,1
859=,Sya,1
859=,Syeda,1
859=,Sylvie,1
859=,Symone,1
859=,Syretta,1
859=,Sze,1
859=,Tabasam,1
859=,Tahmina,1
859=,Tahsin,1
859=,Tajinder,1
859=,Taleya,1
859=,Talita,1
859=,Tamar,1
859=,Tamara-Anne,1
859=,Tamlyn,1
859=,Tammi,1
859=,Tamzin,1
859=,Tamzyn,1
859=,Tangee-Ndapeua,1
859=,Tanisha,1
859=,Tanith,1
859=,Tanvir,1
859=,Tarena,1
859=,Tarina,1
859=,Tarn,1
859=,Tarrah,1
859=,Tasmia,1
859=,Tatenda,1
859=,Tatiana,1
859=,Temora,1
859=,Teresa-Anne,1
859=,Terezia,1
859=,Terneem,1
859=,Terresa,1
859=,Tery,1
859=,Tess,1
859=,Thalia,1
859=,Themedra,1
859=,Thirza,1
859=,Thoma,1
859=,Thorunn,1
859=,Tiabah,1
859=,Tiffany,1
859=,Ting-Ting,1
859=,Tlisa,1
859=,Tobechukwu,1
859=,Toshiba,1
859=,Tracey-Ann,1
859=,Tracey-Anne,1
859=,Traci,1
859=,Tracie,1
859=,Tracy-Lee,1
859=,Tracyann,1
859=,Tracyanne,1
859=,Treena,1
859=,Tresa,1
859=,Tressa,1
859=,Trishana,1
859=,Tristy,1
859=,Tulip,1
859=,Twyyaba,1
859=,Uchechukwu,1
859=,Ummelhasan,1
859=,Ummiasab,1
859=,Ure,1
859=,Urshia,1
859=,Usha,1
859=,Uswah,1
859=,Vani,1
859=,Vanora,1
859=,Varrie,1
859=,Vary,1
859=,Velinda,1
859=,Verdi,1
859=,Verena,1
859=,Vhari,1
859=,Vickii,1
859=,Vickilee,1
859=,Victoria-Jane,1
859=,Victoria-Louise,1
859=,Victoria-May,1
859=,Vikki-Ann,1
859=,Vikki-Lee,1
859=,Vittoria,1
859=,Wah,1
859=,Wahidah,1
859=,Wasan,1
859=,Wei,1
859=,William,1
859=,Willow,1
859=,Win,1
859=,Winnifred,1
859=,Xavaire,1
859=,Yafit,1
859=,Yasmen,1
859=,Yasmine,1
859=,Yasneen,1
859=,Yee,1
859=,Yinka,1
859=,Yla,1
859=,Yolanda,1
859=,Yuen,1
859=,Yvanna,1
859=,Yvonne-Margaret,1
859=,Zainab,1
859=,Zakiya,1
859=,Zanab,1
859=,Zandra-Anne,1
859=,Zarina,1
859=,Zeineb,1
859=,Zemirah,1
859=,Zenya,1
859=,Zhanine,1
859=,Zinab,1
859=,Zoe-Anne,1
859=,Zoey,1
859=,Zohrah,1
859=,Zorodzai,1
