Position,Name,Number of babies
1,Laura,1023
2,Claire,852
3,Lisa,741
4,Nicola,737
5,Louise,707
6,Karen,653
7,Fiona,615
8,Jennifer,612
9,Michelle,609
10,Emma,548
11,Sarah,545
12,Gillian,531
13,Kelly,467
14,Susan,459
15,Angela,454
16,Donna,429
17,Kirsty,390
18,Julie,386
19,Pamela,376
20,Joanne,350
21,Caroline,339
22,Amanda,316
23,Tracy,310
24,Sharon,305
25,Lynne,298
26,Elaine,294
27,Deborah,293
28,Jacqueline,288
29,Alison,286
30,Lynsey,283
31,Victoria,280
32,Kerry,277
33,Leanne,273
34,Lorraine,258
35,Lesley,249
36,Elizabeth,247
37,Lorna,238
38,Catherine,224
39,Lynn,209
40,Suzanne,208
41,Heather,193
42=,Helen,187
42=,Lindsay,187
42=,Margaret,187
45,Clare,185
46=,Cheryl,182
46=,Debbie,182
48,Pauline,175
49,Dawn,174
50,Carol,167
51,Mary,159
52,Natalie,156
53,Linda,154
54,Jane,151
55=,Diane,150
55=,Stacey,150
57,Carrie,149
58,Yvonne,144
59,Rebecca,143
60,Christine,142
61,Marie,138
62,Charlene,134
63,Rachel,133
64,Anne,131
65,Tracey,130
66=,Jill,121
66=,Samantha,121
68,Ashley,120
69,Paula,119
70,Joanna,118
71,Stephanie,112
72=,Andrea,111
72=,Shona,111
74,Denise,109
75=,Anna,107
75=,Hazel,107
77,Katrina,105
78,Ruth,102
79,Gayle,100
80=,Lee,97
80=,Sara,97
82,Catriona,96
83=,Kathryn,94
83=,Leigh,94
83=,Mhairi,94
86,Wendy,93
87,Amy,92
88,Jillian,89
89,Katherine,88
90,Gail,87
91,Linsey,84
92,Christina,83
93=,Lucy,82
93=,Melanie,82
95,Sandra,79
96=,Ann,78
96=,Kathleen,78
98,Shelley,77
99,Kirsten,76
100=,Kim,75
100=,Lyndsey,75
102,Lauren,73
103=,Patricia,70
103=,Vicki,70
105=,Aileen,68
105=,Lyndsay,68
107=,Gemma,67
107=,Vicky,67
109=,Arlene,66
109=,Lindsey,66
111,Mairi,64
112,Emily,62
113=,Kimberley,59
113=,Zoe,59
115=,Melissa,57
115=,Stacy,57
117,Kirsteen,55
118,Janet,53
119=,Alana,51
119=,Judith,51
121=,Audrey,50
121=,Frances,50
121=,Lynda,50
121=,Shirley,50
125=,Barbara,49
125=,Mandy,49
127,Danielle,47
128=,Carolyn,46
128=,Rachael,46
130=,Kate,45
130=,Leeanne,45
130=,Maria,45
130=,Marion,45
130=,Rhona,45
135,Julia,44
136=,Eleanor,43
136=,Hannah,43
138=,Katie,42
138=,Kirstin,42
138=,Lee-Ann,42
138=,Louisa,42
142,Lee-Anne,41
143=,Eilidh,40
143=,Morag,40
143=,Nichola,40
146,Alexandra,39
147=,Adele,38
147=,Allison,38
147=,Ashleigh,38
147=,Leeann,38
151,Clair,37
152=,Carole,36
152=,Siobhan,36
154=,Eileen,34
154=,Nadia,34
154=,Naomi,34
157,Charlotte,33
158=,Ailsa,32
158=,Janice,32
158=,Leah,32
158=,Lynette,32
158=,Vikki,32
163=,Erin,31
163=,Evelyn,31
163=,Maureen,31
163=,Susanne,31
167=,Colette,30
167=,Jenna,30
167=,Lynsay,30
167=,Teresa,30
167=,Theresa,30
172=,Jayne,29
172=,Kay,29
172=,Sarah-Jane,29
175=,Isla,28
175=,Janine,28
175=,Jodie,28
175=,Jolene,28
175=,Leona,28
175=,Marianne,28
175=,Rosemary,28
182=,Debra,27
182=,Hayley,27
182=,Jean,27
182=,Lyn,27
182=,Natasha,27
182=,Nicole,27
188,Sally,26
189=,Georgina,25
189=,Jaclyn,25
191=,Cara,24
191=,Lianne,24
191=,Nadine,24
194=,Carla,23
194=,Diana,23
194=,Geraldine,23
194=,Kerri,23
194=,Veronica,23
199=,Beverley,22
199=,June,22
199=,Kerrie,22
199=,Moira,22
199=,Sonya,22
199=,Tanya,22
205=,Alice,21
205=,Ann-Marie,21
205=,Faye,21
205=,Irene,21
205=,Jenny,21
205=,Tina,21
211=,Alexis,20
211=,Alyson,20
211=,Carly,20
211=,Dianne,20
211=,Iona,20
211=,Kellie,20
211=,Michele,20
211=,Sharlene,20
211=,Valerie,20
220=,Agnes,19
220=,Bernadette,19
220=,Ellen,19
220=,Janette,19
220=,Joyce,19
220=,Kirstie,19
220=,Rosalind,19
227=,Annmarie,18
227=,Brenda,18
227=,Colleen,18
227=,Erica,18
227=,Katy,18
227=,Sheila,18
227=,Sonia,18
227=,Vanessa,18
235=,Anne-Marie,17
235=,Hilary,17
235=,Josephine,17
235=,Nina,17
235=,Sheena,17
235=,Tara,17
241=,Anita,16
241=,Evonne,16
241=,Linzi,16
241=,Morven,16
241=,Tammy,16
246=,Annemarie,15
246=,Corinne,15
246=,Esther,15
246=,Jade,15
246=,Jessica,15
246=,Leigh-Ann,15
246=,Leigh-Anne,15
246=,Linsay,15
246=,Nikki,15
246=,Stefanie,15
256=,Eve,14
256=,Joan,14
256=,Monica,14
256=,Rona,14
256=,Rowan,14
261=,Aimee,13
261=,Carrie-Anne,13
261=,Grace,13
261=,Heidi,13
261=,Helena,13
261=,Holly,13
261=,Kara,13
261=,Kari,13
261=,Kelly-Ann,13
261=,Kimberly,13
261=,Laurie,13
261=,Lea,13
261=,Liza,13
261=,Sheryl,13
261=,Vivien,13
276=,Ainsley,12
276=,Annette,12
276=,Collette,12
276=,Isabel,12
276=,Jan,12
276=,Jodi,12
276=,Katharine,12
276=,Maxine,12
276=,Ria,12
276=,Sophie,12
286=,Carolann,11
286=,Elinor,11
286=,Elisabeth,11
286=,Gwen,11
286=,Keri,11
286=,Kristen,11
286=,Rose,11
286=,Roslyn,11
286=,Shelly,11
286=,Vivienne,11
296=,Avril,10
296=,Davina,10
296=,Dorothy,10
296=,Francesca,10
296=,Jemma,10
296=,Jody,10
296=,Justine,10
296=,Kaye,10
296=,Kelly-Anne,10
296=,Kristina,10
296=,Lesley-Ann,10
296=,Marilyn,10
296=,Marina,10
296=,Sandie,10
296=,Sasha,10
296=,Selina,10
296=,Simone,10
296=,Sophia,10
296=,Yvette,10
315=,Abigail,9
315=,Alanna,9
315=,Carol-Anne,9
315=,Carolanne,9
315=,Charmaine,9
315=,Connie,9
315=,Dee,9
315=,Joy,9
315=,Karin,9
315=,Karina,9
315=,Karyn,9
315=,Lesley-Anne,9
315=,Lynnette,9
315=,Martha,9
315=,Miriam,9
315=,Nazia,9
315=,Philippa,9
315=,Sabrina,9
315=,Senga,9
315=,Seonaid,9
315=,Sharron,9
336=,Ailie,8
336=,Alicia,8
336=,Allana,8
336=,Amber,8
336=,Carmen,8
336=,Chloe,8
336=,Corinna,8
336=,Gaynor,8
336=,Gina,8
336=,Isobel,8
336=,Jackie,8
336=,Joni,8
336=,Kerry-Anne,8
336=,Kristine,8
336=,Kylie,8
336=,Lois,8
336=,Marnie,8
336=,Norma,8
336=,Rhiannon,8
336=,Roseanne,8
336=,Sylvia,8
336=,Tamara,8
358=,Annie,7
358=,April,7
358=,Bianca,7
358=,Camilla,7
358=,Carol-Ann,7
358=,Dana,7
358=,Elisa,7
358=,Elspeth,7
358=,Eva,7
358=,Gael,7
358=,Ingrid,7
358=,Jemima,7
358=,Johanna,7
358=,Johanne,7
358=,Katriona,7
358=,Kellyann,7
358=,Lana,7
358=,Layla,7
358=,Leann,7
358=,Liane,7
358=,Lucie,7
358=,Lucinda,7
358=,Lydia,7
358=,Maree,7
358=,Marisa,7
358=,Marissa,7
358=,Martine,7
358=,Megan,7
358=,Mhari,7
358=,Miranda,7
358=,Nancy,7
358=,Noreen,7
358=,Penny,7
358=,Rebekah,7
358=,Rosalyn,7
358=,Rosslyn,7
358=,Selena,7
358=,Shazia,7
358=,Sheree,7
358=,Sian,7
358=,Sinead,7
358=,Susannah,7
400=,Aisha,6
400=,Alexandria,6
400=,Allyson,6
400=,Angelina,6
400=,Beth,6
400=,Carina,6
400=,Carron,6
400=,Catrina,6
400=,Cindy,6
400=,Coleen,6
400=,Dionne,6
400=,Donna-Marie,6
400=,Doreen,6
400=,Edith,6
400=,Jacqui,6
400=,Jamie,6
400=,Janie,6
400=,Janna,6
400=,Jeanette,6
400=,Jennie,6
400=,Juliet,6
400=,Keira,6
400=,Kerry-Ann,6
400=,Kristin,6
400=,Kym,6
400=,Lara,6
400=,Madeleine,6
400=,Martina,6
400=,May,6
400=,Michaela,6
400=,Rhonda,6
400=,Roberta,6
400=,Roseann,6
400=,Shabana,6
400=,Shiona,6
400=,Stella,6
436=,Alisa,5
436=,Annabel,5
436=,Belinda,5
436=,Bryony,5
436=,Camille,5
436=,Candice,5
436=,Careen,5
436=,Carlyn,5
436=,Carolynn,5
436=,Cassandra,5
436=,Celia,5
436=,Claire-Louise,5
436=,Dale,5
436=,Daniela,5
436=,Darlene,5
436=,Dayna,5
436=,Elaina,5
436=,Emma-Jane,5
436=,Haley,5
436=,Ishbel,5
436=,Jacquelyn,5
436=,Jo,5
436=,Jo-Anne,5
436=,Jocelyn,5
436=,Karrie,5
436=,Lea-Ann,5
436=,Leanna,5
436=,Leasa,5
436=,Lena,5
436=,Lesa,5
436=,Leslie,5
436=,Lilian,5
436=,Lillian,5
436=,Luisa,5
436=,Morna,5
436=,Polly,5
436=,Roisin,5
436=,Shelagh,5
436=,Susanna,5
436=,Teri,5
436=,Terri,5
436=,Tessa,5
436=,Toni,5
436=,Vickie,5
436=,Yasmin,5
481=,Abbie,4
481=,Adelle,4
481=,Adriana,4
481=,Ami,4
481=,Angie,4
481=,Antoinette,4
481=,Beverly,4
481=,Bonnie,4
481=,Caitlin,4
481=,Caren,4
481=,Carrie-Ann,4
481=,Casey,4
481=,Charmain,4
481=,Cherie,4
481=,Corrine,4
481=,Deanne,4
481=,Debora,4
481=,Edwina,4
481=,Erika,4
481=,Faith,4
481=,Fay,4
481=,Freya,4
481=,Genna,4
481=,Gwendoline,4
481=,Jaimie,4
481=,Janis,4
481=,Jilly,4
481=,Johan,4
481=,Kareen,4
481=,Karla,4
481=,Karlene,4
481=,Kelli,4
481=,Kristeen,4
481=,Kristy,4
481=,Laraine,4
481=,Leighanne,4
481=,Leila,4
481=,Lissa,4
481=,Lori,4
481=,Margaret-Ann,4
481=,Mari,4
481=,Marian,4
481=,Marlene,4
481=,Mechelle,4
481=,Naila,4
481=,Nasreen,4
481=,Nyree,4
481=,Olivia,4
481=,Rabia,4
481=,Rhea,4
481=,Rosalynn,4
481=,Rosanne,4
481=,Rosemarie,4
481=,Serena,4
481=,Tammie,4
481=,Verity,4
481=,Wai,4
481=,Yasmeen,4
539=,Adeline,3
539=,Adrienne,3
539=,Aimi,3
539=,Aisling,3
539=,Alexa,3
539=,Alix,3
539=,Amelia,3
539=,Amna,3
539=,Anastasia,3
539=,Andrewina,3
539=,Anthea,3
539=,Antonia,3
539=,Ashlea,3
539=,Aysha,3
539=,Bridget,3
539=,Brooke,3
539=,Carri,3
539=,Cassie,3
539=,Caterina,3
539=,Cathryn,3
539=,Cecilia,3
539=,Chantelle,3
539=,Charleen,3
539=,Chris,3
539=,Christy,3
539=,Clara,3
539=,Constance,3
539=,Cora,3
539=,Corrinne,3
539=,Crystal,3
539=,Daniella,3
539=,Deirdre,3
539=,Donnamarie,3
539=,Elise,3
539=,Elissa,3
539=,Eliza,3
539=,Eman,3
539=,Emilie,3
539=,Emma-Louise,3
539=,Estelle,3
539=,Farzana,3
539=,Flora,3
539=,Florence,3
539=,Gabrielle,3
539=,Glenda,3
539=,Greer,3
539=,Harriet,3
539=,Helene,3
539=,Hollie,3
539=,Ilona,3
539=,Isabella,3
539=,Jaime,3
539=,Jana,3
539=,Janey,3
539=,Jessie,3
539=,Joann,3
539=,Jordana,3
539=,Julie-Ann,3
539=,Julie-Anne,3
539=,Juliette,3
539=,Karlyn,3
539=,Kelley,3
539=,Kelly-Marie,3
539=,Kerryann,3
539=,Kiran,3
539=,Kirsti,3
539=,Kirstine,3
539=,Lacey,3
539=,Laura-Jane,3
539=,Laureen,3
539=,Leane,3
539=,Leean,3
539=,Leesa,3
539=,Leighann,3
539=,Leonie,3
539=,Letitia,3
539=,Leyna,3
539=,Lisa-Marie,3
539=,Loraine,3
539=,Lyne,3
539=,Madeline,3
539=,Mairead,3
539=,Margo,3
539=,Mariam,3
539=,Maryanne,3
539=,Maya,3
539=,Meghann,3
539=,Nathalie,3
539=,Nora,3
539=,Nuala,3
539=,Pui,3
539=,Rhoda,3
539=,Robin,3
539=,Robyn,3
539=,Rochelle,3
539=,Rosaleen,3
539=,Rowena,3
539=,Roxanne,3
539=,Ruby,3
539=,Saima,3
539=,Salma,3
539=,Samina,3
539=,Satveer,3
539=,Shannon,3
539=,Sharelle,3
539=,Sharen,3
539=,Sharleen,3
539=,Sharyn,3
539=,Sheenagh,3
539=,Sonja,3
539=,Stephenie,3
539=,Tamsin,3
539=,Tania,3
539=,Therese,3
539=,Thomasina,3
539=,Tiffany,3
539=,Trudi,3
539=,Trudy,3
539=,Valene,3
539=,Vhairi,3
539=,Vivian,3
660=,Abby,2
660=,Ainslie,2
660=,Alaina,2
660=,Alena,2
660=,Alexanderina,2
660=,Alma,2
660=,Amanda-Jane,2
660=,Ana,2
660=,Andrena,2
660=,Angeline,2
660=,Anna-Marie,2
660=,Annabella,2
660=,Anneliese,2
660=,Anouska,2
660=,Asma,2
660=,Astrid,2
660=,Aurelia,2
660=,Ava,2
660=,Ayesha,2
660=,Bethan,2
660=,Bobbie,2
660=,Briony,2
660=,Cally,2
660=,Carey,2
660=,Carine,2
660=,Carleen,2
660=,Carlene,2
660=,Carley,2
660=,Carolina,2
660=,Carolyne,2
660=,Carolynne,2
660=,Carys,2
660=,Catharina,2
660=,Cathleen,2
660=,Cathrine,2
660=,Celeste,2
660=,Celine,2
660=,Chantal,2
660=,Cherry,2
660=,Cheryll,2
660=,Chiara,2
660=,Ciara,2
660=,Claudia,2
660=,Claudine,2
660=,Coreen,2
660=,Corrie,2
660=,Corrin,2
660=,Corrina,2
660=,Cristina,2
660=,Cristine,2
660=,Danelle,2
660=,David,2
660=,Dawn-Marie,2
660=,Debbi,2
660=,Debby,2
660=,Deborah-Ann,2
660=,Desiree,2
660=,Dianna,2
660=,Dolina,2
660=,Dominique,2
660=,Donna-Louise,2
660=,Dyan,2
660=,Ebony,2
660=,Eirwen,2
660=,Elanor,2
660=,Elena,2
660=,Elisha,2
660=,Elizabeth-Anne,2
660=,Elkie,2
660=,Ellana,2
660=,Eloise,2
660=,Eryn,2
660=,Esme,2
660=,Evangeline,2
660=,Faiza,2
660=,Fatima,2
660=,Felicity,2
660=,Georgie,2
660=,Gill,2
660=,Giovanna,2
660=,Gurdeep,2
660=,Harminder,2
660=,Hebah,2
660=,Helenor,2
660=,Helina,2
660=,Hena,2
660=,Henna,2
660=,Imogen,2
660=,Inga,2
660=,Iram,2
660=,Isabelle,2
660=,Islay,2
660=,Jackaline,2
660=,Jada,2
660=,Janeen,2
660=,Jasmine,2
660=,Jay,2
660=,Jeanne,2
660=,Jeannette,2
660=,Jeannine,2
660=,Jenifer,2
660=,Jenni,2
660=,Jodean,2
660=,Johann,2
660=,Kalsoom,2
660=,Karan,2
660=,Karleen,2
660=,Karoline,2
660=,Karolyn,2
660=,Kathy,2
660=,Katrine,2
660=,Kelda,2
660=,Keli,2
660=,Kellyanne,2
660=,Kerri-Anne,2
660=,Kiri,2
660=,Kirstyn,2
660=,Krista,2
660=,Krysia,2
660=,Kymm,2
660=,Kyra,2
660=,Lai,2
660=,Laila,2
660=,Larissa,2
660=,Laura-Ann,2
660=,Laura-Anne,2
660=,Laura-Lee,2
660=,Lauraine,2
660=,Layna,2
660=,Le,2
660=,Leah-Ann,2
660=,Leahanne,2
660=,Leeane,2
660=,Leesha,2
660=,Leyanne,2
660=,Lianda,2
660=,Lilias,2
660=,Lily,2
660=,Linn,2
660=,Lisa-Ann,2
660=,Lisa-Anne,2
660=,Lora,2
660=,Loreen,2
660=,Loretta,2
660=,Lyanne,2
660=,Lyndsy,2
660=,Lynnsey,2
660=,Magdalena,2
660=,Mamoona,2
660=,Manjit,2
660=,Marcy,2
660=,Marie-Louise,2
660=,Marjorie,2
660=,Marjory,2
660=,Marlyn,2
660=,Marsali,2
660=,Mary-Ann,2
660=,Mary-Anne,2
660=,Maura,2
660=,Mellony,2
660=,Meriel,2
660=,Mhairianne,2
660=,Michala,2
660=,Michela,2
660=,Milissa,2
660=,Mona,2
660=,Morvern,2
660=,Morvyn,2
660=,Muriel,2
660=,Nada,2
660=,Naima,2
660=,Navneet,2
660=,Nikola,2
660=,Noha,2
660=,Oi,2
660=,Paulene,2
660=,Peggy,2
660=,Philomena,2
660=,Rae,2
660=,Ray,2
660=,Reem,2
660=,Rhianon,2
660=,Rita,2
660=,Romana,2
660=,Romina,2
660=,Roselyn,2
660=,Roslynn,2
660=,Roslynne,2
660=,Rozlyn,2
660=,Saddaf,2
660=,Sadia,2
660=,Samantha-Jane,2
660=,Sara-Louise,2
660=,Sarah-Jayne,2
660=,Shaneela,2
660=,Shauna,2
660=,Sheilah,2
660=,Sheona,2
660=,Sheryll,2
660=,Shireen,2
660=,Shirley-Ann,2
660=,Shirley-Anne,2
660=,Shonagh,2
660=,Simmone,2
660=,Skye,2
660=,Soraya,2
660=,Stacie,2
660=,Stacy-Anne,2
660=,Sue-Ellen,2
660=,Suzanna,2
660=,Suzi,2
660=,Tanith,2
660=,Terrie,2
660=,Tia,2
660=,Trina,2
660=,Trisha,2
660=,Una,2
660=,Vaila,2
660=,Varrie,2
660=,Violet,2
660=,Wing,2
660=,Zara,2
660=,Zarina,2
883=,Aasia,1
883=,Abiodun,1
883=,Ablah,1
883=,Acia,1
883=,Adaego,1
883=,Addolorata,1
883=,Adeile,1
883=,Adelene,1
883=,Adene,1
883=,Aditi,1
883=,Adrianna,1
883=,Adrianne,1
883=,Affizza,1
883=,Afshan,1
883=,Aicha,1
883=,Ailis,1
883=,Ailish,1
883=,Aimie,1
883=,Airlie,1
883=,Aislinn,1
883=,Alaere,1
883=,Alain,1
883=,Alannah,1
883=,Alayne,1
883=,Aleda,1
883=,Aleksandra,1
883=,Aleshea,1
883=,Aleshia,1
883=,Alex,1
883=,Alexandre,1
883=,Alexandrina,1
883=,Alexia,1
883=,Alexine,1
883=,Alexsandra,1
883=,Alia,1
883=,Alice-Anne,1
883=,Aliceson,1
883=,Alina,1
883=,Aline,1
883=,Alissa,1
883=,Alliah,1
883=,Alvina,1
883=,Alyssa,1
883=,Alyssia,1
883=,Amaka,1
883=,Amal,1
883=,Amanda-Jayne,1
883=,Amany,1
883=,Amar,1
883=,Ambreen,1
883=,Amelind,1
883=,Amena,1
883=,Amerdeep,1
883=,Amey-Louise,1
883=,Amie,1
883=,Aminatul,1
883=,Amnah,1
883=,Amrit,1
883=,Amy-Louise,1
883=,Ana-Maria,1
883=,Ananka,1
883=,Anbreen,1
883=,Anda,1
883=,Andrina,1
883=,Aneela,1
883=,Aneesa,1
883=,Anela,1
883=,Anele,1
883=,Ang,1
883=,Angela-Ikwo,1
883=,Angela-Marie,1
883=,Angelene,1
883=,Angelica,1
883=,Angharad,1
883=,Angiman,1
883=,Aniela,1
883=,Anisa,1
883=,Anisha,1
883=,Anjie,1
883=,Ann-Maree,1
883=,Ann-Margaret,1
883=,Ann-Mhairi,1
883=,Anna-Louise,1
883=,Anna-May,1
883=,Annabell,1
883=,Annalena,1
883=,Annalene,1
883=,Anne-Lise,1
883=,Anne-Louise,1
883=,Anneke,1
883=,Anneli,1
883=,Annora,1
883=,Annthea,1
883=,Antionette,1
883=,Antoniette,1
883=,Anu,1
883=,Anugula,1
883=,Anupama,1
883=,Anusha,1
883=,Anwuri,1
883=,Anwyn,1
883=,Anya,1
883=,Arena,1
883=,Ariana,1
883=,Ariane,1
883=,Arianna,1
883=,Arica,1
883=,Arjean,1
883=,Arleen,1
883=,Arooj,1
883=,Arshana,1
883=,Ashea,1
883=,Asheley,1
883=,Ashia,1
883=,Ashifa,1
883=,Ashleah,1
883=,Ashlee,1
883=,Ashleigh-Ann,1
883=,Ashlie,1
883=,Ashlyne,1
883=,Ashtar,1
883=,Asmah,1
883=,Asmara,1
883=,Athalie,1
883=,Athena,1
883=,Atifa,1
883=,Atika,1
883=,Audry,1
883=,Aynsley,1
883=,Ayotunde,1
883=,Azmat,1
883=,Baljit,1
883=,Balwinder,1
883=,Barbara-Ann,1
883=,Barbra,1
883=,Basima,1
883=,Beatrice,1
883=,Becky,1
883=,Beenish,1
883=,Billie,1
883=,Billie-Jo,1
883=,Billinda,1
883=,Bisra,1
883=,Blanche,1
883=,Blythe,1
883=,Bobbi,1
883=,Bosede,1
883=,Boshra,1
883=,Bramdy,1
883=,Brandalyn,1
883=,Brannah,1
883=,Breda,1
883=,Breeda,1
883=,Breige,1
883=,Brian,1
883=,Brigid,1
883=,Brigitte,1
883=,Brodie,1
883=,Bronagh,1
883=,Bronwen,1
883=,Bruna,1
883=,Cairistiona,1
883=,Cairnie,1
883=,Caitriana,1
883=,Candace,1
883=,Candy,1
883=,Cara-Lee,1
883=,Caragh,1
883=,Caralyn,1
883=,Caralynn,1
883=,Cari-Anne,1
883=,Carianne,1
883=,Carinne,1
883=,Carla-Monique,1
883=,Carlann,1
883=,Carli,1
883=,Carlie,1
883=,Carlin,1
883=,Carline,1
883=,Carlynne,1
883=,Carmin,1
883=,Carolan,1
883=,Carole-Ann,1
883=,Carole-Anne,1
883=,Caroline-Elinor,1
883=,Caron,1
883=,Carra,1
883=,Carral,1
883=,Carreen,1
883=,Carrianne,1
883=,Carrie-Jane,1
883=,Carrieanne,1
883=,Carryl,1
883=,Cassica,1
883=,Catharine,1
883=,Catherineanne,1
883=,Cathy,1
883=,Celena,1
883=,Cerene,1
883=,Ceri,1
883=,Cerian,1
883=,Cerine,1
883=,Cerri,1
883=,Chandhima,1
883=,Chanelle,1
883=,Charanjit,1
883=,Charise,1
883=,Charissa,1
883=,Charisse,1
883=,Charla,1
883=,Charlie,1
883=,Charline,1
883=,Charlotte-Louis,1
883=,Charmine,1
883=,Charyl,1
883=,Chelley,1
883=,Chelsay,1
883=,Chelsey,1
883=,Cherel,1
883=,Cherise,1
883=,Cherisse,1
883=,Cherlene,1
883=,Cherokee,1
883=,Cherryle,1
883=,Cheryldean,1
883=,Cherylene,1
883=,Chi,1
883=,Chia,1
883=,Chinenye,1
883=,Ching,1
883=,Chirstie,1
883=,Choy,1
883=,Chrissie,1
883=,Christel,1
883=,Christen,1
883=,Christene,1
883=,Christi,1
883=,Christian,1
883=,Christopher,1
883=,Christy-Ann,1
883=,Churnjet,1
883=,Chyrell,1
883=,Chyvonne,1
883=,Clair-Louise,1
883=,Claire-Ann,1
883=,Clarinda,1
883=,Clarissa,1
883=,Clayre,1
883=,Clemency,1
883=,Clementine,1
883=,Cleo,1
883=,Clorstaidh,1
883=,Constantina,1
883=,Consuela,1
883=,Coral,1
883=,Corin,1
883=,Correna,1
883=,Correne,1
883=,Corriann,1
883=,Corriena,1
883=,Corrienne,1
883=,Courtney,1
883=,Crystall,1
883=,Cyra,1
883=,Daisy,1
883=,Dalene,1
883=,Dallas,1
883=,Damayanthi,1
883=,Daniel,1
883=,Danille,1
883=,Dannielle,1
883=,Danuta,1
883=,Danya,1
883=,Dara,1
883=,Darelle,1
883=,Dariel,1
883=,Darleen,1
883=,Darlina,1
883=,Darryal,1
883=,Davena,1
883=,Dawn-Michelle,1
883=,Dawna,1
883=,Dayle,1
883=,Deana,1
883=,Deann,1
883=,Deanna,1
883=,Debbie-Ann,1
883=,Debbylee,1
883=,Deborah-Anne,1
883=,Deborah-Jane,1
883=,Dee-Anne,1
883=,Deemah,1
883=,Delaine,1
883=,Delia,1
883=,Deller,1
883=,Delyth,1
883=,Dennise,1
883=,Deonne,1
883=,Devika,1
883=,Dielle,1
883=,Dima,1
883=,Dimitra,1
883=,Dinah,1
883=,Domonique,1
883=,Dona,1
883=,Donalda,1
883=,Donelle,1
883=,Donn-Louise,1
883=,Donna-Lea,1
883=,Donnalaine,1
883=,Donnamaria,1
883=,Donne,1
883=,Dorothea,1
883=,Dwan,1
883=,Dyanne,1
883=,Dympna,1
883=,Eberlee,1
883=,Eda,1
883=,Edle,1
883=,Efthalia,1
883=,Ehioz,1
883=,Eilaine,1
883=,Eildh,1
883=,Eilean,1
883=,Eirene,1
883=,Eisin,1
883=,Ekpemi,1
883=,Ekpenyong-Anwan,1
883=,Elanne,1
883=,Elayne,1
883=,Eleana,1
883=,Elesha,1
883=,Elidh,1
883=,Elin,1
883=,Elishia,1
883=,Elke,1
883=,Ella,1
883=,Ellenor,1
883=,Ellesa,1
883=,Ellis,1
883=,Ellisa,1
883=,Elsa,1
883=,Elspet,1
883=,Emaan,1
883=,Emma-Jade,1
883=,Emma-Jo,1
883=,Emma-Kate,1
883=,Emma-Kristina,1
883=,Emma-Lea,1
883=,Emma-Marie,1
883=,Emmaline,1
883=,Emmeline,1
883=,Emmie-Jane,1
883=,Emmy,1
883=,Ericka,1
883=,Erin-Leona,1
883=,Erinlee,1
883=,Erinne,1
883=,Estelle-Marie,1
883=,Etta,1
883=,Eunice,1
883=,Eunju,1
883=,Evanne,1
883=,Evarina,1
883=,Evelynn,1
883=,Evelynne,1
883=,Fakhara,1
883=,Fara,1
883=,Farah,1
883=,Fareena,1
883=,Farida,1
883=,Farrha,1
883=,Fatema,1
883=,Fayona,1
883=,Fehmida,1
883=,Fella,1
883=,Fenella,1
883=,Ferdavs,1
883=,Fern,1
883=,Fiamma,1
883=,Finvala,1
883=,Fionagh,1
883=,Franchesca,1
883=,Freya-Kirsten,1
883=,Frida,1
883=,Frith,1
883=,Frouwke,1
883=,Furah,1
883=,Gaele,1
883=,Gail-Ann,1
883=,Gair,1
883=,Gallie,1
883=,Garry,1
883=,Geben,1
883=,Geeta,1
883=,Geira,1
883=,Gemma-Louise,1
883=,Gena,1
883=,Genan,1
883=,Genieve,1
883=,Genine,1
883=,Gentle,1
883=,Georganne,1
883=,Georgette,1
883=,Georgia,1
883=,Ghislaine,1
883=,Ghislane,1
883=,Gilian,1
883=,Gillean,1
883=,Gladys,1
883=,Glenys,1
883=,Glynis,1
883=,Godsend,1
883=,Goulnaz,1
883=,Graham,1
883=,Grant,1
883=,Gurpinder,1
883=,Gurpreet,1
883=,Gwendolyn,1
883=,Gwenn,1
883=,Gwenyth,1
883=,Gwyneth,1
883=,Gwynneth,1
883=,Hadil,1
883=,Hailey-Ann,1
883=,Halima,1
883=,Halina,1
883=,Hania,1
883=,Harjinder,1
883=,Harnita,1
883=,Hasina,1
883=,Hazal,1
883=,Hazel-Ann,1
883=,Heatheranne,1
883=,Heba,1
883=,Heidie,1
883=,Helanie,1
883=,Helayna,1
883=,Helenmarie,1
883=,Helga,1
883=,Hellen,1
883=,Henrietta,1
883=,Herpreet,1
883=,Hilda,1
883=,Hilla,1
883=,Hind,1
883=,Hiu,1
883=,Ho,1
883=,Ho-Fan,1
883=,Homayra,1
883=,Homira,1
883=,Homiraha,1
883=,Honor,1
883=,Ibiso,1
883=,Ida,1
883=,Idalyn,1
883=,Ihuoma,1
883=,Ilaria,1
883=,Ileen,1
883=,Ilia,1
883=,Illana,1
883=,Illushka,1
883=,Inderjit,1
883=,Indira,1
883=,Iniko,1
883=,Iris,1
883=,Irna,1
883=,Ishbeal,1
883=,Isibhakhome-Joy,1
883=,Isma,1
883=,Izabella,1
883=,Jacalene,1
883=,Jackalyn,1
883=,Jackeline,1
883=,Jaclyne,1
883=,Jaclynn,1
883=,Jacqualine,1
883=,Jacque,1
883=,Jacquelane,1
883=,Jadwiga,1
883=,Jagdish,1
883=,Jageet,1
883=,Jaimi,1
883=,Jaininne,1
883=,Jalna,1
883=,Jamee,1
883=,Jamey,1
883=,Jamilla,1
883=,Jammina,1
883=,Janelle,1
883=,Janene,1
883=,Jann,1
883=,January,1
883=,Jaqueline,1
883=,Jaquelyn,1
883=,Jaqui,1
883=,Jara,1
883=,Jasdeep,1
883=,Jasmin,1
883=,Jasmina,1
883=,Jasparit,1
883=,Jasvender,1
883=,Jaswinder,1
883=,Jaymie,1
883=,Jeananne,1
883=,Jeanie,1
883=,Jeannie,1
883=,Jemas,1
883=,Jeniffer,1
883=,Jenness-Louise,1
883=,Jennifer-Lee,1
883=,Jenniferlee,1
883=,Jeri,1
883=,Jess,1
883=,Jessaca,1
883=,Jessamy,1
883=,Jesse,1
883=,Jildau,1
883=,Jilly-Ann,1
883=,Jillyan,1
883=,Jinder,1
883=,Jo-Ann,1
883=,Joannah,1
883=,Joany,1
883=,Jocinda,1
883=,Joda,1
883=,Joelle,1
883=,Joelyne,1
883=,Joesphine,1
883=,Joia,1
883=,Joleen,1
883=,Joleene,1
883=,Jonie,1
883=,Jonquil,1
883=,Jordan,1
883=,Joss,1
883=,Joumana,1
883=,Judy,1
883=,Juli,1
883=,Julia-Ann,1
883=,Juliana,1
883=,Julianne,1
883=,Julieann,1
883=,Julieanne,1
883=,Jumana,1
883=,Jusbir,1
883=,Justein,1
883=,Ka,1
883=,Ka-Po,1
883=,Kaira,1
883=,Kaleen,1
883=,Kally,1
883=,Kalpana,1
883=,Kam,1
883=,Kamla,1
883=,Kanwal,1
883=,Karalyn,1
883=,Karen-Ann,1
883=,Karen-Anne,1
883=,Karena,1
883=,Karenanne,1
883=,Karene,1
883=,Kari-Ann,1
883=,Kariba,1
883=,Karine,1
883=,Karli,1
883=,Karlina,1
883=,Karly,1
883=,Karlynn,1
883=,Karma,1
883=,Karon,1
883=,Karpal,1
883=,Karrie-Jo,1
883=,Karrin,1
883=,Kasey,1
883=,Kashifia,1
883=,Kathrine,1
883=,Kathryna,1
883=,Kathrynn,1
883=,Kati,1
883=,Katrena,1
883=,Katrina-Anne,1
883=,Katriye,1
883=,Katrona,1
883=,Kattrina,1
883=,Kausar,1
883=,Kauser,1
883=,Kayana,1
883=,Kayreen,1
883=,Kayrene,1
883=,Kayrn,1
883=,Keavy,1
883=,Kedra,1
883=,Keefe,1
883=,Keeley,1
883=,Kelay,1
883=,Kellieanne,1
883=,Kelly-Lee,1
883=,Kellylee,1
883=,Kellysue,1
883=,Kem,1
883=,Kendra,1
883=,Kenna,1
883=,Kereen,1
883=,Keren,1
883=,Kerr,1
883=,Kerray,1
883=,Kerri-Ann,1
883=,Kerrianne,1
883=,Kerrie-Anne,1
883=,Kerrieanne,1
883=,Kerry-Leigh,1
883=,Kerryanne,1
883=,Kerryn,1
883=,Kerstey,1
883=,Kerstin,1
883=,Kery,1
883=,Kevin,1
883=,Kevlyn,1
883=,Khalda,1
883=,Kharina,1
883=,Kiera,1
883=,Kiley,1
883=,Kimberlee,1
883=,Kimberley-Anne,1
883=,Kimberley-Lee,1
883=,Kimloise,1
883=,Kin,1
883=,Kirstan,1
883=,Kirsty-Ann,1
883=,Kismit,1
883=,Kitty,1
883=,Kizandra,1
883=,Kristi,1
883=,Kristianne,1
883=,Kristie,1
883=,Kristin-Anne,1
883=,Kristyn,1
883=,Kryss,1
883=,Krysta,1
883=,Kulvinder,1
883=,Kumud,1
883=,Kyla,1
883=,Kyrine,1
883=,Kyrsta,1
883=,Laika,1
883=,Lanna,1
883=,Laressa,1
883=,Laurence,1
883=,Laurene,1
883=,Lauri,1
883=,Lauriana,1
883=,Laurie-Ann,1
883=,Lavrie,1
883=,Layann,1
883=,Le'anne,1
883=,Le-Ann,1
883=,Lea-Anne,1
883=,Leahne,1
883=,Leala,1
883=,Lean,1
883=,Leander,1
883=,Leeanna,1
883=,Leia,1
883=,Leighanna,1
883=,Leisa,1
883=,Lekaa,1
883=,Leon,1
883=,Leonagh,1
883=,Leonne,1
883=,Leslie-Anne,1
883=,Leticia,1
883=,Lezley,1
883=,Lhacy,1
883=,Lia,1
883=,Liana,1
883=,Liann,1
883=,Liegh,1
883=,Lieghanne,1
883=,Lienne,1
883=,Liesa,1
883=,Lilibet,1
883=,Lillias,1
883=,Lin,1
883=,Linda-Ann,1
883=,Linden,1
883=,Lindsay-Ann,1
883=,Lindsey-Ann,1
883=,Lindsy,1
883=,Lindzie,1
883=,Ling,1
883=,Linzee,1
883=,Linzie,1
883=,Linzy,1
883=,Lira,1
883=,Lisa-Jane,1
883=,Lisa-Maria,1
883=,Lisa-Sian,1
883=,Lisamaria,1
883=,Lisann,1
883=,Lise-Anne,1
883=,Lisette,1
883=,Livia,1
883=,Lizanne,1
883=,Lizbeth,1
883=,Loise,1
883=,Lorell,1
883=,Loren,1
883=,Lorena,1
883=,Loretto,1
883=,Lorinda,1
883=,Lorn,1
883=,Lorna-Jane,1
883=,Lorne,1
883=,Lorrain,1
883=,Lorriane,1
883=,Louisa-Jane,1
883=,Louise-Marie,1
883=,Louissa,1
883=,Lowrie,1
883=,Luan,1
883=,Luara,1
883=,Lubma,1
883=,Lubna,1
883=,Lucia,1
883=,Luciana,1
883=,Lucianne,1
883=,Lucille,1
883=,Lucy-Rose,1
883=,Luise,1
883=,Lydanna,1
883=,Lynden,1
883=,Lyndie,1
883=,Lyndzie,1
883=,Lynett,1
883=,Lynne-Marie,1
883=,Lynnette-Jean,1
883=,Lynsay-Ann,1
883=,Lynsey-Anne,1
883=,Lynsy,1
883=,Lyvia,1
883=,Macisla,1
883=,Mackenzie,1
883=,Madelaine,1
883=,Madge,1
883=,Madihah,1
883=,Mae-Hwa,1
883=,Maeve,1
883=,Magdalen,1
883=,Magdalene,1
883=,Mahreen,1
883=,Maighread,1
883=,Mailin,1
883=,Maire-Claire,1
883=,Mairghread,1
883=,Maja,1
883=,Manjinder,1
883=,Manpreet,1
883=,Manroop,1
883=,Marcia,1
883=,Marcie,1
883=,Marena,1
883=,Maret,1
883=,Mareth,1
883=,Mareum,1
883=,Margot,1
883=,Mari-Anne,1
883=,Mari-Louise,1
883=,Mariann,1
883=,Marie-Claire,1
883=,Marie-Clare,1
883=,Marie-Jeanne,1
883=,Marie-Laure,1
883=,Marieanne,1
883=,Marieche,1
883=,Mariedh,1
883=,Marielie,1
883=,Mariesa,1
883=,Mariette,1
883=,Marisha,1
883=,Marium,1
883=,Marley,1
883=,Marline,1
883=,Marloes,1
883=,Marna,1
883=,Marsella,1
883=,Marsha,1
883=,Mary-Therese,1
883=,Maryann,1
883=,Maryjane,1
883=,Massodah,1
883=,Matilda,1
883=,Maureen-Helen,1
883=,Maxene,1
883=,Maxine-Anne,1
883=,Mayasa,1
883=,Mayassa,1
883=,Mayita,1
883=,Mays,1
883=,Maysoon,1
883=,Meg,1
883=,Meggan,1
883=,Megha,1
883=,Mehbish,1
883=,Melea,1
883=,Melinda,1
883=,Melisa,1
883=,Melissa-Jayne,1
883=,Melleisa,1
883=,Mellissa,1
883=,Melodie,1
883=,Melonie,1
883=,Melony,1
883=,Mharia,1
883=,Mharie,1
883=,Mhorven,1
883=,Micaela,1
883=,Micole,1
883=,Miki,1
883=,Ming,1
883=,Miravda,1
883=,Miree,1
883=,Mirella,1
883=,Mirelle,1
883=,Mirian,1
883=,Mirin,1
883=,Mirren,1
883=,Misty,1
883=,Mitra,1
883=,Mohmoona,1
883=,Mohsinah,1
883=,Moluk,1
883=,Mondy,1
883=,Monika,1
883=,Monique,1
883=,Monira,1
883=,Morena,1
883=,Morgan,1
883=,Morva,1
883=,Motema,1
883=,Moyra,1
883=,Moyraann,1
883=,Muirna,1
883=,Muna,1
883=,Murdina,1
883=,Myra,1
883=,Myriam,1
883=,Naadra,1
883=,Naava,1
883=,Nabela,1
883=,Nabila,1
883=,Nadina,1
883=,Nadira,1
883=,Nadish,1
883=,Naeela,1
883=,Naghat,1
883=,Naife,1
883=,Naiomi-Jayne,1
883=,Namrita,1
883=,Nanna,1
883=,Narelle,1
883=,Nargause,1
883=,Nargis,1
883=,Narinder,1
883=,Nasim,1
883=,Nasra,1
883=,Natalee,1
883=,Natalia,1
883=,Natalina,1
883=,Naureen,1
883=,Naveen,1
883=,Naweed,1
883=,Nayela,1
883=,Nazma,1
883=,Neesha-Ann,1
883=,Nelam,1
883=,Nerine,1
883=,Ngoc,1
883=,Ngozi,1
883=,Niamh,1
883=,Nichala,1
883=,Nicki,1
883=,Nicky,1
883=,Nicola-Jane,1
883=,Nicolla,1
883=,Nikera,1
883=,Niomi,1
883=,Niquesha,1
883=,Nirgus,1
883=,Nisha,1
883=,Niveen,1
883=,Noeleen,1
883=,Noleen,1
883=,Nonkululeko,1
883=,Nor,1
883=,Norelle,1
883=,Norette,1
883=,Norina,1
883=,Norlin,1
883=,Nur-Aliyya,1
883=,Nureen,1
883=,Nurhanida,1
883=,Nyangu,1
883=,Nycola,1
883=,Nykoma,1
883=,Nyra,1
883=,Nzna,1
883=,Odamaro,1
883=,Oghenorobo,1
883=,Ohood,1
883=,Okoro,1
883=,Olga,1
883=,Olive,1
883=,Oluwaseyi,1
883=,Olwen,1
883=,Omotayomi,1
883=,Orna,1
883=,Osma,1
883=,Ottilie,1
883=,Pamela-Ann,1
883=,Paola,1
883=,Paramjit,1
883=,Parmjeet,1
883=,Parul,1
883=,Parveen,1
883=,Pasha,1
883=,Patrica,1
883=,Patrice,1
883=,Patrishia,1
883=,Patrisse,1
883=,Patsi,1
883=,Pearl,1
883=,Pei,1
883=,Pek,1
883=,Pembilena,1
883=,Penelope,1
883=,Peter,1
883=,Petrea,1
883=,Petrena,1
883=,Petria,1
883=,Phamie,1
883=,Phoebe,1
883=,Phong,1
883=,Pilar,1
883=,Po,1
883=,Portia,1
883=,Prama,1
883=,Priscilla,1
883=,Purumjot,1
883=,Quita,1
883=,Rada,1
883=,Rae-Anne,1
883=,Rae-Julie,1
883=,Raewyn,1
883=,Raffaella,1
883=,Rahilah,1
883=,Raina,1
883=,Rakhee,1
883=,Ramona,1
883=,Rand,1
883=,Rania,1
883=,Ranjeet,1
883=,Rauavia,1
883=,Ravia,1
883=,Rayne,1
883=,Razan,1
883=,Razeena,1
883=,Razwana,1
883=,Reagan,1
883=,Rebeka,1
883=,Reeca,1
883=,Reena,1
883=,Reggin,1
883=,Rehana,1
883=,Rehaz,1
883=,Reid,1
883=,Rejia,1
883=,Rena,1
883=,Renee,1
883=,Rennie,1
883=,Reshma,1
883=,Reva-Merle,1
883=,Rhia,1
883=,Rhonwen,1
883=,Rhowena,1
883=,Rhuksana,1
883=,Rhyannan,1
883=,Rickki,1
883=,Rieka,1
883=,Rifat,1
883=,Rihjinder,1
883=,Riian,1
883=,Rikki,1
883=,Rizwana,1
883=,Robina,1
883=,Rodella,1
883=,Rogina,1
883=,Rohese,1
883=,Roistn,1
883=,Rolanda,1
883=,Roma,1
883=,Romanna,1
883=,Romona,1
883=,Roqiya,1
883=,Rosalyne,1
883=,Rosamond,1
883=,Rosamund,1
883=,Rosana,1
883=,Rosanna,1
883=,Rosaria,1
883=,Rose-Ann,1
883=,Roselynn,1
883=,Rosemond,1
883=,Rosiaina,1
883=,Rosie,1
883=,Rosina,1
883=,Roslin,1
883=,Rossana,1
883=,Rowana,1
883=,Roxana,1
883=,Rozalind,1
883=,Rozina,1
883=,Ruari,1
883=,Rupinder,1
883=,Rutendo,1
883=,Ruthra,1
883=,Ruya,1
883=,Saadia,1
883=,Sabiha,1
883=,Sabina,1
883=,Sabine,1
883=,Sadaf,1
883=,Sadhia,1
883=,Saeema,1
883=,Safina,1
883=,Safiyyah,1
883=,Sahar,1
883=,Sahyma,1
883=,Saira,1
883=,Sajada,1
883=,Sajda,1
883=,Salina,1
883=,Sally-Ann,1
883=,Sama,1
883=,Samardeep,1
883=,Sameirah,1
883=,Samera,1
883=,Samiah,1
883=,Samine,1
883=,Samira,1
883=,Samiya,1
883=,Sammar,1
883=,Sammara,1
883=,Sammia,1
883=,Samreen,1
883=,Samrina,1
883=,Sana,1
883=,Sanchia,1
883=,Sandi,1
883=,Sandy,1
883=,Santina,1
883=,Saofa,1
883=,Sapphire,1
883=,Sara-Elise,1
883=,Sara-Jane,1
883=,Sara-Leanne,1
883=,Sarah-Ann,1
883=,Sarah-Anne,1
883=,Sarah-Lee,1
883=,Sarah-Louise,1
883=,Sarahjane,1
883=,Sarahjayne,1
883=,Sarahtalib,1
883=,Sarajane,1
883=,Sarra,1
883=,Sathveer,1
883=,Sayema,1
883=,Sayma,1
883=,Sayward,1
883=,Schunthulla,1
883=,Scott,1
883=,See,1
883=,Sema,1
883=,Semia,1
883=,Semma,1
883=,Seona,1
883=,Shabeena,1
883=,Shadab,1
883=,Shadia,1
883=,Shaera,1
883=,Shaghufta,1
883=,Shahana,1
883=,Shaistah,1
883=,Shakira,1
883=,Shamsa,1
883=,Shamuna,1
883=,Shanaz,1
883=,Shangita,1
883=,Shanna,1
883=,Shareen,1
883=,Shari-Lee,1
883=,Sharlee,1
883=,Sharleene,1
883=,Sharmain,1
883=,Sharmaine,1
883=,Sharmane,1
883=,Sharmistha,1
883=,Sharn,1
883=,Sharon-Ann,1
883=,Sharon-Louise,1
883=,Shavana,1
883=,Shavon,1
883=,Shawana,1
883=,Shay,1
883=,Shayne,1
883=,Shaziah,1
883=,Sheaghna,1
883=,Shealgh,1
883=,Sheehan,1
883=,Sheela,1
883=,Sheelagh,1
883=,Sheetal,1
883=,Shehnila,1
883=,Shelby,1
883=,Shellie,1
883=,Shema,1
883=,Shemaila,1
883=,Shena,1
883=,Sheonagh,1
883=,Sheonaid,1
883=,Sheran,1
883=,Sheron,1
883=,Sherree,1
883=,Sherri,1
883=,Sherrie,1
883=,Sherril,1
883=,Sherryl,1
883=,Sherylann,1
883=,Shevaun,1
883=,Shilaine,1
883=,Shimayne,1
883=,Shimona,1
883=,Shini,1
883=,Shiree,1
883=,Shirelle,1
883=,Shirin,1
883=,Shivonne,1
883=,Shmaila,1
883=,Shobina,1
883=,Shoma,1
883=,Shona-Lee,1
883=,Shonali,1
883=,Shonamarie,1
883=,Shubha,1
883=,Shubnum,1
883=,Shui,1
883=,Shumyla,1
883=,Shyvonne,1
883=,Sidena,1
883=,Sigrid,1
883=,Silke,1
883=,Silvana,1
883=,Silvi,1
883=,Silvia,1
883=,Simera,1
883=,Simrandeep,1
883=,Sine,1
883=,Siobahan,1
883=,Sioban,1
883=,Siobhain,1
883=,Siodxi,1
883=,Siovhan,1
883=,Sissel,1
883=,Smaira,1
883=,Smiala,1
883=,Sobia,1
883=,Soenaid,1
883=,Sohaila,1
883=,Sonjia,1
883=,Sonnine,1
883=,Soumia,1
883=,Sovia,1
883=,Stacey-Lea,1
883=,Starla,1
883=,Stavroula,1
883=,Stephainie,1
883=,Stephannie,1
883=,Steven,1
883=,Suchvinder,1
883=,Sue,1
883=,Suellen,1
883=,Suet,1
883=,Sufia,1
883=,Sukhchain,1
883=,Sukhpall,1
883=,Sukwir,1
883=,Sulie,1
883=,Sumaera,1
883=,Sumera,1
883=,Sumraina,1
883=,Sumya,1
883=,Sunita,1
883=,Sunniva,1
883=,Sura,1
883=,Surraiya,1
883=,Susana,1
883=,Susann,1
883=,Susheela,1
883=,Sutopa,1
883=,Suvi,1
883=,Suzanne-Marie,1
883=,Suzie,1
883=,Suzy,1
883=,Swana,1
883=,Swati,1
883=,Syema,1
883=,Sylvanna,1
883=,Syma,1
883=,Symone,1
883=,Synma,1
883=,Syt,1
883=,Tabasam,1
883=,Tabitha,1
883=,Tahira,1
883=,Talitha,1
883=,Tamanna,1
883=,Tamar,1
883=,Tamasine,1
883=,Tamila,1
883=,Tamlin,1
883=,Tamlyn,1
883=,Tamra,1
883=,Tamsyn,1
883=,Tani,1
883=,Tanja,1
883=,Tara-Louise,1
883=,Tarra,1
883=,Tarryn,1
883=,Tasbeer,1
883=,Tasha,1
883=,Tasmin,1
883=,Tasneem,1
883=,Tasnim,1
883=,Tatum,1
883=,Tenna,1
883=,Teresa-Jane,1
883=,Tereso,1
883=,Teressa,1
883=,Terri-Anne,1
883=,Terry,1
883=,Tertia,1
883=,Thaisa,1
883=,Thomas,1
883=,Threse,1
883=,Thribtha,1
883=,Toni-Lee,1
883=,Tonye,1
883=,Tourea,1
883=,Tovah,1
883=,Tracey-Ann,1
883=,Tracey-Anne,1
883=,Tracey-Lee,1
883=,Trea-Ann,1
883=,Tressa,1
883=,Trude,1
883=,Tsui,1
883=,Tu,1
883=,Tubussum,1
883=,Tuho,1
883=,Tutu-Ola,1
883=,Umranah,1
883=,Urszula,1
883=,Urvashi,1
883=,Uzam,1
883=,Uzma,1
883=,Vadawn,1
883=,Varee,1
883=,Varri,1
883=,Venitta,1
883=,Veronique,1
883=,Vharai,1
883=,Vharie,1
883=,Vibeke,1
883=,Victoria-Ann,1
883=,Vida,1
883=,Vikki-Jayne,1
883=,Vikky,1
883=,Vina,1
883=,Virginia,1
883=,Virjoda,1
883=,Wafaa,1
883=,Wallis,1
883=,Wan,1
883=,Wanda,1
883=,Wendi,1
883=,Wendy-Jane,1
883=,Wendymae,1
883=,Wilhelmina,1
883=,William,1
883=,Williamina,1
883=,Wilma,1
883=,Winnie,1
883=,Wyness,1
883=,Yana,1
883=,Yasamin,1
883=,Yinka,1
883=,Yolander,1
883=,Yong,1
883=,Yuen,1
883=,Yuk,1
883=,Zafirah,1
883=,Zahida,1
883=,Zakira,1
883=,Zanib,1
883=,Zareen,1
883=,Zareena,1
883=,Zarkha,1
883=,Zeenat,1
883=,Zenab,1
883=,Zhan,1
883=,Zoey,1
883=,Zofia,1
883=,Zohreh,1
883=,Zoie,1
883=,Zora,1
