Position,Name,Number of babies
1,Laura,1181
2,Claire,917
3,Lisa,844
4,Nicola,786
5,Emma,690
6,Louise,682
7,Jennifer,675
8,Michelle,666
9,Sarah,628
10,Fiona,591
11,Karen,561
12,Gillian,525
13,Kirsty,440
14,Donna,430
15,Kelly,413
16,Pamela,386
17,Susan,384
18,Julie,373
19,Angela,358
20,Amanda,339
21,Lynsey,322
22,Sharon,313
23,Lynne,296
24,Deborah,288
25=,Joanne,285
25=,Victoria,285
27,Caroline,276
28,Alison,265
29,Leanne,263
30,Gemma,259
31,Elaine,258
32,Jacqueline,256
33,Lesley,251
34,Elizabeth,250
35,Lorraine,229
36,Kerry,222
37,Heather,219
38,Debbie,215
39,Catherine,214
40,Lynn,213
41,Lorna,212
42,Tracy,203
43,Suzanne,199
44,Yvonne,188
45,Cheryl,184
46,Natalie,180
47,Margaret,174
48,Lindsay,167
49,Diane,166
50=,Helen,163
50=,Pauline,163
52,Ashley,160
53,Rachel,157
54,Clare,155
55,Carol,153
56=,Christine,151
56=,Linda,151
58,Dawn,144
59,Rebecca,143
60,Stephanie,142
61,Jill,137
62,Tracey,133
63,Jane,132
64,Stacey,130
65,Paula,129
66,Shona,128
67,Anna,126
68,Charlene,124
69,Anne,123
70,Marie,121
71,Catriona,118
72,Samantha,116
73,Joanna,114
74,Ruth,113
75,Andrea,110
76,Mary,109
77,Denise,104
78,Kim,101
79,Mhairi,98
80,Hazel,97
81,Lauren,96
82=,Amy,94
82=,Kathryn,94
84=,Carrie,92
84=,Lyndsey,92
86,Lucy,91
87=,Gail,90
87=,Katherine,90
89=,Christina,89
89=,Linsey,89
89=,Wendy,89
92=,Katrina,86
92=,Kimberley,86
94,Ann,83
95=,Lee,82
95=,Sara,82
97=,Jillian,81
97=,Melanie,81
99,Kathleen,80
100,Lindsey,78
101,Kirsten,77
102,Lyndsay,76
103,Vicky,74
104,Alana,69
105=,Mairi,68
105=,Zoe,68
107,Aileen,67
108,Patricia,66
109,Leigh,64
110,Sandra,62
111,Shelley,61
112,Carolyn,60
113=,Eilidh,59
113=,Maria,59
113=,Vicki,59
116=,Arlene,58
116=,Gayle,58
118,Mandy,57
119,Rachael,55
120=,Hannah,54
120=,Rhona,54
122,Erin,52
123,Frances,51
124,Leeanne,50
125,Diana,49
126=,Danielle,48
126=,Kate,48
126=,Katie,48
129=,Allison,47
129=,Lynda,47
129=,Marion,47
132=,Barbara,46
132=,Stacy,46
134,Kirsteen,45
135=,Melissa,44
135=,Siobhan,44
137=,Adele,42
137=,Hayley,42
139=,Nichola,41
139=,Vikki,41
141=,Jenna,40
141=,Leeann,40
141=,Lynsay,40
144=,Emily,39
144=,Jayne,39
146,Lee-Ann,38
147,Naomi,37
148=,Ashleigh,36
148=,Cara,36
148=,Charlotte,36
148=,Colette,36
148=,Judith,36
148=,Louisa,36
148=,Maureen,36
148=,Morag,36
148=,Nadia,36
148=,Theresa,36
158=,Janice,35
158=,Lianne,35
160=,Audrey,34
160=,Katy,34
160=,Lee-Anne,34
160=,Lynette,34
160=,Natasha,34
165,Alyson,33
166=,Beverley,32
166=,Carla,32
166=,Clair,32
166=,Kirstin,32
166=,Rosemary,32
171,Janet,31
172=,Alexandra,30
172=,Sonia,30
172=,Valerie,30
175=,Carly,29
175=,Dianne,29
175=,Isla,29
175=,Kay,29
175=,Lyn,29
175=,Marianne,29
181=,Alanna,28
181=,Julia,28
181=,Shirley,28
184=,Alice,27
184=,Eleanor,27
186=,Erica,26
186=,Lara,26
186=,Leah,26
186=,Leona,26
186=,Nikki,26
191=,Alexis,25
191=,Bernadette,25
191=,Carole,25
191=,Eileen,25
191=,Michele,25
196=,Colleen,24
196=,Geraldine,24
196=,Jade,24
196=,Jodie,24
196=,Kimberly,24
196=,Morven,24
202=,Ailsa,23
202=,Jaclyn,23
202=,Jean,23
205=,Debra,22
205=,Nicole,22
207=,Jemma,21
207=,Kerrie,21
207=,Linzi,21
207=,Moira,21
207=,Sally,21
212=,Georgina,20
212=,Hilary,20
212=,Irene,20
212=,Karin,20
212=,Tammy,20
212=,Teresa,20
218=,Ann-Marie,19
218=,Evelyn,19
218=,Jan,19
218=,Jessica,19
218=,Leigh-Ann,19
218=,Rosalind,19
218=,Sheena,19
218=,Sian,19
218=,Tanya,19
218=,Veronica,19
228=,Ellen,18
228=,Faye,18
228=,Janine,18
228=,Jenny,18
228=,Kerri,18
228=,Nadine,18
228=,Rona,18
228=,Stefanie,18
228=,Susanne,18
228=,Sylvia,18
238=,Josephine,17
238=,Roslyn,17
238=,Sarah-Jane,17
241=,Abigail,16
241=,Annette,16
241=,Esther,16
241=,Iona,16
241=,Kaye,16
241=,Kirstie,16
241=,Sheryl,16
248=,Anne-Marie,15
248=,Avril,15
248=,Joan,15
248=,Jodi,15
248=,Kerry-Ann,15
248=,Sharlene,15
254=,Anita,14
254=,Brenda,14
254=,Dana,14
254=,Eve,14
254=,Jolene,14
254=,Linsay,14
254=,Liza,14
254=,Monica,14
254=,Selina,14
254=,Terri,14
264=,Evonne,13
264=,Gaynor,13
264=,Grace,13
264=,Holly,13
264=,Kara,13
264=,Katharine,13
264=,Kellie,13
264=,Sharron,13
272=,Aimee,12
272=,Chloe,12
272=,Dionne,12
272=,Elspeth,12
272=,Isobel,12
272=,Karyn,12
272=,Marina,12
272=,Rowan,12
280=,Annmarie,11
280=,Charmaine,11
280=,Dee,11
280=,Gwen,11
280=,Janis,11
280=,June,11
280=,Kristin,11
280=,Lana,11
280=,Laurie,11
280=,Lori,11
280=,Maxine,11
280=,Miriam,11
280=,Nina,11
280=,Stella,11
280=,Tina,11
280=,Vivien,11
296=,Alicia,10
296=,Collette,10
296=,Connie,10
296=,Davina,10
296=,Jocelyn,10
296=,Jody,10
296=,Liane,10
296=,Marissa,10
296=,Olivia,10
296=,Philippa,10
296=,Roseanne,10
296=,Sheila,10
296=,Simone,10
296=,Sinead,10
296=,Sophia,10
296=,Vivienne,10
312=,Adrienne,9
312=,Aisha,9
312=,Allana,9
312=,Cherie,9
312=,Isabel,9
312=,Jacquelyn,9
312=,Joyce,9
312=,Julie-Anne,9
312=,Justine,9
312=,Kari,9
312=,Karina,9
312=,Lesley-Ann,9
312=,Martha,9
312=,Mhari,9
312=,Rebekah,9
312=,Saira,9
312=,Sonya,9
312=,Vanessa,9
312=,Zara,9
331=,Amelia,8
331=,Andrena,8
331=,Annemarie,8
331=,Carol-Ann,8
331=,Carol-Anne,8
331=,Cassandra,8
331=,Erika,8
331=,Felicity,8
331=,Jacqui,8
331=,Layla,8
331=,Lesley-Anne,8
331=,Megan,8
331=,Rhonda,8
331=,Rose,8
331=,Sabrina,8
331=,Seonaid,8
331=,Shabana,8
331=,Sonja,8
331=,Tara,8
331=,Vickie,8
351=,Adelle,7
351=,Agnes,7
351=,Ailie,7
351=,Allyson,7
351=,Annie,7
351=,Carina,7
351=,Christy,7
351=,Clara,7
351=,Coleen,7
351=,Daniella,7
351=,Elisa,7
351=,Emma-Louise,7
351=,Eva,7
351=,Fay,7
351=,Francesca,7
351=,Gina,7
351=,Jackie,7
351=,Janette,7
351=,Johanna,7
351=,Joni,7
351=,Karla,7
351=,Kirsti,7
351=,Lea,7
351=,Leighann,7
351=,Lydia,7
351=,Madeleine,7
351=,Marlene,7
351=,Maryann,7
351=,May,7
351=,Rhea,7
351=,Roisin,7
351=,Rosalyn,7
351=,Sheree,7
351=,Wilma,7
385=,Aimi,6
385=,Ainsley,6
385=,Alexandria,6
385=,Amber,6
385=,Annabel,6
385=,Beth,6
385=,Carolann,6
385=,Corinne,6
385=,Donna-Marie,6
385=,Elise,6
385=,Emma-Jane,6
385=,Flora,6
385=,Freya,6
385=,Gael,6
385=,Genna,6
385=,Ingrid,6
385=,Isabella,6
385=,Jennie,6
385=,Jo-Anne,6
385=,Joann,6
385=,Johanne,6
385=,Joy,6
385=,Judy,6
385=,Juliette,6
385=,Kelly-Anne,6
385=,Kristen,6
385=,Kristine,6
385=,Leigh-Anne,6
385=,Leighanne,6
385=,Lisa-Marie,6
385=,Marisa,6
385=,Michaela,6
385=,Miranda,6
385=,Nancy,6
385=,Norma,6
385=,Roberta,6
385=,Roseann,6
385=,Sacha,6
385=,Saima,6
385=,Tamsin,6
385=,Yvette,6
385=,Zoey,6
427=,Alexa,5
427=,Antonia,5
427=,Bethan,5
427=,Bridget,5
427=,Candice,5
427=,Carolyne,5
427=,Carrie-Ann,5
427=,Carrie-Anne,5
427=,Catrina,5
427=,Constance,5
427=,Corrina,5
427=,Dorothy,5
427=,Elinor,5
427=,Elisabeth,5
427=,Farzana,5
427=,Haley,5
427=,Jaimie,5
427=,Jamie,5
427=,Jeanette,5
427=,Julie-Ann,5
427=,Kelly-Ann,5
427=,Kelly-Marie,5
427=,Kellyanne,5
427=,Kirsty-Anne,5
427=,Kristina,5
427=,Laura-Jane,5
427=,Lea-Anne,5
427=,Leann,5
427=,Leesa,5
427=,Leila,5
427=,Lynnette,5
427=,Mari,5
427=,Marnie,5
427=,Morna,5
427=,Nazia,5
427=,Penelope,5
427=,Rhiannon,5
427=,Ria,5
427=,Robyn,5
427=,Rochelle,5
427=,Sandie,5
427=,Sharleen,5
427=,Shazia,5
427=,Shelly,5
427=,Sophie,5
472=,Abbie,4
472=,April,4
472=,Ayesha,4
472=,Beatrice,4
472=,Beverly,4
472=,Bianca,4
472=,Bryony,4
472=,Carlene,4
472=,Carlyn,4
472=,Carolanne,4
472=,Corinna,4
472=,Dominique,4
472=,Estelle,4
472=,Freda,4
472=,Gabriella,4
472=,Gabrielle,4
472=,Hanna,4
472=,Helena,4
472=,Janey,4
472=,Johan,4
472=,Joleen,4
472=,Jordana,4
472=,Karolyn,4
472=,Karrie,4
472=,Katriona,4
472=,Kelli,4
472=,Keri,4
472=,Kirstine,4
472=,Laura-Ann,4
472=,Lesa,4
472=,Leslie,4
472=,Lia,4
472=,Lilian,4
472=,Lois,4
472=,Lora,4
472=,Lucia,4
472=,Lucie,4
472=,Lucinda,4
472=,Maeve,4
472=,Maree,4
472=,Marian,4
472=,Marianna,4
472=,Morgan,4
472=,Nathalie,4
472=,Penny,4
472=,Rae,4
472=,Rowena,4
472=,Roxanne,4
472=,Sadia,4
472=,Sasha,4
472=,Senga,4
472=,Serena,4
472=,Shannon,4
472=,Shauna,4
472=,Shelagh,4
472=,Sheona,4
472=,Shonagh,4
472=,Susanna,4
472=,Tamara,4
472=,Teri,4
472=,Tessa,4
472=,Therese,4
472=,Toni,4
472=,Trudy,4
472=,Williamina,4
537=,Afshan,3
537=,Aislinn,3
537=,Alaina,3
537=,Alayne,3
537=,Alexandrina,3
537=,Alyssa,3
537=,Amanda-Jane,3
537=,Angharad,3
537=,Angie,3
537=,Anouska,3
537=,Anthea,3
537=,Arwen,3
537=,Ashlie,3
537=,Asma,3
537=,Belinda,3
537=,Bethany,3
537=,Brigid,3
537=,Brooke,3
537=,Camilla,3
537=,Cari,3
537=,Carmen,3
537=,Carolynn,3
537=,Carolynne,3
537=,Carron,3
537=,Caryn,3
537=,Carys,3
537=,Casey,3
537=,Celia,3
537=,Ceri,3
537=,Cherise,3
537=,Cherry,3
537=,Ciara,3
537=,Coral,3
537=,Corrie,3
537=,Corrine,3
537=,Crystal,3
537=,Daniela,3
537=,Dayna,3
537=,Deanne,3
537=,Donnamarie,3
537=,Elena,3
537=,Elizabeth-Anne,3
537=,Elsa,3
537=,Farrah,3
537=,Florence,3
537=,Gillean,3
537=,Hailey,3
537=,Harriet,3
537=,Heidi,3
537=,Imogen,3
537=,Ishbel,3
537=,Islay,3
537=,Jaime,3
537=,Jasmine,3
537=,Jay,3
537=,Jenifer,3
537=,Jenni,3
537=,Jessie,3
537=,Jo-Ann,3
537=,Josie,3
537=,Julianne,3
537=,Juliet,3
537=,Kareen,3
537=,Karlyn,3
537=,Kellyann,3
537=,Kerry-Anne,3
537=,Krista,3
537=,Kristy,3
537=,Kyla,3
537=,Lai,3
537=,Leeona,3
537=,Leisa,3
537=,Leonie,3
537=,Lillian,3
537=,Linzie,3
537=,Lisa-Anne,3
537=,Loraine,3
537=,Loretta,3
537=,Luan,3
537=,Lucille,3
537=,Luisa,3
537=,Marcia,3
537=,Marie-Claire,3
537=,Marjory,3
537=,Martine,3
537=,Melody,3
537=,Merle,3
537=,Monique,3
537=,Muriel,3
537=,Myra,3
537=,Naila,3
537=,Nicolette,3
537=,Nikola,3
537=,Polly,3
537=,Rhian,3
537=,Rohan,3
537=,Rosanne,3
537=,Rosie,3
537=,Rosslyn,3
537=,Rozanne,3
537=,Sabina,3
537=,Sameena,3
537=,Sarra,3
537=,Selena,3
537=,Sharyn,3
537=,Stephenie,3
537=,Susannah,3
537=,Suzie,3
537=,Tammie,3
537=,Tania,3
537=,Toyah,3
537=,Verity,3
537=,Yasmin,3
537=,Zahra,3
651=,Adela,2
651=,Alena,2
651=,Alia,2
651=,Aline,2
651=,Amina,2
651=,Anastasia,2
651=,Andrina,2
651=,Angelina,2
651=,Anja,2
651=,Anneke,2
651=,Anneliese,2
651=,Anoushka,2
651=,Ariane,2
651=,Arlaine,2
651=,Ashlay,2
651=,Asiya,2
651=,Ban,2
651=,Becky,2
651=,Beenish,2
651=,Belen,2
651=,Briony,2
651=,Candace,2
651=,Candy,2
651=,Caran,2
651=,Careen,2
651=,Carleen,2
651=,Carra,2
651=,Carri,2
651=,Cecilia,2
651=,Celeste,2
651=,Celina,2
651=,Charis,2
651=,Charisse,2
651=,Charline,2
651=,Charmain,2
651=,Cherl,2
651=,Chiara,2
651=,Ching,2
651=,Chor,2
651=,Christa,2
651=,Ciaran,2
651=,Claire-Louise,2
651=,Claudia,2
651=,Clayre,2
651=,Colene,2
651=,Colin,2
651=,Cori,2
651=,Courtney,2
651=,Cristina,2
651=,Cynthia,2
651=,Dale,2
651=,Deana,2
651=,Debby,2
651=,Debi,2
651=,Deeanne,2
651=,Dena,2
651=,Diann,2
651=,Dianna,2
651=,Elaina,2
651=,Elana,2
651=,Elanor,2
651=,Elene,2
651=,Elin,2
651=,Ella,2
651=,Ellis,2
651=,Emilia,2
651=,Erynn,2
651=,Euphemia,2
651=,Farah,2
651=,Fareeha,2
651=,Farhana,2
651=,Genevieve,2
651=,Georgette,2
651=,Georgia,2
651=,Gianna,2
651=,Greta,2
651=,Hamera,2
651=,Helen-Marie,2
651=,Hillary,2
651=,Hoi,2
651=,Humera,2
651=,Ilona,2
651=,Inga,2
651=,Iram,2
651=,Jacklyn,2
651=,Janelle,2
651=,Janie,2
651=,Janise,2
651=,Janna,2
651=,Jehane,2
651=,Jena,2
651=,Jilly,2
651=,Jo,2
651=,Jordan,2
651=,Jordanna,2
651=,Julieanne,2
651=,Karena,2
651=,Karlene,2
651=,Karly,2
651=,Karn,2
651=,Karri,2
651=,Keira,2
651=,Kelly-Louise,2
651=,Kenna,2
651=,Keren,2
651=,Kerri-Ann,2
651=,Kerryann,2
651=,Kerstin,2
651=,Kezia,2
651=,Kiran,2
651=,Kirsty-Ann,2
651=,Kirsty-Marie,2
651=,Klaire,2
651=,Kristeen,2
651=,Kristyn,2
651=,Kylie,2
651=,Laurin,2
651=,Lauryn,2
651=,Lawrie,2
651=,Layna,2
651=,Leah-Anne,2
651=,Leanna,2
651=,Leianne,2
651=,Leilah,2
651=,Leonna,2
651=,Lesleyann,2
651=,Letitia,2
651=,Leza,2
651=,Lian,2
651=,Liana,2
651=,Lindsay-Ann,2
651=,Lindy,2
651=,Linn,2
651=,Lisa-Jane,2
651=,Lisamarie,2
651=,Lizanne,2
651=,Lori-Anne,2
651=,Lyla,2
651=,Lyne,2
651=,Lynsey-Anne,2
651=,Lynsie,2
651=,Lynzie,2
651=,Madeline,2
651=,Mairead,2
651=,Mara,2
651=,Margaret-Anne,2
651=,Marilyn,2
651=,Marjorie,2
651=,Marlyn,2
651=,Marrianne,2
651=,Marsali,2
651=,Martina,2
651=,Meika,2
651=,Melinda,2
651=,Melisa,2
651=,Mellisa,2
651=,Mellissa,2
651=,Michael,2
651=,Mona,2
651=,Ngoc,2
651=,Nickola,2
651=,Noor,2
651=,Nora,2
651=,Noreen,2
651=,Nyree,2
651=,Pamala,2
651=,Paola,2
651=,Pat,2
651=,Phillippa,2
651=,Pippa,2
651=,Pooja,2
651=,Rashada,2
651=,Rhia,2
651=,Rhianna,2
651=,Rhoda,2
651=,Rosa,2
651=,Rosanna,2
651=,Rosemarie,2
651=,Rozlyn,2
651=,Rubina,2
651=,Safina,2
651=,Sajida,2
651=,Samina,2
651=,Sandi,2
651=,Sara-Jane,2
651=,Sarah-Louise,2
651=,Sarahjane,2
651=,Sarita,2
651=,Satnam,2
651=,Shabila,2
651=,Shabnam,2
651=,Shabnem,2
651=,Shahla,2
651=,Shama,2
651=,Shanna,2
651=,Sharan,2
651=,Shari,2
651=,Sharon-Louise,2
651=,Sheelagh,2
651=,Sheenagh,2
651=,Shelley-Anne,2
651=,Shenaz,2
651=,Shiree,2
651=,Shirley-Ann,2
651=,Shirley-Anne,2
651=,Sine,2
651=,Siti,2
651=,Sofia,2
651=,Stephen,2
651=,Stroma,2
651=,Susie,2
651=,Suzannah,2
651=,Suzi,2
651=,Tahira,2
651=,Tamsyn,2
651=,Tanith,2
651=,Tanzeela,2
651=,Thea,2
651=,Tiffany,2
651=,Tracie,2
651=,Trisha,2
651=,Trudi,2
651=,Una,2
651=,Vivian,2
651=,Wing,2
651=,Yasmine,2
651=,Yin,2
651=,Yolanda,2
651=,Zarina,2
651=,Zynab,2
881=,Aalaa,1
881=,Abbey,1
881=,Abidah,1
881=,Adaoma,1
881=,Adekemi,1
881=,Adelaide,1
881=,Adeline,1
881=,Adetayo,1
881=,Adetokunbo,1
881=,Adriane,1
881=,Adrianne,1
881=,Afaya,1
881=,Afton,1
881=,Afua,1
881=,Agneta,1
881=,Ahlaam,1
881=,Aideen,1
881=,Aila,1
881=,Aille,1
881=,Ailleen,1
881=,Aimel,1
881=,Aimie,1
881=,Ainee,1
881=,Ainslee,1
881=,Ainsleigh,1
881=,Ainslie,1
881=,Ainul,1
881=,Airlie,1
881=,Aishah,1
881=,Aisling,1
881=,Aji-Laran,1
881=,Ajit,1
881=,Akilah,1
881=,Alaine,1
881=,Alanah,1
881=,Aleina,1
881=,Aleishia,1
881=,Alessia,1
881=,Aleta,1
881=,Alex-Anne,1
881=,Alexandrea,1
881=,Alexis-Anne,1
881=,Alicia-Jane,1
881=,Alida,1
881=,Aliea,1
881=,Alina,1
881=,Alisa,1
881=,Alischia,1
881=,Alisha,1
881=,Alissa,1
881=,Alix,1
881=,Allyna,1
881=,Alya,1
881=,Alysha,1
881=,Aman,1
881=,Amanda-Lee,1
881=,Amandajane,1
881=,Ameeta,1
881=,Amie,1
881=,Amiee,1
881=,Amira,1
881=,Amnah,1
881=,Amra,1
881=,Amritpal,1
881=,Amuchenu,1
881=,Amy-Jane,1
881=,Anbrien,1
881=,Anda,1
881=,Andree,1
881=,Andreina,1
881=,Andrene,1
881=,Andria,1
881=,Andriena,1
881=,Andrinne,1
881=,Aneila,1
881=,Angela-Jane,1
881=,Angeline,1
881=,Anh,1
881=,Ania,1
881=,Anilla,1
881=,Anisa,1
881=,Anjana,1
881=,Anmarie,1
881=,Ann-Louise,1
881=,Ann-Maree,1
881=,Anna-Louise,1
881=,Anna-Maree,1
881=,Anna-Maria,1
881=,Anna-Marie,1
881=,Annalise,1
881=,Annamarie,1
881=,Anndrea,1
881=,Anne-Charlotte,1
881=,Anne-Margaret,1
881=,Annick,1
881=,Annisa,1
881=,Annjane,1
881=,Anousha,1
881=,Antania,1
881=,Antoinette,1
881=,Anwen,1
881=,Aphra,1
881=,Ariana,1
881=,Arianna,1
881=,Arianne,1
881=,Arleen,1
881=,Arlene-Anne,1
881=,Arlette,1
881=,Arline,1
881=,Arlyne,1
881=,Arriyanna,1
881=,Arwa,1
881=,Arzoo,1
881=,Asa,1
881=,Asha,1
881=,Ashi,1
881=,Ashlee,1
881=,Ashley-Ann,1
881=,Ashline,1
881=,Ashly,1
881=,Asiah,1
881=,Asima,1
881=,Astri,1
881=,Astrid,1
881=,Athmar,1
881=,Audree,1
881=,Audrey-Jane,1
881=,Aurel,1
881=,Autumn,1
881=,Auzma,1
881=,Ava,1
881=,Averil,1
881=,Avon,1
881=,Avronne,1
881=,Ayla,1
881=,Aylin,1
881=,Aymee,1
881=,Aynsley,1
881=,Aziah,1
881=,Bahar,1
881=,Balvinder,1
881=,Barbara-Ann,1
881=,Barbara-Anne,1
881=,Barbra,1
881=,Barnette,1
881=,Basant,1
881=,Basma,1
881=,Becki,1
881=,Beckie,1
881=,Beeta,1
881=,Begum,1
881=,Belina,1
881=,Benazir,1
881=,Beryl-Anne,1
881=,Beya,1
881=,Biba,1
881=,Bincy,1
881=,Blaire,1
881=,Bobbi,1
881=,Bobbie,1
881=,Bobby,1
881=,Bobi,1
881=,Bonnie,1
881=,Borghild,1
881=,Bree,1
881=,Breige,1
881=,Brett,1
881=,Brighid,1
881=,Brittony,1
881=,Brook,1
881=,Broska,1
881=,Brydie,1
881=,Bushra,1
881=,Ca,1
881=,Caireen,1
881=,Cairine,1
881=,Caitrin,1
881=,Caleigh,1
881=,Caley,1
881=,Calley,1
881=,Cally,1
881=,Camelle,1
881=,Camellia,1
881=,Camille,1
881=,Cara-Louise,1
881=,Cara-Marie,1
881=,Caraline,1
881=,Carena,1
881=,Carie,1
881=,Carin,1
881=,Carine,1
881=,Carla-Louise,1
881=,Carlan,1
881=,Carlanne,1
881=,Carley,1
881=,Carlie,1
881=,Carline,1
881=,Carole-Anne,1
881=,Caroleanne,1
881=,Caroline-Ann,1
881=,Caroline-Jane,1
881=,Caron,1
881=,Carran,1
881=,Carriann,1
881=,Carrieann,1
881=,Carrieanne,1
881=,Carrol,1
881=,Carry,1
881=,Caryleann,1
881=,Cassie,1
881=,Catharine,1
881=,Catheren,1
881=,Cathleen,1
881=,Cathreen,1
881=,Cathrene,1
881=,Cathryn,1
881=,Catriena,1
881=,Catrin,1
881=,Catrine,1
881=,Cavell,1
881=,Ceara,1
881=,Cecile,1
881=,Celena,1
881=,Cerice,1
881=,Cerry,1
881=,Cha,1
881=,Chanah,1
881=,Chantel,1
881=,Chantelle,1
881=,Charelle,1
881=,Charissa,1
881=,Charleen,1
881=,Chaya,1
881=,Che,1
881=,Chenene,1
881=,Cher,1
881=,Cheree,1
881=,Cherelle,1
881=,Cherenay,1
881=,Cheriee,1
881=,Cherlene,1
881=,Cheryl-Ann,1
881=,Cheryle,1
881=,Cheryse,1
881=,Chevonne,1
881=,Chi,1
881=,Chiala,1
881=,Chinyelu,1
881=,Chirsty,1
881=,Chiu,1
881=,Chloe-Ann,1
881=,Chloe-Gabrielle,1
881=,Choe,1
881=,Chrisanna,1
881=,Chrissy,1
881=,Christabel,1
881=,Christen,1
881=,Christian,1
881=,Christopher,1
881=,Chrystal,1
881=,Chrystele,1
881=,Chui,1
881=,Cindy,1
881=,Cindy-Anna,1
881=,Claribel,1
881=,Clarie,1
881=,Clarissa,1
881=,Clarisse,1
881=,Clementine,1
881=,Clorette,1
881=,Coila,1
881=,Colinne,1
881=,Collene,1
881=,Coney,1
881=,Coralie,1
881=,Cordelia,1
881=,Coreen,1
881=,Corin,1
881=,Corine,1
881=,Corran,1
881=,Corri,1
881=,Corri-Ann,1
881=,Cressida,1
881=,Cristal,1
881=,Cyvonne,1
881=,D'arcy,1
881=,Dailene,1
881=,Daisy,1
881=,Dalia,1
881=,Danae,1
881=,Danelle,1
881=,Danna,1
881=,Danya,1
881=,Daria,1
881=,Darina,1
881=,Darleen,1
881=,Darlene,1
881=,Darralyn,1
881=,Darrianna,1
881=,Davana,1
881=,Davena,1
881=,Dawne,1
881=,Dawnna,1
881=,Daylean,1
881=,Deanna,1
881=,Debbi,1
881=,Debora,1
881=,Deborah-Anne,1
881=,Deborrah,1
881=,Deepa,1
881=,Deirdre,1
881=,Delena,1
881=,Demelza,1
881=,Denice,1
881=,Deniz,1
881=,Denna,1
881=,Denys,1
881=,Deone,1
881=,Desiree,1
881=,Deveron,1
881=,Dian,1
881=,Dinah,1
881=,Dini,1
881=,Disna,1
881=,Donella,1
881=,Donna-May,1
881=,Donnah,1
881=,Donne,1
881=,Dorcas,1
881=,Doreen,1
881=,Doriel,1
881=,Dorothy-Jayne,1
881=,Durga,1
881=,Dyanne,1
881=,Dyenaba,1
881=,Ebony,1
881=,Edel,1
881=,Edith,1
881=,Eilioh,1
881=,Eilis,1
881=,Ekta,1
881=,Elayne,1
881=,Elica,1
881=,Eliza,1
881=,Elizabeth-Nan,1
881=,Ellena,1
881=,Ellenmarie,1
881=,Ellisa,1
881=,Elly,1
881=,Elmer,1
881=,Elois,1
881=,Eloise,1
881=,Elsbeth,1
881=,Elsie,1
881=,Elysia,1
881=,Emer,1
881=,Emilie,1
881=,Emily-Anne,1
881=,Emily-Jane,1
881=,Emly,1
881=,Emma-Jayne,1
881=,Emmeline,1
881=,Emmie,1
881=,Ensieh,1
881=,Enwhei,1
881=,Ericca,1
881=,Ericka,1
881=,Erin-Ann,1
881=,Esma,1
881=,Esme,1
881=,Esther-Marie,1
881=,Evan,1
881=,Evanell,1
881=,Eveline,1
881=,Evelynn,1
881=,Evette,1
881=,Evlynne,1
881=,Evsun,1
881=,Faaiza,1
881=,Faiza,1
881=,Faizah,1
881=,Fareena,1
881=,Fareha,1
881=,Farheen,1
881=,Fatima,1
881=,Fatimah,1
881=,Fazia,1
881=,Felica,1
881=,Fern,1
881=,Fernanda,1
881=,Finella,1
881=,Finola,1
881=,Fionajane,1
881=,Fionna,1
881=,Fionnghal,1
881=,Fionnuala,1
881=,Fiza,1
881=,Florinda,1
881=,Foridha,1
881=,Fortune,1
881=,Fozia,1
881=,Francess,1
881=,Franclyn,1
881=,Francyne,1
881=,Freny,1
881=,Freyja,1
881=,Frith,1
881=,Froydis,1
881=,Furah,1
881=,Gabriela,1
881=,Gadah,1
881=,Gaelen,1
881=,Gale,1
881=,Garron,1
881=,Gary,1
881=,Gasak,1
881=,Geeta,1
881=,Gena,1
881=,Geneve,1
881=,Georgegina,1
881=,Georgena,1
881=,Gerardine,1
881=,Gill,1
881=,Gilla,1
881=,Gilliane,1
881=,Giovanna,1
881=,Gita,1
881=,Gladys,1
881=,Glenda,1
881=,Gloria,1
881=,Greer,1
881=,Gucmeet,1
881=,Guinivere,1
881=,Gulnaz,1
881=,Gurinderjit,1
881=,Gurmale,1
881=,Gurnam,1
881=,Gurpaij,1
881=,Gurpharbet,1
881=,Gurvinder,1
881=,Gwenaelle,1
881=,Gwendoline,1
881=,Gyatri,1
881=,Hafsah,1
881=,Hailie,1
881=,Haive,1
881=,Hajera,1
881=,Hala,1
881=,Hamara,1
881=,Hamerah,1
881=,Hana,1
881=,Hardeep,1
881=,Harmashe,1
881=,Harpreet,1
881=,Harriett,1
881=,Haseena,1
881=,Haslina,1
881=,Haylay,1
881=,Hazel-Ann,1
881=,Hazelle,1
881=,Hazura,1
881=,Heide,1
881=,Heifa,1
881=,Helenann,1
881=,Helene,1
881=,Helenmarie,1
881=,Hellen,1
881=,Henna,1
881=,Hibba,1
881=,Hind,1
881=,Hinna,1
881=,Hiu,1
881=,Ho,1
881=,Homa,1
881=,Houda,1
881=,Huda,1
881=,Hudda,1
881=,Hue,1
881=,Humaira,1
881=,Hunzila,1
881=,Husna,1
881=,Husnara,1
881=,Iashah,1
881=,Iboro,1
881=,Ilaina,1
881=,Ilana,1
881=,Ilmas,1
881=,Ilsa,1
881=,Imran,1
881=,Inger,1
881=,Inger-Louise,1
881=,Innis,1
881=,Irena,1
881=,Isabelle,1
881=,Iseabail,1
881=,Iselin,1
881=,Ishmar,1
881=,Isley,1
881=,Isma,1
881=,Israel,1
881=,Issra,1
881=,Iyla,1
881=,Iyobosa,1
881=,Jacalyn,1
881=,Jacinta,1
881=,Jacky,1
881=,Jacqualine,1
881=,Jacqueleen,1
881=,Jacquie,1
881=,Jacquline,1
881=,Jacqulynne,1
881=,James,1
881=,Jan-Marie,1
881=,Jana,1
881=,Janeen,1
881=,Janetta,1
881=,Janieve,1
881=,Jann,1
881=,Jannine,1
881=,Janthia,1
881=,Jasmail,1
881=,Jasminder,1
881=,Jawairia,1
881=,Jayana,1
881=,Jayanthi,1
881=,Jaynie,1
881=,Jayran,1
881=,Jeanie,1
881=,Jeannette,1
881=,Jemima,1
881=,Jenefer,1
881=,Jenniferann,1
881=,Jenniffer,1
881=,Jenny-Ann,1
881=,Jhana,1
881=,Jilly-Ann,1
881=,Jinny,1
881=,Jo-Anna,1
881=,Joahnne,1
881=,Joana,1
881=,Joannah,1
881=,Joanne-Marie,1
881=,Joclynn,1
881=,Jodee,1
881=,Jodeen,1
881=,Jodi-Lyn,1
881=,Joe-Anne,1
881=,Joele,1
881=,Johann,1
881=,Jolie,1
881=,Jonie,1
881=,Josephene,1
881=,Jovada,1
881=,Judi,1
881=,Julene,1
881=,Juli,1
881=,Juli-Marie,1
881=,Juliann,1
881=,Julianna,1
881=,Julianna-Maria,1
881=,Julie-Ellen,1
881=,Julieann,1
881=,Jumana,1
881=,Junko,1
881=,Justina,1
881=,Ka,1
881=,Kai,1
881=,Kaia,1
881=,Kaie,1
881=,Kaireen,1
881=,Kalli,1
881=,Kally,1
881=,Kalvinder,1
881=,Kamaldip,1
881=,Kara-Lee,1
881=,Kareena,1
881=,Karen-Louise,1
881=,Karene,1
881=,Karima,1
881=,Karin-Anne,1
881=,Karine,1
881=,Karis,1
881=,Karleen,1
881=,Karrena,1
881=,Karrina,1
881=,Karry,1
881=,Kasha,1
881=,Katelyn,1
881=,Katerina,1
881=,Kateryna,1
881=,Katherina,1
881=,Katheryne,1
881=,Kathlene,1
881=,Kathlyn,1
881=,Kathrina,1
881=,Kathryne,1
881=,Kathy,1
881=,Kati,1
881=,Katie-Anne,1
881=,Katie-Jane,1
881=,Katrena,1
881=,Katriana,1
881=,Katrice,1
881=,Katrin,1
881=,Katrine,1
881=,Katryna,1
881=,Kauita,1
881=,Kauri,1
881=,Kavita,1
881=,Kayhita,1
881=,Kayreen,1
881=,Kayren,1
881=,Kayrene,1
881=,Kazia,1
881=,Keeley,1
881=,Keima,1
881=,Keira-Ann,1
881=,Keirda,1
881=,Keirstyn,1
881=,Keli,1
881=,Kelley,1
881=,Kelley-Ann,1
881=,Kelly-Jane,1
881=,Kellymarie,1
881=,Kelsey,1
881=,Kendal,1
881=,Kenzie,1
881=,Kerie,1
881=,Kerime,1
881=,Kern,1
881=,Kerrey,1
881=,Kerri-Lee,1
881=,Kerrie-Ann,1
881=,Kerrieann,1
881=,Kerryanne,1
881=,Kerrylee,1
881=,Kerrylynne,1
881=,Kerryn,1
881=,Keryn,1
881=,Keston,1
881=,Kevin,1
881=,Kezban,1
881=,Kharis,1
881=,Khirea,1
881=,Kia,1
881=,Kiarah,1
881=,Kiarina-Ann,1
881=,Kieleigh,1
881=,Kiki,1
881=,Kileen,1
881=,Kimberley-Anne,1
881=,Kimla,1
881=,Kiren,1
881=,Kirenveerinder,1
881=,Kiri-Ana,1
881=,Kirksty,1
881=,Kirsa,1
881=,Kirsta,1
881=,Kirsteena,1
881=,Kirstene,1
881=,Kirstina,1
881=,Kirsty-Jane,1
881=,Kishan,1
881=,Kit,1
881=,Klara,1
881=,Kleofa,1
881=,Komal,1
881=,Korina,1
881=,Korrie-Ann,1
881=,Kristal,1
881=,Kristelle-Helen,1
881=,Kristian,1
881=,Kristie,1
881=,Krys,1
881=,Kulbir,1
881=,Kuwat,1
881=,Kylee,1
881=,Kyley,1
881=,Kym,1
881=,Kymm,1
881=,Lacbir,1
881=,Lacey,1
881=,Ladonna,1
881=,Laina,1
881=,Lanna,1
881=,Lannair,1
881=,Larain,1
881=,Laren,1
881=,Larissa,1
881=,Larra,1
881=,Laura-Anne,1
881=,Laura-Mai,1
881=,Lauraine,1
881=,Laurajayne,1
881=,Lauralee,1
881=,Laureen,1
881=,Laurene,1
881=,Lauri,1
881=,Laurisa,1
881=,Laurissa,1
881=,Le,1
881=,Leaann,1
881=,Leah-Ann,1
881=,Leana,1
881=,Leandra,1
881=,Leane,1
881=,Leaone,1
881=,Lee-Anna,1
881=,Leeanna,1
881=,Leeatt,1
881=,Leena,1
881=,Leiane,1
881=,Leigh-Anna,1
881=,Leisha,1
881=,Leonora,1
881=,Lesley-Jane,1
881=,Levana,1
881=,Leweeza,1
881=,Leyla,1
881=,Lezlee,1
881=,Lezli-Anne,1
881=,Lhora,1
881=,Liam,1
881=,Liann,1
881=,Libby,1
881=,Liberty,1
881=,Lidia,1
881=,Lieanne,1
881=,Liela,1
881=,Liesl,1
881=,Liliana,1
881=,Lily,1
881=,Linda-Ann,1
881=,Linda-May,1
881=,Lindley,1
881=,Lindsay-Jane,1
881=,Lindyann,1
881=,Linh,1
881=,Linnet,1
881=,Linsey-Anne,1
881=,Linsie,1
881=,Linzi-Anne,1
881=,Linzy,1
881=,Lise,1
881=,Liseanne,1
881=,Liza-Marie,1
881=,Lizann,1
881=,Llara,1
881=,Loanne,1
881=,Loreena,1
881=,Lorene,1
881=,Lorne,1
881=,Lorner,1
881=,Lorraina,1
881=,Lorri,1
881=,Louanna,1
881=,Louisa-Jane,1
881=,Louise-Carol,1
881=,Louse,1
881=,Lovat,1
881=,Luana,1
881=,Luara,1
881=,Lucy-Ann,1
881=,Luella,1
881=,Luise,1
881=,Luisza,1
881=,Luvinia,1
881=,Lydia-Jane,1
881=,Lyly,1
881=,Lynasey,1
881=,Lyndsay-Anne,1
881=,Lyndy,1
881=,Lynn-Anne,1
881=,Lynnanne,1
881=,Lynnda,1
881=,Lynsay-Ann,1
881=,Lynsey-Jane,1
881=,Lynzey,1
881=,Maarya,1
881=,Madelyn,1
881=,Madiha,1
881=,Madine,1
881=,Magdalena,1
881=,Mah,1
881=,Maha,1
881=,Malese,1
881=,Malia,1
881=,Malinda,1
881=,Malvina,1
881=,Mandee,1
881=,Mandeep,1
881=,Mandi,1
881=,Manel,1
881=,Mangela,1
881=,Manmet,1
881=,Manuela,1
881=,Marcela,1
881=,Marcella,1
881=,Margaret-Ann,1
881=,Margarete,1
881=,Margo,1
881=,Margo-Ann,1
881=,Margot,1
881=,Marguerite,1
881=,Mari-Elena,1
881=,Maria-Luisa,1
881=,Maria-Theresa,1
881=,Mariam,1
881=,Mariangela,1
881=,Maricia,1
881=,Marie-Ann,1
881=,Marie-Clare,1
881=,Marie-Louise,1
881=,Marieanne,1
881=,Mariesha,1
881=,Marilena,1
881=,Marjolijn,1
881=,Marla,1
881=,Marna,1
881=,Marny,1
881=,Marri,1
881=,Marriea,1
881=,Marsha,1
881=,Marshall,1
881=,Mary-Ann,1
881=,Mary-Anne,1
881=,Maryanne,1
881=,Marylin,1
881=,Marysia,1
881=,Matalia,1
881=,Matilda,1
881=,Maud,1
881=,Maura,1
881=,Maxie,1
881=,Maya,1
881=,Mechelle,1
881=,Mehnaz,1
881=,Mei,1
881=,Melania,1
881=,Melannie,1
881=,Melea,1
881=,Melina,1
881=,Melitta,1
881=,Meloney,1
881=,Melvina,1
881=,Meredith,1
881=,Meriam,1
881=,Merissa,1
881=,Merlyn,1
881=,Merrill,1
881=,Merrin,1
881=,Mhaire,1
881=,Mhairi-Ann,1
881=,Mhairi-Anne,1
881=,Mhairidh,1
881=,Mhairu,1
881=,Mhorag,1
881=,Mia,1
881=,Mica,1
881=,Michaella,1
881=,Michal,1
881=,Mikaela,1
881=,Mikala,1
881=,Milaina,1
881=,Mimma,1
881=,Mina,1
881=,Minga,1
881=,Misbah,1
881=,Mnal,1
881=,Mobashira,1
881=,Mofoluwake,1
881=,Mollie,1
881=,Molly,1
881=,Monigue,1
881=,Monna,1
881=,Montserrat,1
881=,Morgana,1
881=,Moriom,1
881=,Morium,1
881=,Morvern,1
881=,Moyra,1
881=,Musammat,1
881=,My,1
881=,Mychelle,1
881=,Nablia,1
881=,Nadean,1
881=,Nadya,1
881=,Nafeesa,1
881=,Nahdean,1
881=,Naheed,1
881=,Nahid,1
881=,Naida,1
881=,Naiomi,1
881=,Najla,1
881=,Najwan,1
881=,Nalina,1
881=,Nanette,1
881=,Naomie,1
881=,Narita,1
881=,Nasra,1
881=,Nasseem,1
881=,Natalia,1
881=,Natalie-Ann,1
881=,Natashia,1
881=,Navjot,1
881=,Nayala,1
881=,Nazaria,1
881=,Nazea,1
881=,Nazir,1
881=,Nazma,1
881=,Nazmeen,1
881=,Neena,1
881=,Nehal,1
881=,Neil,1
881=,Neila,1
881=,Neilena,1
881=,Nesreen,1
881=,Nessa,1
881=,Netsanet,1
881=,Neveen,1
881=,Nga,1
881=,Ngaire,1
881=,Niamh,1
881=,Nichelle,1
881=,Nickii,1
881=,Nicolle,1
881=,Nicolletta,1
881=,Niela,1
881=,Niki,1
881=,Nikky,1
881=,Nimra,1
881=,Nimrah,1
881=,Niran,1
881=,Nirupa,1
881=,Nisa,1
881=,Nneka,1
881=,Noaf,1
881=,Nokhukanya,1
881=,Noorah,1
881=,Norah,1
881=,Norwil,1
881=,Nouella,1
881=,Nuala,1
881=,Nur,1
881=,Nusrat,1
881=,Nuzhat,1
881=,Nycolle,1
881=,Nyla,1
881=,Nyssa,1
881=,Odette,1
881=,Ogechukwu,1
881=,Oi,1
881=,Olakemi,1
881=,Olamide,1
881=,Olubukunola,1
881=,Olufemi,1
881=,Oluwakemi,1
881=,Oma,1
881=,Ondine,1
881=,Oonagh,1
881=,Orania,1
881=,Orea,1
881=,Ottilie,1
881=,Ozma,1
881=,Pamela-Anne,1
881=,Pamella,1
881=,Parva,1
881=,Pasqua,1
881=,Patti,1
881=,Paula-Anne,1
881=,Paula-Marie,1
881=,Paulene,1
881=,Paulette,1
881=,Pebbles,1
881=,Pedra,1
881=,Pei,1
881=,Pellavi,1
881=,Pendrah,1
881=,Perdita,1
881=,Perry,1
881=,Perveen,1
881=,Peta,1
881=,Petrhona,1
881=,Petronila,1
881=,Phillipa,1
881=,Phoebe,1
881=,Phong,1
881=,Phuong,1
881=,Phyllis,1
881=,Poh-Ling,1
881=,Pollyanna,1
881=,Poonam,1
881=,Portia,1
881=,Prachee,1
881=,Prema,1
881=,Priscilla,1
881=,Priya,1
881=,Probjod,1
881=,Pui-Ming,1
881=,Purvi,1
881=,Qasimah,1
881=,Qurrat-Alein,1
881=,Quyen,1
881=,Raakhi,1
881=,Rabaya,1
881=,Rachina,1
881=,Radhka,1
881=,Raeanne,1
881=,Rahillah,1
881=,Rajdeep,1
881=,Rajia,1
881=,Rajin,1
881=,Rajwinder,1
881=,Ramiza,1
881=,Ramona,1
881=,Rana,1
881=,Randeep,1
881=,Rania,1
881=,Ranya,1
881=,Raquell,1
881=,Rashee,1
881=,Rashmi,1
881=,Rashpal,1
881=,Ravinder,1
881=,Rayne,1
881=,Razia,1
881=,Rea,1
881=,Reah,1
881=,Rebbecca,1
881=,Rebecca-Jane,1
881=,Reem,1
881=,Refel,1
881=,Regina,1
881=,Rehana,1
881=,Rehanna,1
881=,Reka,1
881=,Rekha,1
881=,Remony,1
881=,Renata,1
881=,Renate,1
881=,Renee,1
881=,Renu,1
881=,Renuka,1
881=,Reta,1
881=,Revelle,1
881=,Reyna,1
881=,Rhondda,1
881=,Rhowan,1
881=,Rhyannan,1
881=,Riah,1
881=,Rianne,1
881=,Richenda,1
881=,Rida,1
881=,Ridhwana,1
881=,Rihab,1
881=,Rishma,1
881=,Rita,1
881=,Rittu,1
881=,Roanna,1
881=,Robana,1
881=,Robina,1
881=,Roggen,1
881=,Rohanna,1
881=,Rohanne,1
881=,Rohini,1
881=,Rola,1
881=,Roma,1
881=,Romaine,1
881=,Romina,1
881=,Roni,1
881=,Rory,1
881=,Rosaleen,1
881=,Rosalinda,1
881=,Rosalynd,1
881=,Rose-Anne,1
881=,Rosena,1
881=,Rosetta,1
881=,Roslynd,1
881=,Ross,1
881=,Rosslyn-Anne,1
881=,Rosslynn,1
881=,Rowana,1
881=,Roxanna,1
881=,Roya,1
881=,Roza,1
881=,Ruksana,1
881=,Rupali,1
881=,Rupinder,1
881=,Ruwani,1
881=,Rymke,1
881=,Saadia,1
881=,Saadiah,1
881=,Saaira,1
881=,Saba,1
881=,Sabaa,1
881=,Sabeen,1
881=,Sadie,1
881=,Sadif,1
881=,Safeera,1
881=,Saffia,1
881=,Saffron,1
881=,Sahba,1
881=,Sahdia,1
881=,Sahina,1
881=,Sahira,1
881=,Sahmina,1
881=,Saidah,1
881=,Sairah,1
881=,Saiyra,1
881=,Sajda,1
881=,Sajjda,1
881=,Saleena,1
881=,Salena,1
881=,Samaiah,1
881=,Samaira,1
881=,Saman,1
881=,Samanatha,1
881=,Samanna,1
881=,Samanta-Jane,1
881=,Samefa,1
881=,Samiera,1
881=,Samira,1
881=,Sammer,1
881=,Sammira,1
881=,Samrina,1
881=,San,1
881=,Sana,1
881=,Sanam,1
881=,Sandee,1
881=,Sandip,1
881=,Sandy,1
881=,Sanjika,1
881=,Sanober,1
881=,Santosh,1
881=,Saoirse,1
881=,Saphire,1
881=,Sara-Jayne,1
881=,Sara-Lee,1
881=,Sara-Leigh,1
881=,Sarah-Anne,1
881=,Sarah-Jayne,1
881=,Sarah-Kate,1
881=,Sarajayne,1
881=,Sarbjit,1
881=,Sardea,1
881=,Sarika,1
881=,Sascha,1
881=,Saskia,1
881=,Satinder,1
881=,Sau,1
881=,Sceona,1
881=,Scherie,1
881=,Sea-Wang,1
881=,Seema,1
881=,Seemab,1
881=,Seetal,1
881=,Sehir,1
881=,Selene,1
881=,Seline,1
881=,Selma,1
881=,Semnia,1
881=,Senthi,1
881=,Seona,1
881=,Seonagh,1
881=,Serina,1
881=,Shabeena,1
881=,Shabnum,1
881=,Shadan,1
881=,Shadi,1
881=,Shafana,1
881=,Shaheen,1
881=,Shahesta,1
881=,Shahira,1
881=,Shahrona,1
881=,Shahzia,1
881=,Shahzya,1
881=,Shaleen,1
881=,Shalina,1
881=,Shalzeen,1
881=,Shamaela,1
881=,Shamala,1
881=,Shamimara,1
881=,Shamshad,1
881=,Shanette,1
881=,Shantell,1
881=,Sharee,1
881=,Sharelle,1
881=,Sharleane,1
881=,Sharleene,1
881=,Sharmaine,1
881=,Sharmane,1
881=,Sharn,1
881=,Sharon-Anne,1
881=,Sharrye,1
881=,Shawna,1
881=,Shaya,1
881=,Shaziah,1
881=,Shazmin,1
881=,Sheetal,1
881=,Sheikela,1
881=,Shelane,1
881=,Shelby,1
881=,Sheli,1
881=,Shelley-Marie,1
881=,Shelleyann,1
881=,Shellie,1
881=,Sheonagh,1
881=,Sheonaid,1
881=,Shereen,1
881=,Sherene,1
881=,Sheridan,1
881=,Sherina,1
881=,Sherlene,1
881=,Sherree,1
881=,Sherrene,1
881=,Sherri,1
881=,Sheryl-Anne,1
881=,Sheryle,1
881=,Sheryll,1
881=,Shevaun,1
881=,Shih-Ning,1
881=,Shilpi,1
881=,Shimila,1
881=,Shiona,1
881=,Shiran,1
881=,Shireen,1
881=,Shirien,1
881=,Shivani,1
881=,Shoniad,1
881=,Shou-Ling,1
881=,Shu,1
881=,Shugfta,1
881=,Shuk,1
881=,Shula,1
881=,Shuna,1
881=,Shyvonn,1
881=,Sibrena,1
881=,Sidrah,1
881=,Silvia,1
881=,Sima,1
881=,Sinaed,1
881=,Siobahn,1
881=,Sionagh,1
881=,Siony,1
881=,Siouxsie,1
881=,Sita,1
881=,Sitwat,1
881=,Siu,1
881=,Smina,1
881=,Sobia,1
881=,Sobiah,1
881=,Sohya,1
881=,Solii,1
881=,Sophona,1
881=,Soraya,1
881=,Sorelle,1
881=,Sorrell,1
881=,Sorsha,1
881=,Sossity,1
881=,Sou,1
881=,Stacey-Jane,1
881=,Staceyann,1
881=,Steffanie,1
881=,Stephana,1
881=,Stephane,1
881=,Stewart,1
881=,Sueve,1
881=,Sukai,1
881=,Sukhjinder,1
881=,Sumana,1
881=,Sumeah,1
881=,Summara,1
881=,Sumreen,1
881=,Sunita,1
881=,Susama,1
881=,Susan-Lee,1
881=,Susan-Marie,1
881=,Susanmarie,1
881=,Sushma,1
881=,Suzan,1
881=,Suzanah,1
881=,Suzann,1
881=,Suzanna,1
881=,Suzy,1
881=,Suzzanne,1
881=,Symia,1
881=,Tabbitha,1
881=,Tabitha,1
881=,Tahseen,1
881=,Tai,1
881=,Tamana,1
881=,Tamar,1
881=,Tamarah,1
881=,Tamarra,1
881=,Tamasin,1
881=,Tammi,1
881=,Tammilee,1
881=,Tamson,1
881=,Tani,1
881=,Tanis,1
881=,Tansy,1
881=,Tanzila,1
881=,Tapuwa,1
881=,Tarini,1
881=,Tarn,1
881=,Tasha,1
881=,Tasmin,1
881=,Tasswar,1
881=,Tayah,1
881=,Taym,1
881=,Tehmina,1
881=,Tela,1
881=,Terene,1
881=,Terresa,1
881=,Terrina,1
881=,Thar,1
881=,The,1
881=,Theodora,1
881=,Theresia,1
881=,Thomas,1
881=,Thureya,1
881=,Tiger-Lily,1
881=,Tiina,1
881=,Tiree,1
881=,Tongriang,1
881=,Toni-Michelle,1
881=,Tonianne,1
881=,Tonya,1
881=,Tracey-Kim,1
881=,Tracianne,1
881=,Tracy-Ann,1
881=,Tracy-Dawn,1
881=,Tracyann,1
881=,Treina,1
881=,Ula,1
881=,Ulla,1
881=,Umara,1
881=,Upenyu,1
881=,Vaila,1
881=,Vairi,1
881=,Valene,1
881=,Valla,1
881=,Vallene,1
881=,Vanda,1
881=,Vanitha,1
881=,Vanya,1
881=,Vari,1
881=,Vavous,1
881=,Veena,1
881=,Venetia,1
881=,Verawale,1
881=,Verona,1
881=,Vharri,1
881=,Vick,1
881=,Vickey,1
881=,Vicki-Anne,1
881=,Vickilee,1
881=,Victoria-Anne,1
881=,Victoria-Elizab,1
881=,Victoria-Marie,1
881=,Vijya,1
881=,Vinati,1
881=,Vinti,1
881=,Violet,1
881=,Virginia,1
881=,Vivianne,1
881=,Viviene,1
881=,Vivven,1
881=,Vonda,1
881=,Vsma,1
881=,Waheeda,1
881=,Wai,1
881=,Wallis,1
881=,Wanda,1
881=,Waverly,1
881=,Wei,1
881=,Wilhelmina,1
881=,Williamena,1
881=,Xanthia,1
881=,Xin-Yi,1
881=,Yee,1
881=,Yema,1
881=,Yemoley,1
881=,Yeun,1
881=,Yuk,1
881=,Zahara,1
881=,Zahida,1
881=,Zandra,1
881=,Zayna,1
881=,Zayneb,1
881=,Zehra,1
881=,Zeinat,1
881=,Zereeshka,1
881=,Zerqa,1
881=,Zoe-Anne,1
881=,Zoeanne,1
881=,Zowdie,1
881=,Zuni,1
