Position,Name,Number of babies
1,Laura,1038
2,Claire,876
3,Nicola,813
4,Jennifer,782
5,Sarah,698
6,Emma,667
7,Kirsty,633
8,Lisa,555
9,Michelle,519
10,Louise,513
11,Ashley,467
12,Amanda,463
13,Samantha,425
14,Stephanie,418
15,Fiona,386
16,Stacey,370
17,Karen,360
18,Gemma,349
19,Lauren,336
20,Gillian,329
21,Natalie,296
22,Kerry,271
23,Victoria,264
24,Cheryl,263
25,Amy,262
26,Heather,259
27,Kelly,249
28,Rachel,240
29,Lynsey,238
30,Leanne,232
31,Donna,227
32,Charlene,219
33,Rebecca,218
34,Alison,217
35,Julie,215
36,Susan,205
37,Angela,197
38,Joanne,195
39,Pamela,193
40,Deborah,189
41,Nicole,188
42,Catherine,185
43,Danielle,184
44,Elizabeth,175
45,Jenna,169
46,Jacqueline,165
47=,Caroline,159
47=,Suzanne,159
49,Kimberley,154
50,Elaine,150
51,Debbie,149
52,Katie,148
53,Siobhan,146
54,Natasha,140
55=,Clare,134
55=,Lesley,134
57,Helen,133
58=,Hannah,127
58=,Sharon,127
60,Lindsay,126
61,Lynn,121
62,Ashleigh,116
63,Jade,115
64,Lucy,112
65=,Christine,110
65=,Dawn,110
65=,Lynne,110
68=,Kayleigh,105
68=,Lorna,105
70=,Hayley,102
70=,Rachael,102
70=,Tracy,102
73,Paula,99
74=,Christina,95
74=,Margaret,95
76,Melissa,94
77,Catriona,90
78,Lorraine,89
79=,Holly,87
79=,Shona,87
81,Jillian,85
82,Nikki,84
83=,Hazel,83
83=,Kathryn,83
83=,Stacy,83
86,Joanna,82
87=,Mhairi,81
87=,Tracey,81
89,Sara,80
90=,Jemma,79
90=,Kirsten,79
92,Lyndsay,78
93,Katherine,77
94=,Kim,76
94=,Vicky,76
94=,Yvonne,76
97=,Alana,75
97=,Kathleen,75
99=,Anna,74
99=,Katrina,74
101,Ruth,73
102,Lyndsey,72
103=,Jill,71
103=,Zoe,71
105=,Linda,70
105=,Mary,70
107,Jane,69
108,Charlotte,67
109,Marie,66
110,Andrea,64
111,Emily,63
112=,Diane,62
112=,Mandy,62
114,Melanie,61
115,Eilidh,60
116,Erin,59
117=,Leigh,58
117=,Vicki,58
119=,Lindsey,57
119=,Pauline,57
121=,Anne,56
121=,Carol,56
121=,Linzi,56
124,Adele,52
125,Gail,51
126=,Kate,49
126=,Vikki,49
128=,Carrie,48
128=,Megan,48
130=,Denise,47
130=,Gayle,47
132=,Chloe,46
132=,Kerri,46
134=,Cara,45
134=,Hollie,45
134=,Sophie,45
137=,Katy,44
137=,Kimberly,44
139=,Alexandra,43
139=,Arlene,43
139=,Shelley,43
142=,Patricia,42
142=,Robyn,42
144=,Julia,41
144=,Maria,41
144=,Nichola,41
147=,Clair,40
147=,Jessica,40
147=,Lianne,40
147=,Lynsay,40
151=,Aimee,39
151=,Jodie,39
151=,Naomi,39
151=,Rhona,39
155=,Lori,38
155=,Mairi,38
157,Frances,37
158=,Aileen,36
158=,Colette,36
158=,Zara,36
161=,Maxine,35
161=,Wendy,35
163,Linsey,34
164=,Carly,33
164=,Jayne,33
166=,Ann,32
166=,Marianne,32
168=,Colleen,31
168=,Jamie,31
168=,Judith,31
171,Eleanor,30
172=,Ailsa,29
172=,Kerrie,29
172=,Lee,29
172=,Lynda,29
172=,Sally,29
177=,Carla,28
177=,Carolyn,28
177=,Janine,28
177=,Keri,28
177=,Kirstin,28
177=,Leeanne,28
177=,Nadine,28
184=,Sandra,27
184=,Toni,27
186=,Dionne,26
186=,Janet,26
186=,Kara,26
186=,Leona,26
186=,Terri,26
191=,Collette,25
191=,Kylie,25
191=,Leeann,25
191=,Louisa,25
195=,Iona,24
195=,Nadia,24
195=,Simone,24
198=,Isla,23
198=,Leah,23
198=,Morven,23
201=,Jaclyn,22
201=,Jenny,22
201=,Morag,22
204=,Abigail,21
204=,Faye,21
204=,Lara,21
204=,Sarah-Jane,21
208=,Ainsley,20
208=,Kay,20
208=,Tara,20
211=,Alexis,19
211=,Allison,19
211=,Evelyn,19
211=,Kirsteen,19
211=,Kristina,19
211=,Lana,19
211=,Lyn,19
211=,Sheryl,19
219=,Alanna,18
219=,Jean,18
219=,Lee-Anne,18
219=,Rosemary,18
219=,Sinead,18
219=,Tanya,18
225=,Alice,17
225=,Allana,17
225=,Alyson,17
225=,Bernadette,17
225=,Charmaine,17
225=,Debra,17
225=,Marion,17
225=,Sian,17
225=,Tammy,17
234=,Ann-Marie,16
234=,Barbara,16
234=,Jordan,16
234=,Laurie,16
234=,Teri,16
239=,Audrey,15
239=,Cassandra,15
239=,Karin,15
239=,Philippa,15
239=,Selina,15
239=,Shirley,15
239=,Sonia,15
239=,Tiffany,15
247=,Ami,14
247=,Annmarie,14
247=,Dianne,14
247=,Felicity,14
247=,Georgina,14
247=,Josephine,14
247=,Nina,14
254=,Alannah,13
254=,Amie,13
254=,Beth,13
254=,Katharine,13
254=,Rowan,13
254=,Teresa,13
254=,Valerie,13
254=,Vanessa,13
262=,Anne-Marie,12
262=,Beverley,12
262=,Bryony,12
262=,Cherie,12
262=,Corinne,12
262=,Dana,12
262=,Dominique,12
262=,Eve,12
262=,Francesca,12
262=,Heidi,12
262=,Hilary,12
262=,Johanna,12
262=,Lois,12
262=,Lynette,12
262=,Moira,12
262=,Rhiannon,12
262=,Roxanne,12
262=,Sandie,12
262=,Shannon,12
262=,Sharlene,12
262=,Stefanie,12
262=,Susanne,12
262=,Tina,12
285=,Eileen,11
285=,Geraldine,11
285=,Grace,11
285=,Jan,11
285=,Janice,11
285=,Keira,11
285=,Kellie,11
285=,Kirstie,11
285=,Leigh-Ann,11
285=,Morgan,11
285=,Rochelle,11
285=,Stacie,11
297=,Alicia,10
297=,Carole,10
297=,Chantelle,10
297=,Chelsea,10
297=,Erica,10
297=,Jodi,10
297=,Jolene,10
297=,Joy,10
297=,Justine,10
297=,Leighanne,10
297=,Rebekah,10
297=,Roisin,10
297=,Rona,10
297=,Sabrina,10
297=,Sheila,10
312=,Adelle,9
312=,Ailie,9
312=,Anita,9
312=,Avril,9
312=,Chevonne,9
312=,Coleen,9
312=,Dee,9
312=,Flora,9
312=,Harriet,9
312=,Jay,9
312=,Jenifer,9
312=,Julie-Anne,9
312=,Karina,9
312=,Katriona,9
312=,Kirstine,9
312=,Kirstyn,9
312=,Lucinda,9
312=,Maureen,9
312=,Michele,9
312=,Olivia,9
312=,Rosanna,9
312=,Serena,9
312=,Sophia,9
312=,Susanna,9
312=,Veronica,9
337=,April,8
337=,Caitlin,8
337=,Carolanne,8
337=,Connie,8
337=,Fern,8
337=,Julie-Ann,8
337=,Kaye,8
337=,Kayley,8
337=,Kelly-Ann,8
337=,Kelly-Anne,8
337=,Lacey,8
337=,Lee-Ann,8
337=,Linsay,8
337=,Lisa-Marie,8
337=,Martine,8
337=,Miriam,8
337=,Monica,8
337=,Nikola,8
337=,Rhea,8
337=,Rose,8
337=,Roslyn,8
337=,Sasha,8
359=,Aisha,7
359=,Alexandria,7
359=,Alisha,7
359=,Amber,7
359=,Annette,7
359=,Cassie,7
359=,Christie,7
359=,Crystal,7
359=,Diana,7
359=,Dorothy,7
359=,Elisabeth,7
359=,Elspeth,7
359=,Esther,7
359=,Gaynor,7
359=,Hana,7
359=,Hayleigh,7
359=,Irene,7
359=,Isabel,7
359=,Jasmine,7
359=,Jody,7
359=,Joni,7
359=,June,7
359=,Kellyann,7
359=,Kerry-Anne,7
359=,Kristy,7
359=,Leighann,7
359=,Leonie,7
359=,Liza,7
359=,Mari,7
359=,Marnie,7
359=,Martha,7
359=,Michaela,7
359=,Roberta,7
359=,Sadia,7
359=,Seonaid,7
359=,Tania,7
359=,Tessa,7
359=,Vivienne,7
397=,Alexa,6
397=,Allyson,6
397=,Antonia,6
397=,Ashlea,6
397=,Brenda,6
397=,Camilla,6
397=,Candice,6
397=,Carina,6
397=,Debbi,6
397=,Fallon,6
397=,Georgia,6
397=,Haley,6
397=,Jaime,6
397=,Janette,6
397=,Jeanette,6
397=,Joan,6
397=,Joyce,6
397=,Judy,6
397=,Kelly-Marie,6
397=,Kerry-Ann,6
397=,Laura-Ann,6
397=,Lea,6
397=,Leigh-Anne,6
397=,Lisamarie,6
397=,Marilyn,6
397=,Marisa,6
397=,Mechelle,6
397=,Miranda,6
397=,Nisha,6
397=,Penny,6
397=,Rosalyn,6
397=,Rosanne,6
397=,Rosie,6
397=,Sharron,6
397=,Sheena,6
397=,Sheree,6
397=,Shiree,6
397=,Sylvia,6
397=,Tamara,6
397=,Theresa,6
397=,Yasmin,6
438=,Abby,5
438=,Aimi,5
438=,Amelia,5
438=,Anastasia,5
438=,Annemarie,5
438=,Annie,5
438=,Ashlie,5
438=,Billie,5
438=,Bridget,5
438=,Carol-Anne,5
438=,Carolann,5
438=,Carron,5
438=,Catrina,5
438=,Christy,5
438=,Clara,5
438=,Daniella,5
438=,Elena,5
438=,Emma-Louise,5
438=,Erika,5
438=,Holli,5
438=,Isobel,5
438=,Jennie,5
438=,Jilly,5
438=,Karine,5
438=,Karlyn,5
438=,Karyn,5
438=,Krystina,5
438=,Leann,5
438=,Leila,5
438=,Leoni,5
438=,Lesley-Anne,5
438=,Lynnette,5
438=,Madeleine,5
438=,May,5
438=,Meryl,5
438=,Nazia,5
438=,Nichole,5
438=,Nikita,5
438=,Rachelle,5
438=,Rosalind,5
438=,Samina,5
438=,Sharleen,5
438=,Shauna,5
438=,Shazia,5
438=,Shonagh,5
438=,Williamina,5
438=,Zena,5
485=,Agnes,4
485=,Aimie,4
485=,Ainslie,4
485=,Anneka,4
485=,Ariane,4
485=,Ashly,4
485=,Ayesha,4
485=,Bianca,4
485=,Bobbi,4
485=,Caley,4
485=,Cally,4
485=,Chantal,4
485=,Cherelle,4
485=,Ciara,4
485=,Corrine,4
485=,Daniela,4
485=,Debi,4
485=,Dyan,4
485=,Elissa,4
485=,Ella,4
485=,Eva,4
485=,Farah,4
485=,Gina,4
485=,Gwen,4
485=,Hailey,4
485=,Helena,4
485=,Ingrid,4
485=,Isabella,4
485=,Jackie,4
485=,Jaimie,4
485=,Janey,4
485=,Janie,4
485=,Jemima,4
485=,Jessie,4
485=,Jocelyn,4
485=,Julianne,4
485=,Kali,4
485=,Karly,4
485=,Kelli,4
485=,Kellyanne,4
485=,Kendall,4
485=,Kerryann,4
485=,Kezia,4
485=,Kiran,4
485=,Layla,4
485=,Leanna,4
485=,Lesley-Ann,4
485=,Liane,4
485=,Lora,4
485=,Loren,4
485=,Lucie,4
485=,Luisa,4
485=,Marina,4
485=,Marissa,4
485=,Marlene,4
485=,Maryam,4
485=,Melisa,4
485=,Mellissa,4
485=,Mhari,4
485=,Molly,4
485=,Monique,4
485=,Morna,4
485=,Nancy,4
485=,Natalia,4
485=,Nathalie,4
485=,Nora,4
485=,Rhian,4
485=,Rosa,4
485=,Sabina,4
485=,Sadie,4
485=,Sandi,4
485=,Sobia,4
485=,Sonya,4
485=,Stephenie,4
485=,Sue,4
485=,Susannah,4
485=,Vhari,4
485=,Whitney,4
485=,Zarah,4
485=,Zoey,4
565=,Adrienne,3
565=,Ailidh,3
565=,Aisling,3
565=,Aislinn,3
565=,Amanda-Jane,3
565=,Amii,3
565=,Amina,3
565=,Amna,3
565=,Angelina,3
565=,Arran,3
565=,Ashleen,3
565=,Asma,3
565=,Brooke,3
565=,Bushra,3
565=,Calley,3
565=,Callie,3
565=,Carlene,3
565=,Carol-Ann,3
565=,Caryn,3
565=,Carys,3
565=,Cecilia,3
565=,Ceilidh,3
565=,Charis,3
565=,Cheree,3
565=,Chiara,3
565=,Chyvonne,3
565=,Corinna,3
565=,Corrina,3
565=,Courtney,3
565=,Cristina,3
565=,Dara,3
565=,Darlene,3
565=,Davina,3
565=,Deirdre,3
565=,Donna-Marie,3
565=,Donnamarie,3
565=,Edwina,3
565=,Elana,3
565=,Elisa,3
565=,Elisha,3
565=,Eliza,3
565=,Ellen,3
565=,Eloise,3
565=,Emma-Jane,3
565=,Farhana,3
565=,Fozia,3
565=,Francine,3
565=,Freya,3
565=,Genna,3
565=,Georgie,3
565=,Imogen,3
565=,India,3
565=,Ishbel,3
565=,Jacqui,3
565=,Jamie-Lee,3
565=,Jasmin,3
565=,Jaye,3
565=,Jena,3
565=,Jenni,3
565=,Jo,3
565=,Jo-Anne,3
565=,Juliet,3
565=,Kareen,3
565=,Karla,3
565=,Karrie,3
565=,Katerina,3
565=,Kathlyn,3
565=,Keileigh,3
565=,Kerri-Anne,3
565=,Kerryanne,3
565=,Kiera,3
565=,Kiri,3
565=,Kirsti,3
565=,Kirstina,3
565=,Kirsty-Anne,3
565=,Kristie,3
565=,Kristine,3
565=,Krystle,3
565=,Kyla,3
565=,Lai,3
565=,Lauri,3
565=,Lia,3
565=,Liana,3
565=,Lindy,3
565=,Lindzi,3
565=,Lorne,3
565=,Lyndi,3
565=,Madiha,3
565=,Maggie,3
565=,Mandi,3
565=,Maree,3
565=,Meghan,3
565=,Melody,3
565=,Neelum,3
565=,Nicky,3
565=,Niki,3
565=,Nurul,3
565=,Poonam,3
565=,Priscilla,3
565=,Rae,3
565=,Rhianna,3
565=,Rhonda,3
565=,Ria,3
565=,Rita,3
565=,Roseanne,3
565=,Rosemarie,3
565=,Rowena,3
565=,Ruby,3
565=,Samira,3
565=,Sarah-Ann,3
565=,Sarahjane,3
565=,Sau,3
565=,Seema,3
565=,Shellie,3
565=,Sidra,3
565=,Simmone,3
565=,Siobhain,3
565=,Stella,3
565=,Suzanna,3
565=,Tabitha,3
565=,Tasneem,3
565=,Tracie,3
565=,Winifred,3
565=,Yee,3
565=,Yuen,3
565=,Yvette,3
691=,Aamna,2
691=,Abbie,2
691=,Adrianne,2
691=,Afton,2
691=,Alaina,2
691=,Alanah,2
691=,Alex,2
691=,Alina,2
691=,Alix,2
691=,Allanah,2
691=,Alma,2
691=,Alyssa,2
691=,Amanda-Jayne,2
691=,Amreen,2
691=,Amreet,2
691=,Aneliese,2
691=,Angelene,2
691=,Angelica,2
691=,Anika,2
691=,Anilla,2
691=,Anna-Marie,2
691=,Annabel,2
691=,Annabelle,2
691=,Annalisa,2
691=,Ariana,2
691=,Ashlee,2
691=,Ashlene,2
691=,Aynsleigh,2
691=,Aynsley,2
691=,Belinda,2
691=,Bethan,2
691=,Bethany,2
691=,Beverly,2
691=,Bobbie,2
691=,Bonnie,2
691=,Breda,2
691=,Briony,2
691=,Brodie,2
691=,Careen,2
691=,Carey,2
691=,Carine,2
691=,Carissa,2
691=,Carleen,2
691=,Carmen,2
691=,Carolina,2
691=,Carolynne,2
691=,Carrie-Anne,2
691=,Casey,2
691=,Catharine,2
691=,Cathie,2
691=,Cathryn,2
691=,Catrin,2
691=,Chantell,2
691=,Charise,2
691=,Charleen,2
691=,Charley,2
691=,Charlie,2
691=,Chelsie,2
691=,Cherise,2
691=,Chi,2
691=,Christianna,2
691=,Cindy,2
691=,Claire-Louise,2
691=,Clementine,2
691=,Constance,2
691=,Cora,2
691=,Corina,2
691=,Corrie,2
691=,Corrinne,2
691=,Danika,2
691=,Danna,2
691=,Debby,2
691=,Debora,2
691=,Edna,2
691=,Elaina,2
691=,Elise,2
691=,Emmalouise,2
691=,Eveline,2
691=,Faith,2
691=,Farzana,2
691=,Freda,2
691=,Gael,2
691=,Gena,2
691=,Genevieve,2
691=,Georgette,2
691=,Gill,2
691=,Hebah,2
691=,Hinna,2
691=,Ilona,2
691=,Iram,2
691=,Irena,2
691=,Jacklyn,2
691=,Jacquelyn,2
691=,Jaimi,2
691=,James,2
691=,Jayde,2
691=,Jeni,2
691=,Jennafer,2
691=,Jo-Ann,2
691=,Joann,2
691=,Johanne,2
691=,Jordanna,2
691=,Josslyn,2
691=,Kadie,2
691=,Kady,2
691=,Kaighley,2
691=,Kara-Jane,2
691=,Karena,2
691=,Karis,2
691=,Karlene,2
691=,Kasia,2
691=,Kathrine,2
691=,Kaylee,2
691=,Kayliegh,2
691=,Keri-Anne,2
691=,Kerrianne,2
691=,Keryn,2
691=,Kira,2
691=,Kris,2
691=,Krista,2
691=,Kristeen,2
691=,Kristin,2
691=,Kulwinder,2
691=,Kyra,2
691=,Kyrie,2
691=,Laine,2
691=,Larah,2
691=,Laura-Jane,2
691=,Laurah,2
691=,Layna,2
691=,Leisa,2
691=,Leonne,2
691=,Lianna,2
691=,Lilian,2
691=,Linzie,2
691=,Loraine,2
691=,Louise-Anne,2
691=,Lucia,2
691=,Lydia,2
691=,Lynnsay,2
691=,Lynzi,2
691=,Lynzie,2
691=,Madeline,2
691=,Maha,2
691=,Mairead,2
691=,Maja,2
691=,Mara,2
691=,Marcelle,2
691=,Marcia,2
691=,Margo,2
691=,Marie-Clare,2
691=,Marjorie,2
691=,Marna,2
691=,Martina,2
691=,Mary-Anne,2
691=,Maryann,2
691=,Maura,2
691=,Mehreen,2
691=,Mei,2
691=,Meriel,2
691=,Mhari-Claire,2
691=,Morvyn,2
691=,Morwenna,2
691=,Moya,2
691=,Nabila,2
691=,Nafeesa,2
691=,Nafisa,2
691=,Naima,2
691=,Nanette,2
691=,Nastassja,2
691=,Natassia,2
691=,Nia,2
691=,Nicki,2
691=,Nicol,2
691=,Norma,2
691=,Nur,2
691=,Nyla,2
691=,Odelle,2
691=,Penelope,2
691=,Phyllis,2
691=,Po,2
691=,Polly,2
691=,Poppy,2
691=,Rabia,2
691=,Reay,2
691=,Rebbecca,2
691=,Rebekka,2
691=,Rhia,2
691=,Rhoda,2
691=,Rianne,2
691=,Romana,2
691=,Rosalie,2
691=,Rosaline,2
691=,Roseann,2
691=,Roseleen,2
691=,Roshni,2
691=,Rosina,2
691=,Roxan,2
691=,Roxana,2
691=,Ruksana,2
691=,Saadia,2
691=,Sacha,2
691=,Saira,2
691=,Salma,2
691=,Samantha-Jo,2
691=,Samera,2
691=,Samia,2
691=,Samiya,2
691=,Sana,2
691=,Sandeep,2
691=,Sarah-Jayne,2
691=,Sarrah,2
691=,Shahnaz,2
691=,Shanon,2
691=,Shari,2
691=,Sharyn,2
691=,Shelagh,2
691=,Shelley-Anne,2
691=,Shelly,2
691=,Shenaz,2
691=,Sheona,2
691=,Shereen,2
691=,Shevonne,2
691=,Shirley-Anne,2
691=,Sin,2
691=,Siobhann,2
691=,Siti,2
691=,Sofia,2
691=,Sonja,2
691=,Soraya,2
691=,Staci,2
691=,Stevi,2
691=,Stevie,2
691=,Stroma,2
691=,Sumayyah,2
691=,Suzan,2
691=,Suzannah,2
691=,Suzy,2
691=,Tahlia,2
691=,Tahnee,2
691=,Tammi,2
691=,Tammie,2
691=,Tamsin,2
691=,Tana,2
691=,Tarra,2
691=,Tasniem,2
691=,Tegan,2
691=,Terrie,2
691=,Terry,2
691=,Tia,2
691=,Traci,2
691=,Tracy-Anne,2
691=,Tuesday,2
691=,Vairi,2
691=,Vickie,2
691=,Virginia,2
691=,Vivien,2
691=,Wing,2
691=,Winnie,2
691=,Yolanda,2
691=,Zainab,2
952=,Aaksaa,1
952=,Aaron,1
952=,Aarron,1
952=,Aasia,1
952=,Abeer,1
952=,Abir,1
952=,Adara,1
952=,Adeela,1
952=,Adeline,1
952=,Adeola,1
952=,Adilah,1
952=,Adriana,1
952=,Afia,1
952=,Afiya,1
952=,Afra,1
952=,Afsha,1
952=,Aida,1
952=,Aidan,1
952=,Ailish,1
952=,Ainsleigh,1
952=,Airne,1
952=,Aishah,1
952=,Aisleen,1
952=,Alana-Rose,1
952=,Alania,1
952=,Alannagh,1
952=,Alecia,1
952=,Alesha,1
952=,Alethea,1
952=,Alexandrina,1
952=,Alexena,1
952=,Alexia,1
952=,Alexine,1
952=,Alexis-Anne,1
952=,Alexy,1
952=,Aleysha,1
952=,Alia,1
952=,Aliceanne,1
952=,Alicen,1
952=,Alisa,1
952=,Alissa,1
952=,Aliyah,1
952=,Alla,1
952=,Almas,1
952=,Alyce,1
952=,Amalie,1
952=,Amani,1
952=,Amanjeet,1
952=,Amarens,1
952=,Amarinder,1
952=,Amberly,1
952=,Ameera,1
952=,Amelia-Ann,1
952=,Amelie,1
952=,Amey,1
952=,Ami-Jane,1
952=,Ami-Jo,1
952=,Amica,1
952=,Ammanda,1
952=,Ammie,1
952=,Amra,1
952=,Amy-Danielle,1
952=,Amy-Leah,1
952=,Ana,1
952=,Analeise,1
952=,Andayani,1
952=,Andrena,1
952=,Andria,1
952=,Aneela,1
952=,Aneeqa,1
952=,Aneesa,1
952=,Anelise,1
952=,Anette,1
952=,Angele,1
952=,Angeline,1
952=,Angelliki,1
952=,Angharad,1
952=,Anisa,1
952=,Anissa,1
952=,Anjela,1
952=,Anjuli,1
952=,Anjuman,1
952=,Annabell,1
952=,Anne-Laure,1
952=,Anne-Louise,1
952=,Anne-Maree,1
952=,Anneke,1
952=,Annelee,1
952=,Anngeline,1
952=,Annilah,1
952=,Annissia,1
952=,Anouska,1
952=,Ansa,1
952=,Anthea,1
952=,Antoinette,1
952=,Antonette,1
952=,Antonnia,1
952=,Anusha,1
952=,Anya,1
952=,Aoibheann,1
952=,Archna,1
952=,Ardelle,1
952=,Areasha,1
952=,Areej,1
952=,Arifa,1
952=,Arlayne,1
952=,Arleen,1
952=,Arline,1
952=,Arooj,1
952=,Arthi,1
952=,Aruna,1
952=,Arushi,1
952=,Asfa,1
952=,Ashiyah,1
952=,Ashlay,1
952=,Ashley-Anne,1
952=,Ashley-Jane,1
952=,Ashley-Jay,1
952=,Ashma,1
952=,Asia,1
952=,Asima,1
952=,Asmah,1
952=,Astra,1
952=,Atara,1
952=,Atieh,1
952=,Atiqa,1
952=,Atiya,1
952=,Aumee,1
952=,Avalienne,1
952=,Avalon,1
952=,Avital,1
952=,Awrena,1
952=,Ayla,1
952=,Aylie,1
952=,Aylin,1
952=,Aymee,1
952=,Aynslie,1
952=,Ayshia,1
952=,Azad,1
952=,Azaisma,1
952=,Azcha,1
952=,Azia,1
952=,Baian,1
952=,Balinder,1
952=,Balpreet,1
952=,Beata,1
952=,Beba,1
952=,Becky,1
952=,Bella,1
952=,Benita,1
952=,Bernadine,1
952=,Bettina,1
952=,Betty,1
952=,Bik,1
952=,Billie-Jane,1
952=,Billie-Jean,1
952=,Billie-Jo,1
952=,Bininder,1
952=,Blair,1
952=,Blaire,1
952=,Blanche,1
952=,Blane,1
952=,Bonita,1
952=,Bozena,1
952=,Breeze,1
952=,Briana,1
952=,Brigid,1
952=,Brittney,1
952=,Brogan,1
952=,Bronagh,1
952=,Brydon,1
952=,Btisam,1
952=,Bushrah,1
952=,Cadell,1
952=,Cadenza,1
952=,Cady,1
952=,Caireen,1
952=,Cairistiona,1
952=,Cairn,1
952=,Cait,1
952=,Caitlinn,1
952=,Calae,1
952=,Calaidh,1
952=,Callam,1
952=,Camellia,1
952=,Camrie,1
952=,Candace,1
952=,Candi,1
952=,Cara-Lee,1
952=,Caragh,1
952=,Caralena,1
952=,Caren,1
952=,Carley-Anne,1
952=,Carli,1
952=,Carlie,1
952=,Carlin,1
952=,Carling,1
952=,Carlyn,1
952=,Carlynn,1
952=,Carmain,1
952=,Carolyne,1
952=,Caron,1
952=,Carra,1
952=,Carri,1
952=,Carriena,1
952=,Carrina,1
952=,Cary,1
952=,Casandra,1
952=,Cassey,1
952=,Catherine-Anne,1
952=,Cathrine,1
952=,Cathy,1
952=,Catronia,1
952=,Cavell,1
952=,Cavelle,1
952=,Cayleigh-May,1
952=,Cearis,1
952=,Cecilia-Anne,1
952=,Ceildih,1
952=,Ceiledh,1
952=,Ceire,1
952=,Celeine,1
952=,Celise,1
952=,Ceporah,1
952=,Ceri,1
952=,Cerian,1
952=,Chalwe,1
952=,Chanael,1
952=,Chanel,1
952=,Chantale,1
952=,Chantel,1
952=,Charissa,1
952=,Charlee,1
952=,Charmain,1
952=,Charmane,1
952=,Charolette,1
952=,Charrissa,1
952=,Chavell,1
952=,Chaya,1
952=,Chee,1
952=,Chelsey,1
952=,Cher,1
952=,Cheri,1
952=,Cherice,1
952=,Cherisse,1
952=,Cherith,1
952=,Cherlene,1
952=,Cherrelle,1
952=,Cheryl-Ann,1
952=,Cheryl-Anne,1
952=,Cheryle,1
952=,Chevaughn,1
952=,Chiarina,1
952=,Chirsty,1
952=,Chisato,1
952=,Cho,1
952=,Chriseva,1
952=,Chrismar,1
952=,Christian,1
952=,Christianne,1
952=,Christina-Louis,1
952=,Christine-Anne,1
952=,Chyrelle,1
952=,Ciaran,1
952=,Cicely,1
952=,Cin,1
952=,Ciorsdan,1
952=,Claire-Marie,1
952=,Clare-Louise,1
952=,Clarissa,1
952=,Claudette,1
952=,Claudia,1
952=,Clayre,1
952=,Cleo,1
952=,Cliane,1
952=,Cliona,1
952=,Colaine,1
952=,Connor,1
952=,Coral,1
952=,Coralie,1
952=,Coreen,1
952=,Corene,1
952=,Corienne,1
952=,Corri,1
952=,Corvette,1
952=,Cory,1
952=,Cyndi,1
952=,Dacia,1
952=,Dale,1
952=,Dallas,1
952=,Dana-Leigh,1
952=,Danaka,1
952=,Danalyn,1
952=,Daneka,1
952=,Danelle,1
952=,Dania,1
952=,Danyell,1
952=,Danyelle,1
952=,Davaar,1
952=,Davida,1
952=,Dawn-Marie,1
952=,Dawna,1
952=,Dawnne,1
952=,Dayle,1
952=,Dayna,1
952=,Deann,1
952=,Deanne,1
952=,Debashree,1
952=,Debbie-Lea,1
952=,Debbie-Leah,1
952=,Debbie-Louise,1
952=,Dee-Anne,1
952=,Deeann,1
952=,Deeonne,1
952=,Delane,1
952=,Delli,1
952=,Delzeta,1
952=,Denice,1
952=,Denni,1
952=,Denyse,1
952=,Derlene,1
952=,Derryn,1
952=,Deryn,1
952=,Devika,1
952=,Dhuha,1
952=,Diahann,1
952=,Dianna,1
952=,Dina,1
952=,Dinushriya,1
952=,Dixie,1
952=,Djamila,1
952=,Dolina,1
952=,Domenica,1
952=,Dominee,1
952=,Domini,1
952=,Dona,1
952=,Donelda,1
952=,Donella,1
952=,Donmarie,1
952=,Donna-Anne,1
952=,Donna-Maria,1
952=,Donna-May,1
952=,Donnella,1
952=,Dustien,1
952=,Earim,1
952=,Ebony,1
952=,Edel,1
952=,Eeva,1
952=,Effie,1
952=,Eilah,1
952=,Eilidhiona,1
952=,Eiligh,1
952=,Eilish,1
952=,Eiman,1
952=,Elaine-Anne,1
952=,Elane,1
952=,Elayna,1
952=,Elayne,1
952=,Eleanore,1
952=,Eleni,1
952=,Elesa,1
952=,Elexa,1
952=,Elidh,1
952=,Elinda,1
952=,Elizabeth-Anne,1
952=,Elizabethann,1
952=,Ellanna,1
952=,Ellice,1
952=,Ellie,1
952=,Ellona,1
952=,Elma,1
952=,Elodie,1
952=,Elouisa,1
952=,Elsa,1
952=,Elsie,1
952=,Elyse,1
952=,Eman,1
952=,Emel,1
952=,Emelia,1
952=,Emilia,1
952=,Emilie,1
952=,Emma-Jayne,1
952=,Emma-Jean,1
952=,Emma-Jo,1
952=,Emmylou,1
952=,Enrica-Maria,1
952=,Erezi,1
952=,Erin-Marie,1
952=,Erinn,1
952=,Erinne,1
952=,Ermeone,1
952=,Eryn,1
952=,Esijolomi,1
952=,Estelle,1
952=,Ester,1
952=,Etna,1
952=,Euphemia,1
952=,Evette,1
952=,Evie,1
952=,Evonne,1
952=,Faaiza,1
952=,Fahmida,1
952=,Fairhat,1
952=,Fallen,1
952=,Farena,1
952=,Farhat,1
952=,Farima,1
952=,Farr,1
952=,Farrah,1
952=,Farryn,1
952=,Fatima,1
952=,Fatimah,1
952=,Fatma,1
952=,Fauve,1
952=,Fawzia,1
952=,Fay,1
952=,Fayesda,1
952=,Feonagh,1
952=,Fharjana,1
952=,Fiaza,1
952=,Finla,1
952=,Finola,1
952=,Fiona-Jane,1
952=,Fionnuala,1
952=,Firoza,1
952=,Fizzah,1
952=,Fleur,1
952=,Fraya,1
952=,Freha,1
952=,Freyja,1
952=,Fyza,1
952=,Gabriella,1
952=,Gabrielle,1
952=,Gamilla,1
952=,Gargi,1
952=,Gayatri,1
952=,Gayna,1
952=,Geeta,1
952=,Gelis,1
952=,Gemma-Louise,1
952=,Gertrude,1
952=,Ghadier,1
952=,Ghulam,1
952=,Gilly,1
952=,Gioia,1
952=,Giorgia,1
952=,Giorgina,1
952=,Giovanna,1
952=,Gordean,1
952=,Goulshin,1
952=,Gracie,1
952=,Grania,1
952=,Greer,1
952=,Greta,1
952=,Gurnam,1
952=,Gurpreet,1
952=,Gurwinder,1
952=,Gwendolyn,1
952=,Gwendolyne,1
952=,Hadel,1
952=,Hafidzahtol,1
952=,Hafsah,1
952=,Haidee,1
952=,Hajera,1
952=,Hajra,1
952=,Hala,1
952=,Halah,1
952=,Halina,1
952=,Hameera,1
952=,Hanna,1
952=,Hannah-Rose,1
952=,Hanne,1
952=,Haram,1
952=,Harveer,1
952=,Hasiem,1
952=,Hazelann,1
952=,Heather-Dawn,1
952=,Heathyre,1
952=,Helane,1
952=,Hellena,1
952=,Hemara,1
952=,Henrieka,1
952=,Henrietta,1
952=,Hetanshi,1
952=,Hildigunnur,1
952=,Hina,1
952=,Honor,1
952=,Honour,1
952=,Huda,1
952=,Humaira,1
952=,Hussna,1
952=,Hyun-Soo,1
952=,Ida,1
952=,Ifeoma,1
952=,Illana,1
952=,Imama,1
952=,Iman,1
952=,Inas,1
952=,Innes,1
952=,Irfana,1
952=,Irma,1
952=,Isaan,1
952=,Ishah,1
952=,Isla-Dawn,1
952=,Islean,1
952=,Ita,1
952=,Jacalyn,1
952=,Jackaleen,1
952=,Jaclynn,1
952=,Jacqualine,1
952=,Jacqualyn,1
952=,Jacquelynn,1
952=,Jacquie,1
952=,Jaki,1
952=,Jalan,1
952=,Jamerie,1
952=,Jamie-Lea,1
952=,Jamie-Louise,1
952=,Jana,1
952=,Janan,1
952=,Janelle,1
952=,Janene,1
952=,Janina,1
952=,Janis,1
952=,Janna,1
952=,Janne,1
952=,Jannette,1
952=,Jannicke,1
952=,Jannine,1
952=,Janthea,1
952=,Jaoe,1
952=,Jaqualyn,1
952=,Jaqueline,1
952=,Jardean,1
952=,Jasbinder,1
952=,Jasleen,1
952=,Jasvinder,1
952=,Jaymie,1
952=,Jeananne,1
952=,Jeanine,1
952=,Jeanna,1
952=,Jeanne,1
952=,Jeanne-Marie,1
952=,Jeannie,1
952=,Jema,1
952=,Jeniffer,1
952=,Jennifer-Marie,1
952=,Jer-Hing,1
952=,Jerri,1
952=,Jerry,1
952=,Jess,1
952=,Jessalin,1
952=,Jhody,1
952=,Jilli,1
952=,Jinanne,1
952=,Jo-Anna,1
952=,Jodi-Lee,1
952=,Joe-Anne,1
952=,Joelle,1
952=,Joelyn,1
952=,Johan,1
952=,John,1
952=,Jolaine,1
952=,Joleen,1
952=,Joo,1
952=,Jordana,1
952=,Jordanne,1
952=,Jorden,1
952=,Josalin,1
952=,Josephine-Anne,1
952=,Josie,1
952=,Joyeeta,1
952=,Judi,1
952=,Juleigh,1
952=,Juliana,1
952=,Julie-Marie,1
952=,Julieann,1
952=,Julieanne,1
952=,Juliette,1
952=,Justeen,1
952=,Jyneen,1
952=,Ka,1
952=,Kaarina,1
952=,Kaelay,1
952=,Kaeleigh,1
952=,Kaelen,1
952=,Kailie,1
952=,Kaiyliegh,1
952=,Kaleidh,1
952=,Kaleigh,1
952=,Kaley,1
952=,Kaliegh-Ann,1
952=,Kallie,1
952=,Kalsoom,1
952=,Kanwal,1
952=,Karan,1
952=,Karen-Louise,1
952=,Karene,1
952=,Kari,1
952=,Kari-Anne,1
952=,Kari-Lee,1
952=,Kariann,1
952=,Karianne,1
952=,Karishma,1
952=,Karli,1
952=,Karlie,1
952=,Karole,1
952=,Karon,1
952=,Karran,1
952=,Karri,1
952=,Karrie-Anne,1
952=,Kasha,1
952=,Kashana,1
952=,Kassandra,1
952=,Kassilyn,1
952=,Katarina,1
952=,Katarzyna,1
952=,Katayun,1
952=,Katelyn,1
952=,Katerin,1
952=,Kathaleen,1
952=,Katharin,1
952=,Katheine,1
952=,Kathmar,1
952=,Kathreen,1
952=,Kathrin,1
952=,Kathy,1
952=,Katie-Jo,1
952=,Katie-Louise,1
952=,Katja,1
952=,Katrien,1
952=,Katrina-Anne,1
952=,Kay-Leigh,1
952=,Kaya,1
952=,Kayda,1
952=,Kayla,1
952=,Kaylea,1
952=,Kaylin,1
952=,Kayren,1
952=,Kayrene,1
952=,Kayrin,1
952=,Kazandra,1
952=,Kehkkshan,1
952=,Keighleigh,1
952=,Keighly,1
952=,Keira-Jane,1
952=,Keirda,1
952=,Keisha,1
952=,Kelcy,1
952=,Keleigh,1
952=,Kelle-Marie,1
952=,Kellianne,1
952=,Kellieann,1
952=,Kelly-Jane,1
952=,Kelly-Janene,1
952=,Keloli,1
952=,Kelsay,1
952=,Kemma,1
952=,Kendal,1
952=,Kendra,1
952=,Kenna,1
952=,Keren,1
952=,Kerey,1
952=,Keriann,1
952=,Kerin,1
952=,Kerrae,1
952=,Kerrelee,1
952=,Kerrena,1
952=,Kerrin,1
952=,Kerris,1
952=,Kerry-Leigh,1
952=,Kessia,1
952=,Khadiza,1
952=,Khalida,1
952=,Khar,1
952=,Kharis,1
952=,Khatun,1
952=,Kheri,1
952=,Khiya,1
952=,Kialisa,1
952=,Kieghly,1
952=,Kierian,1
952=,Kileen,1
952=,Kimberely,1
952=,Kimberlee,1
952=,Kimberleigh,1
952=,Kimberley-Louis,1
952=,Kiranjit,1
952=,Kiristi,1
952=,Kirn,1
952=,Kirstan,1
952=,Kirstanne,1
952=,Kirstien,1
952=,Kirsty-Ann,1
952=,Kirstyanne,1
952=,Klayr,1
952=,Korin,1
952=,Korrin,1
952=,Kosar,1
952=,Kristan,1
952=,Kristel,1
952=,Kristen,1
952=,Kristi,1
952=,Krysta,1
952=,Krystal,1
952=,Krysty,1
952=,Kulsoom,1
952=,Kursty,1
952=,Kussar,1
952=,Kwan,1
952=,Kyhberly,1
952=,Kylaigh,1
952=,Kyle,1
952=,Kylea,1
952=,Kym,1
952=,Kymberley,1
952=,Kyrsten,1
952=,Kythie,1
952=,Lachelle,1
952=,Lacy,1
952=,Lahnna,1
952=,Lam,1
952=,Lanagh,1
952=,Lanna,1
952=,Lara-Liisa,1
952=,Laura-Anne,1
952=,Laura-Jayne,1
952=,Laura-Jo,1
952=,Lauranicole,1
952=,Laureen,1
952=,Laurette,1
952=,Laurie-Anne,1
952=,Laurissa,1
952=,Lauryn,1
952=,Lavinia,1
952=,Lawrie,1
952=,Layiaka,1
952=,Layne,1
952=,Le,1
952=,Lea-Anne,1
952=,Leane,1
952=,Leasa,1
952=,Lecia,1
952=,Leeanna,1
952=,Leianna,1
952=,Leighan,1
952=,Leilah,1
952=,Lena,1
952=,Leole,1
952=,Leona-Jayne,1
952=,Leonesse,1
952=,Leonna,1
952=,Leonni,1
952=,Leonora,1
952=,Lesa,1
952=,Lesleyanne,1
952=,Leslie,1
952=,Letitia,1
952=,Leyla,1
952=,Lian,1
952=,Liann,1
952=,Liath,1
952=,Liela,1
952=,Liesl,1
952=,Lilamrta,1
952=,Lillian,1
952=,Lillias,1
952=,Limara,1
952=,Lin,1
952=,Linda-Ann,1
952=,Lindsey-Amanda,1
952=,Lindsie-Anne,1
952=,Lindsy,1
952=,Ling-Ling,1
952=,Linley,1
952=,Linn,1
952=,Linzy,1
952=,Lisa-Jane,1
952=,Lisa-May,1
952=,Lissa,1
952=,Lita,1
952=,Liusadh,1
952=,Lizann,1
952=,Lmya,1
952=,Loma,1
952=,Lorayne,1
952=,Loreen,1
952=,Loretta,1
952=,Lorien,1
952=,Lorilee,1
952=,Lorin,1
952=,Lornne,1
952=,Lorre,1
952=,Lorren,1
952=,Lorri,1
952=,Louisa-Kim,1
952=,Louise-Marie,1
952=,Lourinda,1
952=,Lubna,1
952=,Luciana,1
952=,Lucie-Ann,1
952=,Lucilla,1
952=,Lucine,1
952=,Lucyanna,1
952=,Luiza,1
952=,Lyanne,1
952=,Lyndee,1
952=,Lynden-Anne,1
952=,Lynn-Stephanie,1
952=,Lynndzy,1
952=,Lynne-Anne,1
952=,Lynnsey,1
952=,Lynsey-Marie,1
952=,Maarya,1
952=,Machelle,1
952=,Maddie,1
952=,Madeha,1
952=,Madeirra,1
952=,Madelyn,1
952=,Madelynne,1
952=,Madison,1
952=,Mae,1
952=,Maeghan,1
952=,Maeke,1
952=,Maeve,1
952=,Mafalda,1
952=,Mahmona,1
952=,Mahri,1
952=,Mahtab,1
952=,Maihnaz,1
952=,Maire,1
952=,Maitri,1
952=,Makhela,1
952=,Malin,1
952=,Malishia,1
952=,Mallissa,1
952=,Manda,1
952=,Mandeep,1
952=,Mandie,1
952=,Mandip,1
952=,Manjit,1
952=,Marah,1
952=,Marcella,1
952=,Maressa-Ann,1
952=,Maretta,1
952=,Margaret-Anne,1
952=,Margaret-Jane,1
952=,Margarita,1
952=,Margie,1
952=,Margot,1
952=,Marguerite,1
952=,Mari-Anne,1
952=,Mari-Clare,1
952=,Maria-Anne,1
952=,Mariam,1
952=,Mariann,1
952=,Marianna,1
952=,Mariclair,1
952=,Marie-Claire,1
952=,Marie-Elizabeth,1
952=,Marie-Louise,1
952=,Marie-Therese,1
952=,Marieha,1
952=,Marieke,1
952=,Mariesa,1
952=,Marisia,1
952=,Marita,1
952=,Mariyia,1
952=,Marja,1
952=,Marjory,1
952=,Marley,1
952=,Marlyn,1
952=,Marrian,1
952=,Marrisa,1
952=,Marsaili,1
952=,Marsali,1
952=,Marsieh,1
952=,Marta,1
952=,Martessa,1
952=,Maruschka,1
952=,Marwah,1
952=,Mary-Elizabeth,1
952=,Mary-Jane,1
952=,Mary-Laura,1
952=,Maryanne,1
952=,Mashaal,1
952=,Mashael,1
952=,Massadoh,1
952=,Matilda,1
952=,Maud,1
952=,Maya,1
952=,Mays,1
952=,Meaghan,1
952=,Meena,1
952=,Megen,1
952=,Meggin,1
952=,Meghann,1
952=,Mehak,1
952=,Mehmoona,1
952=,Mehnaz,1
952=,Mehrene,1
952=,Mehwish,1
952=,Melanie-Grace,1
952=,Melina,1
952=,Mellisa,1
952=,Melony,1
952=,Melshean,1
952=,Mema-Louise,1
952=,Merav,1
952=,Mercedes,1
952=,Merran,1
952=,Meshelle,1
952=,Mha,1
952=,Mhairi-Michelle,1
952=,Mharhi,1
952=,Mia,1
952=,Michaella,1
952=,Mikala,1
952=,Mikela,1
952=,Mila,1
952=,Milena,1
952=,Milissa,1
952=,Millisa,1
952=,Millissa,1
952=,Minerva,1
952=,Minnie,1
952=,Minoo,1
952=,Mishka-Siobhan,1
952=,Misti,1
952=,Mitali,1
952=,Mohammad,1
952=,Moheeqa,1
952=,Momina,1
952=,Monica-Therese,1
952=,Morena,1
952=,Morgana,1
952=,Morvern,1
952=,Mubishereen,1
952=,Munaza,1
952=,Mundanna,1
952=,Muneeba,1
952=,Muqaddas,1
952=,Murshidah,1
952=,Musrat,1
952=,My,1
952=,Mymoonah,1
952=,Myska,1
952=,Nada,1
952=,Nadaline,1
952=,Nadean,1
952=,Nadera,1
952=,Nafeeza,1
952=,Nafesa,1
952=,Naidean,1
952=,Naila,1
952=,Nailaa,1
952=,Naimi,1
952=,Naiomi,1
952=,Najia,1
952=,Najmul,1
952=,Najwa,1
952=,Naki,1
952=,Nana,1
952=,Naomei,1
952=,Naomi-Sue,1
952=,Narissa,1
952=,Nasibah,1
952=,Natalea,1
952=,Natalee,1
952=,Natali,1
952=,Natalie-Louise,1
952=,Natasha-Ann,1
952=,Natasha-Rass,1
952=,Natassja,1
952=,Nathia,1
952=,Natilie,1
952=,Nattasha,1
952=,Navenka,1
952=,Navpreet,1
952=,Naweida,1
952=,Nayla,1
952=,Nazaneen,1
952=,Nazatul,1
952=,Nazrah,1
952=,Necole,1
952=,Neessa,1
952=,Neicole,1
952=,Nekisha,1
952=,Nekole,1
952=,Nelam,1
952=,Netta,1
952=,Neysa,1
952=,Nezahat,1
952=,Niamh,1
952=,Nicci,1
952=,Nichita,1
952=,Nickie,1
952=,Nicola-Ann,1
952=,Nicola-Jayne,1
952=,Nicolina,1
952=,Nicolle,1
952=,Nidaa,1
952=,Niketa,1
952=,Nikitta,1
952=,Nikki'jo,1
952=,Nikki-Lee,1
952=,Nikole,1
952=,Nimra,1
952=,Nioma,1
952=,Niomi,1
952=,Niquita,1
952=,Nitasha,1
952=,Nkechinyelu,1
952=,Nnenna,1
952=,Noelle,1
952=,Noor,1
952=,Noor-Ul-Ane,1
952=,Norasfiya,1
952=,Noreen,1
952=,Norelle,1
952=,Nourelhoda,1
952=,Noyon,1
952=,Nuala,1
952=,Nurfazila,1
952=,Nushrat,1
952=,Nusrat,1
952=,Nuurul,1
952=,Nylia,1
952=,Nymara,1
952=,Nyree,1
952=,Obiorkor,1
952=,Odette,1
952=,Oenone,1
952=,Olubunmi,1
952=,Onaine,1
952=,Onize,1
952=,Onkar,1
952=,Oriana,1
952=,Orla,1
952=,Oyenike,1
952=,Ozma,1
952=,Paramjit,1
952=,Pardeep,1
952=,Parminder,1
952=,Patsy,1
952=,Paula-Jane,1
952=,Pearl,1
952=,Pei,1
952=,Permjit,1
952=,Philippa-Jane,1
952=,Philomena,1
952=,Phylicia,1
952=,Pippa,1
952=,Pirmjot,1
952=,Pooja,1
952=,Prabha,1
952=,Preea,1
952=,Preeti,1
952=,Princess,1
952=,Prubjhote,1
952=,Pui,1
952=,Qasimah,1
952=,Qatr,1
952=,Quanisha,1
952=,Qurat-Ul-Ain,1
952=,Rabail,1
952=,Rabhia,1
952=,Rabiya,1
952=,Rachana,1
952=,Radha,1
952=,Raghad,1
952=,Raheela,1
952=,Rahet,1
952=,Rahiq,1
952=,Raisam,1
952=,Rajdeep,1
952=,Rajdip,1
952=,Rajkiran,1
952=,Rajneet,1
952=,Rajni,1
952=,Rajpreet,1
952=,Rajvinder,1
952=,Rajwinder,1
952=,Ramanjit,1
952=,Ramiya,1
952=,Rana,1
952=,Raven,1
952=,Ravinder,1
952=,Ray,1
952=,Rayah,1
952=,Rayleen,1
952=,Razeena,1
952=,Rea,1
952=,Reagan,1
952=,Rebeccah,1
952=,Rebeckah,1
952=,Reena,1
952=,Reiche,1
952=,Rekha,1
952=,Renee,1
952=,Reta,1
952=,Reyhanna,1
952=,Rhanna,1
952=,Rhiana,1
952=,Rhianon,1
952=,Ria-Michelle,1
952=,Riah,1
952=,Richelle,1
952=,Rie,1
952=,Rikki,1
952=,Riona,1
952=,Rizwanah,1
952=,Roa,1
952=,Roanna,1
952=,Roanne,1
952=,Robin,1
952=,Robina,1
952=,Roia,1
952=,Roma,1
952=,Romey,1
952=,Ronan,1
952=,Rosalee,1
952=,Rosaleen,1
952=,Rosamund,1
952=,Rosan,1
952=,Rose-Marie,1
952=,Roshean,1
952=,Roslin,1
952=,Roslynn,1
952=,Rowenna,1
952=,Rowyda,1
952=,Roxane,1
952=,Roya,1
952=,Rozalyn,1
952=,Rozanne,1
952=,Rozelle,1
952=,Rozlynn,1
952=,Rubeena,1
952=,Rubhi,1
952=,Rubina,1
952=,Ruchika,1
952=,Rukhsana,1
952=,Ruksane,1
952=,Ruya,1
952=,Saba,1
952=,Sabaah,1
952=,Sabahat,1
952=,Sabeya,1
952=,Saci,1
952=,Sade,1
952=,Sadhia,1
952=,Sadye,1
952=,Safeera,1
952=,Sahera,1
952=,Sahida,1
952=,Saibah,1
952=,Saima,1
952=,Saimatu,1
952=,Sairah,1
952=,Sajada,1
952=,Sally-Ann,1
952=,Saly,1
952=,Sam,1
952=,Samaira,1
952=,Samatha,1
952=,Sameeha,1
952=,Sameena,1
952=,Sameera,1
952=,Samena,1
952=,Samerah,1
952=,Sammantha,1
952=,Sammy,1
952=,Sanah,1
952=,Sanccia,1
952=,Sandra-Ann,1
952=,Sandra-Anne,1
952=,Sandy,1
952=,Sania,1
952=,Sanna,1
952=,Santina,1
952=,Santosh,1
952=,Saoirse,1
952=,Sapna,1
952=,Sapphire,1
952=,Sara-Anne,1
952=,Sara-Jayne,1
952=,Sara-Michelle,1
952=,Sarah-Lea,1
952=,Sarah-Lee,1
952=,Sarah-Louise,1
952=,Sarahlee,1
952=,Saraid-Jane,1
952=,Saranjeet,1
952=,Sarina,1
952=,Sarra,1
952=,Sascha,1
952=,Saskia,1
952=,Saubia,1
952=,Savanna,1
952=,Sayedah,1
952=,Sayima,1
952=,Scarlett,1
952=,Scye,1
952=,Seanade,1
952=,See,1
952=,Seher,1
952=,Selene,1
952=,Semma,1
952=,Sena,1
952=,Senga,1
952=,Seona,1
952=,Seonaidh,1
952=,Serona,1
952=,Shaasta,1
952=,Shabina,1
952=,Shadaya,1
952=,Shade,1
952=,Shadine,1
952=,Shaeleen,1
952=,Shahida,1
952=,Shakeela,1
952=,Shalena,1
952=,Shalene,1
952=,Shalina,1
952=,Shamila,1
952=,Shamshad,1
952=,Shamyla,1
952=,Shan,1
952=,Shanann,1
952=,Shaneen,1
952=,Shanelle,1
952=,Shaney,1
952=,Shanna,1
952=,Shannah,1
952=,Shannen,1
952=,Shapla,1
952=,Shara,1
952=,Sharday,1
952=,Sharee,1
952=,Sharelle,1
952=,Sharene,1
952=,Sharifa,1
952=,Sharlenne,1
952=,Sharmila,1
952=,Sharriena,1
952=,Shaunna,1
952=,Shawn,1
952=,Shawna,1
952=,Shawndelle,1
952=,Shayka,1
952=,Shazameen,1
952=,Shazeaa,1
952=,Shaziya,1
952=,Sheba,1
952=,Sheelagh,1
952=,Sheenette,1
952=,Sheetal,1
952=,Sheghley,1
952=,Shelaine,1
952=,Shelby,1
952=,Shelli,1
952=,Shena,1
952=,Sheonagh,1
952=,Sher,1
952=,Sherelle,1
952=,Sheria,1
952=,Sheridan,1
952=,Sherill,1
952=,Sherise,1
952=,Sherralynne,1
952=,Sherree,1
952=,Sherri,1
952=,Sherrie,1
952=,Sherrill,1
952=,Sherryll,1
952=,Sheryl-Anne,1
952=,Sheryll,1
952=,Sheryn,1
952=,Shevon,1
952=,Shgufta,1
952=,Shia,1
952=,Shikha,1
952=,Shiobban,1
952=,Shiobhan,1
952=,Shireen,1
952=,Shirin,1
952=,Shirleyann,1
952=,Shirleyanne,1
952=,Shonag,1
952=,Shook,1
952=,Shruti,1
952=,Shubad,1
952=,Shugfta,1
952=,Shuran,1
952=,Shuren,1
952=,Shveta,1
952=,Shweta,1
952=,Shyvonne,1
952=,Si,1
952=,Siabhainn,1
952=,Sianne,1
952=,Sianon,1
952=,Sidhna,1
952=,Sienah,1
952=,Sienna,1
952=,Simara,1
952=,Simona,1
952=,Simonne,1
952=,Sinatta,1
952=,Sinittia,1
952=,Sinnitta,1
952=,Siobahn,1
952=,Siobhanne,1
952=,Siobhian,1
952=,Sit,1
952=,Sita,1
952=,Siu,1
952=,Skye,1
952=,Sobiya,1
952=,Soffia,1
952=,Sohyla,1
952=,Soizig,1
952=,Somera,1
952=,Sommer,1
952=,Sontosh,1
952=,Sophie-Charlott,1
952=,Sophie-Claire,1
952=,Sophina,1
952=,Sorcha,1
952=,Sorrel,1
952=,Stacey-Ann,1
952=,Stacey-Louise,1
952=,Staci-Anne,1
952=,Stacia,1
952=,Stacie-Ann,1
952=,Stacyann,1
952=,Stashia,1
952=,Stassia,1
952=,Stefani,1
952=,Stefannie,1
952=,Stefeni,1
952=,Steffanie,1
952=,Steffanya,1
952=,Stepanie,1
952=,Stephane,1
952=,Stephani,1
952=,Stephanne,1
952=,Stephany,1
952=,Stevanie,1
952=,Subrena,1
952=,Sukhdeep,1
952=,Sukhneet,1
952=,Sukhveer,1
952=,Suki,1
952=,Sulafa,1
952=,Sumah,1
952=,Sumala,1
952=,Suman,1
952=,Sumara,1
952=,Sumaya,1
952=,Sumeira,1
952=,Sumer,1
952=,Sumeyyah,1
952=,Sumi,1
952=,Sumin,1
952=,Sunana,1
952=,Sundip,1
952=,Sunita,1
952=,Sunjot,1
952=,Sunna,1
952=,Sunnia,1
952=,Suqian,1
952=,Suranjana,1
952=,Susan-Anne,1
952=,Susann,1
952=,Syazwani,1
952=,Syma,1
952=,Symone,1
952=,Syranne,1
952=,Tabatha,1
952=,Tafadzwa,1
952=,Tahira,1
952=,Tahna,1
952=,Tahreem,1
952=,Taimina,1
952=,Taimiyyah,1
952=,Tajinder,1
952=,Taleen,1
952=,Tamar,1
952=,Tamerin,1
952=,Tamila,1
952=,Tamla,1
952=,Tammalyn,1
952=,Tamsyn,1
952=,Tandewe,1
952=,Tanee,1
952=,Tansy,1
952=,Tanvi,1
952=,Tanzim,1
952=,Tapiwa,1
952=,Taraneh,1
952=,Taranum,1
952=,Taryn,1
952=,Tasbia,1
952=,Tasleem,1
952=,Teasheagh,1
952=,Tehmeena,1
952=,Temara,1
952=,Tengku,1
952=,Tereasa,1
952=,Teresa-Marie,1
952=,Terie,1
952=,Terresa,1
952=,Teryen,1
952=,Thalassa,1
952=,Thameena,1
952=,Thanaa,1
952=,Thea,1
952=,Theodora,1
952=,Therese,1
952=,Thomas,1
952=,Thomasin,1
952=,Thomasina,1
952=,Tiela,1
952=,Tifaine,1
952=,Tiffeny,1
952=,Tilottama,1
952=,Tim,1
952=,Tina-Marie,1
952=,Toni-Marie,1
952=,Tonia,1
952=,Tooba,1
952=,Traicy,1
952=,Tran,1
952=,Tree,1
952=,Trescka,1
952=,Troy,1
952=,Trudy,1
952=,Tyne,1
952=,Undugodage,1
952=,Ursula,1
952=,Usma,1
952=,Uzmah,1
952=,Vaila,1
952=,Valerie-Ann,1
952=,Vari,1
952=,Varie,1
952=,Varrie,1
952=,Vayla,1
952=,Veera,1
952=,Verity,1
952=,Veronique,1
952=,Vicara,1
952=,Vienn,1
952=,Vironika,1
952=,Vittoria,1
952=,Vonne,1
952=,Vuyelwa,1
952=,Vyvyan,1
952=,Wae,1
952=,Wahnnetta,1
952=,Wai,1
952=,Wasam,1
952=,Waseem,1
952=,Welikanoege,1
952=,Wendi,1
952=,Wilhelmina,1
952=,William,1
952=,Wilma,1
952=,Wun,1
952=,Xenia,1
952=,Xin-Reng,1
952=,Yael,1
952=,Yahaira,1
952=,Yanoula,1
952=,Yasmina,1
952=,Ybonne,1
952=,Yeekee,1
952=,Yen,1
952=,Yeun,1
952=,Yien,1
952=,Ying,1
952=,Yla,1
952=,Yu,1
952=,Yun,1
952=,Yusra,1
952=,Zaheera,1
952=,Zahra,1
952=,Zandra,1
952=,Zaynah,1
952=,Zaynib,1
952=,Zeenib,1
952=,Zenabou,1
952=,Zenub,1
952=,Zhaocan,1
952=,Zinap,1
952=,Zulaica,1
952=,Zulekha,1
952=,Zulqareen,1
