Position,Name,Number of babies
1,Laura,964
2,Emma,890
3,Sarah,676
4=,Claire,673
4=,Kirsty,673
6,Nicola,627
7,Jennifer,609
8,Stephanie,602
9,Lauren,566
10,Lisa,498
11,Louise,465
12,Natalie,447
13,Ashley,399
14,Danielle,395
15,Stacey,348
16,Rachel,344
17,Samantha,343
18=,Amy,322
18=,Fiona,322
20,Rebecca,301
21,Amanda,281
22,Michelle,270
23,Gillian,258
24,Kimberley,257
25,Gemma,250
26,Victoria,241
27,Kelly,234
28=,Cheryl,228
28=,Heather,228
30,Megan,218
31,Ashleigh,215
32,Nicole,206
33,Karen,199
34,Jade,197
35,Kayleigh,196
36,Siobhan,191
37,Joanne,186
38,Hannah,185
39,Leanne,181
40,Kerry,176
41,Natasha,171
42,Rachael,161
43,Catherine,160
44=,Katie,157
44=,Lynsey,157
46,Julie,145
47,Elizabeth,144
48,Deborah,142
49,Jenna,141
50,Alison,139
51,Eilidh,136
52,Clare,133
53,Susan,128
54,Jacqueline,124
55,Caroline,122
56,Pamela,120
57,Suzanne,118
58=,Hayley,117
58=,Kathryn,117
60,Paula,111
61,Kirsten,109
62,Katherine,108
63,Christina,107
64=,Charlene,105
64=,Christine,105
66,Dawn,104
67,Lucy,102
68=,Donna,101
68=,Melissa,101
68=,Mhairi,101
71=,Lindsay,96
71=,Robyn,96
73=,Carly,95
73=,Catriona,95
75=,Chloe,90
75=,Debbie,90
77=,Anna,88
77=,Jodie,88
77=,Michaela,88
80=,Charlotte,87
80=,Ruth,87
82,Sophie,86
83=,Emily,84
83=,Holly,84
83=,Lesley,84
83=,Zoe,84
87=,Angela,81
87=,Joanna,81
89=,Erin,80
89=,Jane,80
89=,Lorna,80
89=,Shona,80
93,Elaine,77
94,Alana,76
95,Sara,74
96,Helen,73
97,Kim,72
98=,Hazel,70
98=,Jessica,70
98=,Lynn,70
101=,Linzi,69
101=,Nikki,69
103=,Leigh,67
103=,Sharon,67
105,Lorraine,66
106=,Aimee,64
106=,Cara,64
108=,Jillian,63
108=,Kathleen,63
108=,Yvonne,63
111=,Adele,62
111=,Melanie,62
113,Lyndsay,61
114,Lynne,60
115,Jemma,59
116=,Lyndsey,58
116=,Margaret,58
116=,Maxine,58
119=,Lindsey,57
119=,Toni,57
121=,Diane,55
121=,Kerri,55
123=,Kimberly,54
123=,Tracy,54
125,Katrina,53
126=,Alexandra,52
126=,Carrie,52
128,Andrea,51
129=,Caitlin,49
129=,Tracey,49
131,Linda,48
132,Gail,47
133,Nadia,46
134=,Jill,45
134=,Kate,45
134=,Katy,45
134=,Vicky,45
138=,Carla,44
138=,Nadine,44
138=,Vicki,44
141=,Mairi,43
141=,Mary,43
143=,Anne,41
143=,Denise,41
143=,Terri,41
146=,Maria,40
146=,Marie,40
148=,Arlene,39
148=,Jamie,39
148=,Naomi,39
148=,Sinead,39
148=,Vikki,39
153,Abigail,37
154=,Ailsa,36
154=,Carol,36
154=,Frances,36
154=,Roisin,36
158=,Kirstin,35
158=,Leah,35
158=,Stacy,35
161,Eleanor,33
162=,Alice,32
162=,Dionne,32
162=,Roxanne,32
165=,Ann,31
165=,Gayle,31
165=,Hollie,31
165=,Mandy,31
165=,Pauline,31
170=,Jayne,30
170=,Kylie,30
172=,Colette,29
172=,Iona,29
172=,Nichola,29
172=,Rhona,29
176=,Carolyn,28
176=,Colleen,28
176=,Julia,28
176=,Kara,28
180=,Chelsea,27
180=,Justine,27
180=,Kirstie,27
183=,Lori,26
183=,Shelley,26
183=,Tammy,26
186=,Kerrie,25
186=,Shannon,25
186=,Wendy,25
189=,Faye,23
189=,Grace,23
189=,Jenny,23
189=,Sarah-Jane,23
193=,Annie,22
193=,Chantelle,22
193=,Marianne,22
196=,Lee,21
196=,Rosemary,21
196=,Simone,21
196=,Yasmin,21
200=,Jaclyn,20
200=,Janine,20
200=,Kelsey,20
200=,Lana,20
200=,Rebekah,20
200=,Sheree,20
200=,Stefanie,20
200=,Theresa,20
208=,Cassandra,19
208=,Francesca,19
208=,Judith,19
208=,Lianne,19
208=,Lynsay,19
208=,Meghan,19
208=,Sian,19
208=,Tanya,19
208=,Zara,19
217=,Alyson,18
217=,Amber,18
217=,Georgina,18
217=,Isla,18
217=,Lara,18
217=,Laurie,18
217=,Teri,18
217=,Valerie,18
225=,Aileen,17
225=,Beverley,17
225=,Debra,17
225=,Katharine,17
225=,Leeann,17
225=,Leeanne,17
225=,Rhiannon,17
225=,Rose,17
225=,Sally,17
225=,Sarah-Louise,17
235=,Ainsley,16
235=,Allana,16
235=,Ellen,16
235=,Harriet,16
235=,Linsey,16
235=,Sandra,16
241=,April,15
241=,Karyn,15
241=,Leona,15
241=,Lois,15
241=,Morgan,15
241=,Patricia,15
241=,Susanne,15
241=,Vanessa,15
249=,Aisha,14
249=,Alanna,14
249=,Bethany,14
249=,Collette,14
249=,Corinne,14
249=,Geraldine,14
249=,Jasmine,14
249=,Jordan,14
249=,Kellie,14
249=,Kirsteen,14
249=,Louisa,14
249=,Morven,14
249=,Nina,14
249=,Seonaid,14
249=,Sheryl,14
264=,Abbie,13
264=,Beth,13
264=,Clair,13
264=,Courtney,13
264=,Esther,13
264=,Jodi,13
264=,Keri,13
264=,Maureen,13
264=,Philippa,13
264=,Tara,13
274=,Alicia,12
274=,Amie,12
274=,Avril,12
274=,Bernadette,12
274=,Dana,12
274=,Emma-Louise,12
274=,Evelyn,12
274=,Joy,12
274=,Kay,12
274=,Kristina,12
274=,Leigh-Anne,12
274=,Madeleine,12
274=,Marion,12
274=,Morag,12
274=,Nicolle,12
274=,Rochelle,12
274=,Roslyn,12
274=,Shereen,12
274=,Sophia,12
293=,Abby,11
293=,Bianca,11
293=,Cassie,11
293=,Christie,11
293=,Felicity,11
293=,Janet,11
293=,Jayde,11
293=,Jody,11
293=,Rowan,11
293=,Sasha,11
293=,Sheila,11
293=,Shirley,11
293=,Teresa,11
306=,Ailie,10
306=,Alexandria,10
306=,Anita,10
306=,Antonia,10
306=,Carolanne,10
306=,Caron,10
306=,Charmaine,10
306=,Cherie,10
306=,Christy,10
306=,Dominique,10
306=,Flora,10
306=,Gabrielle,10
306=,Josephine,10
306=,Karina,10
306=,Lisa-Marie,10
306=,Lyn,10
306=,Nikita,10
306=,Tina,10
324=,Alisha,9
324=,Ann-Marie,9
324=,Brooke,9
324=,Bryony,9
324=,Dannielle,9
324=,Eve,9
324=,Freya,9
324=,Karin,9
324=,Karis,9
324=,Keira,9
324=,Kirsti,9
324=,Layla,9
324=,Leighann,9
324=,Linsay,9
324=,Lynda,9
324=,Lynzi,9
324=,Michele,9
324=,Miriam,9
324=,Rona,9
324=,Rosie,9
324=,Shauna,9
345=,Aimi,8
345=,Allison,8
345=,Allyson,8
345=,Ami,8
345=,Annabel,8
345=,Anne-Marie,8
345=,Annmarie,8
345=,Barbara,8
345=,Elspeth,8
345=,Hilary,8
345=,Jamie-Lee,8
345=,Jean,8
345=,Jocelyn,8
345=,Karla,8
345=,Katriona,8
345=,Lucie,8
345=,Lynette,8
345=,Marisa,8
345=,Mhari,8
345=,Olivia,8
345=,Rosanna,8
345=,Sonia,8
345=,Stacie,8
345=,Tessa,8
369=,Adelle,7
369=,Ailidh,7
369=,Alix,7
369=,Amelia,7
369=,Ayesha,7
369=,Callie,7
369=,Cally,7
369=,Candice,7
369=,Carina,7
369=,Carley,7
369=,Carlyn,7
369=,Caryn,7
369=,Chanelle,7
369=,Chiara,7
369=,Dayna,7
369=,Erica,7
369=,Gabriella,7
369=,Genna,7
369=,Jaimie,7
369=,Jay,7
369=,Jolene,7
369=,Joyce,7
369=,June,7
369=,Kaleigh,7
369=,Kelly-Ann,7
369=,Kerry-Anne,7
369=,Kristy,7
369=,Lee-Anne,7
369=,Leighanne,7
369=,Leila,7
369=,Leonie,7
369=,Liza,7
369=,Monica,7
369=,Roseanne,7
369=,Sharlene,7
369=,Sheena,7
369=,Shelly,7
406=,Abbey,6
406=,Billie,6
406=,Bridget,6
406=,Briony,6
406=,Camilla,6
406=,Carolann,6
406=,Carole,6
406=,Carrie-Anne,6
406=,Charis,6
406=,Coleen,6
406=,Connie,6
406=,Dee,6
406=,Diana,6
406=,Eileen,6
406=,Elise,6
406=,Farah,6
406=,Fatima,6
406=,Gaynor,6
406=,Haley,6
406=,Hayleigh,6
406=,Imogen,6
406=,Isobel,6
406=,Janice,6
406=,Jasmin,6
406=,Jo-Anne,6
406=,Kari,6
406=,Kaylee,6
406=,Keren,6
406=,Kym,6
406=,Leann,6
406=,Lee-Ann,6
406=,Leigh-Ann,6
406=,Lesley-Ann,6
406=,Lesley-Anne,6
406=,Lisamarie,6
406=,Lydia,6
406=,Mairead,6
406=,Mellissa,6
406=,Miranda,6
406=,Natalia,6
406=,Rhian,6
406=,Roseanna,6
406=,Saira,6
406=,Sandie,6
406=,Skye,6
406=,Sofia,6
406=,Sonya,6
406=,Stella,6
406=,Tamara,6
406=,Tania,6
406=,Zahra,6
457=,Alyssa,5
457=,Aneesa,5
457=,Antoinette,5
457=,Audrey,5
457=,Casey,5
457=,Catrina,5
457=,Ceilidh,5
457=,Ciara,5
457=,Corrie,5
457=,Corrine,5
457=,Daniella,5
457=,Daryl,5
457=,Deanne,5
457=,Ellis,5
457=,Fay,5
457=,Fern,5
457=,Georgia,5
457=,Gina,5
457=,Jackie,5
457=,Jan,5
457=,Johanna,5
457=,Joni,5
457=,Julie-Ann,5
457=,Karly,5
457=,Kelly-Anne,5
457=,Kerryanne,5
457=,Kirstyn,5
457=,Laureen,5
457=,Lucinda,5
457=,Mari,5
457=,Mariam,5
457=,Martine,5
457=,May,5
457=,Moira,5
457=,Monique,5
457=,Poppy,5
457=,Rachelle,5
457=,Rosalyn,5
457=,Sabrina,5
457=,Sammy,5
457=,Sana,5
457=,Shareen,5
457=,Shonagh,5
457=,Stevie,5
457=,Susannah,5
457=,Tammie,5
457=,Veronica,5
457=,Vickie,5
457=,Yvette,5
506=,Adrienne,4
506=,Ainslie,4
506=,Alisa,4
506=,Amy-Louise,4
506=,Annemarie,4
506=,Asma,4
506=,Ayla,4
506=,Becky,4
506=,Carli,4
506=,Carol-Anne,4
506=,Carrie-Ann,4
506=,Chantal,4
506=,Charleen,4
506=,Charley,4
506=,Chelsey,4
506=,Cindy,4
506=,Constance,4
506=,Corrina,4
506=,Daisy,4
506=,Dianne,4
506=,Elisabeth,4
506=,Elisha,4
506=,Eva,4
506=,Florence,4
506=,Holli,4
506=,Ingrid,4
506=,Isabel,4
506=,Jacqui,4
506=,Janelle,4
506=,Jenni,4
506=,Jo,4
506=,Josie,4
506=,Kathrine,4
506=,Kaye,4
506=,Kellyanne,4
506=,Kerry-Ann,4
506=,Kiri,4
506=,Kristen,4
506=,Kristin,4
506=,Laura-Anne,4
506=,Laura-Jane,4
506=,Lauryn,4
506=,Lily,4
506=,Maegan,4
506=,Marissa,4
506=,Marnie,4
506=,Martina,4
506=,Mechelle,4
506=,Mia,4
506=,Mikaela,4
506=,Mikayla,4
506=,Morna,4
506=,Niamh,4
506=,Nikola,4
506=,Penny,4
506=,Racheal,4
506=,Roberta,4
506=,Rosaleen,4
506=,Sacha,4
506=,Sadie,4
506=,Sarah-Ann,4
506=,Shari,4
506=,Sofie,4
506=,Stephenie,4
506=,Sylvia,4
506=,Terrie,4
506=,Valentina,4
506=,Yasmine,4
506=,Zaynah,4
506=,Zoey,4
576=,Adam,3
576=,Agnes,3
576=,Aidan,3
576=,Aimie,3
576=,Aislinn,3
576=,Aleisha,3
576=,Alex,3
576=,Allanah,3
576=,Aneela,3
576=,Anisa,3
576=,Annette,3
576=,Ashlea,3
576=,Ashton,3
576=,Aynsley,3
576=,Aysha,3
576=,Belinda,3
576=,Bethan,3
576=,Brenda,3
576=,Brittney,3
576=,Camille,3
576=,Carleen,3
576=,Carlene,3
576=,Carmen,3
576=,Cathryn,3
576=,Cecilia,3
576=,Ceri,3
576=,Cherelle,3
576=,Cheryl-Anne,3
576=,Chevonne,3
576=,Clara,3
576=,Claudia,3
576=,Crystal,3
576=,Dale,3
576=,Danica,3
576=,Daniela,3
576=,Danyelle,3
576=,Darryl,3
576=,Debby,3
576=,Demi,3
576=,Dorothy,3
576=,Elissa,3
576=,Emilie,3
576=,Hanna,3
576=,Heidi,3
576=,Helena,3
576=,Henrietta,3
576=,Hina,3
576=,Hope,3
576=,Irene,3
576=,Islay,3
576=,Jacquelyn,3
576=,Jaime,3
576=,Janey,3
576=,Janie,3
576=,Jo-Ann,3
576=,Julianne,3
576=,Juliette,3
576=,Kaitlin,3
576=,Kaley,3
576=,Kally,3
576=,Karlyn,3
576=,Karrie,3
576=,Kayley,3
576=,Kaylie,3
576=,Keely,3
576=,Kelley,3
576=,Kerrin,3
576=,Kerryann,3
576=,Kimberleigh,3
576=,Krystle,3
576=,Leoni,3
576=,Lianna,3
576=,Linzie,3
576=,Luisa,3
576=,Lynnette,3
576=,Mairianne,3
576=,Marina,3
576=,Martha,3
576=,Maryam,3
576=,Maya,3
576=,Meagan,3
576=,Meghann,3
576=,Millicent,3
576=,Molly,3
576=,Myra,3
576=,Nabila,3
576=,Nancy,3
576=,Natalie-Jane,3
576=,Nuala,3
576=,Phoebe,3
576=,Polly,3
576=,Regan,3
576=,Rhea,3
576=,Rhiann,3
576=,Rosa,3
576=,Rowena,3
576=,Roxane,3
576=,Rudi,3
576=,Sabina,3
576=,Sadia,3
576=,Saima,3
576=,Samantha-Jane,3
576=,Saskia,3
576=,Seonad,3
576=,Serena,3
576=,Shanna,3
576=,Sharee,3
576=,Sharleen,3
576=,Shazia,3
576=,Sonja,3
576=,Stacey-Ann,3
576=,Susanna,3
576=,Tanita,3
576=,Taylor,3
576=,Terri-Ann,3
576=,Therese,3
576=,Tiffany,3
576=,Tracie,3
576=,Uzma,3
576=,Whitney,3
576=,Yasmeen,3
697=,Adel,2
697=,Afton,2
697=,Ai,2
697=,Ailish,2
697=,Aine,2
697=,Aishah,2
697=,Alanah,2
697=,Alannah,2
697=,Aleasha,2
697=,Alena,2
697=,Alexina,2
697=,Alishia,2
697=,Aman,2
697=,Amanda-Jane,2
697=,Amee,2
697=,Ameera,2
697=,Amiee,2
697=,Amina,2
697=,Amna,2
697=,Amnah,2
697=,Andrina,2
697=,Angelina,2
697=,Angie,2
697=,Anna-Louise,2
697=,Annabelle,2
697=,Anneka,2
697=,Anum,2
697=,Ariana,2
697=,Arianne,2
697=,Ashley-Ann,2
697=,Asia,2
697=,Astrid,2
697=,Ayisha,2
697=,Blanche,2
697=,Bobbi,2
697=,Bobbie,2
697=,Bobby,2
697=,Bonnie,2
697=,Brittany,2
697=,Bronagh,2
697=,Bushra,2
697=,Cailin,2
697=,Candis,2
697=,Carey,2
697=,Carin,2
697=,Carine,2
697=,Carlie,2
697=,Carol-Ann,2
697=,Carron,2
697=,Carys,2
697=,Catharine,2
697=,Cathleen,2
697=,Cerian,2
697=,Cerise,2
697=,Chanel,2
697=,Charelle,2
697=,Charisse,2
697=,Cher,2
697=,Cheri,2
697=,Cherrelle,2
697=,Cherry,2
697=,Cheryll,2
697=,Chipo,2
697=,Choi,2
697=,Christabel,2
697=,Christi,2
697=,Christian,2
697=,Christiana,2
697=,Christiane,2
697=,Claire-Louise,2
697=,Clarissa,2
697=,Cleo,2
697=,Coral,2
697=,Coreen,2
697=,Corina,2
697=,Dalia,2
697=,Dara,2
697=,Daria,2
697=,Darlene,2
697=,Daryll,2
697=,Dawne,2
697=,Deana,2
697=,Deanna,2
697=,Debora,2
697=,Deonne,2
697=,Dona,2
697=,Donnamarie,2
697=,Edith,2
697=,Eilis,2
697=,Elaina,2
697=,Emma-Jane,2
697=,Erinn,2
697=,Eryn,2
697=,Evette,2
697=,Faiza,2
697=,Faizah,2
697=,Farrah,2
697=,Farzana,2
697=,Fenella,2
697=,Francine,2
697=,Gemma-Louise,2
697=,Gurveen,2
697=,Hailey,2
697=,Hera,2
697=,Humayra,2
697=,Iasha,2
697=,Ifrah,2
697=,Ilona,2
697=,India,2
697=,Inga,2
697=,Jacquelene,2
697=,Jacquie,2
697=,Jakki,2
697=,James,2
697=,Janna,2
697=,Jasmeet,2
697=,Jaymie,2
697=,Jeanette,2
697=,Jeni,2
697=,Jenifer,2
697=,Jennie,2
697=,Jessie,2
697=,Jilly,2
697=,John,2
697=,Juliet,2
697=,Kady,2
697=,Kaileigh,2
697=,Kallie,2
697=,Kareen,2
697=,Karine,2
697=,Karlene,2
697=,Karli,2
697=,Karlie,2
697=,Kassandra,2
697=,Katrine,2
697=,Katya,2
697=,Kaylea,2
697=,Kayleigh-Anne,2
697=,Keighley,2
697=,Kelcie,2
697=,Kelly-Louise,2
697=,Kellyann,2
697=,Kelsie,2
697=,Kendall,2
697=,Kenna,2
697=,Kerin,2
697=,Kerrianne,2
697=,Keshia,2
697=,Kezia,2
697=,Khadija,2
697=,Khym,2
697=,Kiara,2
697=,Kiera,2
697=,Kiran,2
697=,Kirstine,2
697=,Kirsty-Ann,2
697=,Kirsty-Anne,2
697=,Krista,2
697=,Kristal,2
697=,Kristine,2
697=,Krystal,2
697=,Krystina,2
697=,Krystyna,2
697=,Lacey,2
697=,Lai,2
697=,Laila,2
697=,Laurel,2
697=,Lawren,2
697=,Leanna,2
697=,Lena,2
697=,Levi,2
697=,Liane,2
697=,Liberty,2
697=,Lilian,2
697=,Lilias,2
697=,Lillian,2
697=,Lindy,2
697=,Lora,2
697=,Lorren,2
697=,Maddison,2
697=,Madelaine,2
697=,Madeline,2
697=,Maeve,2
697=,Maigan,2
697=,Mairi-Clare,2
697=,Makayla,2
697=,Margaret-Ann,2
697=,Marian,2
697=,Marieanne,2
697=,Mariel,2
697=,Marsaili,2
697=,Mary-Jane,2
697=,Maura,2
697=,Maymunah,2
697=,Meggan,2
697=,Melisa,2
697=,Mercedes,2
697=,Meredith,2
697=,Micha,2
697=,Michael,2
697=,Michela,2
697=,Mikhaila,2
697=,Misbah,2
697=,Monika,2
697=,Naddia,2
697=,Nafisah,2
697=,Nasreen,2
697=,Natassia,2
697=,Nathalie,2
697=,Neelam,2
697=,Nicholas,2
697=,Nicky,2
697=,Nida,2
697=,Niki,2
697=,Nimra,2
697=,Noor,2
697=,Norma,2
697=,Nosheen,2
697=,Nur,2
697=,Nurul,2
697=,Nyree,2
697=,Oonagh,2
697=,Orla,2
697=,Paris,2
697=,Phillipa,2
697=,Priscilla,2
697=,Qurra-Tulain,2
697=,Raisa,2
697=,Rebeca,2
697=,Rebekka,2
697=,Rhianna,2
697=,Rianne,2
697=,Riona,2
697=,Robin,2
697=,Robyne,2
697=,Robynne,2
697=,Roma,2
697=,Rosalind,2
697=,Roya,2
697=,Rudie,2
697=,Saba,2
697=,Sanah,2
697=,Sandeep,2
697=,Sandi,2
697=,Sara-Jane,2
697=,Sara-Louise,2
697=,Sarah-Jayne,2
697=,Sarah-Marie,2
697=,Sarina,2
697=,Satveer,2
697=,Selina,2
697=,Seona,2
697=,Sharlyn,2
697=,Sharmaine,2
697=,Sharyn,2
697=,Sheona,2
697=,Sheri,2
697=,Sherrie,2
697=,Shiona,2
697=,Shiree,2
697=,Shireen,2
697=,Shirley-Anne,2
697=,Shivonne,2
697=,Siobhann,2
697=,Siti,2
697=,Stefani,2
697=,Steffanie,2
697=,Stephannie,2
697=,Stroma,2
697=,Summer,2
697=,Suzanna,2
697=,Tabitha,2
697=,Tamla,2
697=,Tegan,2
697=,Thea,2
697=,Tia,2
697=,Trudi,2
697=,Tuesday,2
697=,Vairi,2
697=,Verity,2
697=,Vivienne,2
697=,Winifred,2
697=,Zahraa,2
697=,Zarra,2
697=,Zeinab,2
697=,Zenab,2
983=,Aadila,1
983=,Aala,1
983=,Aamie,1
983=,Aarlene,1
983=,Aatekha,1
983=,Abbe,1
983=,Abbi,1
983=,Abeda,1
983=,Abeedah,1
983=,Abigael,1
983=,Acksa,1
983=,Adanna,1
983=,Adejoke,1
983=,Adeline,1
983=,Adhiambo,1
983=,Adriana,1
983=,Adrianne,1
983=,Afiyah,1
983=,Afrah,1
983=,Afshan,1
983=,Aiden,1
983=,Aikaterini,1
983=,Ailis,1
983=,Aillie,1
983=,Aime-Jane,1
983=,Aimma,1
983=,Ainsleigh,1
983=,Airlie,1
983=,Aisleen,1
983=,Aisling,1
983=,Aiysha,1
983=,Aja,1
983=,Aklema,1
983=,Akosua,1
983=,Alaina,1
983=,Alanha,1
983=,Alayna,1
983=,Aleesha,1
983=,Aleishia,1
983=,Alexandrea,1
983=,Alexandrina,1
983=,Alexis,1
983=,Alia,1
983=,Aliciaanne,1
983=,Aliesha,1
983=,Alisoun,1
983=,Aliya,1
983=,Aliyah,1
983=,Aliysa,1
983=,Aliyssa,1
983=,Allanna,1
983=,Allason,1
983=,Allena,1
983=,Allia,1
983=,Alma,1
983=,Alwyn,1
983=,Alyaa,1
983=,Alyce,1
983=,Alys,1
983=,Alyshea,1
983=,Amal,1
983=,Amana,1
983=,Amanda-Louise,1
983=,Amandine,1
983=,Amara,1
983=,Amaria,1
983=,Amayna,1
983=,Amber-Jane,1
983=,Amber-June,1
983=,Amber-Leigh,1
983=,Ambreen,1
983=,Amena,1
983=,Amera,1
983=,Ami-Lee,1
983=,Amirah,1
983=,Amra,1
983=,Amreia,1
983=,Amrit,1
983=,Amy-Beth,1
983=,Amy-Jane,1
983=,Analise,1
983=,Anbreen,1
983=,Andrena,1
983=,Aneesah,1
983=,Angelica,1
983=,Angeline,1
983=,Angharad,1
983=,Anila,1
983=,Anna-Lisa,1
983=,Anna-Maree,1
983=,Anna-Maria,1
983=,Anna-Marie,1
983=,Annachristina,1
983=,Annalee,1
983=,Annastasia,1
983=,Anndeep,1
983=,Anndrea,1
983=,Anneke,1
983=,Annelese,1
983=,Annez,1
983=,Annika,1
983=,Antonella,1
983=,Anya,1
983=,Aqiba,1
983=,Ar,1
983=,Ariane,1
983=,Arianna,1
983=,Ariel,1
983=,Arooj,1
983=,Arrianne,1
983=,Arryn,1
983=,Aseel,1
983=,Asha,1
983=,Ashlaich,1
983=,Ashlee,1
983=,Ashleigh-Dawn,1
983=,Ashlene,1
983=,Ashley-Louise,1
983=,Ashlie,1
983=,Ashliegh,1
983=,Ashti,1
983=,Asiah,1
983=,Asiimwe,1
983=,Aspen,1
983=,Asra,1
983=,Asseya,1
983=,Assunta,1
983=,Asti,1
983=,Ateka,1
983=,Athlin,1
983=,Atlanta,1
983=,Attiqa,1
983=,Atya,1
983=,Aurelie,1
983=,Auroubah,1
983=,Avryl,1
983=,Aya,1
983=,Ayah,1
983=,Ayasha,1
983=,Ayden,1
983=,Ayleigh,1
983=,Aylie,1
983=,Aylissa,1
983=,Aynslie,1
983=,Ayse,1
983=,Ayshea,1
983=,Azaria,1
983=,Balwinder,1
983=,Ban,1
983=,Barbara-Ann,1
983=,Baslah,1
983=,Bassma,1
983=,Beatrice,1
983=,Bebhinn,1
983=,Beckie,1
983=,Bella,1
983=,Bena,1
983=,Benazir,1
983=,Bethaney,1
983=,Beverley-Ann,1
983=,Beverly,1
983=,Bhajneek,1
983=,Bianca-Louise,1
983=,Billie-Jo,1
983=,Binish,1
983=,Blair,1
983=,Blaire,1
983=,Blythe,1
983=,Bobbie-Jane,1
983=,Bonita,1
983=,Bozenka,1
983=,Brandi,1
983=,Brenna,1
983=,Brennan,1
983=,Briana,1
983=,Brianna,1
983=,Bridgette,1
983=,Brieghe,1
983=,Brigida,1
983=,Brionie,1
983=,Brishay,1
983=,Brittni,1
983=,Brodie,1
983=,Brogan,1
983=,Broghan,1
983=,Brooklyn,1
983=,Bryann,1
983=,Bryany,1
983=,Bryonney,1
983=,Caileen,1
983=,Caireen,1
983=,Cairistiona,1
983=,Cairyann,1
983=,Caitie-Jane,1
983=,Caleigh,1
983=,Caley,1
983=,Calleigh,1
983=,Calley,1
983=,Cam,1
983=,Candace,1
983=,Cara-Jayne,1
983=,Caragh,1
983=,Carah,1
983=,Cari,1
983=,Carighne,1
983=,Caris,1
983=,Carissa,1
983=,Carisse,1
983=,Carla-Ann,1
983=,Carla-Anne,1
983=,Carla-Marie,1
983=,Carlan,1
983=,Carly-Ann,1
983=,Carly-Anne,1
983=,Carly-Elizabeth,1
983=,Carlynn,1
983=,Carmeilia,1
983=,Carnel,1
983=,Carola,1
983=,Caroll,1
983=,Carolyne,1
983=,Carolynn,1
983=,Carolynne,1
983=,Carra,1
983=,Carralynn,1
983=,Carrie-Marie,1
983=,Carrina,1
983=,Carrine,1
983=,Carris,1
983=,Casie,1
983=,Cassey,1
983=,Caterina,1
983=,Cathie,1
983=,Cathlo,1
983=,Catina,1
983=,Catrin,1
983=,Caymelle,1
983=,Cecelia,1
983=,Cecily,1
983=,Ceitidh,1
983=,Celeste,1
983=,Celine,1
983=,Cemile,1
983=,Ceri-Louise,1
983=,Chalaina-Marie,1
983=,Chanade,1
983=,Chandanjit,1
983=,Channel,1
983=,Chanteille,1
983=,Chantel,1
983=,Charleigh,1
983=,Charlie,1
983=,Charlotte-Kate,1
983=,Charlotte-Rose,1
983=,Charmane,1
983=,Chau,1
983=,Chelci,1
983=,Chelsie,1
983=,Cheree,1
983=,Chereen,1
983=,Cherree,1
983=,Cherrel,1
983=,Cherylann,1
983=,Cherymaria,1
983=,Chi,1
983=,Chia,1
983=,Chiamaka,1
983=,Chinonso,1
983=,Chirstie,1
983=,Chris,1
983=,Chrisselle,1
983=,Chrissy,1
983=,Christa,1
983=,Christel,1
983=,Christianne,1
983=,Chrystal,1
983=,Chyrelle,1
983=,Ciamone,1
983=,Ciaran,1
983=,Cieran,1
983=,Cinzia,1
983=,Ciorstaidh,1
983=,Ciorstan,1
983=,Cissie,1
983=,Clay,1
983=,Clayre,1
983=,Clementina,1
983=,Clodagh,1
983=,Coc,1
983=,Coralea,1
983=,Cori,1
983=,Corie,1
983=,Corine,1
983=,Corinna,1
983=,Cory,1
983=,Coylah,1
983=,Cree,1
983=,Cristina,1
983=,Cyndi,1
983=,Dagnia,1
983=,Daija,1
983=,Daina,1
983=,Daing,1
983=,Dalbinder,1
983=,Damla,1
983=,Dana-Lee,1
983=,Daneen,1
983=,Daneka,1
983=,Danelle,1
983=,Dani,1
983=,Dania,1
983=,Danika,1
983=,Danya,1
983=,Darcie,1
983=,Darcy,1
983=,Darrelle,1
983=,Daryle,1
983=,Davina,1
983=,Davinder,1
983=,Dawn-Louise,1
983=,Dawna,1
983=,Daynah,1
983=,Dayner,1
983=,Debbi,1
983=,Debbie-Ann,1
983=,Debbieanne,1
983=,Debi,1
983=,Deborah-Anne,1
983=,Dee-Anne,1
983=,Deeanne,1
983=,Deena,1
983=,Deeon,1
983=,Deepti,1
983=,Deirdrie,1
983=,Demmi,1
983=,Denice,1
983=,Deniece,1
983=,Denika,1
983=,Deon,1
983=,Derri,1
983=,Devon,1
983=,Dhana,1
983=,Dhawn,1
983=,Dhiann,1
983=,Diann,1
983=,Dianndra,1
983=,Diljeet,1
983=,Dilys,1
983=,Dina,1
983=,Dinah,1
983=,Dinieka,1
983=,Dione,1
983=,Dolina,1
983=,Domenica,1
983=,Donald,1
983=,Donalda,1
983=,Doneene,1
983=,Donna-Louise,1
983=,Donna-Marie,1
983=,Donna-Michelle,1
983=,Dorinda,1
983=,Doris,1
983=,Drew,1
983=,Dulcie,1
983=,Dyhanne,1
983=,Dylan,1
983=,Ealasaid,1
983=,Ebony,1
983=,Ebtehal,1
983=,Edel,1
983=,Edwina,1
983=,Ehilidh,1
983=,Eibhilin,1
983=,Eila,1
983=,Eiladh,1
983=,Eildh,1
983=,Eilean,1
983=,Eilidgh,1
983=,Eiman,1
983=,Eirin,1
983=,Eithne,1
983=,Elana,1
983=,Elayna,1
983=,Elayne,1
983=,Elean,1
983=,Eleisha,1
983=,Elen,1
983=,Elena,1
983=,Eleonora,1
983=,Eleri,1
983=,Eline,1
983=,Elinor,1
983=,Eliza,1
983=,Elizabeth-Anne,1
983=,Elkie,1
983=,Ella,1
983=,Ellyn,1
983=,Eloise,1
983=,Elouise,1
983=,Elyse,1
983=,Eman,1
983=,Emanuela,1
983=,Emily-Claire,1
983=,Emma-Jo,1
983=,Emma-Marie,1
983=,Emmaleen,1
983=,Emmalene,1
983=,Emmalina,1
983=,Emmalouise,1
983=,Emmeline,1
983=,Emmy,1
983=,Eraena,1
983=,Eri,1
983=,Ericka,1
983=,Erika,1
983=,Erimar,1
983=,Errainne,1
983=,Eryne,1
983=,Esme,1
983=,Esmee,1
983=,Estelle,1
983=,Eunice,1
983=,Euphemia,1
983=,Ewuresi,1
983=,Fahimahtul,1
983=,Fahmida,1
983=,Faiqah,1
983=,Faith,1
983=,Fanny,1
983=,Farah-Lee,1
983=,Farha,1
983=,Farihah,1
983=,Farren,1
983=,Faryal,1
983=,Fatimah,1
983=,Fayona,1
983=,Federica,1
983=,Ferne,1
983=,Feronique,1
983=,Ferrari,1
983=,Fhiona,1
983=,Finola,1
983=,Fionna,1
983=,Flavia,1
983=,Ford,1
983=,Fozia,1
983=,Frah,1
983=,Franca,1
983=,Franchesca,1
983=,Francina,1
983=,Francoise,1
983=,Frederica,1
983=,Fredericka,1
983=,Freha,1
983=,Freja,1
983=,Frew,1
983=,Furwaha,1
983=,Ga,1
983=,Gael,1
983=,Gavia,1
983=,Gemima,1
983=,Gena,1
983=,Genevieve,1
983=,Georgina-Beth,1
983=,Geraldene,1
983=,Gi,1
983=,Gianine,1
983=,Giannina,1
983=,Gigi,1
983=,Gill,1
983=,Ginny,1
983=,Giordanna,1
983=,Giorgia,1
983=,Giovanna,1
983=,Giverny,1
983=,Glenna,1
983=,Greer,1
983=,Gulnasheen,1
983=,Gun,1
983=,Gurjeet,1
983=,Gurpardesh,1
983=,Gurpreet,1
983=,Gwenhivir,1
983=,Gwyneth,1
983=,Gwyniera,1
983=,Habiba,1
983=,Hadeel,1
983=,Hadiqa,1
983=,Hafsah,1
983=,Hailee,1
983=,Haining,1
983=,Hala,1
983=,Haleema,1
983=,Halimah,1
983=,Halle,1
983=,Hania,1
983=,Hannah-Grace,1
983=,Hannan,1
983=,Hanne,1
983=,Harinder,1
983=,Harjit,1
983=,Harkiran,1
983=,Harley,1
983=,Harriette,1
983=,Harrison,1
983=,Harsharon,1
983=,Harveen,1
983=,Hatice,1
983=,Haydn,1
983=,Hazell,1
983=,Heather-Anne,1
983=,Heba,1
983=,Hebron,1
983=,Helaina,1
983=,Helenann,1
983=,Helga,1
983=,Hend,1
983=,Hester,1
983=,Hiba,1
983=,Hiedie,1
983=,Hine,1
983=,Hiraah,1
983=,Hisayo,1
983=,Hoda,1
983=,Holley,1
983=,Hooma,1
983=,Huma,1
983=,Humaira,1
983=,Humeara,1
983=,Iain,1
983=,Ibtehal,1
983=,Ida,1
983=,Ilanna,1
983=,Ilaria,1
983=,Ilisha,1
983=,Iman,1
983=,Imelda,1
983=,Immogen,1
983=,Imrania,1
983=,Imtiaz,1
983=,Inass,1
983=,Inca,1
983=,Inis,1
983=,Insah,1
983=,Iona-Louise,1
983=,Iqraa,1
983=,Ira,1
983=,Iram,1
983=,Irina,1
983=,Iris,1
983=,Irm,1
983=,Isa,1
983=,Isabelle,1
983=,Isha,1
983=,Ishbel,1
983=,Ismat,1
983=,Ivy,1
983=,Jacalyn,1
983=,Jackalyn,1
983=,Jackeline,1
983=,Jackelyne,1
983=,Jacki,1
983=,Jackilene,1
983=,Jacklyn,1
983=,Jacqlyn,1
983=,Jacqualine,1
983=,Jade-Marie,1
983=,Jadean,1
983=,Jae,1
983=,Jaeger,1
983=,Jagdish,1
983=,Jaide,1
983=,Jaimi,1
983=,Jaki,1
983=,Jameela,1
983=,Jami,1
983=,Jami-Lee,1
983=,Jamie-Lea,1
983=,Jamie-Marie,1
983=,Jamielee,1
983=,Jamy,1
983=,Janane,1
983=,Jane-Marie,1
983=,Janene,1
983=,Janis,1
983=,Jannicke,1
983=,Jasdip,1
983=,Jashin,1
983=,Jaskarn,1
983=,Jasmijn,1
983=,Jasmyn,1
983=,Jason,1
983=,Jasveer,1
983=,Jayana,1
983=,Jayd,1
983=,Jayme,1
983=,Jaymi,1
983=,Jeemin,1
983=,Jelena,1
983=,Jemima,1
983=,Jemma-Louise,1
983=,Jena,1
983=,Jenette,1
983=,Jeniffer,1
983=,Jenna-Claire,1
983=,Jennafer,1
983=,Jennah,1
983=,Jennefer,1
983=,Jennie-Lea,1
983=,Jennifer-Anne,1
983=,Jeraldine,1
983=,Jerri,1
983=,Jerry,1
983=,Jess,1
983=,Jessa,1
983=,Jessamine,1
983=,Jhana-Marie,1
983=,Jilian,1
983=,Jo-Anna,1
983=,Joan,1
983=,Joann,1
983=,Joannah,1
983=,Jocelin,1
983=,Jodie-Anne,1
983=,Jodie-Lee,1
983=,Joeann,1
983=,Joelle,1
983=,Johann,1
983=,Joleen,1
983=,Jollene,1
983=,Joo,1
983=,Jordana,1
983=,Jordanna,1
983=,Jorden,1
983=,Jordon,1
983=,Jorinde,1
983=,Josey,1
983=,Joss,1
983=,Jossie,1
983=,Joyce-Louise,1
983=,Judy,1
983=,Juli,1
983=,Julian,1
983=,Juliana,1
983=,Juliann,1
983=,Julie-Anne,1
983=,Julieanne,1
983=,Jullie,1
983=,Justina,1
983=,Juwayriah,1
983=,Ka,1
983=,Kadie,1
983=,Kadie-Louise,1
983=,Kaereen,1
983=,Kai,1
983=,Kailah,1
983=,Kailey,1
983=,Kailyn,1
983=,Kaisha,1
983=,Kaitlyn,1
983=,Kaleigh-Anne,1
983=,Kalen,1
983=,Kalley,1
983=,Kalli,1
983=,Kama,1
983=,Kamaldeep,1
983=,Kamille,1
983=,Kaneez,1
983=,Karah,1
983=,Karalyn,1
983=,Karayn,1
983=,Karean,1
983=,Kareene,1
983=,Kari-Lee,1
983=,Karice,1
983=,Karien,1
983=,Karien-Alicia,1
983=,Karis-Anne,1
983=,Karis-Marie,1
983=,Karlin,1
983=,Karn-Lea,1
983=,Karoline,1
983=,Kartrina,1
983=,Karynn,1
983=,Karysia,1
983=,Kasandra,1
983=,Kasey,1
983=,Kasha,1
983=,Kashka,1
983=,Kassie,1
983=,Katarzyna,1
983=,Katelyn,1
983=,Katerina,1
983=,Katey,1
983=,Katharyn,1
983=,Katherine-Ann,1
983=,Katherine-Anne,1
983=,Kathryne,1
983=,Katie-Frances,1
983=,Katie-Lee,1
983=,Katie-Louise,1
983=,Katie-Marie,1
983=,Katleen,1
983=,Katrena,1
983=,Katrice,1
983=,Kay-Lea,1
983=,Kay-Leigh,1
983=,Kaya,1
983=,Kayleigh-Louise,1
983=,Kayli,1
983=,Kaylie-Ann,1
983=,Kaylyn,1
983=,Kayren,1
983=,Kayshia,1
983=,Kayti,1
983=,Kealeigh,1
983=,Keeliegh,1
983=,Keera,1
983=,Kehkeshan,1
983=,Kehlsey,1
983=,Keileigh,1
983=,Keiran,1
983=,Keiren,1
983=,Kelayne,1
983=,Kella,1
983=,Kelli,1
983=,Kelliane,1
983=,Kellie-Marie,1
983=,Kelly-Lee,1
983=,Kelly-Marie,1
983=,Kellymarie,1
983=,Kelsay,1
983=,Kendal,1
983=,Kendra,1
983=,Kenina,1
983=,Kennaugh,1
983=,Kenzie,1
983=,Kerala,1
983=,Kerenza,1
983=,Keri-Louise,1
983=,Kerilouise,1
983=,Kerina,1
983=,Kerray,1
983=,Kerri-Ann,1
983=,Kerri-Anne,1
983=,Kerriann,1
983=,Kerrie-Ann,1
983=,Kerrieanne,1
983=,Kerrigan,1
983=,Kerrilea,1
983=,Kerrina,1
983=,Kerrine,1
983=,Kerrsty,1
983=,Kerry-Lee,1
983=,Kerry-Louise,1
983=,Kerry-Marie,1
983=,Kerrylouise,1
983=,Keryn,1
983=,Kesandra,1
983=,Kesha,1
983=,Khadijah,1
983=,Khaliegh,1
983=,Khara,1
983=,Khirsty,1
983=,Khunsa,1
983=,Khyleigh,1
983=,Kieren,1
983=,Kiia,1
983=,Kimberlee,1
983=,Kimberley-Ann,1
983=,Kin,1
983=,Kira,1
983=,Kire,1
983=,Kirin,1
983=,Kirsi,1
983=,Kirsteen-Marie,1
983=,Kirstene,1
983=,Kirstie-Ann,1
983=,Kirsty-Dawn,1
983=,Kirsty-Louise,1
983=,Kirstylee,1
983=,Klair,1
983=,Klaire,1
983=,Klyne,1
983=,Komal,1
983=,Korine,1
983=,Korlei,1
983=,Kotoha,1
983=,Kourtney,1
983=,Krisheron,1
983=,Krissa,1
983=,Kristan,1
983=,Kristeen,1
983=,Kristie,1
983=,Kristy-Anne,1
983=,Krysia,1
983=,Kursten,1
983=,Kyle,1
983=,Kyleen,1
983=,Kyleigh,1
983=,Kymberley,1
983=,Kymberly,1
983=,Kyra,1
983=,Kyrie,1
983=,Kyrsten,1
983=,Lacy,1
983=,Lahdane,1
983=,Lahra,1
983=,Laice,1
983=,Laing,1
983=,Lamara,1
983=,Lannair,1
983=,Larisa,1
983=,Larissa,1
983=,Larra,1
983=,Laura-Ann,1
983=,Laura-Jayne,1
983=,Laura-Kim,1
983=,Laura-Lisa,1
983=,Laura-Marie,1
983=,Laura-May,1
983=,Laure,1
983=,Lauren-Anne,1
983=,Lauren-Jane,1
983=,Lauri,1
983=,Laurien,1
983=,Laurin,1
983=,Laurisa,1
983=,Laurissa,1
983=,Laurna,1
983=,Laurne,1
983=,Lavinia,1
983=,Laycon,1
983=,Lazka,1
983=,Lea-Anne,1
983=,Leane,1
983=,Leasa,1
983=,Leda,1
983=,Leeah,1
983=,Leela,1
983=,Leen,1
983=,Leesa,1
983=,Leesa-Marie,1
983=,Leeza,1
983=,Lehanne,1
983=,Leigha,1
983=,Leighan,1
983=,Leighanna,1
983=,Leilah,1
983=,Leisha,1
983=,Leisl,1
983=,Leone,1
983=,Lesleigh,1
983=,Lesleyann,1
983=,Leslie,1
983=,Letitia,1
983=,Lexie,1
983=,Leyanne,1
983=,Leyla,1
983=,Leyna,1
983=,Lhanna,1
983=,Lhea,1
983=,Lhora,1
983=,Li,1
983=,Lia,1
983=,Liam,1
983=,Lian,1
983=,Liann,1
983=,Liesa,1
983=,Lindi,1
983=,Lindie,1
983=,Lindzi,1
983=,Linsie,1
983=,Lisa-Anne,1
983=,Lisaid-Dawn,1
983=,Lisbeth,1
983=,Lissa,1
983=,Lita,1
983=,Lizamarie,1
983=,Lizanne,1
983=,Logan,1
983=,Lok,1
983=,Lolita,1
983=,Loraine,1
983=,Loran,1
983=,Loredana,1
983=,Lorelei,1
983=,Lorelle,1
983=,Loren,1
983=,Lorena,1
983=,Loretta,1
983=,Lorf,1
983=,Lorianne,1
983=,Lorrie,1
983=,Loryn,1
983=,Lucia,1
983=,Luciana,1
983=,Lucianne,1
983=,Lucie-Anne,1
983=,Lucille,1
983=,Lucy-Ann,1
983=,Lucy-Clare,1
983=,Luisaidh,1
983=,Lyle,1
983=,Lyn-Marie,1
983=,Lyndsay-Anne,1
983=,Lyndsey-Anne,1
983=,Lyndsy,1
983=,Lyndy,1
983=,Lynnete,1
983=,Lynnsey,1
983=,Lynnsie,1
983=,Lynzie,1
983=,Lysia,1
983=,Lyun,1
983=,Lyzette,1
983=,Maajida,1
983=,Maaria,1
983=,Machaela,1
983=,Macrina,1
983=,Madaline,1
983=,Madeana,1
983=,Madiha,1
983=,Madison,1
983=,Mae,1
983=,Maegen,1
983=,Maeghan,1
983=,Magdalena,1
983=,Maggie,1
983=,Maha,1
983=,Mahjabeen,1
983=,Mahla,1
983=,Maida,1
983=,Maighan,1
983=,Maire,1
983=,Mairi-Ann,1
983=,Mairi-Danielle,1
983=,Majella,1
983=,Makyla,1
983=,Malaina,1
983=,Malea,1
983=,Malena,1
983=,Malisa,1
983=,Malissa,1
983=,Mamunah,1
983=,Man,1
983=,Mandi,1
983=,Mandie,1
983=,Maninder,1
983=,Manisha,1
983=,Manmeet,1
983=,Manpreet,1
983=,Mara,1
983=,Maram,1
983=,March,1
983=,Marchelle,1
983=,Marcia,1
983=,Marcie,1
983=,Maree,1
983=,Mareesha-Daniel,1
983=,Marelle,1
983=,Margaret-Anne,1
983=,Margo,1
983=,Mari-Anne,1
983=,Mari-Clare,1
983=,Mari-Louise,1
983=,Marialanea,1
983=,Mariann,1
983=,Marianna,1
983=,Maricica,1
983=,Marie-Claire,1
983=,Marie-Clemence,1
983=,Marie-Louise,1
983=,Marielle,1
983=,Marienina,1
983=,Mariesa,1
983=,Mariessa,1
983=,Marilees,1
983=,Marion-Mary,1
983=,Marjorie,1
983=,Marjory,1
983=,Marlise,1
983=,Marni,1
983=,Marree,1
983=,Marri,1
983=,Marsailidh,1
983=,Marshali,1
983=,Martha-Leigh,1
983=,Marwa,1
983=,Mary-Ann,1
983=,Mary-Jannet,1
983=,Mary-Jayne,1
983=,Mary-Louise,1
983=,Maryamu,1
983=,Maryanne,1
983=,Maryfrances,1
983=,Maryjane,1
983=,Masarrah,1
983=,Masrurah,1
983=,Matilda,1
983=,Matina,1
983=,Mavhish,1
983=,Mawash,1
983=,Mawish,1
983=,Maxime,1
983=,Maxine-Eloise,1
983=,May-Anne,1
983=,Media,1
983=,Meena,1
983=,Meera,1
983=,Meg,1
983=,Megain,1
983=,Megumi,1
983=,Mehavish,1
983=,Mehek,1
983=,Mehnaz,1
983=,Mehreen,1
983=,Mehvesh,1
983=,Mehvish,1
983=,Mei,1
983=,Meika,1
983=,Meisha,1
983=,Melita,1
983=,Mellaine,1
983=,Mellisa,1
983=,Melodee,1
983=,Melody,1
983=,Melva,1
983=,Memoury,1
983=,Meredyth,1
983=,Merel,1
983=,Merick,1
983=,Merissa,1
983=,Mervat-Anne,1
983=,Mhaired,1
983=,Mhairi-Rose,1
983=,Mhari-Elena,1
983=,Mharianne,1
983=,Mharii,1
983=,Mhorag,1
983=,Mica,1
983=,Michayla,1
983=,Micheal,1
983=,Micheala,1
983=,Michi,1
983=,Mickaella,1
983=,Mikailah,1
983=,Miki,1
983=,Ming,1
983=,Minnie,1
983=,Mirren,1
983=,Mobeen,1
983=,Mohna,1
983=,Monette,1
983=,Montana,1
983=,Montanah,1
983=,Moraigh,1
983=,Morgan-Leigh,1
983=,Morgenne,1
983=,Morgyn,1
983=,Morren,1
983=,Morvern,1
983=,Morvyn,1
983=,Morwenna,1
983=,Moureen,1
983=,Moya,1
983=,Moyra,1
983=,Muneeza,1
983=,Muniza,1
983=,Muriel,1
983=,Murriam,1
983=,Myfanwy,1
983=,Mykaela,1
983=,Mykahla,1
983=,Myrann,1
983=,Nabla,1
983=,Nada,1
983=,Nadeen,1
983=,Nadelle,1
983=,Nadene,1
983=,Nadiene,1
983=,Nadya,1
983=,Nagina,1
983=,Naidine,1
983=,Naila,1
983=,Najla,1
983=,Najma,1
983=,Nakita,1
983=,Nameera,1
983=,Nanette,1
983=,Narelle,1
983=,Narinder,1
983=,Nashtarin,1
983=,Nasrin,1
983=,Nastassia,1
983=,Natallie,1
983=,Natasja,1
983=,Nataya,1
983=,Natilie,1
983=,Natina,1
983=,Nattalie,1
983=,Nayla,1
983=,Nayomi,1
983=,Nazia,1
983=,Nazish,1
983=,Naziya,1
983=,Nazneen,1
983=,Ndeye,1
983=,Necole,1
983=,Neecole,1
983=,Nerima,1
983=,Netasha,1
983=,Neteka,1
983=,Ngae,1
983=,Nia,1
983=,Niccole,1
983=,Nichaela,1
983=,Nichol,1
983=,Nichola-Colette,1
983=,Nicki,1
983=,Niclair,1
983=,Nico,1
983=,Nicol,1
983=,Nicola-Ann,1
983=,Nicola-Jayne,1
983=,Nienke,1
983=,Nihlah,1
983=,Nikaella,1
983=,Nikala,1
983=,Nikki-Maria,1
983=,Nikole,1
983=,Nilola,1
983=,Nimrah,1
983=,Ninfea,1
983=,Nirinder,1
983=,Nisha,1
983=,Nitasha,1
983=,Noa,1
983=,Noelani,1
983=,Noha,1
983=,Norah,1
983=,Noreen,1
983=,Norna,1
983=,Nousheen,1
983=,Nowsheen,1
983=,Nula,1
983=,Nwaorima,1
983=,Nycolle,1
983=,Odette,1
983=,Opinder,1
983=,Oryana,1
983=,Paavani,1
983=,Pagan,1
983=,Pallasha,1
983=,Pamella,1
983=,Panagiota,1
983=,Parija,1
983=,Parrisa,1
983=,Parvinder,1
983=,Parvine,1
983=,Patrena,1
983=,Patrice,1
983=,Patti,1
983=,Paula-Jane,1
983=,Paulette,1
983=,Pennie,1
983=,Peri,1
983=,Petal,1
983=,Petrice,1
983=,Philippina,1
983=,Phillippa,1
983=,Philomena,1
983=,Pilar,1
983=,Pooja,1
983=,Preeti,1
983=,Pritampal,1
983=,Priya,1
983=,Pui,1
983=,Purnima,1
983=,Quinta,1
983=,Raabia,1
983=,Rabia,1
983=,Rachal,1
983=,Rachel-Anne,1
983=,Rachel-Louise,1
983=,Rachelanne,1
983=,Rachell,1
983=,Rae,1
983=,Raeanne,1
983=,Raegan,1
983=,Ragen,1
983=,Rahel,1
983=,Rahela,1
983=,Raianna,1
983=,Raja,1
983=,Rajine,1
983=,Rajni,1
983=,Rajvinder,1
983=,Rajwant,1
983=,Rana,1
983=,Raneen,1
983=,Raokshna,1
983=,Raquel,1
983=,Rasha,1
983=,Rashel,1
983=,Rashida,1
983=,Rashpal,1
983=,Rawan,1
983=,Rayceine,1
983=,Raylene,1
983=,Raynah,1
983=,Razia,1
983=,Rea,1
983=,Reaha,1
983=,Rebbecca,1
983=,Rebecca-Ann,1
983=,Rebecca-Jane,1
983=,Rebeka,1
983=,Rebekah-Joy,1
983=,Red,1
983=,Reece,1
983=,Reena,1
983=,Remy,1
983=,Rena,1
983=,Renee,1
983=,Renelle,1
983=,Rennie,1
983=,Renu,1
983=,Reyhan,1
983=,Rezwaneh,1
983=,Rhegan,1
983=,Rhianan,1
983=,Rhiannan,1
983=,Rhianne,1
983=,Rhiella,1
983=,Rhoda,1
983=,Rhonda,1
983=,Rhys,1
983=,Ria,1
983=,Riana,1
983=,Riannon,1
983=,Ricci,1
983=,Richelle,1
983=,Rida,1
983=,Riley,1
983=,Rinn,1
983=,Riordan,1
983=,Risha,1
983=,Robabah,1
983=,Robert,1
983=,Rochene,1
983=,Rochine,1
983=,Romina,1
983=,Romy,1
983=,Ronit,1
983=,Rosalie,1
983=,Rosalynd,1
983=,Rosanagh,1
983=,Roseann,1
983=,Roselyn,1
983=,Roshanna,1
983=,Rosheen,1
983=,Roslin,1
983=,Roslind,1
983=,Roslynn,1
983=,Rowanna,1
983=,Rowenna,1
983=,Roxzan,1
983=,Roxzane,1
983=,Roxzann,1
983=,Rozalyn,1
983=,Rozanne,1
983=,Rozine,1
983=,Rozy,1
983=,Ruadh,1
983=,Ruby,1
983=,Rudy,1
983=,Rukhsana,1
983=,Rushia,1
983=,Russet,1
983=,Saadiah,1
983=,Saadiya,1
983=,Saalia,1
983=,Sabah,1
983=,Sabahat,1
983=,Sabat,1
983=,Sabihah,1
983=,Sabirah,1
983=,Sachelle,1
983=,Sachi,1
983=,Sadiyah,1
983=,Sadrae,1
983=,Sadye,1
983=,Saeeda,1
983=,Safa,1
983=,Saffah,1
983=,Saffron,1
983=,Safina,1
983=,Safiya,1
983=,Sagan,1
983=,Sahar,1
983=,Sahdia,1
983=,Saidia,1
983=,Sairah,1
983=,Sajda,1
983=,Salima,1
983=,Salma,1
983=,Salsabeel,1
983=,Salwa,1
983=,Samantha-Jo,1
983=,Samatha,1
983=,Sameah,1
983=,Sameena,1
983=,Sameera,1
983=,Samena,1
983=,Samia,1
983=,Samira,1
983=,Sammar,1
983=,Sammi,1
983=,Sammy-Jo,1
983=,Samrah,1
983=,Samriti,1
983=,Sancha,1
983=,Sandrine,1
983=,Sangeeta,1
983=,Sanketa,1
983=,Sanna,1
983=,Saoirse,1
983=,Saorsa,1
983=,Sapphire,1
983=,Sara-Anne,1
983=,Sara-Ashley,1
983=,Sara-Jayne,1
983=,Sarah-Anne,1
983=,Sarah-Kate,1
983=,Sarahann,1
983=,Sarahlouise,1
983=,Sarahna,1
983=,Saralouise,1
983=,Sarika,1
983=,Sarita,1
983=,Sarra,1
983=,Sarvat,1
983=,Sarwish,1
983=,Sasha-Lee,1
983=,Savannah,1
983=,Sawako,1
983=,Scarlett,1
983=,Seana,1
983=,Seema,1
983=,Sehirish,1
983=,Sehrish,1
983=,Sen,1
983=,Sensimelia,1
983=,Seoirse,1
983=,Seonagh,1
983=,Shabana,1
983=,Shadab,1
983=,Shafia,1
983=,Shagufta,1
983=,Shahd,1
983=,Shahree,1
983=,Shahzia,1
983=,Shaima,1
983=,Shaista,1
983=,Shalaine,1
983=,Shalena,1
983=,Shalimar,1
983=,Shama,1
983=,Shamisa,1
983=,Shamsa,1
983=,Shana,1
983=,Shannen,1
983=,Shantha,1
983=,Sharaine,1
983=,Shari-Ann,1
983=,Shari-Anne,1
983=,Sharina,1
983=,Sharlotte,1
983=,Sharlyne,1
983=,Sharn,1
983=,Sharna,1
983=,Sharon-Anne,1
983=,Sharree,1
983=,Sharron,1
983=,Sharzad,1
983=,Shavaughn,1
983=,Shavon,1
983=,Shavonne,1
983=,Shawn,1
983=,Shayron,1
983=,Shazadi,1
983=,Shearl,1
983=,Sheavonn,1
983=,Shehanaz,1
983=,Sheighan,1
983=,Shelagh,1
983=,Sheleigh,1
983=,Shelli,1
983=,Shellie,1
983=,Shelly-Anne,1
983=,Shenila,1
983=,Shennan,1
983=,Sheonaid,1
983=,Sherelle,1
983=,Sherena,1
983=,Sherise,1
983=,Sherisse,1
983=,Sherl,1
983=,Sherleen,1
983=,Sherolyn,1
983=,Sherri,1
983=,Sherrill,1
983=,Sherrol,1
983=,Sherry,1
983=,Sherryl,1
983=,Sheryll,1
983=,Shevon,1
983=,Shevonne,1
983=,Sheyma,1
983=,Shezan,1
983=,Shian,1
983=,Shinead,1
983=,Shiraz,1
983=,Shirell,1
983=,Shiren,1
983=,Shirene,1
983=,Shirin,1
983=,Shirley-Ann,1
983=,Shirleyann,1
983=,Shirlie,1
983=,Shirly,1
983=,Shirrell,1
983=,Shivaun,1
983=,Shola,1
983=,Shonaig,1
983=,Shonaigh,1
983=,Shonaugh,1
983=,Shonni,1
983=,Shruti,1
983=,Shu,1
983=,Sia,1
983=,Siam,1
983=,Sianene,1
983=,Sianne,1
983=,Simonne,1
983=,Simran,1
983=,Sinitta,1
983=,Sinnead,1
983=,Siobahn,1
983=,Siobhaun,1
983=,Siobheann,1
983=,Siobhon,1
983=,Siohbon,1
983=,Siranne,1
983=,Sirisha,1
983=,Sita,1
983=,Sitara,1
983=,Sithra,1
983=,Sky,1
983=,Smita,1
983=,Sobia,1
983=,Sondus,1
983=,Soniya,1
983=,Sophina,1
983=,Sripriya,1
983=,Stacey-Anne,1
983=,Stacey-Marie,1
983=,Staci,1
983=,Staci-Ashlie,1
983=,Stacy-Ann,1
983=,Stefania,1
983=,Stefany,1
983=,Stefenie,1
983=,Steffanny,1
983=,Stefi,1
983=,Stefini,1
983=,Stefney,1
983=,Stephani,1
983=,Stephania,1
983=,Stephany,1
983=,Stephie,1
983=,Stephnie,1
983=,Stevie-Marie,1
983=,Suchjit,1
983=,Suckueer,1
983=,Sudra,1
983=,Sue,1
983=,Suelynn,1
983=,Suezanne,1
983=,Sufa,1
983=,Suk,1
983=,Sukhjinder,1
983=,Sulma,1
983=,Sultana,1
983=,Sumayyah,1
983=,Sunha,1
983=,Sunniva,1
983=,Sunny,1
983=,Susie,1
983=,Suzann,1
983=,Suzy,1
983=,Syeda,1
983=,Sylvie,1
983=,Syra,1
983=,Taarn,1
983=,Tabassum,1
983=,Tabea,1
983=,Tahira,1
983=,Talithatinne,1
983=,Tallisa,1
983=,Tamaron,1
983=,Tamerin,1
983=,Tamika,1
983=,Tammala,1
983=,Tammi,1
983=,Tamryn-Anne,1
983=,Tamsin,1
983=,Tanika,1
983=,Tanith,1
983=,Tanmeet,1
983=,Tannith,1
983=,Tanzela,1
983=,Tanzila,1
983=,Tara-Jayne,1
983=,Tarah,1
983=,Tarandeep,1
983=,Tarn,1
983=,Tarragon,1
983=,Taryn,1
983=,Tasha,1
983=,Tasmin,1
983=,Tawnee,1
983=,Tayabah,1
983=,Teaba,1
983=,Teilah,1
983=,Teirnie,1
983=,Tela,1
983=,Teressa,1
983=,Terri-Louise,1
983=,Terry,1
983=,Teya,1
983=,Thomasena,1
983=,Thomasina,1
983=,Tiffini,1
983=,Ting,1
983=,Tinisha,1
983=,Tomika,1
983=,Toni-Leigh,1
983=,Toni-Louise,1
983=,Toni-Marie,1
983=,Toyah,1
983=,Tracey-Ann,1
983=,Tripti,1
983=,Trisha,1
983=,Trishna,1
983=,Trudy,1
983=,Tsara,1
983=,Tusneem,1
983=,Tyesha,1
983=,Tyler,1
983=,Tymi,1
983=,Tzerean,1
983=,Umara,1
983=,Umma-Kulthum,1
983=,Unam,1
983=,Unekwu,1
983=,Usma,1
983=,Vahri,1
983=,Vajiha,1
983=,Valene,1
983=,Valeska,1
983=,Varri,1
983=,Vasiya,1
983=,Veena,1
983=,Velvet,1
983=,Venetia,1
983=,Vhairi,1
983=,Vhari,1
983=,Vickki,1
983=,Victoria-Jane,1
983=,Victoria-Louise,1
983=,Viktoria,1
983=,Violet,1
983=,Virginia,1
983=,Vivian,1
983=,Vivien,1
983=,Vona,1
983=,Vonna,1
983=,Vonnie,1
983=,Vyvyan,1
983=,Wai,1
983=,Wala,1
983=,Wallis,1
983=,Wendi,1
983=,Wendyanne,1
983=,Whairi,1
983=,Wilhelmina,1
983=,Williamina,1
983=,Willow,1
983=,Wilma,1
983=,Wing,1
983=,Xanthe,1
983=,Xin-Xin,1
983=,Ya,1
983=,Yana,1
983=,Yanna,1
983=,Yasemin,1
983=,Yasmin-Rose,1
983=,Yemsrach,1
983=,Yevette,1
983=,Yhannah,1
983=,Yolanda,1
983=,Yse,1
983=,Yuka,1
983=,Yva,1
983=,Zahera,1
983=,Zahirah,1
983=,Zahrah,1
983=,Zaibunnissa,1
983=,Zaineb,1
983=,Zaneb,1
983=,Zaniab,1
983=,Zarah,1
983=,Zaralee,1
983=,Zarpheen-Sher,1
983=,Zartasha,1
983=,Zaynab,1
983=,Zeanib,1
983=,Zeenet,1
983=,Zehra,1
983=,Zein,1
983=,Zena,1
983=,Zenub,1
983=,Zhara,1
983=,Zi,1
983=,Zinat,1
983=,Ziqian,1
983=,Zivana,1
983=,Zoe-Louise,1
983=,Zoe-May,1
983=,Zowie,1
