Position,Name,Number of babies
1,Emma,907
2,Laura,854
3,Sarah,775
4,Stephanie,772
5,Kirsty,644
6,Claire,595
7,Nicola,589
8,Jennifer,571
9,Stacey,531
10,Lauren,525
11,Lisa,502
12,Danielle,483
13,Rachel,474
14,Rebecca,447
15,Natalie,426
16=,Amy,408
16=,Louise,408
18,Samantha,384
19,Ashley,376
20,Gemma,368
21,Fiona,302
22,Nicole,286
23,Jade,264
24,Michelle,257
25,Victoria,256
26,Amanda,253
27,Megan,237
28,Hannah,230
29,Kayleigh,226
30=,Gillian,224
30=,Kimberley,224
32,Ashleigh,223
33,Rachael,218
34=,Heather,213
34=,Kerry,213
36,Cheryl,202
37,Natasha,200
38,Siobhan,198
39,Kelly,194
40,Katie,187
41,Leanne,178
42=,Joanne,166
42=,Melissa,166
44,Karen,163
45,Hayley,155
46,Catherine,152
47,Elizabeth,140
48,Eilidh,134
49=,Alison,128
49=,Jenna,128
51,Deborah,126
52,Chloe,123
53,Zoe,120
54=,Charlotte,119
54=,Holly,119
56,Emily,115
57=,Kirsten,114
57=,Lynsey,114
59,Robyn,112
60,Kathryn,110
61,Catriona,109
62=,Ruth,105
62=,Suzanne,105
64=,Julie,104
64=,Sophie,104
66=,Clare,102
66=,Lucy,102
68=,Caroline,101
68=,Erin,101
68=,Pamela,101
71,Carly,97
72,Susan,95
73,Sinead,93
74,Jacqueline,92
75,Anna,91
76,Debbie,90
77=,Lorna,89
77=,Mhairi,89
79=,Jessica,88
79=,Jodie,88
79=,Lindsay,88
82,Alana,87
83,Katherine,85
84,Paula,84
85,Michaela,83
86=,Dawn,79
86=,Sara,79
88=,Caitlin,78
88=,Kerri,78
88=,Kim,78
91,Donna,77
92=,Alexandra,76
92=,Angela,76
92=,Helen,76
95=,Aimee,74
95=,Elaine,74
95=,Joanna,74
98,Christina,71
99,Adele,70
100=,Kathleen,69
100=,Shona,69
102,Kimberly,67
103,Jane,65
104=,Katrina,64
104=,Lesley,64
106=,Christine,63
106=,Lyndsay,63
108,Stacy,61
109,Linzi,60
110=,Jemma,58
110=,Nikki,58
112=,Amber,57
112=,Jillian,57
114=,Leigh,55
114=,Maxine,55
114=,Melanie,55
117=,Cara,54
117=,Lynne,54
119,Mary,53
120=,Ailsa,52
120=,Hazel,52
120=,Kirstie,52
123,Lynn,51
124,Chelsea,50
125,Dionne,49
126=,Charlene,47
126=,Katy,47
126=,Maria,47
126=,Toni,47
130=,Gail,46
130=,Mairi,46
130=,Margaret,46
130=,Nadia,46
130=,Naomi,46
135=,Alice,45
135=,Jamie,45
135=,Terri,45
138,Yvonne,44
139=,Diane,43
139=,Kelsey,43
139=,Lorraine,43
142,Jordan,42
143=,Tanya,41
143=,Tracy,41
145,Justine,40
146,Kate,39
147=,April,38
147=,Carrie,38
149=,Carla,37
149=,Lyndsey,37
149=,Mandy,37
149=,Sian,37
153,Nicolle,36
154=,Leah,35
154=,Lindsey,35
156=,Georgina,34
156=,Linda,34
156=,Tammy,34
156=,Vicki,34
160=,Denise,33
160=,Francesca,33
160=,Jill,33
160=,Kerrie,33
160=,Marie,33
160=,Sharon,33
166=,Courtney,32
166=,Iona,32
166=,Nadine,32
166=,Shelley,32
170=,Abbie,30
170=,Kellie,30
170=,Nichola,30
170=,Roisin,30
174=,Abigail,29
174=,Anne,29
174=,Colette,29
174=,Hollie,29
178=,Andrea,28
178=,Carol,28
178=,Eleanor,28
178=,Julia,28
178=,Patricia,28
178=,Rhona,28
178=,Vicky,28
185=,Grace,27
185=,Kara,27
185=,Tracey,27
185=,Vikki,27
189=,Ann,26
189=,Gayle,26
189=,Lara,26
189=,Lori,26
189=,Morag,26
189=,Sheree,26
195,Shannon,25
196=,Alanna,24
196=,Ellen,24
196=,Morven,24
199=,Jayne,23
199=,Olivia,23
199=,Rebekah,23
202=,Chantelle,22
202=,Frances,22
202=,Isla,22
202=,Kirstin,22
206=,Allana,21
206=,Carolyn,21
206=,Collette,21
206=,Janine,21
206=,Rosie,21
206=,Zara,21
212=,Aileen,20
212=,Ainsley,20
212=,Alannah,20
212=,Marianne,20
212=,Morgan,20
212=,Sarah-Jane,20
212=,Stefanie,20
219=,Amie,19
219=,Pauline,19
219=,Rosemary,19
219=,Roxanne,19
219=,Yasmin,19
224=,Arlene,18
224=,Bryony,18
224=,Corinne,18
224=,Emma-Louise,18
224=,Lana,18
224=,Laurie,18
224=,Sheryl,18
224=,Stacie,18
224=,Veronica,18
233=,Allison,17
233=,Cassie,17
233=,Colleen,17
233=,Jamie-Lee,17
233=,Jasmine,17
233=,Jenny,17
233=,Marion,17
240=,Dana,16
240=,Demi,16
240=,Karina,16
240=,Lois,16
240=,Lynsay,16
240=,Madeleine,16
240=,Nikita,16
240=,Sasha,16
240=,Teri,16
240=,Vanessa,16
250=,Abby,15
250=,Alicia,15
250=,Charmaine,15
250=,Christie,15
250=,Eve,15
250=,Harriet,15
250=,Kay,15
250=,Keri,15
250=,Lee,15
250=,Rhiannon,15
250=,Tamara,15
261=,Adelle,14
261=,Aisha,14
261=,Alyson,14
261=,Beth,14
261=,Brogan,14
261=,Cassandra,14
261=,Hayleigh,14
261=,Johanna,14
261=,Katharine,14
261=,Leeann,14
261=,Leona,14
261=,Lianne,14
261=,Louisa,14
261=,Rona,14
275=,Antonia,13
275=,Bethany,13
275=,Cally,13
275=,Cherie,13
275=,Dannielle,13
275=,Dominique,13
275=,Georgia,13
275=,Janet,13
275=,Jayde,13
275=,Judith,13
275=,Karyn,13
275=,Kirsteen,13
275=,Kristina,13
275=,Leeanne,13
275=,Lynda,13
275=,Roslyn,13
275=,Sally,13
275=,Sarah-Louise,13
275=,Seonaid,13
275=,Simone,13
295=,Ailie,12
295=,Alexis,12
295=,Annie,12
295=,Bobbie,12
295=,Chelsey,12
295=,Clair,12
295=,Fern,12
295=,Kelsie,12
295=,Linsey,12
295=,Miriam,12
295=,Philippa,12
295=,Rochelle,12
295=,Sandra,12
295=,Theresa,12
295=,Tina,12
295=,Valerie,12
311=,Ciara,11
311=,Connie,11
311=,Esther,11
311=,Faye,11
311=,Helena,11
311=,Jodi,11
311=,Meghan,11
311=,Rose,11
311=,Shereen,11
311=,Sophia,11
311=,Tara,11
311=,Tiffany,11
311=,Wendy,11
324=,Alix,10
324=,Bernadette,10
324=,Brooke,10
324=,Callie,10
324=,Daisy,10
324=,Erica,10
324=,Eva,10
324=,Freya,10
324=,Gaynor,10
324=,Marissa,10
324=,Natalia,10
324=,Nina,10
324=,Rosalind,10
324=,Roseanne,10
324=,Sabrina,10
324=,Sandie,10
324=,Serena,10
324=,Shaunna,10
324=,Sonia,10
324=,Teresa,10
344=,Alisha,9
344=,Ami,9
344=,Anita,9
344=,Annabel,9
344=,Anne-Marie,9
344=,Barbara,9
344=,Caron,9
344=,Devon,9
344=,Dianne,9
344=,Elisabeth,9
344=,Elise,9
344=,Evelyn,9
344=,Gina,9
344=,Jocelyn,9
344=,Jody,9
344=,Josephine,9
344=,Joy,9
344=,Stevie,9
344=,Susanne,9
363=,Abbey,8
363=,Alex,8
363=,Amna,8
363=,Annemarie,8
363=,Annette,8
363=,Ayesha,8
363=,Briony,8
363=,Candice,8
363=,Casey,8
363=,Daniela,8
363=,Daniella,8
363=,Fatima,8
363=,Hailey,8
363=,Jay,8
363=,Keira,8
363=,Kirsti,8
363=,Kirstyn,8
363=,Leighanne,8
363=,Lisa-Marie,8
363=,Marnie,8
363=,Mhari,8
363=,Monica,8
363=,Rudi,8
363=,Shauna,8
363=,Shauni,8
388=,Ailidh,7
388=,Alexandria,7
388=,Allyson,7
388=,Ann-Marie,7
388=,Audrey,7
388=,Bethan,7
388=,Carina,7
388=,Debra,7
388=,Diana,7
388=,Erika,7
388=,Fay,7
388=,Geraldine,7
388=,Heidi,7
388=,Jaclyn,7
388=,Janice,7
388=,Jo,7
388=,Jo-Anne,7
388=,Johanne,7
388=,Kelly-Anne,7
388=,Kendal,7
388=,Kristy,7
388=,Kylie,7
388=,Lee-Anne,7
388=,Lucia,7
388=,Lucinda,7
388=,Marina,7
388=,Maureen,7
388=,Paige,7
388=,Rachelle,7
388=,Rosanna,7
388=,Rowan,7
388=,Shirley,7
388=,Shonagh,7
388=,Steffani,7
388=,Susannah,7
388=,Tessa,7
388=,Vivienne,7
425=,Aimi,6
425=,Allanah,6
425=,Amy-Louise,6
425=,Aysha,6
425=,Bianca,6
425=,Billie,6
425=,Bronwyn,6
425=,Carlene,6
425=,Carolanne,6
425=,Chanelle,6
425=,Charis,6
425=,Cindy,6
425=,Coral,6
425=,Corrie,6
425=,Daryl,6
425=,Dayna,6
425=,Elisa,6
425=,Ellis,6
425=,Felicity,6
425=,Genna,6
425=,Haley,6
425=,Hilary,6
425=,Imogen,6
425=,Jan,6
425=,Jasmin,6
425=,Jean,6
425=,Joan,6
425=,Julie-Ann,6
425=,June,6
425=,Kaitlin,6
425=,Karis,6
425=,Kayley,6
425=,Kelly-Ann,6
425=,Kerry-Anne,6
425=,Kristen,6
425=,Krystina,6
425=,Kym,6
425=,Leigh-Ann,6
425=,Leila,6
425=,Leonie,6
425=,Liza,6
425=,Lydia,6
425=,Maryam,6
425=,Michele,6
425=,Niki,6
425=,Poppy,6
425=,Rhea,6
425=,Sana,6
425=,Sandi,6
425=,Sharlene,6
425=,Sheena,6
425=,Stephenie,6
425=,Tammi,6
425=,Taylor,6
479=,Abbi,5
479=,Afton,5
479=,Aimie,5
479=,Ainslie,5
479=,Aishah,5
479=,Alanah,5
479=,Ashton,5
479=,Becky,5
479=,Belinda,5
479=,Carmen,5
479=,Carra,5
479=,Caryn,5
479=,Chantel,5
479=,Cherise,5
479=,Clara,5
479=,Coleen,5
479=,Cristina,5
479=,Dee,5
479=,Eileen,5
479=,Emma-Jane,5
479=,Emma-Jayne,5
479=,Gabriella,5
479=,Holli,5
479=,Hope,5
479=,Irene,5
479=,Jacqui,5
479=,Janey,5
479=,Jenni,5
479=,Joyce,5
479=,Julie-Anne,5
479=,Kari,5
479=,Karly,5
479=,Kaye,5
479=,Kaylie,5
479=,Kerry-Ann,5
479=,Kristi,5
479=,Laura-Jane,5
479=,Leanna,5
479=,Lee-Ann,5
479=,Lily,5
479=,Linzie,5
479=,Lorne,5
479=,Lyn,5
479=,Madeline,5
479=,Mairead,5
479=,Maya,5
479=,Nazia,5
479=,Niamh,5
479=,Noor,5
479=,Penny,5
479=,Rae,5
479=,Rhian,5
479=,Rosalyn,5
479=,Sacha,5
479=,Saira,5
479=,Scarlett,5
479=,Sheona,5
479=,Sonya,5
479=,Steffanie,5
479=,Steffi,5
479=,Susanna,5
479=,Tammie,5
479=,Tamsin,5
479=,Vickie,5
479=,Yasmine,5
479=,Zainab,5
479=,Zoey,5
546=,Adrienne,4
546=,Aisling,4
546=,Anna-Marie,4
546=,Annmarie,4
546=,Ashlea,4
546=,Bonnie,4
546=,Camilla,4
546=,Carlyn,4
546=,Carol-Ann,4
546=,Carole,4
546=,Carron,4
546=,Cathrine,4
546=,Charley,4
546=,Charli,4
546=,Cher,4
546=,Chevonne,4
546=,Christy,4
546=,Claire-Louise,4
546=,Constance,4
546=,Corinna,4
546=,Danika,4
546=,Davina,4
546=,Dayle,4
546=,Deanne,4
546=,Elspeth,4
546=,Fallon,4
546=,Farah,4
546=,Florence,4
546=,Gabrielle,4
546=,Genevieve,4
546=,Gwen,4
546=,Isabel,4
546=,Isabella,4
546=,Jacquelyn,4
546=,Jaime,4
546=,Jaimie,4
546=,Jamielee,4
546=,Janie,4
546=,Jolene,4
546=,Katriona,4
546=,Kiera,4
546=,Kristie,4
546=,Leigh-Anne,4
546=,Leighann,4
546=,Letitia,4
546=,Linsay,4
546=,Mari,4
546=,Marian,4
546=,Marilyn,4
546=,Marisa,4
546=,Martina,4
546=,Miranda,4
546=,Moira,4
546=,Monique,4
546=,Nichole,4
546=,Nyree,4
546=,Phoebe,4
546=,Rhianna,4
546=,Salma,4
546=,Sarah-Ann,4
546=,Sheila,4
546=,Skye,4
546=,Sylvia,4
546=,Tania,4
546=,Tracie,4
546=,Vhari,4
546=,Vivien,4
546=,Whitney,4
546=,Wing,4
615=,Ailey,3
615=,Amelia,3
615=,Anastasia,3
615=,Anja,3
615=,Anneka,3
615=,Annika,3
615=,Antoinette,3
615=,Aoife,3
615=,Asha,3
615=,Ashlie,3
615=,Ava,3
615=,Aynsley,3
615=,Beverley,3
615=,Bobbi,3
615=,Brittany,3
615=,Brodie,3
615=,Caitlyn,3
615=,Caitriona,3
615=,Camille,3
615=,Caragh,3
615=,Caralyn,3
615=,Carin,3
615=,Carley,3
615=,Carrie-Ann,3
615=,Catrina,3
615=,Ceilidh,3
615=,Ceri,3
615=,Chelsie,3
615=,Cheree,3
615=,Cherelle,3
615=,Chiara,3
615=,Claudia,3
615=,Courtnay,3
615=,Crystal,3
615=,Darryl,3
615=,Debbi,3
615=,Debi,3
615=,Dorothy,3
615=,Elena,3
615=,Elissa,3
615=,Eloise,3
615=,Errin,3
615=,Esme,3
615=,Fearn,3
615=,Flora,3
615=,Hanna,3
615=,India,3
615=,Ishbel,3
615=,Jacklyn,3
615=,Jana,3
615=,Jeanette,3
615=,Jennie,3
615=,Joann,3
615=,Josie,3
615=,Karin,3
615=,Karla,3
615=,Kasey,3
615=,Kasie,3
615=,Kassandra,3
615=,Katerina,3
615=,Katey,3
615=,Kayrene,3
615=,Kelli,3
615=,Kellyann,3
615=,Kellyanne,3
615=,Keri-Anne,3
615=,Kerri-Anne,3
615=,Kimberleigh,3
615=,Kiran,3
615=,Kirsty-Anne,3
615=,Krystal,3
615=,Larissa,3
615=,Lauri,3
615=,Leoni,3
615=,Lesley-Anne,3
615=,Levi,3
615=,Lia,3
615=,Lisamarie,3
615=,Loren,3
615=,Lucie,3
615=,Luisa,3
615=,Lynette,3
615=,Lynzie,3
615=,Madihah,3
615=,Mandi,3
615=,Marguerite,3
615=,Martha,3
615=,Martine,3
615=,Mechelle,3
615=,Meredith,3
615=,Mikaela,3
615=,Molly,3
615=,Myra,3
615=,Nia,3
615=,Nicki,3
615=,Nicky,3
615=,Nikole,3
615=,Nisha,3
615=,Rabia,3
615=,Rhiann,3
615=,Rhianne,3
615=,Rio,3
615=,Robynne,3
615=,Rosa,3
615=,Rosemarie,3
615=,Rowena,3
615=,Roxanna,3
615=,Ruby,3
615=,Sabah,3
615=,Samina,3
615=,Sammie,3
615=,Sammy,3
615=,Sammy-Jo,3
615=,Sarah-Jayne,3
615=,Shavonne,3
615=,Shazia,3
615=,Shireen,3
615=,Sidrah,3
615=,Stevi,3
615=,Suzannah,3
615=,Tabitha,3
615=,Tayyibah,3
615=,Vari,3
615=,Verity,3
615=,Vhairi,3
615=,Yvette,3
615=,Zahrah,3
742=,Aaron,2
742=,Abbigail,2
742=,Abigael,2
742=,Agnes,2
742=,Ailis,2
742=,Alena,2
742=,Alexander,2
742=,Aline,2
742=,Alisa,2
742=,Allannah,2
742=,Alyssa,2
742=,Amanda-Jane,2
742=,Ambika,2
742=,Ambreen,2
742=,Andi,2
742=,Andie,2
742=,Aneeka,2
742=,Angeline,2
742=,Anisa,2
742=,Anisha,2
742=,Anissa,2
742=,Annalise,2
742=,Anneliese,2
742=,Aqsa,2
742=,Ariane,2
742=,Arianne,2
742=,Arwen,2
742=,Asmaa,2
742=,Astrid,2
742=,Avril,2
742=,Ayeisha,2
742=,Blaire,2
742=,Blythe,2
742=,Breige,2
742=,Brenda,2
742=,Bridget,2
742=,Cairn,2
742=,Calli,2
742=,Carey,2
742=,Carine,2
742=,Carlie,2
742=,Carol-Anne,2
742=,Carrin,2
742=,Caterina,2
742=,Cathie,2
742=,Cathleen,2
742=,Cathryn,2
742=,Chanel,2
742=,Chantal,2
742=,Charissa,2
742=,Charly,2
742=,Cheri,2
742=,Cherish,2
742=,Cheyenne,2
742=,Ching,2
742=,Chivonne,2
742=,Ciorstan,2
742=,Claudette,2
742=,Cora,2
742=,Corrina,2
742=,Corrine,2
742=,Dani,2
742=,Darlene,2
742=,Deirdre,2
742=,Deniece,2
742=,Donna-Marie,2
742=,Dyan,2
742=,Edith,2
742=,Eilis,2
742=,Eireann,2
742=,Elizabeth-Anne,2
742=,Ella,2
742=,Ellice,2
742=,Ellisa,2
742=,Emmeline,2
742=,Enya,2
742=,Eryn,2
742=,Evonne,2
742=,Faith,2
742=,Faizah,2
742=,Farida,2
742=,Francis,2
742=,Gael,2
742=,Gemma-Louise,2
742=,Giselle,2
742=,Gurpreet,2
742=,Hai,2
742=,Hana,2
742=,Harley,2
742=,Harmony,2
742=,Haylie,2
742=,Helen-Jane,2
742=,Hester,2
742=,Ho,2
742=,Humera,2
742=,Ilona,2
742=,Inga,2
742=,Iqra,2
742=,Iram,2
742=,Isobel,2
742=,Ivana,2
742=,Jackie,2
742=,Jacquelynn,2
742=,Jael,2
742=,Janette,2
742=,Janna,2
742=,Jayd,2
742=,Jaye,2
742=,Jeanne,2
742=,Jenifer,2
742=,Jeri,2
742=,Jessie,2
742=,Jilly,2
742=,Jodee,2
742=,Johan,2
742=,John,2
742=,Joni,2
742=,Jordana,2
742=,Jordann,2
742=,Jordyn,2
742=,Julianne,2
742=,Juliet,2
742=,Kaireen,2
742=,Kaisha,2
742=,Kareen,2
742=,Karena,2
742=,Karleigh,2
742=,Karlene,2
742=,Karlyn,2
742=,Kasia,2
742=,Katarina,2
742=,Kathrine,2
742=,Katrin,2
742=,Katy-Louise,2
742=,Kaya,2
742=,Kaylee,2
742=,Kayleigh-Ann,2
742=,Kayleigh-Anne,2
742=,Kayliegh,2
742=,Keara,2
742=,Keighley,2
742=,Kelly-Marie,2
742=,Kelsi,2
742=,Kenna,2
742=,Kenzie,2
742=,Keren,2
742=,Kerri-Ann,2
742=,Kerrianne,2
742=,Kerrie-Ann,2
742=,Kerryanne,2
742=,Kerstin,2
742=,Kieren,2
742=,Kiren,2
742=,Kirstan,2
742=,Kit,2
742=,Koral,2
742=,Kristin,2
742=,Krystle,2
742=,Kyra,2
742=,Lacey,2
742=,Laura-Jayne,2
742=,Laurel,2
742=,Lauryn,2
742=,Lea,2
742=,Leisa,2
742=,Lesleyanne,2
742=,Leyna,2
742=,Lilian,2
742=,Lillian,2
742=,Limara,2
742=,Lisa-Ann,2
742=,Loraine,2
742=,Lucille,2
742=,Lynnette,2
742=,Lynzi,2
742=,Maddison,2
742=,Madiha,2
742=,Magenta,2
742=,Mahri,2
742=,Mairi-Anne,2
742=,Mandie,2
742=,Marcia,2
742=,Maresa,2
742=,Margaret-Ann,2
742=,Marianna,2
742=,Marie-Claire,2
742=,Marisha,2
742=,Marlene,2
742=,Mary-Anne,2
742=,Maryann,2
742=,Meagan,2
742=,Meghann,2
742=,Meghanne,2
742=,Melody,2
742=,Meryl,2
742=,Mhari-Anne,2
742=,Mica,2
742=,Mikala,2
742=,Mikhaila,2
742=,Mirren,2
742=,Montana,2
742=,Nadiah,2
742=,Nakita,2
742=,Nancy,2
742=,Nasreen,2
742=,Natalya,2
742=,Nathalie,2
742=,Nazma,2
742=,Niala,2
742=,Nicholle,2
742=,Nikola,2
742=,Nosheen,2
742=,Oriana,2
742=,Paris,2
742=,Patrice,2
742=,Petrina,2
742=,Polly,2
742=,Portia,2
742=,Razia,2
742=,Rea,2
742=,Rebeccah,2
742=,Rebekka,2
742=,Rhianwen,2
742=,Rhonda,2
742=,Roberta,2
742=,Rosaleen,2
742=,Rosaline,2
742=,Rosanne,2
742=,Roseann,2
742=,Rosheen,2
742=,Rosslyn,2
742=,Roxy,2
742=,Sabina,2
742=,Sabine,2
742=,Sadia,2
742=,Sadiah,2
742=,Saima,2
742=,Samara,2
742=,Sameera,2
742=,Sammantha,2
742=,Sammi,2
742=,Sara-Jane,2
742=,Sarahlouise,2
742=,Saskia,2
742=,Seana,2
742=,Seharish,2
742=,Selina,2
742=,Seona,2
742=,Shamila,2
742=,Shamsa,2
742=,Shanelle,2
742=,Shanna,2
742=,Shareen,2
742=,Shari,2
742=,Sharyn,2
742=,Shawni,2
742=,Shelayne,2
742=,Shelli,2
742=,Shellie,2
742=,Shelly,2
742=,Sherie,2
742=,Sherrie,2
742=,Sheryll,2
742=,Shivonne,2
742=,Siannon,2
742=,Siobhon,2
742=,Sofeina,2
742=,Sofia,2
742=,Sofie,2
742=,Sorcha,2
742=,Stacey-Lee,2
742=,Stacy-Anne,2
742=,Stefani,2
742=,Stefania,2
742=,Stella,2
742=,Stephannie,2
742=,Suet,2
742=,Suzy,2
742=,Sydney,2
742=,Sylvie,2
742=,Tanita,2
742=,Tanith,2
742=,Teri-Louise,2
742=,Thea,2
742=,Uzma,2
742=,Vaila,2
742=,Vannessa,2
742=,Wallis,2
742=,Yasmeen,2
742=,Yee,2
742=,Zahra,2
1033=,Aafia,1
1033=,Aaisha,1
1033=,Aamerah,1
1033=,Aaminah,1
1033=,Aamna-Nazir,1
1033=,Aaran,1
1033=,Aarron,1
1033=,Aasma,1
1033=,Abbie-Jo,1
1033=,Abbie-Rose,1
1033=,Abdah,1
1033=,Abigayle,1
1033=,Abijane,1
1033=,Abirami,1
1033=,Abrar,1
1033=,Adeeba,1
1033=,Adel,1
1033=,Adina,1
1033=,Adora,1
1033=,Aeilidh,1
1033=,Aemy,1
1033=,Aesha,1
1033=,Afeefa,1
1033=,Afreen,1
1033=,Afshan,1
1033=,Agathe,1
1033=,Ahakira,1
1033=,Ahsleigh,1
1033=,Aiden,1
1033=,Ailith,1
1033=,Aillie,1
1033=,Aillse,1
1033=,Aimee-Louise,1
1033=,Aine,1
1033=,Ainslee,1
1033=,Ainsleigh,1
1033=,Aislinn,1
1033=,Aksah,1
1033=,Alanna-Marie,1
1033=,Alannaha,1
1033=,Alanod,1
1033=,Alba,1
1033=,Aleigh,1
1033=,Aleisha,1
1033=,Alejandra,1
1033=,Alesia,1
1033=,Alexs,1
1033=,Aleya,1
1033=,Alia,1
1033=,Alice-Erin,1
1033=,Alima,1
1033=,Alina,1
1033=,Alishia,1
1033=,Alisia,1
1033=,Aliyah,1
1033=,Aliysa,1
1033=,Allanna,1
1033=,Allanna-Marie,1
1033=,Alma,1
1033=,Althea,1
1033=,Alyce,1
1033=,Alys,1
1033=,Alysha,1
1033=,Amanah,1
1033=,Amarjeet,1
1033=,Amba,1
1033=,Amber-Lea,1
1033=,Ambereena,1
1033=,Amberlie,1
1033=,Amberly,1
1033=,Ambre,1
1033=,Amee,1
1033=,Amel,1
1033=,Amenah,1
1033=,Amereen,1
1033=,Amiee,1
1033=,Amiel,1
1033=,Aminah,1
1033=,Amira,1
1033=,Amirah,1
1033=,Ammara,1
1033=,Ammera,1
1033=,Amnah,1
1033=,Amreet,1
1033=,Amrita,1
1033=,Amy-Beth,1
1033=,Amyjo,1
1033=,Anam,1
1033=,Anath,1
1033=,Anbereen,1
1033=,Andra,1
1033=,Andrena,1
1033=,Andriane,1
1033=,Andrina,1
1033=,Aneesa,1
1033=,Aneesh,1
1033=,Aneesha,1
1033=,Angel,1
1033=,Angela-Jean,1
1033=,Angele,1
1033=,Angelea,1
1033=,Angelica,1
1033=,Angie,1
1033=,Ania,1
1033=,Aniam,1
1033=,Aniesha,1
1033=,Anika,1
1033=,Anila,1
1033=,Aniqah,1
1033=,Anisah,1
1033=,Anjali,1
1033=,Anjelica,1
1033=,Anji,1
1033=,Anjunmonara,1
1033=,Anmol,1
1033=,Ann-Jane,1
1033=,Ann-Louise,1
1033=,Ann-Maree,1
1033=,Anna-Helene,1
1033=,Anna-Leigh,1
1033=,Anna-Louise,1
1033=,Annabelle,1
1033=,Annah,1
1033=,Annastasia,1
1033=,Anne-Louise,1
1033=,Anneela,1
1033=,Annelliese,1
1033=,Annisha,1
1033=,Annja,1
1033=,Annmaree,1
1033=,Annoushka,1
1033=,Annum,1
1033=,Anouk,1
1033=,Anya,1
1033=,Aqilah,1
1033=,Arabella,1
1033=,Arati,1
1033=,Ari,1
1033=,Ariana,1
1033=,Arianna,1
1033=,Arlyne,1
1033=,Armande,1
1033=,Aroosha,1
1033=,Arouje,1
1033=,Arron,1
1033=,Artemia,1
1033=,Artemis,1
1033=,Asheya,1
1033=,Ashlea-Diane,1
1033=,Ashleah,1
1033=,Ashlee,1
1033=,Ashleen,1
1033=,Ashleigh-Jane,1
1033=,Ashleighy,1
1033=,Ashley-Louise,1
1033=,Ashli,1
1033=,Ashliegh,1
1033=,Ashly,1
1033=,Ashlyn,1
1033=,Ashlynn,1
1033=,Asia,1
1033=,Asifa,1
1033=,Asma,1
1033=,Assunta,1
1033=,Aston,1
1033=,Astral,1
1033=,Astryd,1
1033=,Atalia,1
1033=,Atia,1
1033=,Atika,1
1033=,Audra,1
1033=,Aurora,1
1033=,Ausfah,1
1033=,Autumn,1
1033=,Averil,1
1033=,Avonia,1
1033=,Ayasha,1
1033=,Ayat,1
1033=,Ayleen,1
1033=,Aymee,1
1033=,Aynsleigh,1
1033=,Aynslie,1
1033=,Ayse,1
1033=,Azima,1
1033=,Aziza,1
1033=,Baby,1
1033=,Bastian,1
1033=,Beata,1
1033=,Becki,1
1033=,Bella,1
1033=,Bena,1
1033=,Berneray,1
1033=,Bess,1
1033=,Bethen,1
1033=,Beverely,1
1033=,Beverly,1
1033=,Billie-Jean,1
1033=,Billie-Jo,1
1033=,Billiejane,1
1033=,Bisma,1
1033=,Blair,1
1033=,Blaise,1
1033=,Blanche,1
1033=,Blaze,1
1033=,Bobbi-Lee,1
1033=,Bramble,1
1033=,Branley,1
1033=,Brayden,1
1033=,Breanna,1
1033=,Breda,1
1033=,Brenda-Lee,1
1033=,Brianna,1
1033=,Briege,1
1033=,Brigitte,1
1033=,Bris,1
1033=,Brittani,1
1033=,Brogahn,1
1033=,Broghan,1
1033=,Bronte,1
1033=,Bronwen,1
1033=,Bryan,1
1033=,Bryanna,1
1033=,Bryoni,1
1033=,Buristie,1
1033=,Bushra,1
1033=,Cadae,1
1033=,Caeleigh,1
1033=,Caerey,1
1033=,Cailidh,1
1033=,Caira,1
1033=,Cairistiona,1
1033=,Cairstiona,1
1033=,Caitlinn,1
1033=,Caitrin,1
1033=,Caity,1
1033=,Caledonia,1
1033=,Cali,1
1033=,Calleigh,1
1033=,Calley,1
1033=,Candace,1
1033=,Candis,1
1033=,Caprice,1
1033=,Capricia,1
1033=,Cara-Alicia,1
1033=,Cara-Louise,1
1033=,Caren,1
1033=,Cari-Leigh,1
1033=,Carita,1
1033=,Carli,1
1033=,Carline,1
1033=,Carly-Ann,1
1033=,Carly-Marie,1
1033=,Carmel,1
1033=,Carn,1
1033=,Carolyne,1
1033=,Carolynn,1
1033=,Carrera,1
1033=,Carrie-Marie,1
1033=,Carrieann,1
1033=,Carrieanne,1
1033=,Carrina,1
1033=,Carroll,1
1033=,Carys,1
1033=,Caseylee,1
1033=,Cassandre,1
1033=,Cassey-Leigh,1
1033=,Cassi,1
1033=,Cassie-Louise,1
1033=,Cassy,1
1033=,Catarina,1
1033=,Catharine,1
1033=,Catherine-Anne,1
1033=,Cathrena,1
1033=,Catryn,1
1033=,Cayleigh,1
1033=,Celene,1
1033=,Celeste,1
1033=,Celia,1
1033=,Celine,1
1033=,Ceola,1
1033=,Cerri,1
1033=,Cerysh,1
1033=,Ceylan,1
1033=,Chana,1
1033=,Chanita,1
1033=,Channeh,1
1033=,Channelle,1
1033=,Chantalle,1
1033=,Chantella,1
1033=,Chanthney,1
1033=,Charla,1
1033=,Charlee,1
1033=,Charlie,1
1033=,Charlotte-Jane,1
1033=,Charmane,1
1033=,Charmian,1
1033=,Charys,1
1033=,Che,1
1033=,Chelaine,1
1033=,Chelcey-Anne,1
1033=,Chelcie,1
1033=,Chele,1
1033=,Chelsay,1
1033=,Chelsee,1
1033=,Chelsi,1
1033=,Chenae,1
1033=,Cherice,1
1033=,Cherisse,1
1033=,Cherrelle,1
1033=,Cherri,1
1033=,Cherry,1
1033=,Cheryl-Ann,1
1033=,Cheryl-Anne,1
1033=,Cheryl-Marie,1
1033=,Cherylanne,1
1033=,Chimene,1
1033=,Chiu,1
1033=,Chloe-May,1
1033=,Chrisann,1
1033=,Chrisanne,1
1033=,Christabel,1
1033=,Christen,1
1033=,Christi,1
1033=,Christianna,1
1033=,Christopher,1
1033=,Chyrel,1
1033=,Chyrell,1
1033=,Chyvonne,1
1033=,Ciarra,1
1033=,Cieran,1
1033=,Ciona,1
1033=,Ciorstaidh,1
1033=,Claira,1
1033=,Clementina,1
1033=,Clementine,1
1033=,Climidh,1
1033=,Cloud,1
1033=,Coady,1
1033=,Colby,1
1033=,Colina,1
1033=,Coline,1
1033=,Collene,1
1033=,Colline,1
1033=,Cora-Leigh,1
1033=,Coralea,1
1033=,Coran,1
1033=,Cori,1
1033=,Corin,1
1033=,Corinn,1
1033=,Corray,1
1033=,Corri,1
1033=,Corrinna,1
1033=,Corrinne,1
1033=,Coryn,1
1033=,Corynn,1
1033=,Courtenay,1
1033=,Courthey,1
1033=,Courtny,1
1033=,Craig,1
1033=,Cree,1
1033=,Crissie,1
1033=,Curstaidh,1
1033=,Cyndie,1
1033=,Cynthia,1
1033=,Dael,1
1033=,Daena,1
1033=,Dale,1
1033=,Dalvina,1
1033=,Daneka,1
1033=,Danelle,1
1033=,Dania,1
1033=,Danica,1
1033=,Daniell,1
1033=,Danina,1
1033=,Danniel,1
1033=,Darcy,1
1033=,Darlynne,1
1033=,Daryl-Anne,1
1033=,Daughn,1
1033=,Davinder,1
1033=,Dawna,1
1033=,Deanna,1
1033=,Dearbhla,1
1033=,Debbie-Ann,1
1033=,Debbie-Lee,1
1033=,Deborah-Anne,1
1033=,Debra-Lee,1
1033=,Dee-Anne,1
1033=,Deena,1
1033=,Deepa,1
1033=,Delia,1
1033=,Demah,1
1033=,Denni,1
1033=,Deonne,1
1033=,Derula,1
1033=,Despina,1
1033=,Destine,1
1033=,Devahn,1
1033=,Devin,1
1033=,Devonne,1
1033=,Deyna,1
1033=,Dhariat,1
1033=,Dian,1
1033=,Diandra,1
1033=,Dilbier,1
1033=,Dina,1
1033=,Dinah,1
1033=,Dion,1
1033=,Ditza,1
1033=,Divya,1
1033=,Domenique,1
1033=,Dona,1
1033=,Donalda,1
1033=,Donella,1
1033=,Donnamarie,1
1033=,Doreen,1
1033=,Dulcie,1
1033=,Dyane,1
1033=,Dyanne,1
1033=,Eavan,1
1033=,Ebony,1
1033=,Eden,1
1033=,Edwina,1
1033=,Eidann,1
1033=,Eilean,1
1033=,Eiley,1
1033=,Eilisa,1
1033=,Eilise,1
1033=,Eilish,1
1033=,Eiona,1
1033=,Eirinn,1
1033=,Elana,1
1033=,Elanda,1
1033=,Elayna,1
1033=,Elayne,1
1033=,Ele,1
1033=,Eleeza,1
1033=,Eleisha,1
1033=,Eleni,1
1033=,Elgin,1
1033=,Elinor,1
1033=,Elischa,1
1033=,Elishabeth,1
1033=,Ellen-Elizabeth,1
1033=,Ellena,1
1033=,Ellenor,1
1033=,Elli,1
1033=,Ellie,1
1033=,Ellima,1
1033=,Ellise,1
1033=,Elmik,1
1033=,Elona,1
1033=,Elouise,1
1033=,Elsa,1
1033=,Elsie,1
1033=,Elyse,1
1033=,Emilia,1
1033=,Emilie,1
1033=,Emiri,1
1033=,Emma-Lea,1
1033=,Emma-Lee,1
1033=,Emma-Leigh,1
1033=,Emmah,1
1033=,Emmanuela,1
1033=,Emmy,1
1033=,Emmy-Claire,1
1033=,Emy-Louise,1
1033=,Eric,1
1033=,Ericka,1
1033=,Erinn,1
1033=,Erryn,1
1033=,Erynn,1
1033=,Esha,1
1033=,Esla,1
1033=,Estelle,1
1033=,Esther-Ann,1
1033=,Eubha,1
1033=,Eunice,1
1033=,Euphemia,1
1033=,Evie,1
1033=,Evyenia,1
1033=,Ezara,1
1033=,Fae,1
1033=,Faerne,1
1033=,Farat,1
1033=,Farhana,1
1033=,Farisq,1
1033=,Farmin,1
1033=,Faron,1
1033=,Farrah,1
1033=,Fatama,1
1033=,Fearne,1
1033=,Federica,1
1033=,Fehrn,1
1033=,Fenella,1
1033=,Ferrol,1
1033=,Feryn,1
1033=,Ffion,1
1033=,Fhern,1
1033=,Fionna,1
1033=,Fionnvala,1
1033=,Firdaus,1
1033=,Forress,1
1033=,Francessca,1
1033=,Freda,1
1033=,Freja,1
1033=,Freya-Merret,1
1033=,Freyja,1
1033=,Frikha,1
1033=,Gabriele,1
1033=,Gada,1
1033=,Gaganpreet,1
1033=,Gayner,1
1033=,Gema,1
1033=,Gentian,1
1033=,Geodie,1
1033=,Georgea,1
1033=,Georgeina,1
1033=,Georgie,1
1033=,Georgine,1
1033=,Geum,1
1033=,Ghilean,1
1033=,Ghulam,1
1033=,Gill,1
1033=,Ginny,1
1033=,Giovanna,1
1033=,Giulia,1
1033=,Gloria,1
1033=,Grady,1
1033=,Graeme,1
1033=,Grant,1
1033=,Grecia,1
1033=,Guilia,1
1033=,Gul,1
1033=,Guratma,1
1033=,Gwyneth,1
1033=,Haileigh,1
1033=,Hajra,1
1033=,Halcy,1
1033=,Halima,1
1033=,Halla,1
1033=,Haneen,1
1033=,Hannah-Louise,1
1033=,Harinder,1
1033=,Harjit,1
1033=,Harleen,1
1033=,Harri,1
1033=,Havilah,1
1033=,Hawlie,1
1033=,Haxley,1
1033=,Haylay,1
1033=,Helene,1
1033=,Helyn,1
1033=,Henah,1
1033=,Henna,1
1033=,Hermione,1
1033=,Hesper,1
1033=,Hiba,1
1033=,Hind,1
1033=,Hiraa,1
1033=,Hirra,1
1033=,Hoda,1
1033=,Hoi-Ying,1
1033=,Hollay,1
1033=,Holley,1
1033=,Hollye,1
1033=,Honor,1
1033=,Hoy-Yun,1
1033=,Huda,1
1033=,Humira,1
1033=,Hyfa,1
1033=,Ianthe,1
1033=,Iashiya,1
1033=,Iesha,1
1033=,Ifelewa,1
1033=,Iffat,1
1033=,Igina,1
1033=,Ikrah,1
1033=,Iman,1
1033=,Indie,1
1033=,Ingrid,1
1033=,Innes,1
1033=,Ioanna,1
1033=,Ione,1
1033=,Irena,1
1033=,Irum,1
1033=,Isa,1
1033=,Isabell,1
1033=,Iseabail,1
1033=,Iza,1
1033=,J,1
1033=,Jacki,1
1033=,Jacklynn,1
1033=,Jacqualene,1
1033=,Jacqualine,1
1033=,Jacquelin,1
1033=,Jade-Louise,1
1033=,Jadeine,1
1033=,Jae,1
1033=,Jahira,1
1033=,Jaide,1
1033=,Jaime-Lee,1
1033=,Jaimie-Lee,1
1033=,Jaklyn,1
1033=,Jalisa,1
1033=,Jamey,1
1033=,Jami,1
1033=,Jami-Lee,1
1033=,Jamie-Lyn,1
1033=,Jamiee,1
1033=,Jamielea,1
1033=,Jamieleigh,1
1033=,Jamilea,1
1033=,Jan-Louise,1
1033=,Janade,1
1033=,Jane-Michelle,1
1033=,Janee,1
1033=,Janel,1
1033=,Jannah,1
1033=,Jannine,1
1033=,Jasika,1
1033=,Jaskiranjeet,1
1033=,Jasmeen,1
1033=,Javairia,1
1033=,Jay-Lee,1
1033=,Jaydene,1
1033=,Jaymie,1
1033=,Jaymie-Leigh,1
1033=,Jayney,1
1033=,Jazmin,1
1033=,Jazmine,1
1033=,Jeanie,1
1033=,Jeanmarie,1
1033=,Jemima,1
1033=,Jemimah,1
1033=,Jena,1
1033=,Jeni,1
1033=,Jenna-Lee,1
1033=,Jenna-Lynne,1
1033=,Jennafer,1
1033=,Jennifer-Anne,1
1033=,Jennifer-Dee,1
1033=,Jenniffer,1
1033=,Jerri-Lee,1
1033=,Jerry,1
1033=,Jessamie,1
1033=,Jessamine,1
1033=,Jo-Ann,1
1033=,Jo-Dee,1
1033=,Jo-Lisa,1
1033=,Joana,1
1033=,Joanie,1
1033=,Joanita,1
1033=,Joanna-Lee,1
1033=,Jocasta,1
1033=,Jocelynn,1
1033=,Jodene,1
1033=,Jodie-Lea,1
1033=,Joelle,1
1033=,Johnan,1
1033=,Jolana,1
1033=,Joleen,1
1033=,Jordan-Leigh,1
1033=,Jordane,1
1033=,Jorden,1
1033=,Jordian,1
1033=,Jordon,1
1033=,Jordynn,1
1033=,Joselyn,1
1033=,Joseph,1
1033=,Joslyn,1
1033=,Josslyn,1
1033=,Jovannah,1
1033=,Joycelyn,1
1033=,Jozi,1
1033=,Jozie,1
1033=,Judy,1
1033=,Juleen,1
1033=,Juliana,1
1033=,Juliann,1
1033=,Julianna,1
1033=,Julie-Marie,1
1033=,Julie-Yvonne,1
1033=,Julieanne,1
1033=,Junet,1
1033=,Jura,1
1033=,Justeen,1
1033=,Justyne,1
1033=,Ka,1
1033=,Kacey,1
1033=,Kaeley,1
1033=,Kaely,1
1033=,Kai,1
1033=,Kaighla,1
1033=,Kailey,1
1033=,Kailzie,1
1033=,Kairen,1
1033=,Kaiserin,1
1033=,Kaitlyn,1
1033=,Kaitlynd,1
1033=,Kaitlynn,1
1033=,Kaleigh,1
1033=,Kaleigh-Anne,1
1033=,Kalene,1
1033=,Kali,1
1033=,Kallie,1
1033=,Kalya,1
1033=,Kanya,1
1033=,Karagh,1
1033=,Karah,1
1033=,Karan,1
1033=,Karie,1
1033=,Karien,1
1033=,Karima,1
1033=,Karisha,1
1033=,Kariss,1
1033=,Karley,1
1033=,Karma,1
1033=,Karmen,1
1033=,Karoline,1
1033=,Karra,1
1033=,Karrah,1
1033=,Karri,1
1033=,Karrie,1
1033=,Kasha,1
1033=,Kasmin,1
1033=,Kassandra-Anne,1
1033=,Kassia,1
1033=,Kassie,1
1033=,Kassy,1
1033=,Katelyn,1
1033=,Katelynne,1
1033=,Katerine,1
1033=,Katharina,1
1033=,Kathelle,1
1033=,Katheryn,1
1033=,Kathijah,1
1033=,Kathy,1
1033=,Kati,1
1033=,Katie-Ann,1
1033=,Katie-Lauren,1
1033=,Katie-Louise,1
1033=,Katrine,1
1033=,Katryn,1
1033=,Katryna,1
1033=,Katy-Ann,1
1033=,Katy-Ellen,1
1033=,Katyanne,1
1033=,Kausar,1
1033=,Kaydee,1
1033=,Kayla,1
1033=,Kaylana,1
1033=,Kaylea,1
1033=,Kayleen,1
1033=,Kayleigh-Alexan,1
1033=,Kaylin,1
1033=,Kayra,1
1033=,Kayrie,1
1033=,Kayrin,1
1033=,Kaz,1
1033=,Kazamira,1
1033=,Keiba,1
1033=,Keighlee,1
1033=,Keighleigh,1
1033=,Keleigh,1
1033=,Kelley,1
1033=,Kellie-Marie,1
1033=,Kelly-Jo,1
1033=,Kellymarie,1
1033=,Kelsa,1
1033=,Kelsea,1
1033=,Kelsie-Anne,1
1033=,Kelsie-Louise,1
1033=,Kelsy,1
1033=,Kely,1
1033=,Kendra,1
1033=,Kenny,1
1033=,Keran,1
1033=,Kered,1
1033=,Kerenza,1
1033=,Keriann,1
1033=,Kerianne,1
1033=,Kerrayann,1
1033=,Kerren,1
1033=,Kerri-Marie,1
1033=,Kerriann,1
1033=,Kerrin,1
1033=,Kerry-Lee,1
1033=,Keryn,1
1033=,Kerys,1
1033=,Keyrai,1
1033=,Keziah,1
1033=,Khaksar,1
1033=,Khally,1
1033=,Kheelie,1
1033=,Khirsti,1
1033=,Khirstie,1
1033=,Khusboo,1
1033=,Khyara,1
1033=,Kia,1
1033=,Kiara,1
1033=,Kiatara,1
1033=,Kiayana,1
1033=,Kierran,1
1033=,Kieywyn,1
1033=,Kim-Marie,1
1033=,Kimbereley,1
1033=,Kimberlee,1
1033=,Kimberley-Ann,1
1033=,Kimberlymarie,1
1033=,Kimbillie,1
1033=,Kimi,1
1033=,Kinza,1
1033=,Kira,1
1033=,Kirandeep,1
1033=,Kirby,1
1033=,Kirena,1
1033=,Kirsti-Lee,1
1033=,Kirstian,1
1033=,Kirstine,1
1033=,Kirstley,1
1033=,Kirsty-Ann,1
1033=,Kirsty-Jane,1
1033=,Kirsty-Leigh,1
1033=,Kirsty-Marie,1
1033=,Kitty,1
1033=,Klair,1
1033=,Klaire,1
1033=,Kloey,1
1033=,Komel,1
1033=,Koreen,1
1033=,Koren,1
1033=,Korran,1
1033=,Kris,1
1033=,Krissa,1
1033=,Kristel,1
1033=,Kristi-Lee,1
1033=,Kristine,1
1033=,Krysha,1
1033=,Krystine,1
1033=,Krystle-Marie,1
1033=,Kwan,1
1033=,Kyla,1
1033=,Kymberli,1
1033=,Kymberlie-Dee,1
1033=,Kymberly,1
1033=,Kyrie,1
1033=,Kyrstin,1
1033=,Laetitia,1
1033=,Lai,1
1033=,Laice,1
1033=,Laiken,1
1033=,Laila,1
1033=,Lakvinder,1
1033=,Lalarukh,1
1033=,Lamya,1
1033=,Lan,1
1033=,Lana-Marie,1
1033=,Lanae,1
1033=,Lannagh,1
1033=,Larisa,1
1033=,Larrah,1
1033=,Lateasha,1
1033=,Laura-Anne,1
1033=,Laura-Beth,1
1033=,Laura-Joh,1
1033=,Laura-Ueniese,1
1033=,Lauran,1
1033=,Laurane,1
1033=,Lauranne,1
1033=,Laureanne,1
1033=,Laurie-Ann,1
1033=,Laurie-Leigh,1
1033=,Laurin,1
1033=,Lauris,1
1033=,Laurisa,1
1033=,Lavelle,1
1033=,Lawraine,1
1033=,Lawren,1
1033=,Lawrie,1
1033=,Lea-Ann,1
1033=,Lea-Anne,1
1033=,Leana,1
1033=,Leann,1
1033=,Leaona,1
1033=,Leena,1
1033=,Leesa,1
1033=,Leesa-Marie,1
1033=,Leia,1
1033=,Leigha,1
1033=,Leighan,1
1033=,Leilani,1
1033=,Leilla,1
1033=,Leisha,1
1033=,Lenah,1
1033=,Leonah,1
1033=,Leonna,1
1033=,Leonora,1
1033=,Lesah,1
1033=,Lesley-Ann,1
1033=,Leyanna,1
1033=,Leyla,1
1033=,Lian,1
1033=,Liana,1
1033=,Liane,1
1033=,Liann,1
1033=,Lianna,1
1033=,Lichelle,1
1033=,Lili,1
1033=,Lilias-Jean,1
1033=,Lillias,1
1033=,Lin,1
1033=,Lina,1
1033=,Lindsay-Jane,1
1033=,Linsayann,1
1033=,Linzay,1
1033=,Lioba,1
1033=,Liona,1
1033=,Liorah,1
1033=,Lisa-Anne,1
1033=,Lisanna,1
1033=,Lisanne,1
1033=,Lise-Lolte,1
1033=,Liselle,1
1033=,Lissa,1
1033=,Lissanne,1
1033=,Liza-Marie,1
1033=,Lizamarie,1
1033=,Lizanne,1
1033=,Lizzie,1
1033=,Llianna,1
1033=,Llywesse,1
1033=,Lorelle,1
1033=,Lorenna,1
1033=,Loretta,1
1033=,Lori-Anne,1
1033=,Lorin,1
1033=,Lorn,1
1033=,Loryn,1
1033=,Lotte,1
1033=,Louisa-Jane,1
1033=,Luce,1
1033=,Luciana-Marinel,1
1033=,Lucianna,1
1033=,Lucina,1
1033=,Lucy-Anne,1
1033=,Lucy-Helen,1
1033=,Lui,1
1033=,Luizee,1
1033=,Lukka,1
1033=,Lyanne,1
1033=,Lydon,1
1033=,Lyecia,1
1033=,Lyndsay-Ann,1
1033=,Lyndsey-Anne,1
1033=,Lyndsie,1
1033=,Lynn-Jane,1
1033=,Lynne-Frances,1
1033=,Lynsy,1
1033=,Lysette,1
1033=,Maariya,1
1033=,Madelaine,1
1033=,Madelaine-Rose,1
1033=,Mae,1
1033=,Maegan,1
1033=,Maeve,1
1033=,Magali,1
1033=,Magalie,1
1033=,Magdalene,1
1033=,Maghan,1
1033=,Maha,1
1033=,Mahreen,1
1033=,Maida,1
1033=,Maiken,1
1033=,Maimoonah,1
1033=,Mairi-Ann,1
1033=,Mairi-Rebecca,1
1033=,Mairin,1
1033=,Maja,1
1033=,Maleeha,1
1033=,Maliha,1
1033=,Malissa,1
1033=,Malissa-Ann,1
1033=,Mammie,1
1033=,Mana,1
1033=,Mandeep,1
1033=,Manpreet,1
1033=,Maraina,1
1033=,Marc,1
1033=,Marcella,1
1033=,Maree,1
1033=,Mareesa,1
1033=,Marelle,1
1033=,Marena,1
1033=,Margaretmary,1
1033=,Margaux,1
1033=,Margo,1
1033=,Margot,1
1033=,Mari-Clare,1
1033=,Maria-Anna,1
1033=,Maria-Claire,1
1033=,Mariam,1
1033=,Mariana,1
1033=,Mariane,1
1033=,Mariann,1
1033=,Mariclaire,1
1033=,Marie-Clare,1
1033=,Marie-Louise,1
1033=,Mariesha,1
1033=,Mariko,1
1033=,Marit,1
1033=,Marjorie,1
1033=,Marjory,1
1033=,Marle,1
1033=,Marley,1
1033=,Marlies,1
1033=,Marni,1
1033=,Marsha,1
1033=,Marti,1
1033=,Marwa,1
1033=,Mary-Elizabeth,1
1033=,Mary-Jane,1
1033=,Mary-Teresa,1
1033=,Maryse,1
1033=,Marysia,1
1033=,Mathew,1
1033=,Mathilde,1
1033=,Matti,1
1033=,Maura,1
1033=,Max,1
1033=,Maxcine,1
1033=,May,1
1033=,Maybole,1
1033=,Maye,1
1033=,Meadhbh,1
1033=,Meaghan,1
1033=,Medeha,1
1033=,Meegan,1
1033=,Meg,1
1033=,Megann,1
1033=,Meggin,1
1033=,Mehrean,1
1033=,Mehreen,1
1033=,Meisha,1
1033=,Melessia,1
1033=,Melisa,1
1033=,Mellani,1
1033=,Mellisa,1
1033=,Mellise,1
1033=,Melloney,1
1033=,Melvina,1
1033=,Meriel,1
1033=,Merle,1
1033=,Merran,1
1033=,Merrin,1
1033=,Mhaighan,1
1033=,Mhairi-Anne,1
1033=,Mhairi-Claire,1
1033=,Mhairi-Clare,1
1033=,Mhairi-Lee,1
1033=,Mhari-Ann,1
1033=,Micaela,1
1033=,Michael,1
1033=,Michaella,1
1033=,Michaelle,1
1033=,Michala,1
1033=,Michelle-Claire,1
1033=,Mickaela,1
1033=,Miesha,1
1033=,Mikaella,1
1033=,Mikalla,1
1033=,Mikki,1
1033=,Milissa,1
1033=,Millicent,1
1033=,Mint,1
1033=,Mireille,1
1033=,Misha,1
1033=,Missba,1
1033=,Miya,1
1033=,Mohaddaseh,1
1033=,Mohammed,1
1033=,Mollie,1
1033=,Momeeza,1
1033=,Mona,1
1033=,Monoura,1
1033=,Morgaine,1
1033=,Moria,1
1033=,Morna,1
1033=,Morvan,1
1033=,Morvern,1
1033=,Morvyn,1
1033=,Morwenna,1
1033=,Muriam,1
1033=,Murraym,1
1033=,Mushidia,1
1033=,My,1
1033=,Mychaela,1
1033=,Mykaela,1
1033=,Mykela,1
1033=,Nabila,1
1033=,Nabilah,1
1033=,Nadina,1
1033=,Nadini,1
1033=,Nadinne,1
1033=,Nadiya,1
1033=,Naeomi,1
1033=,Nafeesa,1
1033=,Nafisa,1
1033=,Nafisah,1
1033=,Naila,1
1033=,Naiomi,1
1033=,Najiha,1
1033=,Nakara,1
1033=,Nakisa,1
1033=,Nareen,1
1033=,Narelle,1
1033=,Nargis,1
1033=,Nasrina,1
1033=,Nastassia,1
1033=,Natali,1
1033=,Natalie-Jane,1
1033=,Nataliya,1
1033=,Natallie,1
1033=,Natasha-Louise,1
1033=,Natassia,1
1033=,Natazha,1
1033=,Natisha,1
1033=,Natlaie,1
1033=,Navita,1
1033=,Navjit,1
1033=,Navneet,1
1033=,Nawal,1
1033=,Nazish,1
1033=,Neah,1
1033=,Neda,1
1033=,Neelam,1
1033=,Neelum,1
1033=,Nehal,1
1033=,Neisha,1
1033=,Neneh,1
1033=,Niah,1
1033=,Nialla,1
1033=,Nicci,1
1033=,Nichaela,1
1033=,Nickaela,1
1033=,Nickelle-Louise,1
1033=,Nickola,1
1033=,Nicole-Sophia,1
1033=,Nicolette,1
1033=,Nicoll,1
1033=,Nicolla,1
1033=,Nidhi,1
1033=,Nieshia,1
1033=,Nikaela,1
1033=,Nikalla,1
1033=,Nikealla,1
1033=,Niketa,1
1033=,Nikiti,1
1033=,Nikki-Lee,1
1033=,Nila,1
1033=,Niomie-Jane,1
1033=,Nkeiruka,1
1033=,Nnenna,1
1033=,Nola,1
1033=,Nomvuzo,1
1033=,Norah,1
1033=,Noreen,1
1033=,Norelle,1
1033=,Norma,1
1033=,Nurul,1
1033=,Nusrat,1
1033=,Nyah,1
1033=,Nykola,1
1033=,Nyssa,1
1033=,Olabamidele,1
1033=,Olfat,1
1033=,Oluremilekun,1
1033=,Olwen,1
1033=,Opal,1
1033=,Ordha,1
1033=,Ouzma,1
1033=,Ozioma,1
1033=,Ozma,1
1033=,Paisley,1
1033=,Paisley-Anne,1
1033=,Pamella,1
1033=,Parvinder,1
1033=,Pascale,1
1033=,Patriona,1
1033=,Paula-Louise,1
1033=,Paulla,1
1033=,Pawandip,1
1033=,Pebbles,1
1033=,Peigi,1
1033=,Penelope,1
1033=,Perry,1
1033=,Persia,1
1033=,Petsa,1
1033=,Phemie,1
1033=,Philipia,1
1033=,Pippa,1
1033=,Piroska,1
1033=,Pollaidh,1
1033=,Pollyanna,1
1033=,Poonam,1
1033=,Prabjot,1
1033=,Puja,1
1033=,Puneet,1
1033=,Purdie,1
1033=,Puteri,1
1033=,Puyan,1
1033=,Qian-Yiao,1
1033=,Quddsia,1
1033=,Rabaya,1
1033=,Racheal,1
1033=,Rachel-Sarah,1
1033=,Rachelanne,1
1033=,Rackelle,1
1033=,Radha,1
1033=,Radiyah,1
1033=,Raegan,1
1033=,Ragen,1
1033=,Raisah,1
1033=,Rakina,1
1033=,Ramla,1
1033=,Ramona,1
1033=,Rana,1
1033=,Rania,1
1033=,Rasmia,1
1033=,Raum,1
1033=,Rayanne,1
1033=,Raygan,1
1033=,Rayhana,1
1033=,Rayne,1
1033=,Reagan,1
1033=,Reah,1
1033=,Reanna,1
1033=,Rebbecca,1
1033=,Rebecca-Anne,1
1033=,Reem,1
1033=,Reema,1
1033=,Regan,1
1033=,Rehana,1
1033=,Rene,1
1033=,Rezvaneh,1
1033=,Rezvi,1
1033=,Rhae,1
1033=,Rhanell,1
1033=,Rheann,1
1033=,Rhia,1
1033=,Rhionna,1
1033=,Rhonagh,1
1033=,Rhonna,1
1033=,Rhu,1
1033=,Rhyanna,1
1033=,Ria,1
1033=,Ria-Lynda,1
1033=,Riahnon,1
1033=,Rianne,1
1033=,Richenda,1
1033=,Rieham,1
1033=,Rikaela,1
1033=,Rikki,1
1033=,Rima,1
1033=,Riona,1
1033=,Risga,1
1033=,Rishell,1
1033=,Rizwana,1
1033=,Robbyn,1
1033=,Robin,1
1033=,Robin-Marie,1
1033=,Robynn,1
1033=,Roisan,1
1033=,Roishann,1
1033=,Romaana,1
1033=,Romana,1
1033=,Romy,1
1033=,Ronda,1
1033=,Roquelle,1
1033=,Ros,1
1033=,Rosahna,1
1033=,Rosalie,1
1033=,Rose-Marie,1
1033=,Roseiland,1
1033=,Roshenac,1
1033=,Roshni,1
1033=,Rosina,1
1033=,Rowanne,1
1033=,Ruairidh,1
1033=,Rucksana,1
1033=,Rudi-Anna,1
1033=,Ruesha,1
1033=,Rui,1
1033=,Rujwunt,1
1033=,Rukia,1
1033=,Rusti,1
1033=,Ryan,1
1033=,Saahirah,1
1033=,Saaleha,1
1033=,Sabeena,1
1033=,Sabha,1
1033=,Sabihah,1
1033=,Sabiya,1
1033=,Sabrine,1
1033=,Sabuznisa,1
1033=,Sacha-Lee,1
1033=,Sadaf,1
1033=,Sade,1
1033=,Sadie,1
1033=,Saeideh,1
1033=,Safiya,1
1033=,Safron,1
1033=,Saheda,1
1033=,Sahib,1
1033=,Saidat,1
1033=,Saiqa,1
1033=,Sairah,1
1033=,Sakeena,1
1033=,Saleema,1
1033=,Salima,1
1033=,Salomi,1
1033=,Sam,1
1033=,Sama,1
1033=,Samantha-Jane,1
1033=,Samantha-Jo,1
1033=,Samantha-Margar,1
1033=,Sameena,1
1033=,Sami,1
1033=,Sammy-Joe,1
1033=,Sammy-Lee,1
1033=,Sammyjo,1
1033=,Samra,1
1033=,Samsara,1
1033=,Sanaa,1
1033=,Sandeep,1
1033=,Sapphire,1
1033=,Sara-Anne,1
1033=,Sara-Jayne,1
1033=,Sara-Louise,1
1033=,Sarah-Anne,1
1033=,Sarah-Farah,1
1033=,Sarai,1
1033=,Sarana,1
1033=,Saranna,1
1033=,Saranne,1
1033=,Saria,1
1033=,Sarra,1
1033=,Satveer,1
1033=,Sauni,1
1033=,Saxon,1
1033=,Sazida,1
1033=,Sean,1
1033=,Seanaid,1
1033=,Seanna,1
1033=,Seany,1
1033=,Selma,1
1033=,Semone,1
1033=,Senita,1
1033=,Seonaidh,1
1033=,September,1
1033=,Serene,1
1033=,Serenia,1
1033=,Shabana,1
1033=,Shadi,1
1033=,Shaena,1
1033=,Shafaq,1
1033=,Shaheen,1
1033=,Shaista,1
1033=,Shakira,1
1033=,Shallini,1
1033=,Shalva,1
1033=,Shameem,1
1033=,Shams,1
1033=,Shaneel,1
1033=,Shaneen,1
1033=,Shannagh,1
1033=,Shannan,1
1033=,Sharazed,1
1033=,Sharda,1
1033=,Sharee,1
1033=,Sharina,1
1033=,Sharissa,1
1033=,Sharlotte-Jane,1
1033=,Sharma,1
1033=,Sharn,1
1033=,Sharnjit,1
1033=,Sharri,1
1033=,Sharrie,1
1033=,Sharron,1
1033=,Shauney,1
1033=,Shaunice,1
1033=,Shaunie,1
1033=,Shaunna-Leigh,1
1033=,Shaunna-Marie,1
1033=,Shaunni,1
1033=,Shawn,1
1033=,Shawnee,1
1033=,Shawney,1
1033=,Shebahn,1
1033=,Sheelagh,1
1033=,Sheenagh,1
1033=,Sheilah,1
1033=,Sheinean,1
1033=,Shelagh,1
1033=,Shelleigh,1
1033=,Shelley-Leigh,1
1033=,Shelly-Anne,1
1033=,Shenaz,1
1033=,Shenel,1
1033=,Sheonagh,1
1033=,Shereifa,1
1033=,Sherelle,1
1033=,Sherihan,1
1033=,Sherre,1
1033=,Sherrelle,1
1033=,Sherri,1
1033=,Sherri-Ann,1
1033=,Sherry,1
1033=,Sherylanne,1
1033=,Sheveen,1
1033=,Shevon,1
1033=,Shibhon,1
1033=,Shilaine,1
1033=,Shileen,1
1033=,Shilpa,1
1033=,Shineela,1
1033=,Shinin,1
1033=,Shiree,1
1033=,Shirin,1
1033=,Shuna,1
1033=,Siama,1
1033=,Sianead,1
1033=,Sidra,1
1033=,Siera,1
1033=,Sigrid,1
1033=,Sileas,1
1033=,Silvana,1
1033=,Silvia,1
1033=,Simeen,1
1033=,Simon,1
1033=,Sinaed,1
1033=,Sinitta,1
1033=,Sinna,1
1033=,Sinnead,1
1033=,Siobhain,1
1033=,Siobhanmarie,1
1033=,Siobhann,1
1033=,Siohban,1
1033=,Siollan,1
1033=,Siouxsie,1
1033=,Sira,1
1033=,Siread,1
1033=,Sirena,1
1033=,Sirin,1
1033=,Siti,1
1033=,Siusaidh,1
1033=,Sivaan,1
1033=,Sky,1
1033=,Sofiya,1
1033=,Soibhan,1
1033=,Sokyna,1
1033=,Somayya,1
1033=,Sonja,1
1033=,Soofia,1
1033=,Soondoos,1
1033=,Sophena,1
1033=,Sophey,1
1033=,Soraya,1
1033=,Soukaina,1
1033=,Stacay-Ann,1
1033=,Stacey-Ann,1
1033=,Stacey-Louise,1
1033=,Stacey-Marie,1
1033=,Staci,1
1033=,Staisha,1
1033=,Star,1
1033=,Stasia,1
1033=,Stefany,1
1033=,Steffannie-Ann,1
1033=,Steffany,1
1033=,Steffie,1
1033=,Stefinie,1
1033=,Stepanie,1
1033=,Stephan,1
1033=,Stephanie-Ann,1
1033=,Stephanie-Anne,1
1033=,Stephany,1
1033=,Stepheny,1
1033=,Stuart,1
1033=,Suburna,1
1033=,Suk,1
1033=,Sulisah,1
1033=,Sultana,1
1033=,Sumaiyah,1
1033=,Sumara,1
1033=,Sumera,1
1033=,Sumra,1
1033=,Suneeta,1
1033=,Sunia,1
1033=,Sunjota,1
1033=,Sunna,1
1033=,Suroop,1
1033=,Susana,1
1033=,Susie,1
1033=,Suzann,1
1033=,Suzanne-Marie,1
1033=,Suzette,1
1033=,Suzzane,1
1033=,Svenja,1
1033=,Sybil,1
1033=,Sybilla,1
1033=,Syeda,1
1033=,Syiara,1
1033=,Sykha,1
1033=,Symone,1
1033=,Symonne,1
1033=,Tace,1
1033=,Taelor,1
1033=,Tahira,1
1033=,Tahmina,1
1033=,Talisa,1
1033=,Tamar,1
1033=,Tameena,1
1033=,Tamika,1
1033=,Tamlihn,1
1033=,Tammarrin,1
1033=,Tammie-Lee,1
1033=,Tammylyn,1
1033=,Tamryn,1
1033=,Tanika,1
1033=,Taninder,1
1033=,Tanis,1
1033=,Tanisha,1
1033=,Tanitha,1
1033=,Tanya-Maria,1
1033=,Tanzeela,1
1033=,Tao,1
1033=,Tara-Jane,1
1033=,Tarin,1
1033=,Tarndeep,1
1033=,Tarra,1
1033=,Tasha,1
1033=,Tasmiah,1
1033=,Tasniem,1
1033=,Tasnim,1
1033=,Taya,1
1033=,Taye,1
1033=,Tayler,1
1033=,Tayyiba,1
1033=,Teeyla,1
1033=,Tegan,1
1033=,Tembisa,1
1033=,Tequa,1
1033=,Terri-Ann,1
1033=,Terri-Anne,1
1033=,Terrianne,1
1033=,Terrie,1
1033=,Terrij,1
1033=,Tess,1
1033=,Tessally,1
1033=,Theadona,1
1033=,Theodora,1
1033=,Thereza,1
1033=,Thiphawan,1
1033=,Thomasina,1
1033=,Tiamara,1
1033=,Tiara,1
1033=,Tiffiny,1
1033=,Tiril,1
1033=,Toni-Louise,1
1033=,Toni-Marie,1
1033=,Tonni,1
1033=,Toyah,1
1033=,Tracey-Lynn,1
1033=,Traci,1
1033=,Tricia,1
1033=,Triona,1
1033=,Trudi,1
1033=,Tsara,1
1033=,Tyese,1
1033=,Tynelle,1
1033=,Tyra,1
1033=,Tyree,1
1033=,Umarah,1
1033=,Ummae,1
1033=,Una,1
1033=,Unzola,1
1033=,Ursula,1
1033=,Usma,1
1033=,Vahri,1
1033=,Valene,1
1033=,Valleri,1
1033=,Venetia,1
1033=,Venus,1
1033=,Verena,1
1033=,Vharri,1
1033=,Vicky-Louise,1
1033=,Victoria-Rose,1
1033=,Vikki-Louise,1
1033=,Virginia,1
1033=,Vita,1
1033=,Vivian,1
1033=,Viviana,1
1033=,Viviane,1
1033=,Vyvyen,1
1033=,Wai-Sum,1
1033=,Wasan,1
1033=,Wassila,1
1033=,Wei-En,1
1033=,Wejdan,1
1033=,Werdah,1
1033=,William,1
1033=,Wilma,1
1033=,Wynne,1
1033=,Xanthe,1
1033=,Xasandra,1
1033=,Xaviera,1
1033=,Yasamin,1
1033=,Yasemin,1
1033=,Yasmin-Amber,1
1033=,Yazmin,1
1033=,Yazzmine,1
1033=,Ynez,1
1033=,Yves,1
1033=,Zaenab,1
1033=,Zaiban-Nisa,1
1033=,Zaina,1
1033=,Zaira,1
1033=,Zakkiyya,1
1033=,Zarah,1
1033=,Zarra,1
1033=,Zartasha,1
1033=,Zaynab,1
1033=,Zayneb,1
1033=,Zehnab,1
1033=,Zeinab,1
1033=,Zhaesa,1
1033=,Ziara,1
1033=,Zoe-Leah,1
1033=,Zoie,1
1033=,Zona,1
1033=,Zopaash,1
1033=,Zowie,1
1033=,Zsa,1
1033=,Zulieka,1
1033=,Zunira,1
