Position,Name,Number of babies
1,Lauren,973
2,Rebecca,758
3,Emma,729
4,Amy,640
5,Sarah,585
6,Laura,580
7,Megan,528
8,Nicole,515
9,Rachel,508
10,Hannah,505
11,Kirsty,462
12,Stephanie,397
13,Jennifer,376
14,Danielle,363
15,Claire,359
16,Shannon,322
17=,Caitlin,321
17=,Samantha,321
19,Gemma,319
20,Nicola,317
21,Louise,309
22,Chloe,296
23,Lisa,279
24,Katie,270
25,Sophie,255
26,Ashley,252
27=,Heather,224
27=,Melissa,224
29,Jade,223
30,Natalie,222
31,Kayleigh,221
32,Lucy,219
33,Rachael,208
34,Erin,207
35,Robyn,195
36,Hayley,192
37,Emily,191
38,Eilidh,177
39,Fiona,176
40,Zoe,170
41,Holly,166
42,Ashleigh,165
43,Natasha,164
44,Jodie,158
45,Aimee,152
46,Chelsea,142
47,Amanda,139
48,Jessica,138
49,Kimberley,137
50,Victoria,135
51,Charlotte,133
52,Anna,129
53,Catherine,126
54,Kerry,124
55=,Gillian,122
55=,Kirsten,122
57,Stacey,117
58,Joanne,114
59,Kathryn,111
60=,Alison,108
60=,Michelle,108
62,Kelly,107
63,Elizabeth,102
64,Beth,96
65,Katherine,94
66,Bethany,91
67,Catriona,90
68=,Jenna,89
68=,Paige,89
70=,Alice,86
70=,Siobhan,86
72,Alexandra,83
73=,Demi,82
73=,Leanne,82
75=,Amber,79
75=,Courtney,79
75=,Jemma,79
78,Mhairi,78
79=,Clare,76
79=,Naomi,76
81=,Abigail,74
81=,Iona,74
83,Carly,71
84=,Cara,69
84=,Ruth,69
84=,Taylor,69
87=,Chantelle,68
87=,Cheryl,68
87=,Hollie,68
90=,Helen,67
90=,Toni,67
92,Julie,66
93,Joanna,64
94,Olivia,61
95=,Abbie,59
95=,Christina,59
95=,Lindsay,59
95=,Rebekah,59
99,Nikki,58
100=,Karen,57
100=,Paula,57
102,Sara,56
103=,Caroline,54
103=,Kelsey,54
105=,Ellen,53
105=,Lynsey,53
107,Hazel,52
108,Ailsa,51
109=,Alana,50
109=,Mary,50
111=,Kate,49
111=,Shannen,49
113=,Jacqueline,48
113=,Jordan,48
113=,Kirstin,48
113=,Suzanne,48
117=,Adele,47
117=,Lorna,47
119,Kathleen,46
120=,Jasmine,45
120=,Leigh,45
120=,Pamela,45
120=,Shona,45
124,Katy,44
125,Michaela,43
126,Meghan,42
127=,Brogan,41
127=,Kimberly,41
127=,Kirstie,41
127=,Leah,41
131=,Ainsley,40
131=,Kim,40
131=,Mairi,40
131=,Molly,40
135=,Deborah,39
135=,Katrina,39
135=,Margaret,39
138=,Eleanor,37
138=,Julia,37
138=,Maria,37
138=,Rhiannon,37
142=,Andrea,36
142=,Kerri,36
144=,Nicolle,35
144=,Rosie,35
144=,Simone,35
147=,Dionne,34
147=,Ellie,34
147=,Shelley,34
150=,Tammy,33
150=,Yasmin,33
152=,Angela,32
152=,April,32
152=,Jane,32
152=,Melanie,32
152=,Morgan,32
152=,Sian,32
158=,Abby,31
158=,Amie,31
158=,Lyndsay,31
161=,Eve,30
161=,Grace,30
161=,Linzi,30
161=,Lori,30
161=,Nadia,30
166=,Brooke,29
166=,Christie,29
166=,Dawn,29
166=,Donna,29
166=,Jillian,29
166=,Lesley,29
172=,Elaine,28
172=,Georgia,28
172=,Lindsey,28
172=,Rhona,28
172=,Roisin,28
172=,Shelby,28
178=,Francesca,27
178=,Vanessa,27
180=,Alannah,26
180=,Becky,26
180=,Carla,26
180=,Christine,26
180=,Lara,26
180=,Morven,26
180=,Nadine,26
180=,Susan,26
188=,Debbie,25
188=,Ellis,25
188=,Lynn,25
188=,Tamara,25
188=,Tiffany,25
193=,Alisha,24
193=,Jill,24
193=,Kara,24
196=,Alix,23
196=,Antonia,23
196=,Diane,23
196=,Isla,23
196=,Maxine,23
196=,Tara,23
202=,Charlene,22
202=,Gayle,22
202=,Georgina,22
202=,Leona,22
202=,Sally,22
202=,Vicky,22
208=,Alanna,21
208=,Annie,21
208=,Bryony,21
208=,Freya,21
208=,Jamie,21
213=,Alex,20
213=,Alicia,20
213=,Ciara,20
213=,Connie,20
213=,Marianne,20
213=,Niamh,20
213=,Roxanne,20
220=,Frances,19
220=,Hayleigh,19
220=,Jodi,19
220=,Kaitlin,19
220=,Nikita,19
220=,Rowan,19
226=,Gail,18
226=,Keri,18
226=,Laurie,18
226=,Yvonne,18
226=,Zara,18
231=,Claudia,17
231=,Jenny,17
231=,Lois,17
231=,Lyndsey,17
231=,Marie,17
231=,Sarah-Louise,17
231=,Sasha,17
231=,Sophia,17
239=,Aileen,16
239=,Alanah,16
239=,Justine,16
239=,Katharine,16
239=,Keira,16
239=,Linsey,16
239=,Rosemary,16
246=,Caitlyn,15
246=,Clair,15
246=,Colette,15
246=,Coral,15
246=,Corrie,15
246=,Fern,15
246=,Judith,15
246=,Kerrie,15
246=,Kiera,15
246=,Lorraine,15
246=,Madeleine,15
246=,Sinead,15
246=,Terri,15
246=,Tessa,15
260=,Ainslie,14
260=,Allana,14
260=,Briony,14
260=,Eva,14
260=,Jamie-Lee,14
260=,Jayne,14
260=,Josephine,14
260=,Kay,14
260=,Lily,14
260=,Linda,14
260=,Sarah-Jane,14
260=,Shauna,14
272=,Alexandria,13
272=,Daisy,13
272=,Daniella,13
272=,Haley,13
272=,Hope,13
272=,Patricia,13
272=,Stacy,13
279=,Allison,12
279=,Amelia,12
279=,Carol,12
279=,Carolyn,12
279=,Charmaine,12
279=,Clara,12
279=,Dana,12
279=,Ebony,12
279=,Gabrielle,12
279=,Harriet,12
279=,Imogen,12
279=,Jody,12
279=,Kellie,12
279=,Rose,12
279=,Shannan,12
279=,Sharon,12
279=,Wendy,12
296=,Ailie,11
296=,Anne,11
296=,Carrie,11
296=,Charley,11
296=,Chelsey,11
296=,Chelsie,11
296=,Colleen,11
296=,Deanna,11
296=,Elisha,11
296=,Ella,11
296=,Erica,11
296=,Flora,11
296=,Jasmin,11
296=,Jayde,11
296=,Kaitlyn,11
296=,Louisa,11
296=,Mairead,11
296=,Monica,11
296=,Morag,11
296=,Nina,11
296=,Poppy,11
296=,Rhea,11
296=,Shauni,11
296=,Shaunie,11
320=,Adrienne,10
320=,Ailidh,10
320=,Ayesha,10
320=,Bethan,10
320=,Brodie,10
320=,Cassie,10
320=,Eileen,10
320=,Emma-Louise,10
320=,Jo,10
320=,Karina,10
320=,Karis,10
320=,Karyn,10
320=,Kym,10
320=,Leonie,10
320=,Lynne,10
320=,Marissa,10
320=,Martha,10
320=,Phoebe,10
320=,Rhianna,10
320=,Skye,10
320=,Tanya,10
320=,Veronica,10
342=,Abbey,9
342=,Bernadette,9
342=,Billie,9
342=,Bobbie,9
342=,Carmen,9
342=,Casey,9
342=,Chanelle,9
342=,Collette,9
342=,Corinne,9
342=,Dayna,9
342=,Debra,9
342=,Dominique,9
342=,Elise,9
342=,Hilary,9
342=,Kendall,9
342=,Lana,9
342=,Lydia,9
342=,Mariam,9
342=,Marina,9
342=,Nichola,9
342=,Philippa,9
342=,Rhian,9
342=,Rona,9
342=,Ruby,9
342=,Sandra,9
342=,Savannah,9
342=,Serena,9
342=,Shanice,9
342=,Stefanie,9
342=,Teri,9
372=,Alexis,8
372=,Alyssa,8
372=,Annalise,8
372=,Arlene,8
372=,Bronwyn,8
372=,Christy,8
372=,Cody,8
372=,Dannielle,8
372=,Denise,8
372=,Elspeth,8
372=,Evelyn,8
372=,Faith,8
372=,Faye,8
372=,Gabriella,8
372=,Gaynor,8
372=,Helena,8
372=,India,8
372=,Johanna,8
372=,Jordyn,8
372=,Joy,8
372=,Kayley,8
372=,Kelly-Ann,8
372=,Kelsie,8
372=,Kendal,8
372=,Lia,8
372=,Lucie,8
372=,Marion,8
372=,Mollie,8
372=,Rosalind,8
372=,Roslyn,8
372=,Sana,8
372=,Saskia,8
372=,Seonaid,8
372=,Vicki,8
406=,Aisha,7
406=,Allanah,7
406=,Amna,7
406=,Ann,7
406=,Anne-Marie,7
406=,Bianca,7
406=,Caragh,7
406=,Charlie,7
406=,Charly,7
406=,Constance,7
406=,Hailey,7
406=,Karla,7
406=,Kirsti,7
406=,Kristina,7
406=,Lee,7
406=,Leigh-Anne,7
406=,Levi,7
406=,Mandy,7
406=,Marisa,7
406=,Sabrina,7
406=,Sheryl,7
406=,Stacie,7
406=,Summer,7
406=,Theresa,7
406=,Tracy,7
431=,Adelle,6
431=,Aisling,6
431=,Annabel,6
431=,Aynsley,6
431=,Aysha,6
431=,Bobbi,6
431=,Cally,6
431=,Candice,6
431=,Carolanne,6
431=,Caryn,6
431=,Ceri,6
431=,Chantal,6
431=,Charis,6
431=,Cherie,6
431=,Corin,6
431=,Dee,6
431=,Eden,6
431=,Eilish,6
431=,Elena,6
431=,Eloise,6
431=,Evangeline,6
431=,Geraldine,6
431=,Gina,6
431=,Isabel,6
431=,Isobel,6
431=,Janine,6
431=,Jay,6
431=,Jaye,6
431=,Jocelyn,6
431=,Kari,6
431=,Kayla,6
431=,Keren,6
431=,Kirstyn,6
431=,Leighann,6
431=,Maisie,6
431=,Marnie,6
431=,Miranda,6
431=,Nathalie,6
431=,Rochelle,6
431=,Sacha,6
431=,Savanna,6
431=,Sheena,6
431=,Sheree,6
431=,Shereen,6
431=,Sofia,6
431=,Susannah,6
431=,Tammie,6
431=,Tamsin,6
431=,Tegan,6
431=,Tina,6
431=,Tracey,6
431=,Tyler,6
431=,Zainab,6
484=,Abbigail,5
484=,Aimie,5
484=,Aleisha,5
484=,Allyson,5
484=,Alyson,5
484=,Ami,5
484=,Amiee,5
484=,Amy-Louise,5
484=,Anita,5
484=,Ashton,5
484=,Barbara,5
484=,Beverley,5
484=,Bronwen,5
484=,Brooklyn,5
484=,Camilla,5
484=,Carlyn,5
484=,Cassandra,5
484=,Chiara,5
484=,Danni,5
484=,Devon,5
484=,Elle,5
484=,Elyse,5
484=,Errin,5
484=,Evie,5
484=,Isabella,5
484=,Jaclyn,5
484=,Jamielee,5
484=,Jan,5
484=,Janette,5
484=,Jean,5
484=,Jenifer,5
484=,Josie,5
484=,June,5
484=,Karin,5
484=,Karly,5
484=,Kirsteen,5
484=,Kristen,5
484=,Larissa,5
484=,Leeanne,5
484=,Leoni,5
484=,Lesley-Ann,5
484=,Linsay,5
484=,Loren,5
484=,Lucinda,5
484=,Madeline,5
484=,Maeve,5
484=,Maryam,5
484=,Miriam,5
484=,Paris,5
484=,Pauline,5
484=,Polly,5
484=,Rebekka,5
484=,Rhianne,5
484=,Ria,5
484=,Rosa,5
484=,Roseann,5
484=,Roseanne,5
484=,Sabah,5
484=,Sammy,5
484=,Sarah-Jayne,5
484=,Selina,5
484=,Seona,5
484=,Shanna,5
484=,Shelbi,5
484=,Sheridan,5
484=,Shonagh,5
484=,Sorcha,5
484=,Stevie,5
484=,Tess,5
484=,Valerie,5
554=,Abbi,4
554=,Ailish,4
554=,Ainsleigh,4
554=,Alysha,4
554=,Anisah,4
554=,Avril,4
554=,Aynsleigh,4
554=,Blair,4
554=,Bonnie,4
554=,Bronte,4
554=,Carina,4
554=,Cerys,4
554=,Coleen,4
554=,Darcy,4
554=,Darlene,4
554=,Daryl,4
554=,Demmi,4
554=,Eireann,4
554=,Ellyn,4
554=,Elsa,4
554=,Erika,4
554=,Esme,4
554=,Esther,4
554=,Farah,4
554=,Florence,4
554=,Honor,4
554=,Ilona,4
554=,Ione,4
554=,Jacquelyn,4
554=,Jaime,4
554=,Jamie-Leigh,4
554=,Joni,4
554=,Jordanne,4
554=,Juliet,4
554=,Kaley,4
554=,Karli,4
554=,Kaye,4
554=,Kelsea,4
554=,Kiran,4
554=,Kristi,4
554=,Kristin,4
554=,Layla,4
554=,Leigh-Ann,4
554=,Lena,4
554=,Lianne,4
554=,Lynda,4
554=,Lynsay,4
554=,Mari,4
554=,Martine,4
554=,Maya,4
554=,Meagan,4
554=,Mhari,4
554=,Mia,4
554=,Michele,4
554=,Moira,4
554=,Monique,4
554=,Rachelle,4
554=,Rebeca,4
554=,Rhiann,4
554=,Romy,4
554=,Rosalyn,4
554=,Rosanna,4
554=,Roseanna,4
554=,Saffron,4
554=,Sharmaine,4
554=,Shawnie,4
554=,Sherilyn,4
554=,Sonia,4
554=,Steffi,4
554=,Susanne,4
554=,Tayler,4
554=,Teresa,4
554=,Tia,4
554=,Tori,4
554=,Zahra,4
629=,Aaisha,3
629=,Afton,3
629=,Aishah,3
629=,Aislinn,3
629=,Aleena,3
629=,Aliya,3
629=,Amyleigh,3
629=,Andi,3
629=,Aneesa,3
629=,Annette,3
629=,Annmarie,3
629=,Ariane,3
629=,Ashlie,3
629=,Audrey,3
629=,Billie-Jo,3
629=,Blythe,3
629=,Breige,3
629=,Brenda,3
629=,Caleigh,3
629=,Carlie,3
629=,Carol-Ann,3
629=,Carolann,3
629=,Caron,3
629=,Carra,3
629=,Carrieann,3
629=,Catrina,3
629=,Ceilidh,3
629=,Chanice,3
629=,Cora,3
629=,Corinna,3
629=,Corrina,3
629=,Danika,3
629=,Dorothy,3
629=,Emer,3
629=,Eryn,3
629=,Evan,3
629=,Fatima,3
629=,Felicity,3
629=,Ferne,3
629=,Gael,3
629=,Gemma-Louise,3
629=,Georgi,3
629=,Haleigh,3
629=,Hana,3
629=,Harley,3
629=,Heidi,3
629=,Holli,3
629=,Ingrid,3
629=,Iram,3
629=,Isha,3
629=,Janelle,3
629=,Janet,3
629=,Janey,3
629=,Jennie,3
629=,Jessie,3
629=,Joan,3
629=,Joann,3
629=,Jolene,3
629=,Jordane,3
629=,Julie-Ann,3
629=,Juliette,3
629=,Ka,3
629=,Karine,3
629=,Karlie,3
629=,Katelyn,3
629=,Katriona,3
629=,Katya,3
629=,Keara,3
629=,Keely,3
629=,Kelly-Marie,3
629=,Kelsi,3
629=,Kenna,3
629=,Kerry-Ann,3
629=,Khadija,3
629=,Kloe,3
629=,Laura-Anne,3
629=,Laura-Jane,3
629=,Lauran,3
629=,Lea,3
629=,Linzie,3
629=,Lisa-Marie,3
629=,Lisamarie,3
629=,Lorelle,3
629=,Lorin,3
629=,Lucia,3
629=,Luisa,3
629=,Maaria,3
629=,Madison,3
629=,Maegan,3
629=,Margaret-Anne,3
629=,Mariah,3
629=,Marsali,3
629=,Martina,3
629=,Mary-Jane,3
629=,Matilda,3
629=,Maureen,3
629=,Meaghan,3
629=,Meg,3
629=,Meghann,3
629=,Mehreen,3
629=,Mellissa,3
629=,Melody,3
629=,Mica,3
629=,Mikaela,3
629=,Misbah,3
629=,Misha,3
629=,Montana,3
629=,Morghan,3
629=,Nichole,3
629=,Nicki,3
629=,Nida,3
629=,Niki,3
629=,Nuala,3
629=,Paisley,3
629=,Penelope,3
629=,Penny,3
629=,Racheal,3
629=,Raegan,3
629=,Raquel,3
629=,Rhonda,3
629=,Rowena,3
629=,Samia,3
629=,Sandie,3
629=,Sehar,3
629=,Shana,3
629=,Shaunagh,3
629=,Shirley,3
629=,Sidra,3
629=,Susanna,3
629=,Suzanna,3
629=,Suzannah,3
629=,Tammi,3
629=,Tamsyn,3
629=,Tania,3
629=,Tasmin,3
629=,Tilly,3
629=,Trudi,3
629=,Uzma,3
629=,Verity,3
629=,Vhari,3
629=,Vikki,3
629=,Vivien,3
629=,Zoey,3
629=,Zoie,3
773=,Abigayle,2
773=,Adelaide,2
773=,Adrianne,2
773=,Ailis,2
773=,Aimee-Leigh,2
773=,Aksa,2
773=,Alayna,2
773=,Aleshia,2
773=,Alessia,2
773=,Alia,2
773=,Alina,2
773=,Alisa,2
773=,Alishia,2
773=,Alissa,2
773=,Alysia,2
773=,Amanda-Jane,2
773=,Amey,2
773=,Amina,2
773=,Amra,2
773=,Amrit,2
773=,Amy-Jane,2
773=,Andie,2
773=,Aneesah,2
773=,Angelina,2
773=,Ann-Marie,2
773=,Anna-Marie,2
773=,Annalie,2
773=,Anneliese,2
773=,Anya,2
773=,Aoife,2
773=,Arianne,2
773=,Arwa,2
773=,Ashlea,2
773=,Ashlee,2
773=,Ashlene,2
773=,Ashlyn,2
773=,Asmaa,2
773=,Astrid,2
773=,Augusta,2
773=,Aurora,2
773=,Aynslie,2
773=,Bebhinn,2
773=,Bobby,2
773=,Breagh,2
773=,Bria,2
773=,Bridget,2
773=,Briege,2
773=,Brittany,2
773=,Broghan,2
773=,Cameron,2
773=,Caris,2
773=,Carmel,2
773=,Carrianne,2
773=,Carrin,2
773=,Carron,2
773=,Carys,2
773=,Cathrine,2
773=,Cathryn,2
773=,Catrin,2
773=,Celia,2
773=,Celine,2
773=,Chanel,2
773=,Charlay,2
773=,Charli,2
773=,Charmain,2
773=,Chelcie,2
773=,Chellaine,2
773=,Chelsi,2
773=,Chrissie,2
773=,Christiana,2
773=,Ciorstan,2
773=,Clarice,2
773=,Clarinda,2
773=,Claudine,2
773=,Clayre,2
773=,Codie,2
773=,Corina,2
773=,Corrine,2
773=,Cortney,2
773=,Cristina,2
773=,Crystal,2
773=,Cynthia,2
773=,Daina,2
773=,Dale,2
773=,Dania,2
773=,Danica,2
773=,Daniela,2
773=,Danna,2
773=,Danniella,2
773=,Dannika,2
773=,Danya,2
773=,Dara,2
773=,Darby,2
773=,Darcey,2
773=,Davina,2
773=,Debi,2
773=,Demi-Lee,2
773=,Demi-Leigh,2
773=,Dennie,2
773=,Derryn,2
773=,Desiree,2
773=,Dexy,2
773=,Donnamarie,2
773=,Eibhlin,2
773=,Eilean,2
773=,Elana,2
773=,Elinor,2
773=,Elisa,2
773=,Elisabeth,2
773=,Eliza,2
773=,Elli,2
773=,Elysia,2
773=,Emma-Leigh,2
773=,Farzana,2
773=,Fatma,2
773=,Fenella,2
773=,Fionnuala,2
773=,Freyja,2
773=,Georgie,2
773=,Gwen,2
773=,Hafsah,2
773=,Halle,2
773=,Haniyyah,2
773=,Hanna,2
773=,Harly,2
773=,Harmony,2
773=,Hauwa,2
773=,Haylie,2
773=,Henna,2
773=,Henrietta,2
773=,Huda,2
773=,Indya,2
773=,Inez,2
773=,Iqra,2
773=,Iqrah,2
773=,Irene,2
773=,Ishbel,2
773=,Jakki,2
773=,Janna,2
773=,Jaya,2
773=,Jazmine,2
773=,Jeanna,2
773=,Jemima,2
773=,Jena,2
773=,Jeni,2
773=,Jenni,2
773=,Jerry,2
773=,Jess,2
773=,Joelle,2
773=,Joely,2
773=,Joi,2
773=,Jorden,2
773=,Kaleigh,2
773=,Kareen,2
773=,Karlene,2
773=,Kasey,2
773=,Kasia,2
773=,Kassandra,2
773=,Kassie,2
773=,Katlin,2
773=,Kaylee,2
773=,Kaylie,2
773=,Kaylin,2
773=,Keeley,2
773=,Keighley,2
773=,Keli,2
773=,Kelli,2
773=,Kellsie,2
773=,Kelly-Anne,2
773=,Kellyann,2
773=,Kellyanne,2
773=,Kelsay,2
773=,Kendra,2
773=,Kenzie,2
773=,Kerie,2
773=,Kerin,2
773=,Keris,2
773=,Kerrin,2
773=,Kerris,2
773=,Kerry-Anne,2
773=,Kerry-Louise,2
773=,Kerryann,2
773=,Kerryn,2
773=,Khara,2
773=,Kiara,2
773=,Kieron,2
773=,Kira,2
773=,Klara,2
773=,Kristie,2
773=,Kristine,2
773=,Kristy,2
773=,Krystal,2
773=,Kyla,2
773=,Kymberley,2
773=,Lacey,2
773=,Latasha,2
773=,Lawrie,2
773=,Leanna,2
773=,Leeann,2
773=,Leighanne,2
773=,Leslie,2
773=,Liana,2
773=,Libby,2
773=,Lindy,2
773=,Liza,2
773=,Logan,2
773=,Lorena,2
773=,Lorne,2
773=,Luci,2
773=,Lynette,2
773=,Lynnette,2
773=,Lynzi,2
773=,Maheen,2
773=,Maia,2
773=,Malissa,2
773=,Maree,2
773=,Marianna,2
773=,Marielle,2
773=,Mariya,2
773=,Marriann,2
773=,Maryanne,2
773=,Mei,2
773=,Melisa,2
773=,Mercedes,2
773=,Meredith,2
773=,Merve,2
773=,Michaella,2
773=,Monisha,2
773=,Morna,2
773=,Morvern,2
773=,Morvyn,2
773=,Nabeela,2
773=,Nada,2
773=,Nakita,2
773=,Neelam,2
773=,Nicholle,2
773=,Niomi,2
773=,Nisha,2
773=,Nur,2
773=,Nyomi,2
773=,Nyree,2
773=,Orla,2
773=,Paloma,2
773=,Parissa,2
773=,Pearl,2
773=,Peggy,2
773=,Priya,2
773=,Rabia,2
773=,Rachell,2
773=,Rae,2
773=,Raeesa,2
773=,Rebeka,2
773=,Rebekkah,2
773=,Regan,2
773=,Remi,2
773=,Renee,2
773=,Rhaegan,2
773=,Rhiana,2
773=,Rhiannah,2
773=,Rhiannan,2
773=,Rhoda,2
773=,Riah,2
773=,Rio,2
773=,Roberta,2
773=,Robin,2
773=,Robynn,2
773=,Roma,2
773=,Rosamund,2
773=,Rosemarie,2
773=,Rowanne,2
773=,Rozina,2
773=,Rozlyn,2
773=,Rudi,2
773=,Rukhsar,2
773=,Saarah,2
773=,Saba,2
773=,Sadia,2
773=,Safina,2
773=,Saima,2
773=,Salma,2
773=,Sam,2
773=,Samara,2
773=,Samina,2
773=,Samira,2
773=,Sammy-Jo,2
773=,Sanah,2
773=,Sandi,2
773=,Sandy,2
773=,Sara-Jane,2
773=,Sarah-Lee,2
773=,Sarahjane,2
773=,Satnam,2
773=,Savanah,2
773=,Scarlett,2
773=,Sean,2
773=,Shagufta,2
773=,Shahd,2
773=,Shahed,2
773=,Shamila,2
773=,Shannah,2
773=,Shari,2
773=,Shauney,2
773=,Shaunni,2
773=,Sheila,2
773=,Shelbie,2
773=,Shelly,2
773=,Shenice,2
773=,Sheona,2
773=,Sianhan,2
773=,Siddrah,2
773=,Sigourney,2
773=,Sinitta,2
773=,Soibhan,2
773=,Staci,2
773=,Stefania,2
773=,Steffani,2
773=,Steffany,2
773=,Stella,2
773=,Stevi,2
773=,Tammara,2
773=,Tamzin,2
773=,Tanisha,2
773=,Tayla,2
773=,Taylor-Marie,2
773=,Thea,2
773=,Tyla,2
773=,Tyra,2
773=,Ursula,2
773=,Vhairi,2
773=,Virginia,2
773=,Vivienne,2
773=,Vyvyan,2
773=,Whitney,2
773=,Wing,2
773=,Yasemin,2
773=,Yuen,2
773=,Zayna,2
773=,Zehra,2
773=,Zena,2
1112=,Aabeer,1
1112=,Aafia,1
1112=,Aamana,1
1112=,Aamina,1
1112=,Aasia,1
1112=,Abbeigh,1
1112=,Abbigale,1
1112=,Abeer,1
1112=,Abi,1
1112=,Abimbola,1
1112=,Ada,1
1112=,Adana,1
1112=,Adedolapo,1
1112=,Adele-Frances,1
1112=,Adeline,1
1112=,Adella,1
1112=,Adreanne,1
1112=,Adriana,1
1112=,Aellia,1
1112=,Aeron,1
1112=,Afnan,1
1112=,Afrique,1
1112=,Afsha,1
1112=,Afshan,1
1112=,Agnes,1
1112=,Agnetha,1
1112=,Agostina,1
1112=,Aileigh,1
1112=,Ailise,1
1112=,Ailysh,1
1112=,Aime,1
1112=,Aimee-Jane,1
1112=,Aimee-Lee,1
1112=,Aimee-Luiz,1
1112=,Aimiee,1
1112=,Aimii,1
1112=,Aine,1
1112=,Aisia,1
1112=,Aisleen,1
1112=,Aithne,1
1112=,Aiza,1
1112=,Aja,1
1112=,Akiko,1
1112=,Aksah,1
1112=,Ala,1
1112=,Alaa,1
1112=,Alba,1
1112=,Albany,1
1112=,Aleighsh,1
1112=,Alesa,1
1112=,Alesha,1
1112=,Aletia,1
1112=,Alexa,1
1112=,Alexanderia,1
1112=,Alexanderina,1
1112=,Alexandrea,1
1112=,Alexandrina,1
1112=,Aliah,1
1112=,Alicica,1
1112=,Aliesha,1
1112=,Alis,1
1112=,Alisanne,1
1112=,Alixandra,1
1112=,Alixe,1
1112=,Aliyah,1
1112=,Aliza,1
1112=,Alla,1
1112=,Allanna,1
1112=,Allannah,1
1112=,Allasan,1
1112=,Allie,1
1112=,Allix,1
1112=,Alyce,1
1112=,Alycia,1
1112=,Alys,1
1112=,Alyx,1
1112=,Amal,1
1112=,Amalie,1
1112=,Amandeep,1
1112=,Amani,1
1112=,Amara,1
1112=,Amarah,1
1112=,Ambar,1
1112=,Amber-Louise,1
1112=,Amberly,1
1112=,Ambika,1
1112=,Ambreen,1
1112=,Amel,1
1112=,Amera,1
1112=,Ami-Lea,1
1112=,Amii,1
1112=,Aminah,1
1112=,Amirah,1
1112=,Amita,1
1112=,Ammarah,1
1112=,Ammay,1
1112=,Ammy,1
1112=,Amnah,1
1112=,Amy-Beth,1
1112=,Amy-Christine,1
1112=,Amy-Hannah,1
1112=,Amy-Jo,1
1112=,Amy-Lee,1
1112=,Amy-Leigh,1
1112=,Amylea,1
1112=,Amylee,1
1112=,Ana-Maria,1
1112=,Anais,1
1112=,Anastasia,1
1112=,Andrena,1
1112=,Andria,1
1112=,Ane,1
1112=,Aneeka,1
1112=,Aneela,1
1112=,Angel,1
1112=,Angelica,1
1112=,Angelique,1
1112=,Anika,1
1112=,Anis,1
1112=,Anisa,1
1112=,Anja,1
1112=,Ann-Kathrin,1
1112=,Annabell,1
1112=,Annabella,1
1112=,Annabelle,1
1112=,Annagene,1
1112=,Annah,1
1112=,Annalea,1
1112=,Annalee,1
1112=,Annam,1
1112=,Annelise,1
1112=,Annemarie,1
1112=,Annie-Jane,1
1112=,Annilie,1
1112=,Anomita,1
1112=,Ansley,1
1112=,Anthea,1
1112=,Antionette,1
1112=,Antonette,1
1112=,Anum,1
1112=,Apryl,1
1112=,Apryll,1
1112=,Apurva,1
1112=,Aqsa,1
1112=,Aqua,1
1112=,Arabella,1
1112=,Archanna,1
1112=,Arefeh,1
1112=,Areifa,1
1112=,Arfa,1
1112=,Ariadne,1
1112=,Ariana,1
1112=,Arianna,1
1112=,Arifah,1
1112=,Arleanna,1
1112=,Arleen,1
1112=,Arlena,1
1112=,Arooj,1
1112=,Aroojh,1
1112=,Aroosa,1
1112=,Arouj,1
1112=,Arouje,1
1112=,Arran,1
1112=,Arriane,1
1112=,Arrti,1
1112=,Artemis,1
1112=,Aryan,1
1112=,Aryanne,1
1112=,Ashleen,1
1112=,Ashley-Anne,1
1112=,Ashley-Leona,1
1112=,Asirah,1
1112=,Asma,1
1112=,Aspasia,1
1112=,Aspen,1
1112=,Asta,1
1112=,Astelle,1
1112=,Astra,1
1112=,Astyn,1
1112=,Athia,1
1112=,Atiqa,1
1112=,Atousa,1
1112=,Audra,1
1112=,Autumn,1
1112=,Ava,1
1112=,Ave,1
1112=,Averil,1
1112=,Avigail,1
1112=,Aya,1
1112=,Ayah,1
1112=,Ayden,1
1112=,Ayeisha,1
1112=,Ayeshaa,1
1112=,Ayisha,1
1112=,Ayla,1
1112=,Aylishia,1
1112=,Aymee,1
1112=,Azaria,1
1112=,Azeema,1
1112=,Azmath,1
1112=,Basille,1
1112=,Beatrice,1
1112=,Beatrix,1
1112=,Beattie,1
1112=,Beccy,1
1112=,Becki,1
1112=,Beckie,1
1112=,Belinda,1
1112=,Bella,1
1112=,Bess,1
1112=,Bethan-Kate,1
1112=,Bethanee,1
1112=,Bethaney,1
1112=,Bethanie,1
1112=,Bethany-Jane,1
1112=,Bethany-Jo,1
1112=,Bethany-Louise,1
1112=,Bethea,1
1112=,Betsy,1
1112=,Bettina,1
1112=,Bevin,1
1112=,Bhavna,1
1112=,Biancha-Jade,1
1112=,Bibiana,1
1112=,Billiejay,1
1112=,Birani,1
1112=,Blaire,1
1112=,Blaize,1
1112=,Blossom,1
1112=,Bobbi-Jean,1
1112=,Bobbi-Jo,1
1112=,Bobbi-Louisa,1
1112=,Bobbielee,1
1112=,Bobby-Jane,1
1112=,Bobby-Lea,1
1112=,Bobby-Lee,1
1112=,Bobi,1
1112=,Bonamy,1
1112=,Bonita,1
1112=,Bonny,1
1112=,Bozenia,1
1112=,Brace,1
1112=,Brady,1
1112=,Bramble,1
1112=,Breadih,1
1112=,Breagha,1
1112=,Breaghan,1
1112=,Brenna,1
1112=,Brennagh,1
1112=,Briagh,1
1112=,Briagha,1
1112=,Briar,1
1112=,Brid,1
1112=,Brie,1
1112=,Brodi,1
1112=,Brody,1
1112=,Bronach,1
1112=,Bronwynn,1
1112=,Brooklynn,1
1112=,Bruna,1
1112=,Bryanie,1
1112=,Bryoni,1
1112=,Bushra,1
1112=,Cachelle,1
1112=,Cadhla,1
1112=,Caeli,1
1112=,Caelin,1
1112=,Caera,1
1112=,Cailey,1
1112=,Cailin,1
1112=,Caillie,1
1112=,Cairistiona,1
1112=,Cairn,1
1112=,Cairney,1
1112=,Cairstiona,1
1112=,Cairy,1
1112=,Cait,1
1112=,Caitlan,1
1112=,Caitland,1
1112=,Caitlyne,1
1112=,Caitlynne,1
1112=,Caledonia,1
1112=,Caley,1
1112=,Calhounnah,1
1112=,Cali,1
1112=,Callia,1
1112=,Callie,1
1112=,Calluna,1
1112=,Callyn,1
1112=,Camille,1
1112=,Candace,1
1112=,Candi,1
1112=,Candida,1
1112=,Candii-Jane,1
1112=,Candis,1
1112=,Candy,1
1112=,Cara-Marie,1
1112=,Caralyn,1
1112=,Carianne,1
1112=,Carin,1
1112=,Carine,1
1112=,Carise,1
1112=,Carlann,1
1112=,Carley,1
1112=,Carly-Ann,1
1112=,Carmela,1
1112=,Carmine,1
1112=,Carmyle,1
1112=,Carol-Anne,1
1112=,Carole,1
1112=,Carolyne,1
1112=,Carolynn,1
1112=,Carra-Lynn,1
1112=,Carri,1
1112=,Carri-Anne,1
1112=,Carrie-Ann,1
1112=,Carrieanne,1
1112=,Cassey,1
1112=,Cassia,1
1112=,Cassidy,1
1112=,Catherine-Ann,1
1112=,Cathleen,1
1112=,Caylie,1
1112=,Ceara,1
1112=,Cearraidh,1
1112=,Cecilia,1
1112=,Cee-Jay,1
1112=,Ceejay,1
1112=,Ceira,1
1112=,Ceire,1
1112=,Celena,1
1112=,Celina,1
1112=,Celsea,1
1112=,Cerri,1
1112=,Cerry,1
1112=,Cetayesh,1
1112=,Chanisse,1
1112=,Chanley,1
1112=,Channel,1
1112=,Channen,1
1112=,Channi,1
1112=,Chantel,1
1112=,Chantele,1
1112=,Chantell,1
1112=,Chantelle-Marie,1
1112=,Charelle,1
1112=,Charity,1
1112=,Charlee,1
1112=,Charleigh,1
1112=,Charlette,1
1112=,Charline,1
1112=,Charmane,1
1112=,Charrelle,1
1112=,Chase,1
1112=,Chavonne,1
1112=,Chay,1
1112=,Chay-Lee,1
1112=,Chelbey,1
1112=,Chelby,1
1112=,Chellbie,1
1112=,Chelsea-Ann,1
1112=,Chelsea-Louise,1
1112=,Chelsy,1
1112=,Cher,1
1112=,Cherday,1
1112=,Cheree,1
1112=,Cheri,1
1112=,Cherilyn,1
1112=,Cherina,1
1112=,Cherise,1
1112=,Cherish,1
1112=,Cherrie,1
1112=,Cherrisse,1
1112=,Cherry,1
1112=,Cherryl,1
1112=,Cheryce,1
1112=,Cheryl-Ann,1
1112=,Cheryll,1
1112=,Chesney,1
1112=,Chevrolet,1
1112=,Cheyney,1
1112=,Chi,1
1112=,Chivon,1
1112=,Chloe-Louise,1
1112=,Chloe-May,1
1112=,Chor,1
1112=,Chor-Hung,1
1112=,Christi,1
1112=,Christianne,1
1112=,Christina-Jo,1
1112=,Christina-Leoni,1
1112=,Christopher,1
1112=,Chrystina,1
1112=,Chyrelle,1
1112=,Ciera,1
1112=,Cindy,1
1112=,Clare-Marie,1
1112=,Clarese,1
1112=,Claudette,1
1112=,Cleo,1
1112=,Clodagh,1
1112=,Cloe,1
1112=,Coady,1
1112=,Concetta,1
1112=,Conni,1
1112=,Corale,1
1112=,Coreen,1
1112=,Corey,1
1112=,Cori,1
1112=,Corie,1
1112=,Cornelia,1
1112=,Corra,1
1112=,Corralle,1
1112=,Correen,1
1112=,Corrin,1
1112=,Cory,1
1112=,Coryne,1
1112=,Courteney,1
1112=,Courtnay,1
1112=,Cree,1
1112=,Cria,1
1112=,Criselle,1
1112=,Cristiana,1
1112=,Cristine,1
1112=,Cyra,1
1112=,D'arcy,1
1112=,Daan,1
1112=,Daena,1
1112=,Dahlia,1
1112=,Daile,1
1112=,Dalziel,1
1112=,Damal,1
1112=,Damla,1
1112=,Dana-Leigh,1
1112=,Danae,1
1112=,Danah,1
1112=,Danai,1
1112=,Dani,1
1112=,Danielle-Marie,1
1112=,Danis,1
1112=,Danish,1
1112=,Dannie,1
1112=,Danniele,1
1112=,Dannii,1
1112=,Danuta,1
1112=,Darci,1
1112=,Darcie,1
1112=,Darelle,1
1112=,Daria,1
1112=,Darian,1
1112=,Darien,1
1112=,Darienne,1
1112=,Darnikka,1
1112=,Darragh,1
1112=,Darrian,1
1112=,Darryl,1
1112=,Daryl-Lea,1
1112=,Daryll,1
1112=,David,1
1112=,Davidona,1
1112=,Deana,1
1112=,Deann,1
1112=,Deanne,1
1112=,Debra-Louise,1
1112=,Deena,1
1112=,Deepika,1
1112=,Deirdre,1
1112=,Delaina,1
1112=,Delia,1
1112=,Delli,1
1112=,Demi-Marie,1
1112=,Demilee,1
1112=,Dempsey,1
1112=,Deni,1
1112=,Denis,1
1112=,Deniz,1
1112=,Denna,1
1112=,Deone,1
1112=,Deonne,1
1112=,Deri,1
1112=,Deryn,1
1112=,Deva,1
1112=,Devika,1
1112=,Devin,1
1112=,Devlin,1
1112=,Devyn,1
1112=,Dheerij,1
1112=,Diana,1
1112=,Dianne,1
1112=,Dielle,1
1112=,Dill,1
1112=,Dilmeet,1
1112=,Dina,1
1112=,Dione,1
1112=,Dominic,1
1112=,Donalda,1
1112=,Donetta,1
1112=,Donna-Marie,1
1112=,Dylan,1
1112=,Dyllyn,1
1112=,Ealana,1
1112=,Early,1
1112=,Ebbe,1
1112=,Eboni,1
1112=,Eesha,1
1112=,Effie,1
1112=,Eilis,1
1112=,Eillidh,1
1112=,Eillish,1
1112=,Eimer,1
1112=,Eireanne,1
1112=,Eirene,1
1112=,Eirinn,1
1112=,Elanna,1
1112=,Elanor,1
1112=,Eleanore,1
1112=,Elenor,1
1112=,Eleonor,1
1112=,Elidgh,1
1112=,Eliesha,1
1112=,Elildh,1
1112=,Elin,1
1112=,Elina,1
1112=,Elishiah,1
1112=,Elizabeth-Anne,1
1112=,Elizabethann,1
1112=,Ellaine,1
1112=,Ellece,1
1112=,Ellenor,1
1112=,Ellentiah-Myrri,1
1112=,Ellesha,1
1112=,Ellesse,1
1112=,Ellie-May,1
1112=,Ellier,1
1112=,Ellin,1
1112=,Ellise,1
1112=,Ellys,1
1112=,Ellyss,1
1112=,Elysha,1
1112=,Eman,1
1112=,Emerald,1
1112=,Emilie,1
1112=,Emily-Jane,1
1112=,Emine,1
1112=,Emma-Christina,1
1112=,Emma-James,1
1112=,Emma-Rebecca,1
1112=,Emmaline,1
1112=,Emmerie,1
1112=,Emmie,1
1112=,Enaish,1
1112=,Enisa,1
1112=,Eowyn,1
1112=,Erinn,1
1112=,Erraid,1
1112=,Ersin,1
1112=,Esraa,1
1112=,Eunice,1
1112=,Eva-Maria,1
1112=,Evgenia,1
1112=,Evita,1
1112=,Evlyn,1
1112=,Evonne,1
1112=,Ewa,1
1112=,Ezdehar,1
1112=,Fabia,1
1112=,Fabiya,1
1112=,Fakhirah,1
1112=,Fallon,1
1112=,Fang,1
1112=,Fareeha,1
1112=,Fariha,1
1112=,Farkhunda,1
1112=,Faron,1
1112=,Farrah,1
1112=,Farrell,1
1112=,Faseeha,1
1112=,Fathima,1
1112=,Fatimah,1
1112=,Fay,1
1112=,Fayme,1
1112=,Fayzah,1
1112=,Fazah,1
1112=,Fearn,1
1112=,Feona,1
1112=,Feroza,1
1112=,Fhiona,1
1112=,Fhionnagh,1
1112=,Finlay,1
1112=,Finnuala,1
1112=,Finulla,1
1112=,Firouzeh,1
1112=,Fiyinfolu,1
1112=,Flavia,1
1112=,Flynn,1
1112=,Folakemi,1
1112=,Franquie,1
1112=,Fraser,1
1112=,Friha,1
1112=,Furoza,1
1112=,Gabi,1
1112=,Gaenor,1
1112=,Gale,1
1112=,Ganga,1
1112=,Gauhar,1
1112=,Geneva,1
1112=,Genevieve,1
1112=,Geordine,1
1112=,Georgia-May,1
1112=,Geri,1
1112=,Gerri,1
1112=,Ghada,1
1112=,Ghita,1
1112=,Ghulam,1
1112=,Gi,1
1112=,Gilleon,1
1112=,Giorgia,1
1112=,Git,1
1112=,Gita,1
1112=,Giuliana,1
1112=,Glenn,1
1112=,Glenna,1
1112=,Gloria,1
1112=,Grania,1
1112=,Greer,1
1112=,Gruach,1
1112=,Gulnaz,1
1112=,Gulsah,1
1112=,Gurpage,1
1112=,Gursimran,1
1112=,Hadia,1
1112=,Hafsa,1
1112=,Haidee,1
1112=,Haileigh,1
1112=,Haleema,1
1112=,Haleena,1
1112=,Haley-Jane,1
1112=,Halime,1
1112=,Hanan,1
1112=,Haneen,1
1112=,Hanein,1
1112=,Haram,1
1112=,Harbinder,1
1112=,Hareem,1
1112=,Harjeet,1
1112=,Harlae,1
1112=,Harmeet,1
1112=,Harneet,1
1112=,Harpreet,1
1112=,Harriett,1
1112=,Harsharon,1
1112=,Harvey,1
1112=,Hayely,1
1112=,Haylea,1
1112=,Heather-Sylvie,1
1112=,Hedera,1
1112=,Heena,1
1112=,Helaina,1
1112=,Helga,1
1112=,Helyn,1
1112=,Hennah,1
1112=,Hermione,1
1112=,Hester,1
1112=,Hiba,1
1112=,Hinna,1
1112=,Ho,1
1112=,Hoi,1
1112=,Holea,1
1112=,Holley,1
1112=,Hollie-Ann,1
1112=,Holly-Anne,1
1112=,Hollymarie,1
1112=,Hope-Frances,1
1112=,How,1
1112=,Hrisi,1
1112=,Humera,1
1112=,Humerah,1
1112=,Husnat,1
1112=,Iman,1
1112=,Indiana,1
1112=,Indriya,1
1112=,Inga,1
1112=,Inger,1
1112=,Inshah,1
1112=,Iona-Joy,1
1112=,Iony,1
1112=,Iqraa,1
1112=,Irem,1
1112=,Irram,1
1112=,Irsah,1
1112=,Isabelle,1
1112=,Iseabal,1
1112=,Ishabel,1
1112=,Ishbal,1
1112=,Ishrat,1
1112=,Ismay,1
1112=,Isobell,1
1112=,Isra'a,1
1112=,Issmat,1
1112=,Itzel,1
1112=,Iyona,1
1112=,Jackalyn,1
1112=,Jacki,1
1112=,Jacky,1
1112=,Jacolyn,1
1112=,Jacquelyne,1
1112=,Jacquetta,1
1112=,Jacqulyn,1
1112=,Jade-Chantel,1
1112=,Jade-Lee,1
1112=,Jade-Louise,1
1112=,Jadeallan,1
1112=,Jadie,1
1112=,Jael,1
1112=,Jaerin,1
1112=,Jai,1
1112=,Jaid,1
1112=,Jaime-Leigh,1
1112=,Jaimee,1
1112=,Jamee,1
1112=,Jamie-Anne,1
1112=,Jamie-Lea,1
1112=,Jana,1
1112=,Janan,1
1112=,Janie,1
1112=,Jann,1
1112=,Jannah,1
1112=,Jaskiran,1
1112=,Jasleen,1
1112=,Jaslyn,1
1112=,Jasmyn,1
1112=,Jasveer,1
1112=,Jaunita,1
1112=,Jayah,1
1112=,Jayme,1
1112=,Jaymee,1
1112=,Jaymilee,1
1112=,Jeananne,1
1112=,Jeanette,1
1112=,Jeanine,1
1112=,Jeasidh,1
1112=,Jee-Wan,1
1112=,Jema,1
1112=,Jemma-Louise,1
1112=,Jeniffer,1
1112=,Jenn,1
1112=,Jennean,1
1112=,Jeong,1
1112=,Jerri,1
1112=,Jerrylee,1
1112=,Jessica-Ann,1
1112=,Jessika,1
1112=,Jeung,1
1112=,Jhoth,1
1112=,Jil,1
1112=,Jillease,1
1112=,Jillin,1
1112=,Jilly,1
1112=,Jinny,1
1112=,Jo-Ann,1
1112=,Jocelynne,1
1112=,Jodi-Lee,1
1112=,Jodie-Lee,1
1112=,Joel,1
1112=,Johanne,1
1112=,John,1
1112=,Johnann,1
1112=,Jolanda,1
1112=,Joleen,1
1112=,Jollette,1
1112=,Jomana,1
1112=,Jordan-Leah,1
1112=,Jordan-Leigh,1
1112=,Jordann,1
1112=,Jordanna,1
1112=,Jordian,1
1112=,Jordin,1
1112=,Jorgie,1
1112=,Joscelin,1
1112=,Josceline,1
1112=,Joslyn,1
1112=,Jozette,1
1112=,Judy,1
1112=,Juli,1
1112=,Julianna,1
1112=,Julianne,1
1112=,Julie-Anne,1
1112=,Julieann,1
1112=,Julieanne,1
1112=,Juno,1
1112=,Justine-Juliett,1
1112=,Justyn,1
1112=,Kadi,1
1112=,Kadie,1
1112=,Kai,1
1112=,Kailey,1
1112=,Kairean,1
1112=,Kaireen,1
1112=,Kairen,1
1112=,Kairn,1
1112=,Kaitlinn,1
1112=,Kali,1
1112=,Kaoibha,1
1112=,Kara-Lyn,1
1112=,Karin-Ann,1
1112=,Karine-Louise,1
1112=,Kariss,1
1112=,Karissa,1
1112=,Karisse,1
1112=,Karleigh,1
1112=,Karley,1
1112=,Karlynn,1
1112=,Karmen,1
1112=,Karoline,1
1112=,Karra,1
1112=,Karrie,1
1112=,Karrie-Ann,1
1112=,Karys,1
1112=,Kasay,1
1112=,Kassy,1
1112=,Katana,1
1112=,Katelin,1
1112=,Katelyne,1
1112=,Katerina,1
1112=,Katey,1
1112=,Kathanna,1
1112=,Katharin,1
1112=,Katherene,1
1112=,Katherine-Louis,1
1112=,Kathryne,1
1112=,Katie-Anne,1
1112=,Katie-Jay,1
1112=,Katie-Lee,1
1112=,Katrin,1
1112=,Katrise,1
1112=,Katryn,1
1112=,Katy-Louise,1
1112=,Kaumal,1
1112=,Kauther,1
1112=,Kay-Leigh,1
1112=,Kaya,1
1112=,Kayla-Leigh,1
1112=,Kayleigh-Ann,1
1112=,Kayleigh-Louise,1
1112=,Kayleigh-Marie,1
1112=,Kaylene,1
1112=,Kayley-Ann,1
1112=,Kaylyn,1
1112=,Kayrn,1
1112=,Kaysley,1
1112=,Kazli,1
1112=,Kc,1
1112=,Keana,1
1112=,Kearney,1
1112=,Keary-Erin,1
1112=,Kearyn,1
1112=,Keavy,1
1112=,Keidra,1
1112=,Keirra,1
1112=,Keiver,1
1112=,Kelcey,1
1112=,Kelcie,1
1112=,Kellianne,1
1112=,Kellie-Jane,1
1112=,Kellie-Marie,1
1112=,Kellsey,1
1112=,Kelly-Louise,1
1112=,Kelseah,1
1112=,Kelsey-Anne,1
1112=,Kelsey-Leigh,1
1112=,Kelsey-Victoria,1
1112=,Kelsie-Lee,1
1112=,Kendell,1
1112=,Kentess,1
1112=,Kerianne,1
1112=,Kerina,1
1112=,Kerrae,1
1112=,Kerri-Anne,1
1112=,Kerri-Marie,1
1112=,Kerrilee,1
1112=,Kerrisann,1
1112=,Kerry-Marie,1
1112=,Kerstin,1
1112=,Keryl,1
1112=,Keryn,1
1112=,Kerys,1
1112=,Keshia,1
1112=,Kessiah,1
1112=,Kezziah,1
1112=,Khadeeja,1
1112=,Khadijah,1
1112=,Khalila,1
1112=,Khiah,1
1112=,Khiara,1
1112=,Ki,1
1112=,Kiana,1
1112=,Kiara-Anne,1
1112=,Kiaya,1
1112=,Kiedra,1
1112=,Kiele,1
1112=,Kiera-Leanne,1
1112=,Kierah,1
1112=,Kierney,1
1112=,Kim-Lesley,1
1112=,Kim-Louise,1
1112=,Kimberla,1
1112=,Kimberlay,1
1112=,Kimberlee,1
1112=,Kimberly-Anne,1
1112=,Kinsey,1
1112=,Kiranjit,1
1112=,Kiree,1
1112=,Kiri,1
1112=,Kirpa,1
1112=,Kirstie-Ann,1
1112=,Kirstine,1
1112=,Kirsty-Ann,1
1112=,Kirsty-Anne,1
1112=,Kirsty-Lee,1
1112=,Kirstyann,1
1112=,Kirti,1
1112=,Kitty,1
1112=,Kiya,1
1112=,Kiyrie,1
1112=,Kizzylou,1
1112=,Kodie,1
1112=,Kohlby,1
1112=,Kohrri,1
1112=,Koreen,1
1112=,Koren,1
1112=,Kori,1
1112=,Korinn,1
1112=,Krissie,1
1112=,Krisstan,1
1112=,Krista,1
1112=,Kristiane,1
1112=,Krysta,1
1112=,Krystal-Louise,1
1112=,Krystie,1
1112=,Krystina,1
1112=,Krystle,1
1112=,Krystyna,1
1112=,Ksenia,1
1112=,Kumtaeng,1
1112=,Kushbir,1
1112=,Kyara,1
1112=,Kyeron,1
1112=,Kyesha,1
1112=,Kylan,1
1112=,Kylie,1
1112=,Kyna,1
1112=,Kyree,1
1112=,Kyrenia,1
1112=,Kyrin,1
1112=,Kyrsten,1
1112=,Laarab,1
1112=,Ladonia,1
1112=,Lahana,1
1112=,Lai,1
1112=,Laila,1
1112=,Laken,1
1112=,Lale,1
1112=,Lameese,1
1112=,Lamia,1
1112=,Laonie,1
1112=,Lareb,1
1112=,Larisa,1
1112=,Larisah,1
1112=,Larraine,1
1112=,Larysa,1
1112=,Laura-Ann,1
1112=,Laura-Beth,1
1112=,Laura-Jayne,1
1112=,Laura-Jo,1
1112=,Laura-Nicole,1
1112=,Laurajayne,1
1112=,Laurel,1
1112=,Lauren-Anne,1
1112=,Lauren-Nicole,1
1112=,Lauren-Ruth,1
1112=,Laurene,1
1112=,Lauri,1
1112=,Laurina,1
1112=,Laverne,1
1112=,Lawren,1
1112=,Layha,1
1112=,Leagh,1
1112=,Leah-Brooklyn,1
1112=,Leane,1
1112=,Lee-Anne,1
1112=,Leeanna,1
1112=,Leena,1
1112=,Lehanne,1
1112=,Leigha,1
1112=,Leila,1
1112=,Leilah,1
1112=,Leillah,1
1112=,Leisha,1
1112=,Leith,1
1112=,Lelia,1
1112=,Leni,1
1112=,Leoke,1
1112=,Leone,1
1112=,Leonna,1
1112=,Leonni,1
1112=,Leonnie,1
1112=,Lesley-Anne,1
1112=,Levee,1
1112=,Li,1
1112=,Liane,1
1112=,Lianna,1
1112=,Liberty,1
1112=,Lidia,1
1112=,Liesa,1
1112=,Lieselotte,1
1112=,Lila,1
1112=,Lilah,1
1112=,Lilian,1
1112=,Lilias,1
1112=,Lilith,1
1112=,Lilli,1
1112=,Lillian,1
1112=,Lily-Ann,1
1112=,Lisa-Jayne,1
1112=,Lisanne,1
1112=,Litisha-Jade,1
1112=,Livia,1
1112=,Llana,1
1112=,Lora,1
1112=,Loretta,1
1112=,Lorisa,1
1112=,Lorissa,1
1112=,Lorren,1
1112=,Lorriane,1
1112=,Lorrie,1
1112=,Loryn,1
1112=,Lotte,1
1112=,Loui,1
1112=,Louisa-Jane,1
1112=,Louissa,1
1112=,Lucianna,1
1112=,Lucilia,1
1112=,Lucy-Ann,1
1112=,Lucy-May,1
1112=,Lueje,1
1112=,Lydsay,1
1112=,Lyla,1
1112=,Lyn,1
1112=,Lyndzi,1
1112=,Lynlay,1
1112=,Lynn-Maree,1
1112=,Lynsay-Leigh,1
1112=,Lynzie,1
1112=,Maariya,1
1112=,Machaela,1
1112=,Mackenzie,1
1112=,Madailein,1
1112=,Maddalen,1
1112=,Madeeha,1
1112=,Madelaine,1
1112=,Madelin,1
1112=,Madelyn,1
1112=,Madhuvanti,1
1112=,Madiha,1
1112=,Madihah,1
1112=,Madilyn,1
1112=,Madonna,1
1112=,Maeghan,1
1112=,Maelle,1
1112=,Mafalda,1
1112=,Magenta,1
1112=,Maggie,1
1112=,Maha,1
1112=,Mahbub,1
1112=,Maherra,1
1112=,Mahmoona,1
1112=,Mahri,1
1112=,Mahrukh,1
1112=,Maighan,1
1112=,Maimie,1
1112=,Maira,1
1112=,Mairiann,1
1112=,Maleeha,1
1112=,Malena,1
1112=,Malin,1
1112=,Malvina,1
1112=,Mamoona,1
1112=,Man,1
1112=,Manal,1
1112=,Manasa,1
1112=,Mandy-Lee,1
1112=,Maninder,1
1112=,Manisha,1
1112=,Mara,1
1112=,Maram,1
1112=,Mareem,1
1112=,Marelle,1
1112=,Margaret-Elizab,1
1112=,Margaret-Rose,1
1112=,Margherita,1
1112=,Margi,1
1112=,Margo,1
1112=,Marhielle,1
1112=,Mari-Ann,1
1112=,Mariama,1
1112=,Marian,1
1112=,Mariann,1
1112=,Marie-Claire,1
1112=,Mariea,1
1112=,Marieke,1
1112=,Mariel,1
1112=,Mariem,1
1112=,Mariesa,1
1112=,Mariessa,1
1112=,Marijke,1
1112=,Marika,1
1112=,Mariko,1
1112=,Marilyn,1
1112=,Marin,1
1112=,Marisha,1
1112=,Marium,1
1112=,Mariyam,1
1112=,Marjory,1
1112=,Marleen,1
1112=,Marlene,1
1112=,Marley-Paige,1
1112=,Marli,1
1112=,Marlie,1
1112=,Marney,1
1112=,Marone,1
1112=,Marsaili,1
1112=,Marsailidh,1
1112=,Marsha,1
1112=,Marshalina,1
1112=,Marwa,1
1112=,Mary-Rose,1
1112=,Maryisa,1
1112=,Maryjay,1
1112=,Marylee,1
1112=,Matthew,1
1112=,Mauada,1
1112=,May,1
1112=,Meagan-Jane,1
1112=,Meara,1
1112=,Mechelle,1
1112=,Meena,1
1112=,Meera,1
1112=,Meerun,1
1112=,Megan-Rose,1
1112=,Megann,1
1112=,Meganne,1
1112=,Meggan,1
1112=,Megumi,1
1112=,Megyn,1
1112=,Mehran,1
1112=,Mehwish,1
1112=,Meighan,1
1112=,Meike,1
1112=,Melannie,1
1112=,Meral,1
1112=,Mercy,1
1112=,Merethe,1
1112=,Merissa,1
1112=,Merran,1
1112=,Meryl,1
1112=,Metta,1
1112=,Mhairi-Ailsa,1
1112=,Mhairi-Jane,1
1112=,Mhairianne,1
1112=,Micaela,1
1112=,Micha,1
1112=,Michael,1
1112=,Micheala,1
1112=,Michela,1
1112=,Mickaela,1
1112=,Midori,1
1112=,Mikala,1
1112=,Mikayla,1
1112=,Mikhaila,1
1112=,Miko,1
1112=,Mila,1
1112=,Milissa,1
1112=,Millie,1
1112=,Millisa,1
1112=,Minaz-Parol,1
1112=,Miri,1
1112=,Mirren,1
1112=,Miya,1
1112=,Mohini,1
1112=,Momina,1
1112=,Mona,1
1112=,Monaca,1
1112=,Monika,1
1112=,Moray,1
1112=,Morbheinn,1
1112=,Motaram,1
1112=,Motunrayo,1
1112=,Mourisa,1
1112=,Moyosolu,1
1112=,Moyra,1
1112=,Mugure,1
1112=,Munisah,1
1112=,Muriam,1
1112=,Myisha,1
1112=,Myrna,1
1112=,Nabeena,1
1112=,Nadeen,1
1112=,Nadene,1
1112=,Nadia-Claire,1
1112=,Nadiya,1
1112=,Nadya,1
1112=,Nafeesa,1
1112=,Nafisaf,1
1112=,Nahla,1
1112=,Naidene,1
1112=,Nailah,1
1112=,Naima,1
1112=,Naimh,1
1112=,Naiomi,1
1112=,Naireen,1
1112=,Nairne,1
1112=,Naleisha,1
1112=,Namrta,1
1112=,Nancy,1
1112=,Naraina,1
1112=,Nargis,1
1112=,Narhys,1
1112=,Narmeen,1
1112=,Nasreen,1
1112=,Natal,1
1112=,Natalea,1
1112=,Natalia,1
1112=,Natalie-Ann,1
1112=,Natalie-Anne,1
1112=,Natalya,1
1112=,Natanya,1
1112=,Natasha-Jade,1
1112=,Natashia,1
1112=,Natasja,1
1112=,Natassja,1
1112=,Nathia,1
1112=,Natisha,1
1112=,Nattalie,1
1112=,Naveen,1
1112=,Nayha,1
1112=,Nayomi,1
1112=,Nayreen,1
1112=,Nazlu,1
1112=,Necole,1
1112=,Neena,1
1112=,Neeru,1
1112=,Neila,1
1112=,Nekole,1
1112=,Nelaam,1
1112=,Ngozi,1
1112=,Niahla,1
1112=,Niaomi,1
1112=,Nica,1
1112=,Nicia,1
1112=,Nicky,1
1112=,Nico,1
1112=,Nicoline,1
1112=,Nidah,1
1112=,Niha,1
1112=,Nikki-Lauren,1
1112=,Nikkitta,1
1112=,Nila,1
1112=,Nim,1
1112=,Nimah,1
1112=,Nimrat,1
1112=,Niome,1
1112=,Niomie,1
1112=,Nionne,1
1112=,Nirvanna,1
1112=,Nissara,1
1112=,Niva,1
1112=,Noami,1
1112=,Noor,1
1112=,Noor-Ul-Aushna,1
1112=,Nora,1
1112=,Norma,1
1112=,Nula,1
1112=,Nushrat,1
1112=,Nusrat,1
1112=,Nyala,1
1112=,Nyla,1
1112=,Nyome,1
1112=,Ola,1
1112=,Oonagh,1
1112=,Opal,1
1112=,Paisleigh,1
1112=,Pamala,1
1112=,Parastu,1
1112=,Parbinder,1
1112=,Parisa,1
1112=,Parnell,1
1112=,Pascale,1
1112=,Pashmina,1
1112=,Patrice,1
1112=,Pavan,1
1112=,Pelvi,1
1112=,Penella,1
1112=,Perdeep,1
1112=,Perdita,1
1112=,Pershia,1
1112=,Petra,1
1112=,Phemie,1
1112=,Phillipa,1
1112=,Pippa,1
1112=,Pixie,1
1112=,Po-Yee,1
1112=,Pooja,1
1112=,Poonam,1
1112=,Porscha,1
1112=,Presley,1
1112=,Princess,1
1112=,Priscilla,1
1112=,Prithpal,1
1112=,Pui,1
1112=,Putri,1
1112=,Qubra,1
1112=,Raabia,1
1112=,Rabiah,1
1112=,Rabiya,1
1112=,Radha,1
1112=,Raeann,1
1112=,Raeannon,1
1112=,Raechael,1
1112=,Raeesah,1
1112=,Raegen,1
1112=,Ragan,1
1112=,Rahana,1
1112=,Raheissa,1
1112=,Rahila,1
1112=,Rahima,1
1112=,Raiesha,1
1112=,Rajpreet,1
1112=,Rajveer,1
1112=,Rameet,1
1112=,Rana,1
1112=,Ranee,1
1112=,Rani,1
1112=,Raonaid,1
1112=,Rasheida,1
1112=,Rashelle,1
1112=,Rawand,1
1112=,Rayne,1
1112=,Raysham,1
1112=,Reah,1
1112=,Rebbecca-Louise,1
1112=,Rebbeka,1
1112=,Rebecca-Lynn,1
1112=,Rebeccah,1
1112=,Rebeckah,1
1112=,Rebekah-May,1
1112=,Reia,1
1112=,Rekha,1
1112=,Remy,1
1112=,Renae,1
1112=,Renu,1
1112=,Reona,1
1112=,Rhayanne,1
1112=,Rhea-Jayne,1
1112=,Rheanna,1
1112=,Rheannan,1
1112=,Rhegann,1
1112=,Rhorie,1
1112=,Rhyannon,1
1112=,Ridha,1
1112=,Riffit-Tahira,1
1112=,Righley,1
1112=,Rishika,1
1112=,Riyoko,1
1112=,Roanna,1
1112=,Roanne,1
1112=,Robeela,1
1112=,Robyne,1
1112=,Robynne,1
1112=,Rohan,1
1112=,Roisain,1
1112=,Romana,1
1112=,Romanai,1
1112=,Romany,1
1112=,Ronni,1
1112=,Ronny,1
1112=,Rosaleen,1
1112=,Rosalynd,1
1112=,Rosana,1
1112=,Rosanne,1
1112=,Roselyn,1
1112=,Rosha,1
1112=,Rosheen,1
1112=,Roshni,1
1112=,Rosinah,1
1112=,Roslin,1
1112=,Rosol,1
1112=,Rosy,1
1112=,Roukaya,1
1112=,Roxane,1
1112=,Roxanna,1
1112=,Roxy,1
1112=,Rubina,1
1112=,Ruchi,1
1112=,Rukayya,1
1112=,Rukayyat,1
1112=,Rukayyatu,1
1112=,Ruksaar,1
1112=,Rumsha,1
1112=,Rwan,1
1112=,Ryan,1
1112=,Saadia,1
1112=,Saahirah,1
1112=,Sabaa,1
1112=,Sabha,1
1112=,Sabine,1
1112=,Sadie,1
1112=,Sadiya,1
1112=,Safa,1
1112=,Safeena,1
1112=,Safia,1
1112=,Safiyyah,1
1112=,Sahar,1
1112=,Saher,1
1112=,Saibh,1
1112=,Sairah,1
1112=,Sajida,1
1112=,Samanth-Jane,1
1112=,Samantha-Jo,1
1112=,Samanthajean,1
1112=,Samme,1
1112=,Sammer,1
1112=,Sammi,1
1112=,Sammyjo,1
1112=,Samra,1
1112=,Samsara,1
1112=,Sanaa,1
1112=,Sancha,1
1112=,Sanna,1
1112=,Sanpreet,1
1112=,Saorsa,1
1112=,Saphron,1
1112=,Sapphire,1
1112=,Sappho,1
1112=,Sara-Jayne,1
1112=,Sara-Leigh,1
1112=,Sara-Louise,1
1112=,Sarah-Ann,1
1112=,Sarai,1
1112=,Saraya,1
1112=,Sarena,1
1112=,Sarina,1
1112=,Saska,1
1112=,Sassi,1
1112=,Satveer,1
1112=,Satveera,1
1112=,Savanagh,1
1112=,Savannha,1
1112=,Savita,1
1112=,Seandelle,1
1112=,Seaniece,1
1112=,Sebrina,1
1112=,Sedona,1
1112=,Seetil,1
1112=,Sehher,1
1112=,Sehir,1
1112=,Semone,1
1112=,Sephrenia,1
1112=,Seren,1
1112=,Shada,1
1112=,Shahida,1
1112=,Shahjia,1
1112=,Shailaa,1
1112=,Shakira,1
1112=,Shalaine,1
1112=,Sham,1
1112=,Shamiala,1
1112=,Shanelle,1
1112=,Shani-Lee,1
1112=,Shania,1
1112=,Shanine,1
1112=,Shanise,1
1112=,Shanley,1
1112=,Shannel,1
1112=,Shannice,1
1112=,Shannon-Leigh,1
1112=,Shannonleigh,1
1112=,Shanon,1
1112=,Shantelle,1
1112=,Shanyn,1
1112=,Shanzay,1
1112=,Sharece,1
1112=,Shareece,1
1112=,Shareen,1
1112=,Sharie,1
1112=,Sharina,1
1112=,Sharleane,1
1112=,Sharleen,1
1112=,Sharlene,1
1112=,Sharmin,1
1112=,Sharona,1
1112=,Sharrow,1
1112=,Sharyn,1
1112=,Shaughney,1
1112=,Shaun,1
1112=,Shaunah,1
1112=,Shaunee,1
1112=,Shaunette,1
1112=,Shaungh,1
1112=,Shaunnay,1
1112=,Shaunni-May,1
1112=,Shaunnie,1
1112=,Shavvan,1
1112=,Shawnee,1
1112=,Shawni,1
1112=,Shaybah,1
1112=,Shayna,1
1112=,Shazia,1
1112=,Sheema,1
1112=,Sheereen,1
1112=,Sheila-Ann,1
1112=,Sheilah,1
1112=,Shelagh,1
1112=,Shelbey-Leigh,1
1112=,Shellby,1
1112=,Shelley-Anne,1
1112=,Shelley-Marie,1
1112=,Shenisse,1
1112=,Sheridan-Louise,1
1112=,Sherlea,1
1112=,Sherleen,1
1112=,Sherlynn,1
1112=,Sherri,1
1112=,Sheryl-Anne,1
1112=,Sherylyn,1
1112=,Shevaune,1
1112=,Shevonne,1
1112=,Shima,1
1112=,Shiobhan,1
1112=,Shiree,1
1112=,Shireen,1
1112=,Shirelle,1
1112=,Shirley-Anne,1
1112=,Shivani,1
1112=,Shiza,1
1112=,Shobha,1
1112=,Shohreh,1
1112=,Shoyna,1
1112=,Shuk,1
1112=,Shynese,1
1112=,Sian-Wyn,1
1112=,Siannon,1
1112=,Sianon,1
1112=,Sidonie,1
1112=,Sidrah,1
1112=,Sidyra,1
1112=,Sigrid,1
1112=,Silke,1
1112=,Silvia,1
1112=,Simona,1
1112=,Simonne,1
1112=,Sindi,1
1112=,Sindianna,1
1112=,Sineela,1
1112=,Siobhain,1
1112=,Siobhann,1
1112=,Siobhian,1
1112=,Siobhon,1
1112=,Siouxsie-May,1
1112=,Siri,1
1112=,Siti,1
1112=,Siubhan-Felicit,1
1112=,Sofie,1
1112=,Sommer,1
1112=,Sonam,1
1112=,Sondos,1
1112=,Sonera,1
1112=,Sophie-Anna,1
1112=,Sophie-Jane,1
1112=,Sophie-Louisa,1
1112=,Sophie-Thomason,1
1112=,Sorrel-Louise,1
1112=,Sorrell,1
1112=,Stacey-Leigh,1
1112=,Stacey-Louise,1
1112=,Staci-Louise,1
1112=,Stacia,1
1112=,Stefani,1
1112=,Stefene,1
1112=,Stephanie-Anne,1
1112=,Stephanie-Jane,1
1112=,Stephanie-Jayne,1
1112=,Stephanie-Louis,1
1112=,Stephannie,1
1112=,Stephany,1
1112=,Stephie,1
1112=,Sterre,1
1112=,Stevie-Jane,1
1112=,Stevie-Leigh,1
1112=,Stevii-Lea,1
1112=,Stine,1
1112=,Sukhveer,1
1112=,Sukhvinder,1
1112=,Sumeyye,1
1112=,Sumiyah,1
1112=,Suna,1
1112=,Sunara,1
1112=,Sunia,1
1112=,Sunna,1
1112=,Sunny,1
1112=,Suraya,1
1112=,Susie,1
1112=,Suzan,1
1112=,Suzann,1
1112=,Suzie,1
1112=,Suzy,1
1112=,Suzzanne,1
1112=,Syann,1
1112=,Sylvia,1
1112=,Tabatha,1
1112=,Tabitha,1
1112=,Tacha,1
1112=,Taegan,1
1112=,Tahira,1
1112=,Talita,1
1112=,Tamar,1
1112=,Tamarra,1
1112=,Tami,1
1112=,Tamie,1
1112=,Tamilla,1
1112=,Tamlyn,1
1112=,Tammy-Anne,1
1112=,Tamzyn,1
1112=,Tanayaih-Louise,1
1112=,Tanith,1
1112=,Tanja,1
1112=,Tanys,1
1112=,Taryn,1
1112=,Tasha,1
1112=,Taskeen,1
1112=,Tasmeia,1
1112=,Tasneam,1
1112=,Tasneem,1
1112=,Tasnem,1
1112=,Tasnim,1
1112=,Tatum,1
1112=,Tauni,1
1112=,Tayebah,1
1112=,Taylar,1
1112=,Taylor-Jane,1
1112=,Taylor-Jayne,1
1112=,Tehreem,1
1112=,Tekisha,1
1112=,Tere,1
1112=,Teri-Anne,1
1112=,Terin,1
1112=,Terri-Ann,1
1112=,Terri-Anne,1
1112=,Terri-Lee,1
1112=,Terri-Louise,1
1112=,Terry,1
1112=,Tessa-Louise,1
1112=,Thahiya,1
1112=,Thalia,1
1112=,Tianna,1
1112=,Tiebah,1
1112=,Tieri,1
1112=,Tiphany,1
1112=,Tiree,1
1112=,Toni-Lee,1
1112=,Tosca,1
1112=,Tracie,1
1112=,Treya,1
1112=,Trudy,1
1112=,Tuesday,1
1112=,Tyne,1
1112=,Ujala,1
1112=,Umamah,1
1112=,Ume,1
1112=,Una,1
1112=,Urooj,1
1112=,Urvah,1
1112=,Uzoamaka,1
1112=,Valentina,1
1112=,Valeria,1
1112=,Vari,1
1112=,Varri,1
1112=,Vasilisa,1
1112=,Venessa,1
1112=,Vera,1
1112=,Verena,1
1112=,Vicci,1
1112=,Vickie,1
1112=,Victoria-Ellena,1
1112=,Vin,1
1112=,Vinessa,1
1112=,Violet,1
1112=,Vittoria,1
1112=,Vivian,1
1112=,Viviana,1
1112=,Wai,1
1112=,Wajeha,1
1112=,Walla,1
1112=,Wallis,1
1112=,Wardah,1
1112=,Wendy-Louise,1
1112=,Williamina,1
1112=,Win,1
1112=,Winifred,1
1112=,Witni,1
1112=,Wui,1
1112=,Yasmine,1
1112=,Yazmin,1
1112=,Yazmyn,1
1112=,Yi,1
1112=,Yolanda,1
1112=,Yousra,1
1112=,Yuan,1
1112=,Yuet,1
1112=,Yumiko,1
1112=,Yvette,1
1112=,Yvonne-Marie,1
1112=,Zaheera,1
1112=,Zahia,1
1112=,Zakia,1
1112=,Zanna,1
1112=,Zarah,1
1112=,Zarine,1
1112=,Zaynab,1
1112=,Zayne,1
1112=,Zeba,1
1112=,Zeinab,1
1112=,Zhanna,1
1112=,Zhora,1
1112=,Zikra,1
1112=,Zin,1
1112=,Zina,1
1112=,Zita,1
1112=,Zoay,1
1112=,Zoe-Louise,1
1112=,Zoe-Megan,1
1112=,Zohrah,1
1112=,Zoia,1
1112=,Zora,1
1112=,Zorona,1
1112=,Zowie,1
1112=,Zoya,1
1112=,Zuhra,1
1112=,Zulehkha,1
1112=,Zunera,1
1112=,Zynab,1
