Position,Name,Number of babies
1,Lauren,874
2,Rebecca,730
3,Emma,706
4,Shannon,694
5,Amy,687
6,Sarah,537
7,Rachel,523
8,Nicole,489
9,Megan,482
10,Laura,469
11,Kirsty,438
12,Hannah,429
13,Chloe,412
14,Caitlin,392
15,Danielle,361
16,Jennifer,326
17,Sophie,311
18,Samantha,302
19,Stephanie,287
20,Erin,282
21,Katie,277
22,Claire,267
23,Louise,266
24,Eilidh,229
25,Heather,228
26,Gemma,223
27=,Lisa,219
27=,Natalie,219
29,Nicola,218
30,Emily,213
31,Ashleigh,208
32,Jade,201
33,Hayley,199
34,Melissa,192
35,Lucy,191
36,Kayleigh,184
37,Rachael,178
38,Holly,177
39,Ashley,163
40,Zoe,162
41,Jessica,161
42,Aimee,157
43,Robyn,154
44,Natasha,150
45,Victoria,143
46=,Courtney,135
46=,Jodie,135
46=,Kimberley,135
49,Anna,134
50=,Abbie,132
50=,Charlotte,132
50=,Chelsea,132
53,Beth,127
54=,Catherine,126
54=,Kirsten,126
56,Kerry,125
57,Fiona,124
58,Elizabeth,117
59,Bethany,115
60,Amanda,102
61=,Demi,97
61=,Jenna,97
63=,Alice,95
63=,Amber,95
65,Alison,94
66=,Catriona,93
66=,Taylor,93
68,Alexandra,89
69=,Kathryn,88
69=,Kelly,88
71,Stacey,86
72,Iona,85
73,Leanne,83
74,Gillian,81
75=,Katherine,80
75=,Paige,80
77,Olivia,78
78=,Cara,75
78=,Michelle,75
80,Joanne,74
81=,Abigail,72
81=,Carly,72
83,Siobhan,69
84=,Kate,68
84=,Mhairi,68
86=,Alana,66
86=,Naomi,66
88=,Jemma,64
88=,Morgan,64
90=,Christina,61
90=,Clare,61
92,Karen,60
93,Ruth,59
94,Molly,58
95,Leah,57
96,Rebekah,56
97=,Hollie,55
97=,Shona,55
97=,Toni,55
100=,Lindsay,54
100=,Sara,54
102,Kathleen,52
103,Eleanor,49
104=,Ellie,48
104=,Hazel,48
106,Ellen,47
107=,Chantelle,46
107=,Jasmine,46
109=,Adele,45
109=,Christie,45
109=,Joanna,45
112=,Katy,44
112=,Kelsey,44
114=,Caroline,43
114=,Lynsey,43
116=,Kimberly,42
116=,Leigh,42
116=,Mairi,42
119=,Ailsa,41
119=,Cheryl,41
119=,Dionne,41
119=,Julie,41
119=,Nikki,41
124=,Kerri,40
124=,Susan,40
126=,Ainsley,39
126=,Jacqueline,39
126=,Nadia,39
129,Lori,38
130=,Kirstin,37
130=,Maria,37
132=,Brogan,36
132=,Brooke,36
132=,Carla,36
132=,Jane,36
136=,Angela,35
136=,Rhiannon,35
138=,Abby,34
138=,Alanna,34
138=,Georgia,34
138=,Helen,34
138=,Isla,34
138=,Kaitlin,34
138=,Michaela,34
138=,Paula,34
146=,Deborah,33
146=,Julia,33
146=,Katrina,33
146=,Mary,33
150,Grace,32
151=,Christine,31
151=,Kara,31
151=,Linzi,31
151=,Lorna,31
151=,Meghan,31
151=,Suzanne,31
157=,Connie,30
157=,Melanie,30
157=,Niamh,30
157=,Rhona,30
157=,Shannen,30
162=,Ciara,29
162=,Eve,29
162=,Kim,29
162=,Rosie,29
166=,Frances,28
166=,Georgina,28
166=,Vanessa,28
169=,Becky,27
169=,Pamela,27
169=,Shelby,27
169=,Tamara,27
173=,Amie,26
173=,Carrie,26
175=,Charlene,25
175=,Colette,25
175=,Gabrielle,25
175=,Jamie,25
175=,Lara,25
175=,Morven,25
175=,Sally,25
175=,Shelley,25
175=,Tyler,25
184=,Chelsey,24
184=,Kirstie,24
184=,Zara,24
187=,Dawn,23
187=,Lesley,23
187=,Tanya,23
190=,Colleen,22
190=,Jillian,22
190=,Jordan,22
190=,Lindsey,22
190=,Lois,22
190=,Margaret,22
190=,Nadine,22
190=,Roisin,22
190=,Terri,22
199=,Andrea,21
199=,Bethan,21
199=,Lyndsay,21
199=,Lyndsey,21
203=,Abbey,20
203=,Alex,20
203=,April,20
203=,Francesca,20
203=,Hayleigh,20
203=,Hope,20
203=,Lana,20
203=,Sian,20
211=,Alicia,19
211=,Alix,19
211=,Ellis,19
211=,Eva,19
211=,Freya,19
211=,Jodi,19
211=,Rose,19
211=,Rowan,19
211=,Tiffany,19
220=,Bryony,18
220=,Caitlyn,18
220=,Claudia,18
220=,Donna,18
220=,Monica,18
220=,Tammy,18
220=,Tara,18
227=,Allana,17
227=,Briony,17
227=,Chelsie,17
227=,Clara,17
227=,Dannielle,17
227=,Debbie,17
227=,Jenny,17
227=,Rhianna,17
235=,Alannah,16
235=,Corrie,16
235=,Elaine,16
235=,Emma-Louise,16
235=,Kiera,16
235=,Kristina,16
235=,Lydia,16
235=,Shannan,16
235=,Simone,16
235=,Sinead,16
245=,Aileen,15
245=,Alisha,15
245=,Antonia,15
245=,Dana,15
245=,Elise,15
245=,Jamie-Lee,15
245=,Kerrie,15
245=,Sarah-Jane,15
245=,Skye,15
254=,Aisha,14
254=,Billie,14
254=,Danni,14
254=,Dayna,14
254=,Gail,14
254=,Harriet,14
254=,Keira,14
254=,Leona,14
254=,Lily,14
254=,Sheryl,14
254=,Teri,14
265=,Annabel,13
265=,Anne,13
265=,Elisha,13
265=,Flora,13
265=,Katharine,13
265=,Kayla,13
265=,Lucie,13
265=,Lynsay,13
265=,Marianne,13
265=,Nina,13
265=,Phoebe,13
265=,Poppy,13
265=,Rhianne,13
265=,Rosemary,13
265=,Yasmin,13
280=,Ainslie,12
280=,Amelia,12
280=,Ami,12
280=,Brodie,12
280=,Christy,12
280=,Coral,12
280=,Daisy,12
280=,Imogen,12
280=,India,12
280=,Jayde,12
280=,Jayne,12
280=,Jill,12
280=,Kaitlyn,12
280=,Keri,12
280=,Linda,12
280=,Lynn,12
280=,Marie,12
280=,Rebekka,12
280=,Sheree,12
280=,Stacy,12
280=,Yvonne,12
301=,Annie,11
301=,Charlie,11
301=,Charmaine,11
301=,Daniella,11
301=,Elle,11
301=,Esther,11
301=,Jay,11
301=,Jaye,11
301=,Karla,11
301=,Kendal,11
301=,Louisa,11
301=,Saffron,11
301=,Sarah-Louise,11
301=,Shauni,11
315=,Abbi,10
315=,Ailie,10
315=,Alexandria,10
315=,Allison,10
315=,Alyson,10
315=,Anya,10
315=,Bobbie,10
315=,Charley,10
315=,Collette,10
315=,Dominique,10
315=,Eilish,10
315=,Fern,10
315=,Kayley,10
315=,Kristy,10
315=,Maryam,10
315=,Miriam,10
315=,Nicolle,10
315=,Nikita,10
315=,Roxanne,10
315=,Sophia,10
315=,Tayler,10
315=,Valerie,10
337=,Ailidh,9
337=,Ann,9
337=,Annalise,9
337=,Bronwyn,9
337=,Carmen,9
337=,Casey,9
337=,Cassandra,9
337=,Chiara,9
337=,Darcy,9
337=,Denise,9
337=,Diane,9
337=,Ella,9
337=,Elspeth,9
337=,Evie,9
337=,Haley,9
337=,Josephine,9
337=,Justine,9
337=,Karina,9
337=,Kay,9
337=,Kelsie,9
337=,Laurie,9
337=,Lorraine,9
337=,Madeleine,9
337=,Mandy,9
337=,Mollie,9
337=,Monique,9
337=,Patricia,9
337=,Rachelle,9
337=,Shanice,9
337=,Sharon,9
337=,Shauna,9
337=,Vicki,9
337=,Vicky,9
370=,Alanah,8
370=,Arlene,8
370=,Bianca,8
370=,Bonnie,8
370=,Cassie,8
370=,Cody,8
370=,Corinne,8
370=,Devon,8
370=,Evelyn,8
370=,Gayle,8
370=,Hailey,8
370=,Helena,8
370=,Jasmin,8
370=,Jo-Anne,8
370=,Jody,8
370=,Joy,8
370=,Kennedy,8
370=,Kirsteen,8
370=,Kirstyn,8
370=,Loren,8
370=,Natalia,8
370=,Rhea,8
370=,Ruby,8
370=,Sasha,8
370=,Savannah,8
370=,Susannah,8
370=,Tessa,8
370=,Theresa,8
398=,Amna,7
398=,Amy-Louise,7
398=,Aoife,7
398=,Audrey,7
398=,Ayesha,7
398=,Celine,7
398=,Charli,7
398=,Constance,7
398=,Crystal,7
398=,Dani,7
398=,Deanna,7
398=,Ebony,7
398=,Eden,7
398=,Emma-Jane,7
398=,Erica,7
398=,Gabriella,7
398=,Harley,7
398=,Hilary,7
398=,Holli,7
398=,Iqra,7
398=,Isabel,7
398=,Jaclyn,7
398=,Jamie-Leigh,7
398=,Jordyn,7
398=,Karis,7
398=,Kellie,7
398=,Kristen,7
398=,Larissa,7
398=,Lee,7
398=,Leeanne,7
398=,Lynne,7
398=,Marissa,7
398=,Martha,7
398=,Maxine,7
398=,Morag,7
398=,Pauline,7
398=,Rhiann,7
398=,Rosalind,7
398=,Shaunie,7
398=,Stevie,7
398=,Summer,7
398=,Tamsin,7
440=,Adrienne,6
440=,Alexis,6
440=,Brittany,6
440=,Candice,6
440=,Carina,6
440=,Carley,6
440=,Carlie,6
440=,Carol,6
440=,Carolyn,6
440=,Catrina,6
440=,Chanel,6
440=,Chanelle,6
440=,Cherie,6
440=,Clair,6
440=,Elisa,6
440=,Eloise,6
440=,Erika,6
440=,Eryn,6
440=,Faith,6
440=,Faye,6
440=,Fionnuala,6
440=,Gaynor,6
440=,Georgie,6
440=,Heidi,6
440=,Isabella,6
440=,Jamielee,6
440=,Judith,6
440=,Kendall,6
440=,Kristin,6
440=,Kyla,6
440=,Laura-Ann,6
440=,Leonie,6
440=,Levi,6
440=,Lisa-Marie,6
440=,Mairead,6
440=,Maisie,6
440=,Marion,6
440=,Marisa,6
440=,Maureen,6
440=,Mikaela,6
440=,Nida,6
440=,Rabia,6
440=,Ria,6
440=,Rochelle,6
440=,Roslyn,6
440=,Sabrina,6
440=,Sandie,6
440=,Seonaid,6
440=,Shereen,6
440=,Sheridan,6
440=,Stefanie,6
440=,Tammi,6
440=,Veronica,6
493=,Ainsleigh,5
493=,Aisling,5
493=,Alia,5
493=,Alisa,5
493=,Anisah,5
493=,Arianne,5
493=,Bernadette,5
493=,Beverley,5
493=,Bronagh,5
493=,Callie,5
493=,Ceri,5
493=,Codie,5
493=,Corey,5
493=,Courteney,5
493=,Debra,5
493=,Fatima,5
493=,Hanna,5
493=,Isabelle,5
493=,Ishbel,5
493=,Jocelyn,5
493=,Johanna,5
493=,Karly,5
493=,Karyn,5
493=,Kaya,5
493=,Kendra,5
493=,Kira,5
493=,Kristie,5
493=,Leighanne,5
493=,Leila,5
493=,Linsey,5
493=,Madelaine,5
493=,Madeline,5
493=,Maegan,5
493=,Marnie,5
493=,Meg,5
493=,Nichola,5
493=,Nichole,5
493=,Penny,5
493=,Rae,5
493=,Rhiain,5
493=,Sacha,5
493=,Sadia,5
493=,Sana,5
493=,Sharlene,5
493=,Sonia,5
493=,Staci,5
493=,Tabitha,5
493=,Tasmin,5
493=,Vivienne,5
493=,Wendy,5
493=,Zahra,5
493=,Zainab,5
545=,Ailish,4
545=,Aimie,4
545=,Aleisha,4
545=,Aliesha,4
545=,Allanah,4
545=,Alysha,4
545=,Angharad,4
545=,Anita,4
545=,Annabelle,4
545=,Anne-Marie,4
545=,Aqsa,4
545=,Astrid,4
545=,Atlanta,4
545=,Ava,4
545=,Avril,4
545=,Barbara,4
545=,Blythe,4
545=,Brenna,4
545=,Caley,4
545=,Camilla,4
545=,Carli,4
545=,Carolanne,4
545=,Carron,4
545=,Caryn,4
545=,Ceara,4
545=,Ceilidh,4
545=,Cerys,4
545=,Clarissa,4
545=,Courtnay,4
545=,Demi-Louise,4
545=,Diana,4
545=,Dianne,4
545=,Dion,4
545=,Dione,4
545=,Eileen,4
545=,Elaina,4
545=,Ellice,4
545=,Enya,4
545=,Errin,4
545=,Evan,4
545=,Finlay,4
545=,Francine,4
545=,Genevieve,4
545=,Geraldine,4
545=,Gina,4
545=,Gwen,4
545=,Islay,4
545=,Jackie,4
545=,Jaime,4
545=,Janet,4
545=,Janna,4
545=,Jean,4
545=,Jessie,4
545=,Jo,4
545=,Jordanne,4
545=,June,4
545=,Kali,4
545=,Kaylee,4
545=,Kerryn,4
545=,Kiran,4
545=,Kristi,4
545=,Lacey,4
545=,Leanna,4
545=,Leeann,4
545=,Lianne,4
545=,Lucinda,4
545=,Lyn,4
545=,Mackenzie,4
545=,Madison,4
545=,Mariam,4
545=,Maryann,4
545=,Maya,4
545=,Meagan,4
545=,Mhari,4
545=,Mia,4
545=,Miranda,4
545=,Rebeka,4
545=,Roseanne,4
545=,Sammi-Jo,4
545=,Sammy,4
545=,Sarah-Ann,4
545=,Sarah-Jayne,4
545=,Saskia,4
545=,Shaunagh,4
545=,Shonagh,4
545=,Sorcha,4
545=,Sylvia,4
545=,Tegan,4
545=,Tracey,4
545=,Vikki,4
545=,Vivien,4
545=,Wai,4
545=,Whitney,4
545=,Yasmine,4
639=,Ailis,3
639=,Aine,3
639=,Ali,3
639=,Aliya,3
639=,Allyson,3
639=,Alyssa,3
639=,Amiee,3
639=,Amina,3
639=,Amye,3
639=,Anastasia,3
639=,Angelina,3
639=,Anmol,3
639=,Annmarie,3
639=,Ariana,3
639=,Asma,3
639=,Autumn,3
639=,Ayla,3
639=,Aynsley,3
639=,Bernice,3
639=,Bethanie,3
639=,Blair,3
639=,Broghan,3
639=,Camille,3
639=,Caragh,3
639=,Carlene,3
639=,Carlyn,3
639=,Carol-Anne,3
639=,Carolann,3
639=,Caron,3
639=,Carys,3
639=,Chantell,3
639=,Charelle,3
639=,Charis,3
639=,Charly,3
639=,Cherise,3
639=,Cicely,3
639=,Claire-Louise,3
639=,Clodagh,3
639=,Codey,3
639=,Cora,3
639=,Corrine,3
639=,Cree,3
639=,Daena,3
639=,Dara,3
639=,Darryl,3
639=,Demi-Leigh,3
639=,Demmi,3
639=,Devin,3
639=,Drew,3
639=,Elena,3
639=,Elinor,3
639=,Elisabeth,3
639=,Elly,3
639=,Ellyn,3
639=,Esme,3
639=,Fallon,3
639=,Florence,3
639=,Hana,3
639=,Hoi,3
639=,Ikra,3
639=,Ilana,3
639=,Iman,3
639=,Irum,3
639=,Isra,3
639=,Jacqui,3
639=,Jadene,3
639=,Jan,3
639=,Janey,3
639=,Jayden,3
639=,Jaydene,3
639=,Jenni,3
639=,Julie-Anne,3
639=,Juliet,3
639=,Juliette,3
639=,Karin,3
639=,Karlie,3
639=,Katelyn,3
639=,Kathrine,3
639=,Katriona,3
639=,Kealy,3
639=,Keirra,3
639=,Kellyann,3
639=,Kelsay,3
639=,Kelsea,3
639=,Kelsi,3
639=,Kenzie,3
639=,Keziah,3
639=,Layla,3
639=,Lee-Ann,3
639=,Linsay,3
639=,Lorena,3
639=,Lorien,3
639=,Luisa,3
639=,Lynette,3
639=,Maeve,3
639=,Marie-Claire,3
639=,Marina,3
639=,Martine,3
639=,Mary-Anne,3
639=,Matilda,3
639=,Meaghan,3
639=,Meggan,3
639=,Michaella,3
639=,Misha,3
639=,Nathalie,3
639=,Nia,3
639=,Nikkita,3
639=,Niomi,3
639=,Perri,3
639=,Philippa,3
639=,Polly,3
639=,Priya,3
639=,Rhian,3
639=,Rio,3
639=,Rona,3
639=,Roni,3
639=,Rosalie,3
639=,Rosanna,3
639=,Roseanna,3
639=,Rowena,3
639=,Sadie,3
639=,Samantha-Jane,3
639=,Sanah,3
639=,Sandi,3
639=,Sangeeta,3
639=,Sarra,3
639=,Selina,3
639=,Shanna,3
639=,Shanon,3
639=,Sheena,3
639=,Shirley,3
639=,Sophie-Louise,3
639=,Stacie,3
639=,Tamsyn,3
639=,Tracy,3
639=,Vaila,3
639=,Willow,3
639=,Zarah,3
639=,Zoey,3
778=,Abigayle,2
778=,Adelle,2
778=,Adriana,2
778=,Aime,2
778=,Aishah,2
778=,Aislinn,2
778=,Alaa,2
778=,Aleasha,2
778=,Alessandra,2
778=,Alexa,2
778=,Alexsandra,2
778=,Alicea,2
778=,Alissa,2
778=,Allena,2
778=,Amarpreet,2
778=,Ami-Leigh,2
778=,Aminah,2
778=,Ammarah,2
778=,Amy-Lee,2
778=,Anisa,2
778=,Anjali,2
778=,Ann-Marie,2
778=,Anna-Maria,2
778=,Annalisa,2
778=,Annemarie,2
778=,Arran,2
778=,Ashlie,2
778=,Ashton,2
778=,Asli,2
778=,Ayleigh,2
778=,Aysha,2
778=,Bailey,2
778=,Beckie,2
778=,Billie-Jean,2
778=,Billie-Jo,2
778=,Brenda,2
778=,Bridget,2
778=,Bushra,2
778=,Cailin,2
778=,Caoimhe,2
778=,Carey,2
778=,Cari,2
778=,Carole,2
778=,Carrianne,2
778=,Carson,2
778=,Casie,2
778=,Cecily,2
778=,Celeste,2
778=,Celia,2
778=,Chantel,2
778=,Charlee,2
778=,Charmain,2
778=,Chelcie,2
778=,Chelsi,2
778=,Cherelle,2
778=,Cheri,2
778=,Cherry,2
778=,Cheyanne,2
778=,Chloe-Louise,2
778=,Ciorstaidh,2
778=,Claire-Marie,2
778=,Clementine,2
778=,Cliona,2
778=,Coleen,2
778=,Corran,2
778=,Corrin,2
778=,Corrina,2
778=,Courtenay,2
778=,Daina,2
778=,Dale,2
778=,Dania,2
778=,Daniel,2
778=,Daniela,2
778=,Danna,2
778=,Dannika,2
778=,Darci,2
778=,Darian,2
778=,Daryl,2
778=,Demi-Lee,2
778=,Deni,2
778=,Derry,2
778=,Derya,2
778=,Devyn,2
778=,Domenica,2
778=,Donna-Marie,2
778=,Dorothy,2
778=,Edan,2
778=,Edith,2
778=,Eireann,2
778=,Eithne,2
778=,Elin,2
778=,Elina,2
778=,Elishia,2
778=,Elli,2
778=,Ellouise,2
778=,Emilie,2
778=,Emily-Anne,2
778=,Emma-Lee,2
778=,Erinn,2
778=,Esmee,2
778=,Euphemia,2
778=,Faizah,2
778=,Farrah,2
778=,Farrell,2
778=,Fay,2
778=,Ferne,2
778=,Franki,2
778=,Fyonna,2
778=,Haleigh,2
778=,Halla,2
778=,Harleigh,2
778=,Harpreet,2
778=,Haylie,2
778=,Hiba,2
778=,Hifsa,2
778=,Hira,2
778=,Humera,2
778=,Iesha,2
778=,Ilona,2
778=,Indiana,2
778=,Indigo,2
778=,Innes,2
778=,Isobel,2
778=,Ivana,2
778=,Jacklyn,2
778=,Jaimie,2
778=,Jana,2
778=,Janice,2
778=,Janine,2
778=,Janis,2
778=,Jaymee,2
778=,Jeanette,2
778=,Jeanne,2
778=,Jena,2
778=,Jennie,2
778=,Jilly,2
778=,Joe-Anna,2
778=,Johan,2
778=,Jolene,2
778=,Jordane,2
778=,Jordanna,2
778=,Josie,2
778=,Juliana,2
778=,Kacy,2
778=,Kaireen,2
778=,Kaleigh,2
778=,Kari,2
778=,Karleen,2
778=,Karra,2
778=,Karri,2
778=,Karrie,2
778=,Kasia,2
778=,Katelynn,2
778=,Katelynne,2
778=,Katie-Louise,2
778=,Katrin,2
778=,Kaylay,2
778=,Kayleigh-Anne,2
778=,Keara,2
778=,Keeley,2
778=,Kelley,2
778=,Kenedi,2
778=,Kerrianne,2
778=,Kerrie-Anne,2
778=,Kerris,2
778=,Kerry-Anne,2
778=,Keryn,2
778=,Khadijah,2
778=,Khloe,2
778=,Kiah,2
778=,Kirsty-Leigh,2
778=,Kitty,2
778=,Krystyna,2
778=,Kyra,2
778=,Laken,2
778=,Larisa,2
778=,Laura-Jane,2
778=,Lauran,2
778=,Laurin,2
778=,Leane,2
778=,Leann,2
778=,Lee-Anne,2
778=,Leesa,2
778=,Leigh-Ann,2
778=,Leoni,2
778=,Leonna,2
778=,Lesleyanne,2
778=,Lia,2
778=,Liana,2
778=,Libby,2
778=,Liberty,2
778=,Lindy,2
778=,Lisamarie,2
778=,Liza,2
778=,Lora,2
778=,Lorne,2
778=,Luci,2
778=,Lucia,2
778=,Lynda,2
778=,Maddison,2
778=,Madiha,2
778=,Magan,2
778=,Mahri,2
778=,Mandeep,2
778=,Mandi,2
778=,Mari,2
778=,Mariann,2
778=,Marilyn,2
778=,Mariya,2
778=,Marriyah,2
778=,Maryanne,2
778=,Marysia,2
778=,Maud,2
778=,Maxi,2
778=,Meghann,2
778=,Mellisa,2
778=,Melody,2
778=,Mena,2
778=,Merran,2
778=,Millie,2
778=,Morgen,2
778=,Morna,2
778=,Moya,2
778=,Naila,2
778=,Nancy,2
778=,Natalya,2
778=,Necole,2
778=,Neelam,2
778=,Nikola,2
778=,Nirvana,2
778=,Nisa,2
778=,Nuala,2
778=,Oonagh,2
778=,Oriana,2
778=,Paris,2
778=,Pearl,2
778=,Penelope,2
778=,Piper,2
778=,Purdey,2
778=,Raechel,2
778=,Raegan,2
778=,Rana,2
778=,Rebbecca,2
778=,Rebecka,2
778=,Rebekha,2
778=,Rhia,2
778=,Ricki,2
778=,Robynn,2
778=,Rohanne,2
778=,Ronny,2
778=,Rosa,2
778=,Rosanne,2
778=,Roselyn,2
778=,Rosslyn,2
778=,Rowanne,2
778=,Rubina,2
778=,Rudi,2
778=,Rukhsar,2
778=,Sabah,2
778=,Sabine,2
778=,Saira,2
778=,Sam,2
778=,Samantha-Jayne,2
778=,Samara,2
778=,Sammi,2
778=,Saniya,2
778=,Sarah-Anne,2
778=,Sarahjane,2
778=,Sehar,2
778=,Selena,2
778=,Seonaidh,2
778=,Serena,2
778=,Severine,2
778=,Shana,2
778=,Shannice,2
778=,Shannon-Lee,2
778=,Shantel,2
778=,Shara,2
778=,Shauney,2
778=,Shawna,2
778=,Shawny,2
778=,Shelagh,2
778=,Shelbie,2
778=,Shelly,2
778=,Sheona,2
778=,Shirelle,2
778=,Sidrah,2
778=,Sofia,2
778=,Sofie,2
778=,Sonya,2
778=,Steffanie,2
778=,Steffi,2
778=,Stella,2
778=,Storm,2
778=,Suman,2
778=,Suzanna,2
778=,Syeda,2
778=,Taelor,2
778=,Talia,2
778=,Tami,2
778=,Tammie,2
778=,Tania,2
778=,Tanith,2
778=,Taryn,2
778=,Tasneem,2
778=,Taylor-Louise,2
778=,Tess,2
778=,Thea,2
778=,Tia,2
778=,Tiana,2
778=,Tiffini,2
778=,Tiffney,2
778=,Toni-Lee,2
778=,Trisha,2
778=,Tylar,2
778=,Ursula,2
778=,Vhairi,2
778=,Vhari,2
778=,Winifred,2
778=,Winnie,2
778=,Yolanda,2
778=,Yvette,2
778=,Zahraa,2
1101=,Aamina,1
1101=,Aaminah,1
1101=,Aamnah,1
1101=,Aaryn,1
1101=,Abagail,1
1101=,Abbimarie,1
1101=,Abbylee,1
1101=,Abi,1
1101=,Abiegail,1
1101=,Abigael,1
1101=,Abshiro,1
1101=,Aby,1
1101=,Acoya,1
1101=,Adel,1
1101=,Adella,1
1101=,Adrianna,1
1101=,Aemilia,1
1101=,Affia,1
1101=,Afia,1
1101=,Afraa,1
1101=,Afton,1
1101=,Aga,1
1101=,Agnes,1
1101=,Aibhilin,1
1101=,Aicha,1
1101=,Aida,1
1101=,Aieyesha,1
1101=,Ailee,1
1101=,Aileigh,1
1101=,Aillie,1
1101=,Ailsah,1
1101=,Aimee-Jo,1
1101=,Aimi,1
1101=,Aimsley,1
1101=,Ainne,1
1101=,Airley,1
1101=,Aki,1
1101=,Akiera,1
1101=,Akram,1
1101=,Aksa,1
1101=,Ala'a,1
1101=,Alahna,1
1101=,Aldra,1
1101=,Aleena,1
1101=,Aleesha,1
1101=,Aleighsha,1
1101=,Alessia,1
1101=,Alethea,1
1101=,Alex'e,1
1101=,Alexanderina,1
1101=,Alexina,1
1101=,Alica,1
1101=,Alishah,1
1101=,Alishia,1
1101=,Alixs,1
1101=,Alla,1
1101=,Allanna,1
1101=,Allie-Marie,1
1101=,Allis,1
1101=,Allwyn,1
1101=,Allysha,1
1101=,Allyx,1
1101=,Alveena,1
1101=,Alys,1
1101=,Alyshea,1
1101=,Alysia,1
1101=,Alyssia,1
1101=,Amalia,1
1101=,Amalie,1
1101=,Amanda-Jane,1
1101=,Amani,1
1101=,Amanpret,1
1101=,Amardeep,1
1101=,Amber-Anne,1
1101=,Amber-Lee,1
1101=,Amber-Leigh,1
1101=,Amber-Louise,1
1101=,Amber-Marie,1
1101=,Amber-Rose,1
1101=,Amberly,1
1101=,Ambreen,1
1101=,Ameenah,1
1101=,Ameirh,1
1101=,Amena,1
1101=,Ami-Jayne,1
1101=,Amia,1
1101=,Amie-Sol,1
1101=,Aml,1
1101=,Ammaarah,1
1101=,Ammandeep,1
1101=,Ammie,1
1101=,Amonda,1
1101=,Amra,1
1101=,Amy-Beth,1
1101=,Amy-Lauren,1
1101=,Amy-Marie,1
1101=,Anabelle,1
1101=,Analise,1
1101=,Andaleeb,1
1101=,Andi,1
1101=,Andie,1
1101=,Andreanna,1
1101=,Aneeka,1
1101=,Aneela,1
1101=,Aneeqa,1
1101=,Aneesa,1
1101=,Aneesah,1
1101=,Aneesha,1
1101=,Aneka,1
1101=,Anemay,1
1101=,Angel,1
1101=,Angelean,1
1101=,Angeline,1
1101=,Anishka,1
1101=,Anissa,1
1101=,Anja,1
1101=,Anjlee,1
1101=,Anna-Louise,1
1101=,Anna-Siobhan,1
1101=,Annabell,1
1101=,Annah,1
1101=,Annamaria,1
1101=,Annastassia,1
1101=,Anneka,1
1101=,Annis,1
1101=,Annishah,1
1101=,Annmaree,1
1101=,Annsa,1
1101=,Annum,1
1101=,Annyah,1
1101=,Anona,1
1101=,Anouska,1
1101=,Ansley,1
1101=,Anthea,1
1101=,Antoinette,1
1101=,Anzala,1
1101=,Aqeela,1
1101=,Arabella,1
1101=,Aran,1
1101=,Arden,1
1101=,Argyle,1
1101=,Argyll,1
1101=,Aria,1
1101=,Arianah,1
1101=,Ariane,1
1101=,Arianna,1
1101=,Aries,1
1101=,Arifah,1
1101=,Arigh,1
1101=,Arin,1
1101=,Arlena,1
1101=,Armani,1
1101=,Armeet,1
1101=,Arooj,1
1101=,Arubah,1
1101=,Arvilla,1
1101=,Asfia,1
1101=,Asha,1
1101=,Ashlea,1
1101=,Ashleen,1
1101=,Ashleigh-Jane,1
1101=,Ashleighe,1
1101=,Ashlinn,1
1101=,Ashlyn,1
1101=,Ashlyne,1
1101=,Ashlynn,1
1101=,Ashlynne,1
1101=,Asia,1
1101=,Aslihan,1
1101=,Aspen,1
1101=,Assira,1
1101=,Aston,1
1101=,Astrud,1
1101=,Astyn,1
1101=,Atiqa,1
1101=,Atya,1
1101=,Aurora,1
1101=,Aya,1
1101=,Ayeisha,1
1101=,Ayia,1
1101=,Aylesha,1
1101=,Aylie,1
1101=,Aylish,1
1101=,Aymie,1
1101=,Aymie-Ann,1
1101=,Aynslie,1
1101=,Ayse,1
1101=,Ayshah,1
1101=,Azha,1
1101=,Azra,1
1101=,Bailie,1
1101=,Baillie,1
1101=,Barbara-Ann,1
1101=,Basak,1
1101=,Beathan,1
1101=,Beatrice,1
1101=,Becca,1
1101=,Beccie,1
1101=,Belinda-Marie,1
1101=,Bethanay,1
1101=,Bethane,1
1101=,Bethaney,1
1101=,Bethannay,1
1101=,Betsy,1
1101=,Bianca-Louise,1
1101=,Billie-Jane,1
1101=,Billiejean,1
1101=,Billy-Jo,1
1101=,Birta,1
1101=,Bismah,1
1101=,Blaire,1
1101=,Blaize,1
1101=,Blayne,1
1101=,Blayre,1
1101=,Bobbi,1
1101=,Bobbie-Lee,1
1101=,Bonnie-Marie,1
1101=,Bonny,1
1101=,Boonyarak,1
1101=,Boroka,1
1101=,Boston,1
1101=,Braxton,1
1101=,Breagh,1
1101=,Breanna,1
1101=,Brendalee,1
1101=,Briagh,1
1101=,Briana,1
1101=,Brianna,1
1101=,Briege,1
1101=,Brighid,1
1101=,Brihanne,1
1101=,Brioney,1
1101=,Brioni,1
1101=,Britt,1
1101=,Brodi,1
1101=,Brody,1
1101=,Brogan-Kitty,1
1101=,Brogan-Taylor,1
1101=,Bronte,1
1101=,Brontey,1
1101=,Bronwen,1
1101=,Brookeashley,1
1101=,Brooklyn,1
1101=,Burcu,1
1101=,Caera,1
1101=,Caileigh,1
1101=,Caillie,1
1101=,Caira,1
1101=,Caireen,1
1101=,Cairinne,1
1101=,Cairnie,1
1101=,Cait,1
1101=,Caitilin,1
1101=,Caitlain,1
1101=,Caitlan,1
1101=,Caitlen,1
1101=,Caitlhan,1
1101=,Caitlind,1
1101=,Caitlynn,1
1101=,Caledonia,1
1101=,Caleigh,1
1101=,Cali,1
1101=,Callan,1
1101=,Calli,1
1101=,Camelia,1
1101=,Camryn,1
1101=,Candace,1
1101=,Caprice,1
1101=,Cara-Louise,1
1101=,Caralyn,1
1101=,Carean,1
1101=,Carianne,1
1101=,Carin,1
1101=,Caris,1
1101=,Carise,1
1101=,Cariss,1
1101=,Carisse,1
1101=,Carle,1
1101=,Carleen,1
1101=,Carly-Jane,1
1101=,Carmela,1
1101=,Carol-Ann,1
1101=,Carolina,1
1101=,Carolynne,1
1101=,Caronann,1
1101=,Carrie-Ann,1
1101=,Carrie-Anne,1
1101=,Carrone,1
1101=,Casey-Louise,1
1101=,Cassay,1
1101=,Casseia,1
1101=,Cassi,1
1101=,Cassia,1
1101=,Cassiopeia,1
1101=,Cassy,1
1101=,Catelyn,1
1101=,Cathaleen,1
1101=,Catherin,1
1101=,Catherine-Anne,1
1101=,Catheryn,1
1101=,Cathleen,1
1101=,Cathryn,1
1101=,Cathrynn,1
1101=,Catrine,1
1101=,Catya,1
1101=,Caylee,1
1101=,Cayleigh,1
1101=,Cayrn,1
1101=,Caysie,1
1101=,Cecilia,1
1101=,Ceira,1
1101=,Ceit,1
1101=,Ceitlin,1
1101=,Celda,1
1101=,Celena,1
1101=,Celina,1
1101=,Celtia,1
1101=,Ceri-Anne,1
1101=,Cersty,1
1101=,Chahinez,1
1101=,Chana,1
1101=,Chanaise,1
1101=,Chaniece,1
1101=,Chanise,1
1101=,Chanley,1
1101=,Channen,1
1101=,Channon,1
1101=,Chanttelle,1
1101=,Charesse,1
1101=,Chariese,1
1101=,Charity,1
1101=,Charlaine,1
1101=,Charleigh,1
1101=,Charlly,1
1101=,Charlotte-Ann,1
1101=,Charlotte-Anne,1
1101=,Charlynne,1
1101=,Charmagne,1
1101=,Charmayne,1
1101=,Chavon,1
1101=,Chavonne,1
1101=,Chearlich,1
1101=,Chehana,1
1101=,Chelbie,1
1101=,Chelciann,1
1101=,Chellby,1
1101=,Chelle-Jane,1
1101=,Chellsea,1
1101=,Chelsae,1
1101=,Chelsea-Ann,1
1101=,Chelsea-Anne,1
1101=,Chelseamay,1
1101=,Chelsee,1
1101=,Cher-Rae,1
1101=,Chereen,1
1101=,Cherlyn,1
1101=,Chermaine,1
1101=,Cherri,1
1101=,Cherrie,1
1101=,Cherylann,1
1101=,Chevonne,1
1101=,Cheyenne-Marie,1
1101=,Ching,1
1101=,Chishimba,1
1101=,Chivonne,1
1101=,Chloe-Anne,1
1101=,Chloe-Emma,1
1101=,Chloe-Rebecca,1
1101=,Chloey,1
1101=,Chloie,1
1101=,Chongo,1
1101=,Christabel,1
1101=,Christella,1
1101=,Christen,1
1101=,Christey,1
1101=,Christian,1
1101=,Christy-Jo,1
1101=,Christyanna,1
1101=,Chyrsten,1
1101=,Ciana,1
1101=,Ciara-Rua,1
1101=,Ciera,1
1101=,Cieren,1
1101=,Ciorsdan,1
1101=,Clari,1
1101=,Clarise,1
1101=,Claudea,1
1101=,Cleo,1
1101=,Cloe,1
1101=,Cloudia,1
1101=,Cody-Ann,1
1101=,Coire,1
1101=,Coni,1
1101=,Conichia,1
1101=,Connie-Lee,1
1101=,Connor,1
1101=,Cora-Louise,1
1101=,Corah,1
1101=,Coral-Elizabeth,1
1101=,Coralie,1
1101=,Coreen,1
1101=,Corin,1
1101=,Corinna,1
1101=,Corra-Leigh,1
1101=,Correigh,1
1101=,Corri,1
1101=,Corrie-Beth,1
1101=,Corry,1
1101=,Corryn,1
1101=,Corryna,1
1101=,Corryne,1
1101=,Cory,1
1101=,Courtney-Jane,1
1101=,Courtni,1
1101=,Cressida,1
1101=,Cristiana,1
1101=,Cristina,1
1101=,Crysta,1
1101=,Cyan,1
1101=,Cynthia,1
1101=,Daisey,1
1101=,Dakota,1
1101=,Dalenna,1
1101=,Dalia,1
1101=,Danah,1
1101=,Danella,1
1101=,Danelle,1
1101=,Dani-Rose,1
1101=,Danica,1
1101=,Danielle-Louise,1
1101=,Danika,1
1101=,Danna-Lee,1
1101=,Danni-Louise,1
1101=,Dannica,1
1101=,Danniella,1
1101=,Danya,1
1101=,Dara-Louise,1
1101=,Darcey,1
1101=,Darcie,1
1101=,Darelle,1
1101=,Darianne,1
1101=,Dariene,1
1101=,Darion,1
1101=,Darlene,1
1101=,Darragh,1
1101=,Darriane,1
1101=,Deaven,1
1101=,Debby,1
1101=,Debi,1
1101=,Debrakay,1
1101=,Dee,1
1101=,Deenna,1
1101=,Deirdre,1
1101=,Delara,1
1101=,Della,1
1101=,Delphine,1
1101=,Demelza,1
1101=,Demi-Anne,1
1101=,Demi-Marie,1
1101=,Demie,1
1101=,Demilee,1
1101=,Demilynn,1
1101=,Demmie,1
1101=,Dena,1
1101=,Deneka,1
1101=,Deniz,1
1101=,Dennen,1
1101=,Dennie,1
1101=,Deon,1
1101=,Derri-Jayne,1
1101=,Derryn,1
1101=,Deryn,1
1101=,Desiree,1
1101=,Destiny,1
1101=,Devamsha,1
1101=,Devonne,1
1101=,Dewi,1
1101=,Dexi-Lee,1
1101=,Dexy,1
1101=,Dhani,1
1101=,Dhileas,1
1101=,Dilara,1
1101=,Dima,1
1101=,Dionne-Leigh,1
1101=,Donna-Louise,1
1101=,Dulcie,1
1101=,Dvorah,1
1101=,Eabha,1
1101=,Eaden,1
1101=,Eadie,1
1101=,Ebba,1
1101=,Ebonnie,1
1101=,Eda,1
1101=,Ehlana,1
1101=,Eilaish,1
1101=,Eilean,1
1101=,Eileidh,1
1101=,Eilis,1
1101=,Eilisha,1
1101=,Eillidh,1
1101=,Eillish,1
1101=,Einas,1
1101=,Eiren,1
1101=,Eishel,1
1101=,Ekjot,1
1101=,Elaf,1
1101=,Elaine-Maree,1
1101=,Elana,1
1101=,Elayne,1
1101=,Eleanore,1
1101=,Electra,1
1101=,Eleisha,1
1101=,Elen,1
1101=,Eleze,1
1101=,Elham,1
1101=,Elishaba,1
1101=,Eliss,1
1101=,Eliza,1
1101=,Elizabeth-Ann,1
1101=,Elizabethanne,1
1101=,Elke,1
1101=,Ellana,1
1101=,Ellese,1
1101=,Ellesse,1
1101=,Elleyse,1
1101=,Ellie-Ann,1
1101=,Ellie-May,1
1101=,Ellinor,1
1101=,Elliot,1
1101=,Ellisha,1
1101=,Ellyce,1
1101=,Ellyse,1
1101=,Elma,1
1101=,Elsbeth,1
1101=,Elyse,1
1101=,Elysee,1
1101=,Elysha,1
1101=,Emarose,1
1101=,Emel,1
1101=,Emer,1
1101=,Emilee,1
1101=,Emili,1
1101=,Emilyjane,1
1101=,Emma-Jay,1
1101=,Emma-Jayne,1
1101=,Emma-Leigh,1
1101=,Emma-Lykke,1
1101=,Emma-Marie,1
1101=,Emmelene,1
1101=,Emmelie,1
1101=,Emmy,1
1101=,Ennae,1
1101=,Eran,1
1101=,Eren,1
1101=,Erin-Jayne,1
1101=,Erin-Louise,1
1101=,Erin-Marie,1
1101=,Erinne,1
1101=,Erinni,1
1101=,Erryn,1
1101=,Eryane,1
1101=,Esra,1
1101=,Estelle,1
1101=,Evana,1
1101=,Evangeline,1
1101=,Eve-Anne,1
1101=,Everial,1
1101=,Evlyn,1
1101=,Fabianne,1
1101=,Faemma,1
1101=,Faheema,1
1101=,Fahmida,1
1101=,Faiza,1
1101=,Fann,1
1101=,Farah,1
1101=,Farhana,1
1101=,Farihah,1
1101=,Farran,1
1101=,Farri,1
1101=,Farvah,1
1101=,Fatema-Zahra,1
1101=,Fauve,1
1101=,Fawn,1
1101=,Fazeelath,1
1101=,Fearn,1
1101=,Feryn,1
1101=,Feuna,1
1101=,Fheirn,1
1101=,Fia,1
1101=,Fiaza,1
1101=,Fidra,1
1101=,Filomena,1
1101=,Finuala,1
1101=,Fiona-Margaret,1
1101=,Fionn,1
1101=,Fionnula,1
1101=,Fizza,1
1101=,Flor,1
1101=,Florianne,1
1101=,Floridh,1
1101=,Forest,1
1101=,Freyja,1
1101=,Funmilayo,1
1101=,Fyona,1
1101=,Gabriel,1
1101=,Gabriele,1
1101=,Gael,1
1101=,Gaenor,1
1101=,Gar,1
1101=,Gayl,1
1101=,Gayla,1
1101=,Gayner,1
1101=,Geetika,1
1101=,Gemma-Louise,1
1101=,Gemma-Marie,1
1101=,Genna,1
1101=,Gennifer,1
1101=,Georgi,1
1101=,Georgiana,1
1101=,Georgina-Lesley,1
1101=,Ghada,1
1101=,Ghenna,1
1101=,Ghulam,1
1101=,Gi,1
1101=,Gilda,1
1101=,Giorgia,1
1101=,Giovanna,1
1101=,Giulia,1
1101=,Giuliana,1
1101=,Gloria,1
1101=,Gracie,1
1101=,Grainne,1
1101=,Grazyna,1
1101=,Greer,1
1101=,Greta,1
1101=,Grete,1
1101=,Gurjeet,1
1101=,Gurpreet,1
1101=,Gurujoth,1
1101=,Gwen-Louise,1
1101=,Haadyia,1
1101=,Haajrah,1
1101=,Haarisah,1
1101=,Hadia,1
1101=,Haidee,1
1101=,Hailiegh,1
1101=,Hailley,1
1101=,Haillie,1
1101=,Hajra,1
1101=,Hajrah,1
1101=,Hala,1
1101=,Halima,1
1101=,Halimatu-Sadiya,1
1101=,Halle,1
1101=,Halpawattage,1
1101=,Hamelia,1
1101=,Hanan,1
1101=,Haneen,1
1101=,Hania,1
1101=,Hannah-Louise,1
1101=,Hannah-Marie,1
1101=,Happiness,1
1101=,Hardip,1
1101=,Hareem,1
1101=,Harlay,1
1101=,Harli,1
1101=,Harmony,1
1101=,Harsimran,1
1101=,Harvinder,1
1101=,Hatice,1
1101=,Hawra,1
1101=,Haydn,1
1101=,Hayly,1
1101=,Hayoung,1
1101=,Hdeer,1
1101=,Hebba,1
1101=,Heena,1
1101=,Helanna,1
1101=,Heloise,1
1101=,Henna,1
1101=,Henrietta,1
1101=,Herin,1
1101=,Hermione,1
1101=,Hing,1
1101=,Hirah,1
1101=,Hollie-Anne,1
1101=,Hollie-Louise,1
1101=,Holliegh,1
1101=,Hov,1
1101=,Howe,1
1101=,Huma,1
1101=,Humaira,1
1101=,Husna,1
1101=,Hyunsun,1
1101=,Ianthe,1
1101=,Ida,1
1101=,Ieisha,1
1101=,Iferonke,1
1101=,Igra,1
1101=,Ihram,1
1101=,Ila,1
1101=,Ilesha,1
1101=,Ima,1
1101=,Imelia,1
1101=,Imen,1
1101=,Ina-Rieke,1
1101=,Indea,1
1101=,Indi,1
1101=,India-May,1
1101=,Indianna,1
1101=,Indra,1
1101=,Indya,1
1101=,Inez,1
1101=,Inga,1
1101=,Ingrid,1
1101=,Insaf,1
1101=,Ionagh,1
1101=,Ione,1
1101=,Iqraha,1
1101=,Iram,1
1101=,Irene,1
1101=,Irini,1
1101=,Iris,1
1101=,Iroha,1
1101=,Isha,1
1101=,Isioma,1
1101=,Iyetomiwa,1
1101=,Jaana,1
1101=,Jacaline,1
1101=,Jacinta,1
1101=,Jacquline,1
1101=,Jade-Elise,1
1101=,Jade-Hannagh,1
1101=,Jade-Marie,1
1101=,Jadine,1
1101=,Jahan,1
1101=,Jahura,1
1101=,Jaimee,1
1101=,Jalisha,1
1101=,James,1
1101=,Jamielea,1
1101=,Jamieleigh,1
1101=,Janelle,1
1101=,Janette,1
1101=,Janie,1
1101=,Jaskaren,1
1101=,Jasmaine,1
1101=,Jasmen,1
1101=,Jasper,1
1101=,Jaspreet,1
1101=,Jay-Jay,1
1101=,Jaya,1
1101=,Jayme,1
1101=,Jaymie,1
1101=,Jaymie-Lee,1
1101=,Jayney,1
1101=,Jazmin,1
1101=,Jazmine,1
1101=,Jazz,1
1101=,Jazzmin,1
1101=,Jeanan,1
1101=,Jeanie,1
1101=,Jeanlouise,1
1101=,Jemaima,1
1101=,Jemma-Lee,1
1101=,Jenifer,1
1101=,Jeniffer,1
1101=,Jenna-Lee,1
1101=,Jenna-Marie,1
1101=,Jeri,1
1101=,Jerusha,1
1101=,Jesme,1
1101=,Jess,1
1101=,Jia,1
1101=,Jillanne,1
1101=,Jily,1
1101=,Jo-Ann,1
1101=,Jo-Anna,1
1101=,Jo-Dene,1
1101=,Jo-Marie,1
1101=,Joan,1
1101=,Jocasta,1
1101=,Jocelyne,1
1101=,Jodie-Ann,1
1101=,Jodie-Leigh,1
1101=,Jodielee,1
1101=,Joeanne,1
1101=,Joely,1
1101=,Johann,1
1101=,Johanne,1
1101=,Johara,1
1101=,Johdie,1
1101=,Joni,1
1101=,Joni-Beth,1
1101=,Jordahn,1
1101=,Jordana,1
1101=,Jordann,1
1101=,Jorden,1
1101=,Jorgie,1
1101=,Joscelyn,1
1101=,Josianne,1
1101=,Joud,1
1101=,Joyleen,1
1101=,Ju-Young,1
1101=,Judy,1
1101=,Julie-Ann,1
1101=,Jun,1
1101=,Justeen,1
1101=,Ka,1
1101=,Kacey,1
1101=,Kadie,1
1101=,Kahlie,1
1101=,Kaileigh,1
1101=,Kailey,1
1101=,Kaili-Anne,1
1101=,Kailley,1
1101=,Kairyn,1
1101=,Kaitelyn,1
1101=,Kaitlyn-Anne,1
1101=,Kajol,1
1101=,Kali-Ann,1
1101=,Kaliegh,1
1101=,Kalli,1
1101=,Kar,1
1101=,Karah,1
1101=,Karalan,1
1101=,Karen-Marie,1
1101=,Karensa,1
1101=,Kariann,1
1101=,Karine,1
1101=,Karisha,1
1101=,Karishma,1
1101=,Karlee,1
1101=,Karli,1
1101=,Karling,1
1101=,Karma,1
1101=,Karman,1
1101=,Karmen,1
1101=,Karmin,1
1101=,Karolina,1
1101=,Karolyn,1
1101=,Karris,1
1101=,Karrlyn,1
1101=,Karys,1
1101=,Kasey,1
1101=,Kassey,1
1101=,Kassidi,1
1101=,Katala,1
1101=,Katarina,1
1101=,Kateah,1
1101=,Katelin,1
1101=,Katelyne,1
1101=,Katerena,1
1101=,Katey,1
1101=,Kathlyn,1
1101=,Kathrin-Joy,1
1101=,Katie-Ann,1
1101=,Katie-Ellen,1
1101=,Katiera,1
1101=,Katlyn,1
1101=,Katlynd,1
1101=,Katrien,1
1101=,Katrine,1
1101=,Kaval,1
1101=,Kavneet,1
1101=,Kay-Leigh,1
1101=,Kayleighanne,1
1101=,Kaylie,1
1101=,Kayliegh,1
1101=,Kayliegh-Anne,1
1101=,Kaylin,1
1101=,Kayren,1
1101=,Kayrine,1
1101=,Kayrn,1
1101=,Kayryn,1
1101=,Kaytlin,1
1101=,Keana,1
1101=,Keavagh,1
1101=,Keeleigh,1
1101=,Keenya,1
1101=,Keera,1
1101=,Kegan,1
1101=,Keighley,1
1101=,Keilidh,1
1101=,Kelan,1
1101=,Kelci,1
1101=,Kelcy,1
1101=,Kelee,1
1101=,Kellen,1
1101=,Kelli,1
1101=,Kelli-Marie,1
1101=,Kellie-Nicole,1
1101=,Kellis,1
1101=,Kelly-Ann,1
1101=,Kelly-Anne,1
1101=,Kelly-Maree,1
1101=,Kellyanne,1
1101=,Kellymarie,1
1101=,Kelso,1
1101=,Kendel,1
1101=,Kendell,1
1101=,Kendle,1
1101=,Kenniday,1
1101=,Keren,1
1101=,Keri-Anne,1
1101=,Kerkyra,1
1101=,Kern,1
1101=,Kerri-Ann,1
1101=,Kerriann,1
1101=,Kerrie-Ann,1
1101=,Kerry-Ann,1
1101=,Kerry-Leigh,1
1101=,Kerry-Louise,1
1101=,Kerryann,1
1101=,Kerryanne,1
1101=,Kerryl,1
1101=,Kerrylee,1
1101=,Kerryleigh,1
1101=,Kerstin,1
1101=,Kerstine,1
1101=,Keryne,1
1101=,Keterin,1
1101=,Keth,1
1101=,Keyleigh,1
1101=,Kezia,1
1101=,Khadija,1
1101=,Khadijat,1
1101=,Kheira,1
1101=,Khelsey,1
1101=,Kheryn-Louise,1
1101=,Khizra,1
1101=,Khunsah,1
1101=,Kiarrai,1
1101=,Kiely,1
1101=,Kieren,1
1101=,Kierra,1
1101=,Kimberle,1
1101=,Kimberlee,1
1101=,Kimberleyann,1
1101=,Kimiko,1
1101=,Kinsey,1
1101=,Kiranjeet,1
1101=,Kiri-Louise,1
1101=,Kirin,1
1101=,Kirran,1
1101=,Kirrie,1
1101=,Kirsti,1
1101=,Kirstiann,1
1101=,Kirsty-Lee,1
1101=,Kirsty-Louise,1
1101=,Kirtsen,1
1101=,Kita-Louise,1
1101=,Kiya,1
1101=,Kizzie,1
1101=,Kobire,1
1101=,Kodie,1
1101=,Koemal,1
1101=,Komal,1
1101=,Koni,1
1101=,Kori,1
1101=,Kori-Anne,1
1101=,Korine,1
1101=,Korinne,1
1101=,Koro,1
1101=,Kourtney,1
1101=,Kourtniy,1
1101=,Krishma,1
1101=,Krisia,1
1101=,Kristena,1
1101=,Kristine,1
1101=,Krystal,1
1101=,Krystie,1
1101=,Kubra,1
1101=,Kumval,1
1101=,Kyera,1
1101=,Kylie,1
1101=,Kymm,1
1101=,Kyra-Lea,1
1101=,Kyrena,1
1101=,Kyrie,1
1101=,Kythe,1
1101=,Laina,1
1101=,Laine,1
1101=,Lainey,1
1101=,Lakini,1
1101=,Lani,1
1101=,Lanjia,1
1101=,Lannah,1
1101=,Lao,1
1101=,Lara-Jane,1
1101=,Laraib,1
1101=,Laras,1
1101=,Laren,1
1101=,Larra,1
1101=,Latasha,1
1101=,Laura-Anne,1
1101=,Laura-Ashley,1
1101=,Laure,1
1101=,Laurel,1
1101=,Lauren-Anne,1
1101=,Lauretta,1
1101=,Laurianne,1
1101=,Laurita,1
1101=,Lauryn,1
1101=,Leagsaidh,1
1101=,Leasa,1
1101=,Leasha,1
1101=,Leeanna,1
1101=,Leelah,1
1101=,Leeona,1
1101=,Lei,1
1101=,Leigha,1
1101=,Leighann,1
1101=,Leighanna,1
1101=,Leighona,1
1101=,Leilah,1
1101=,Leisha,1
1101=,Lena,1
1101=,Leo-Rebecca,1
1101=,Lesa,1
1101=,Lesley-Ann,1
1101=,Leslie,1
1101=,Leslieann,1
1101=,Levana,1
1101=,Levis,1
1101=,Lexie,1
1101=,Lexymarie,1
1101=,Leyla,1
1101=,Lilani,1
1101=,Lilian,1
1101=,Lilly,1
1101=,Lim,1
1101=,Lin,1
1101=,Lina,1
1101=,Lindsay-Anne,1
1101=,Linnea,1
1101=,Linsey-Anne,1
1101=,Linzi-Jayne,1
1101=,Lissa,1
1101=,Liza-Marie,1
1101=,Loesje,1
1101=,Logan,1
1101=,Lola,1
1101=,Lonna,1
1101=,Lora-Louise,1
1101=,Loretta-Jane,1
1101=,Lorette,1
1101=,Lori-Ann,1
1101=,Lori-Lee,1
1101=,Lori-Marie,1
1101=,Lorin,1
1101=,Lorina,1
1101=,Lorissa-Maree,1
1101=,Lorn,1
1101=,Lorreann,1
1101=,Lorren,1
1101=,Loryn,1
1101=,Lottie,1
1101=,Lucci,1
1101=,Lucy-Ann,1
1101=,Luke,1
1101=,Lyana,1
1101=,Lynice,1
1101=,Lynnsay,1
1101=,Lynsey-Anne,1
1101=,Lynsie,1
1101=,Lynzi,1
1101=,Lynzie,1
1101=,Maaike,1
1101=,Maaria,1
1101=,Maariyah,1
1101=,Maarya,1
1101=,Macaulee,1
1101=,Machala,1
1101=,Maddieson,1
1101=,Madihah,1
1101=,Maeva,1
1101=,Magdelaine,1
1101=,Maggie,1
1101=,Maha,1
1101=,Maham,1
1101=,Mahdieh,1
1101=,Maheen,1
1101=,Mahim,1
1101=,Mahnoor,1
1101=,Mahreen,1
1101=,Mahronisa,1
1101=,Mahshid,1
1101=,Maia,1
1101=,Maighdlin,1
1101=,Maila,1
1101=,Maili,1
1101=,Maire,1
1101=,Mairhi,1
1101=,Mairi-Louise,1
1101=,Mairiann,1
1101=,Maisy,1
1101=,Majella,1
1101=,Malaika,1
1101=,Maleehah,1
1101=,Mallissa,1
1101=,Man,1
1101=,Manahil,1
1101=,Mandie,1
1101=,Maneesha,1
1101=,Manisha,1
1101=,Manpreet,1
1101=,Maram,1
1101=,Marcee,1
1101=,Marcella,1
1101=,Marcena,1
1101=,Marcia,1
1101=,Mareassa,1
1101=,Mareeha,1
1101=,Mareena,1
1101=,Marei,1
1101=,Maren,1
1101=,Margaret-Anne,1
1101=,Margaret-Marie,1
1101=,Margaretann,1
1101=,Margeaux,1
1101=,Mari-Sa,1
1101=,Maria-Carla,1
1101=,Mariaconcetta,1
1101=,Mariah,1
1101=,Marianna,1
1101=,Marianthi,1
1101=,Marie-Ann,1
1101=,Marihah,1
1101=,Marilees,1
1101=,Mariska,1
1101=,Mariyam,1
1101=,Marjun,1
1101=,Marley,1
1101=,Marli,1
1101=,Marly,1
1101=,Marsaili,1
1101=,Marsha,1
1101=,Martina,1
1101=,Marwa,1
1101=,Mary-Beth,1
1101=,Mary-Luisa,1
1101=,Marybeth,1
1101=,Marycia,1
1101=,Maryhelen,1
1101=,Marylou,1
1101=,Maryth,1
1101=,Maryyam,1
1101=,Mashal,1
1101=,Mason,1
1101=,Maura,1
1101=,Maxime,1
1101=,May,1
1101=,May-Elizabeth,1
1101=,Meabh,1
1101=,Mediha,1
1101=,Megan-Lavinia,1
1101=,Megyn,1
1101=,Mehren,1
1101=,Mehtab,1
1101=,Meleeha,1
1101=,Melisa,1
1101=,Melissa-Alison,1
1101=,Melissa-Ann,1
1101=,Melita,1
1101=,Mellissa,1
1101=,Melodie,1
1101=,Melonie,1
1101=,Menley,1
1101=,Merissa,1
1101=,Merren,1
1101=,Meryn,1
1101=,Mhair,1
1101=,Mhairead,1
1101=,Mhairee,1
1101=,Mhairhi,1
1101=,Mhairi-Therese,1
1101=,Mhairianne,1
1101=,Mharie,1
1101=,Mhoraig,1
1101=,Micaela,1
1101=,Micha,1
1101=,Micheala,1
1101=,Michealla,1
1101=,Mikaella,1
1101=,Mikayla,1
1101=,Mindy,1
1101=,Mirrah,1
1101=,Misato,1
1101=,Misba,1
1101=,Mischa,1
1101=,Mishka,1
1101=,Misty,1
1101=,Moe,1
1101=,Moira,1
1101=,Mojisola,1
1101=,Mona,1
1101=,Moneeza,1
1101=,Moonisah,1
1101=,Moreen,1
1101=,Morgaine,1
1101=,Morrison,1
1101=,Mossie,1
1101=,Moufida,1
1101=,Munira,1
1101=,Munro,1
1101=,Murdag,1
1101=,Muriel,1
1101=,Murron,1
1101=,Mychaela,1
1101=,Myda,1
1101=,Myfanwy,1
1101=,Mykaela,1
1101=,Mykala,1
1101=,Myranda,1
1101=,Naailah,1
1101=,Nabilah,1
1101=,Nadean,1
1101=,Nadeera,1
1101=,Nadelle,1
1101=,Nahida,1
1101=,Naho,1
1101=,Naidene,1
1101=,Naiomi,1
1101=,Najwa,1
1101=,Nakisha,1
1101=,Nandini,1
1101=,Nao,1
1101=,Nargis,1
1101=,Narmeen,1
1101=,Nasuha,1
1101=,Nataleigh,1
1101=,Nataline,1
1101=,Natasha-Anne,1
1101=,Natasha-Leigh,1
1101=,Natashia,1
1101=,Nayab,1
1101=,Nazia,1
1101=,Nazish,1
1101=,Nazreen,1
1101=,Neave,1
1101=,Neillidh,1
1101=,Nella,1
1101=,Neoma,1
1101=,Nerissa,1
1101=,Nessa,1
1101=,Nicci,1
1101=,Nicki,1
1101=,Nickola,1
1101=,Nicky,1
1101=,Nico,1
1101=,Nicole-Jade,1
1101=,Niesha,1
1101=,Nikita-Hedy,1
1101=,Nikitta,1
1101=,Nilah,1
1101=,Nilay,1
1101=,Nimat,1
1101=,Nimet,1
1101=,Nimra,1
1101=,Nitasha,1
1101=,Nivana,1
1101=,Nnenne,1
1101=,Nor,1
1101=,Norika,1
1101=,Noriko,1
1101=,Norliza,1
1101=,Nosha,1
1101=,Noura,1
1101=,Nur,1
1101=,Nuriye,1
1101=,Nurul,1
1101=,Nusaiba,1
1101=,Nyesha,1
1101=,Nykitta,1
1101=,Oceanne,1
1101=,Ockje,1
1101=,Oighrig,1
1101=,Olga,1
1101=,Olive,1
1101=,Orianne,1
1101=,Orlaith,1
1101=,Oyiza,1
1101=,Paddy,1
1101=,Page,1
1101=,Paisley,1
1101=,Pamela-Jane,1
1101=,Pariti,1
1101=,Parvinder,1
1101=,Pascale,1
1101=,Paulina,1
1101=,Payge,1
1101=,Peigi,1
1101=,Petrena,1
1101=,Phayth,1
1101=,Phebe,1
1101=,Phillippa,1
1101=,Philomena,1
1101=,Phoenix,1
1101=,Phyllis,1
1101=,Pierra,1
1101=,Pooja,1
1101=,Prairie,1
1101=,Premilia,1
1101=,Primaljit,1
1101=,Priyanka,1
1101=,Puneet,1
1101=,Puravi,1
1101=,Querida,1
1101=,Rabab,1
1101=,Rabeah,1
1101=,Rabeel,1
1101=,Rabiya,1
1101=,Racheal,1
1101=,Rachel-May,1
1101=,Rachele,1
1101=,Racquel,1
1101=,Racquell,1
1101=,Radha,1
1101=,Rae-Anne,1
1101=,Raeesa,1
1101=,Raeesah,1
1101=,Raegen,1
1101=,Raewyn,1
1101=,Rahime,1
1101=,Rahma,1
1101=,Rahmee,1
1101=,Raina,1
1101=,Raine,1
1101=,Rainne,1
1101=,Raisa,1
1101=,Rajia,1
1101=,Rameeza,1
1101=,Raudhan,1
1101=,Raven,1
1101=,Rawdhah,1
1101=,Ray,1
1101=,Rayahan,1
1101=,Rayanne,1
1101=,Rayner,1
1101=,Rayvon,1
1101=,Reagan,1
1101=,Rebbeka,1
1101=,Rebbekah,1
1101=,Rebeca,1
1101=,Rebecca-Jane,1
1101=,Rebecca-Jayne,1
1101=,Rebekah-Jane,1
1101=,Rebekkah,1
1101=,Ree,1
1101=,Reeba,1
1101=,Reece,1
1101=,Reem,1
1101=,Regan,1
1101=,Reigan,1
1101=,Reika,1
1101=,Reina,1
1101=,Renah,1
1101=,Renatta,1
1101=,Renee,1
1101=,Renie,1
1101=,Reo,1
1101=,Rewa,1
1101=,Rhae,1
1101=,Rhanna,1
1101=,Rheanna,1
1101=,Rheanne,1
1101=,Rhianda,1
1101=,Rhiannan,1
1101=,Rhianon,1
1101=,Rhiona,1
1101=,Rhittika,1
1101=,Rhoda,1
1101=,Rhonwen,1
1101=,Rhonwyn,1
1101=,Rhya,1
1101=,Rhyane,1
1101=,Rhyia,1
1101=,Rianna,1
1101=,Riannan,1
1101=,Riannon,1
1101=,Rida,1
1101=,Rikki,1
1101=,Rikkie,1
1101=,Riley,1
1101=,Riona,1
1101=,Ritu,1
1101=,Rivka,1
1101=,Robab,1
1101=,Robin,1
1101=,Robina,1
1101=,Robynne,1
1101=,Rochene,1
1101=,Rogan,1
1101=,Rohanna,1
1101=,Rohini,1
1101=,Rois,1
1101=,Rokayya,1
1101=,Romany,1
1101=,Romi,1
1101=,Romy,1
1101=,Roos,1
1101=,Rosaline,1
1101=,Rosalynde,1
1101=,Rose-Ada,1
1101=,Rose-Marie,1
1101=,Roselle,1
1101=,Roshann,1
1101=,Roshine,1
1101=,Rosie-Ann,1
1101=,Rosie-Jo,1
1101=,Rosin,1
1101=,Roslyne,1
1101=,Rowane,1
1101=,Rowen,1
1101=,Roxanna,1
1101=,Royan,1
1101=,Rozanne,1
1101=,Rozenn,1
1101=,Ruadhan,1
1101=,Ruathy,1
1101=,Ruba,1
1101=,Rubbab,1
1101=,Rubie,1
1101=,Rujveer,1
1101=,Rukaiya,1
1101=,Ruzena,1
1101=,Rye,1
1101=,Saarah,1
1101=,Saba,1
1101=,Sabella,1
1101=,Sabia,1
1101=,Sabrena,1
1101=,Sadaf,1
1101=,Sadiyah,1
1101=,Safa,1
1101=,Safiyyah,1
1101=,Sahiba,1
1101=,Sahra,1
1101=,Saibah,1
1101=,Saja,1
1101=,Sakina,1
1101=,Salisa,1
1101=,Sally-Ann,1
1101=,Saman,1
1101=,Samantha-Jo,1
1101=,Samantha-May,1
1101=,Samara-Jane,1
1101=,Samarra,1
1101=,Samera,1
1101=,Samhain,1
1101=,Samia,1
1101=,Samina,1
1101=,Samiyah,1
1101=,Sammayah,1
1101=,Sammie,1
1101=,Sammiyah,1
1101=,Sammy-Jo,1
1101=,Samya,1
1101=,Sanaa,1
1101=,Sandhya,1
1101=,Sandra,1
1101=,Sanna,1
1101=,Santina,1
1101=,Saoirse,1
1101=,Sarah-Jade,1
1101=,Sarah-Jo,1
1101=,Sarahlouise,1
1101=,Sare,1
1101=,Sareece,1
1101=,Sari,1
1101=,Saria,1
1101=,Sascha,1
1101=,Sasha-Nicole,1
1101=,Satveer,1
1101=,Savanagh,1
1101=,Savanah,1
1101=,Savanna,1
1101=,Sayeeda,1
1101=,Sayra,1
1101=,Scarlet,1
1101=,Scotia,1
1101=,Se-Ember,1
1101=,Seana,1
1101=,Seanie,1
1101=,Seema,1
1101=,Seher,1
1101=,Sehrish,1
1101=,Selene,1
1101=,Semone,1
1101=,Seo,1
1101=,Seona,1
1101=,Seonagh,1
1101=,Sephora,1
1101=,Seri,1
1101=,Shaanan,1
1101=,Shabana,1
1101=,Shagufta,1
1101=,Shahad,1
1101=,Shalene,1
1101=,Shamaila,1
1101=,Shamain,1
1101=,Shamara,1
1101=,Shamragh,1
1101=,Shams,1
1101=,Shamsah,1
1101=,Shanell,1
1101=,Shanelle,1
1101=,Shani,1
1101=,Shani-Lee,1
1101=,Shanie-Lee,1
1101=,Shanique,1
1101=,Shanise,1
1101=,Shannel,1
1101=,Sharda,1
1101=,Sharelle,1
1101=,Sharissa,1
1101=,Sharmaine,1
1101=,Sharmane,1
1101=,Sharmilla,1
1101=,Sharmin,1
1101=,Sharnie,1
1101=,Sharon-Marie,1
1101=,Sharrelle,1
1101=,Sharron,1
1101=,Sharyn,1
1101=,Shaumyla,1
1101=,Shaun,1
1101=,Shaunee,1
1101=,Shaunelle,1
1101=,Shaunie-Leigh,1
1101=,Shaunilee,1
1101=,Shaunine,1
1101=,Shaunnae-Marie,1
1101=,Shaunnie,1
1101=,Shaunny,1
1101=,Shauny,1
1101=,Shayna,1
1101=,Shazia,1
1101=,Sheereen,1
1101=,Shelayne,1
1101=,Shelbey,1
1101=,Shelbi,1
1101=,Shelby-Teri,1
1101=,Sheldon,1
1101=,Shellana,1
1101=,Shellby,1
1101=,Shellbymarie,1
1101=,Shelley-Anne,1
1101=,Shellie,1
1101=,Shenna,1
1101=,Sheraine,1
1101=,Sherall,1
1101=,Sheriecarol,1
1101=,Sherri,1
1101=,Sherridan,1
1101=,Sherrisse,1
1101=,Shireen,1
1101=,Shonad,1
1101=,Shoni,1
1101=,Shonila,1
1101=,Shonya,1
1101=,Shri,1
1101=,Shuna,1
1101=,Shynese,1
1101=,Si,1
1101=,Sianan,1
1101=,Siananne,1
1101=,Sianice,1
1101=,Siann,1
1101=,Siannon,1
1101=,Sianon,1
1101=,Sidra,1
1101=,Sienna,1
1101=,Silvie,1
1101=,Sima,1
1101=,Simeone,1
1101=,Simmone,1
1101=,Simran,1
1101=,Sina,1
1101=,Sineade,1
1101=,Sineeta,1
1101=,Siobhain,1
1101=,Siobhann,1
1101=,Siobhon,1
1101=,Siolhanne,1
1101=,Sioned,1
1101=,Sky,1
1101=,Skyler,1
1101=,Smirah,1
1101=,Sneha,1
1101=,Sofi,1
1101=,Sogol,1
1101=,Sohaila,1
1101=,Solita,1
1101=,Somer-Marie,1
1101=,Somiea,1
1101=,Sondies,1
1101=,Sophie-Anne,1
1101=,Sophie-Jayne,1
1101=,Stacey-Louise,1
1101=,Stacia,1
1101=,Stacyann,1
1101=,Steffani,1
1101=,Steffny,1
1101=,Stephaine,1
1101=,Stephanie-Lynn,1
1101=,Stephenie,1
1101=,Stephney,1
1101=,Stevie-Leigh,1
1101=,Stevie-Marie,1
1101=,Subah,1
1101=,Subba,1
1101=,Sufia,1
1101=,Sughara,1
1101=,Suhaila,1
1101=,Sui,1
1101=,Sum,1
1101=,Sumayyah,1
1101=,Sumiya,1
1101=,Summer-Lea,1
1101=,Summera,1
1101=,Sunah,1
1101=,Sunna,1
1101=,Sunneen,1
1101=,Sunnie,1
1101=,Sunniva,1
1101=,Sunya,1
1101=,Surinder,1
1101=,Susanna,1
1101=,Susanne,1
1101=,Susie,1
1101=,Suzannah,1
1101=,Suzi,1
1101=,Syara,1
1101=,Syarifah,1
1101=,Sydney,1
1101=,Syma,1
1101=,Symone,1
1101=,Taahirah,1
1101=,Tabatha,1
1101=,Tal,1
1101=,Taliah,1
1101=,Talitha,1
1101=,Tamarah,1
1101=,Tamarra,1
1101=,Tamera,1
1101=,Tamisha,1
1101=,Tammara,1
1101=,Tammie-Lee,1
1101=,Tammy-Louise,1
1101=,Tamzin,1
1101=,Tanaya,1
1101=,Tanaysha,1
1101=,Tanisha,1
1101=,Tannera,1
1101=,Tanveer,1
1101=,Tarra,1
1101=,Tasha,1
1101=,Tashana,1
1101=,Tasia,1
1101=,Tasneam,1
1101=,Tassie,1
1101=,Tatiana,1
1101=,Tawny,1
1101=,Tay,1
1101=,Tayla,1
1101=,Taylar,1
1101=,Taylor-Jo,1
1101=,Taylor-Marie,1
1101=,Taylore,1
1101=,Tayloure,1
1101=,Tayyaba,1
1101=,Teagan,1
1101=,Teigan,1
1101=,Teighan,1
1101=,Teighlor,1
1101=,Tejasvi,1
1101=,Temitayo,1
1101=,Tequila-Paris,1
1101=,Teresa,1
1101=,Teri-Lee,1
1101=,Terri-Claire,1
1101=,Terri-Louise,1
1101=,Terri-Marie,1
1101=,Terrilaa,1
1101=,Tiffani,1
1101=,Tiffeny,1
1101=,Tiffiny,1
1101=,Tigan,1
1101=,Timmarah,1
1101=,Tina,1
1101=,Tiona,1
1101=,Tirion,1
1101=,Tobiana,1
1101=,Toni-Marie,1
1101=,Tori-Leigh,1
1101=,Torisa,1
1101=,Torria,1
1101=,Touka,1
1101=,Toyah,1
1101=,Tracey-Anne,1
1101=,Tracie,1
1101=,Tricia,1
1101=,Trudi,1
1101=,Trudie,1
1101=,Twandile,1
1101=,Tyla,1
1101=,Tyne,1
1101=,Tyra,1
1101=,Tyreena,1
1101=,Tze,1
1101=,Ula,1
1101=,Uma,1
1101=,Umara,1
1101=,Unity,1
1101=,Urvashi,1
1101=,Usma,1
1101=,Vada,1
1101=,Vahri,1
1101=,Valentina,1
1101=,Vana,1
1101=,Varay,1
1101=,Vega-Jay,1
1101=,Verity,1
1101=,Vickie,1
1101=,Viktoria,1
1101=,Vimbai,1
1101=,Vivian,1
1101=,Vivyan,1
1101=,Vykky,1
1101=,Wadhah,1
1101=,Wah,1
1101=,Wajeeha,1
1101=,Wallace,1
1101=,Wallis,1
1101=,Warda,1
1101=,Waverley,1
1101=,Wednesday,1
1101=,Witley,1
1101=,Wyona,1
1101=,Xanthe,1
1101=,Xatrina,1
1101=,Xiao,1
1101=,Yanecka,1
1101=,Yanna,1
1101=,Yasamin,1
1101=,Yasmien,1
1101=,Yasmina,1
1101=,Yasminn,1
1101=,Yazmynn,1
1101=,Yee,1
1101=,Yemaya,1
1101=,Yen,1
1101=,Yette,1
1101=,Yeung,1
1101=,Yhana,1
1101=,Yi,1
1101=,Yocheved,1
1101=,Yola,1
1101=,Yong,1
1101=,Yu,1
1101=,Yuen,1
1101=,Yuka,1
1101=,Yumeko,1
1101=,Yuval,1
1101=,Yvie,1
1101=,Yvon,1
1101=,Zafirah,1
1101=,Zahrah,1
1101=,Zaiba,1
1101=,Zaira,1
1101=,Zakiyah,1
1101=,Zakiyya,1
1101=,Zana,1
1101=,Zaraali,1
1101=,Zaria,1
1101=,Zarina,1
1101=,Zena,1
1101=,Zenab,1
1101=,Zeta,1
1101=,Zhara,1
1101=,Ziera,1
1101=,Zina,1
1101=,Zireen,1
1101=,Zoahe,1
1101=,Zodi,1
1101=,Zoeh,1
1101=,Zoelisa,1
1101=,Zohrah,1
1101=,Zoie,1
1101=,Zoubida,1
1101=,Zoya,1
1101=,Zozefina,1
1101=,Zulakha,1
1101=,Zulekha,1
1101=,Zunaira,1
1101=,Zunnerah,1
