Position,Name,Number of babies
1,Sophie,653
2,Emma,508
3,Lucy,438
4,Katie,435
5,Ellie,415
6,Erin,414
7,Emily,407
8,Amy,405
9,Chloe,387
10,Olivia,386
11,Hannah,371
12,Jessica,318
13,Grace,300
14,Ava,282
15,Rebecca,274
16,Isla,249
17,Brooke,234
18,Eva,227
19,Niamh,220
20,Megan,215
21,Eilidh,213
22=,Abbie,206
22=,Mia,206
24,Aimee,201
25=,Lauren,199
25=,Ruby,199
27,Skye,198
28=,Anna,197
28=,Holly,197
30=,Freya,196
30=,Rachel,196
32=,Caitlin,190
32=,Sarah,190
34=,Keira,183
34=,Leah,183
36,Lily,180
37,Millie,167
38,Charlotte,162
39,Molly,159
40=,Abigail,157
40=,Zoe,157
42,Eve,156
43,Kayla,154
44,Iona,144
45,Cara,137
46,Ella,136
47,Evie,122
48,Nicole,117
49,Morgan,114
50=,Jenna,102
50=,Kayleigh,102
52,Madison,101
53=,Paige,97
53=,Summer,97
55,Daisy,95
56=,Amelia,94
56=,Zara,94
58,Taylor,93
59,Robyn,92
60,Beth,90
61,Amber,88
62,Georgia,84
63,Shannon,81
64,Sophia,80
65,Abby,77
66,Neve,75
67=,Courtney,74
67=,Jennifer,74
69=,Carly,70
69=,Casey,70
69=,Melissa,70
72=,Elizabeth,69
72=,Poppy,69
74,Kaitlyn,68
75,Gemma,67
76=,Jasmine,66
76=,Laura,66
78=,Bethany,65
78=,Mya,65
80,Abi,64
81=,Kara,63
81=,Kelsey,63
83=,Elise,62
83=,Orla,62
85,Imogen,61
86,Hayley,60
87,Natalie,59
88=,Chelsea,58
88=,Heather,58
88=,Julia,58
88=,Kirsty,58
92=,Charley,57
92=,Hollie,57
92=,Samantha,57
95=,Layla,56
95=,Rachael,56
97,Maya,55
98,Alice,54
99,Libby,53
100=,Caitlyn,52
100=,Isabella,52
100=,Kate,52
100=,Louise,52
104=,Carys,51
104=,Lara,51
104=,Leona,51
104=,Rhianna,51
104=,Rosie,51
109,Kiera,50
110,Amelie,49
111=,Cerys,48
111=,Gracie,48
113=,Alex,47
113=,Catherine,47
113=,Sara,47
113=,Victoria,47
117=,Demi,46
117=,Mollie,46
119=,Elle,45
119=,Maisie,45
121,Alisha,44
122=,Faith,43
122=,Katherine,43
122=,Lois,43
122=,Natasha,43
126=,Carla,42
126=,Ciara,42
126=,Lola,42
126=,Maria,42
130=,Alyssa,41
130=,Danielle,41
130=,Lilly,41
133=,Kirsten,40
133=,Naomi,40
133=,Phoebe,40
136=,Ailsa,39
136=,Alana,39
136=,Charlie,39
139=,Alexandra,38
139=,Katy,38
139=,Maddison,38
139=,Mirren,38
143=,Ashley,37
143=,Ellis,37
143=,Jodie,37
143=,Kacey,37
143=,Tia,37
148=,Annie,36
148=,Gabrielle,36
148=,Hope,36
148=,Milly,36
148=,Rose,36
153=,Jorja,35
153=,Rhiannon,35
155=,Kyla,34
155=,Lucie,34
155=,Rowan,34
158=,Heidi,33
158=,Lacey,33
158=,Stephanie,33
158=,Tegan,33
162=,Darcy,32
162=,Madeleine,32
162=,Morven,32
165=,Abbey,31
165=,Alicia,31
165=,Ellen,31
165=,Nina,31
169=,Angel,30
169=,Gabriella,30
169=,Isobel,30
169=,Lana,30
169=,Lexie,30
174=,Bailey,29
174=,Chantelle,29
174=,Connie,29
174=,Maia,29
174=,Sofia,29
179=,Abbi,28
179=,Kelsie,28
181=,Anya,27
181=,Eleanor,27
181=,Lexi,27
184=,Martha,26
184=,Sienna,26
184=,Toni,26
187=,Catriona,25
187=,Katelyn,25
187=,Kenzie,25
187=,Nicola,25
191=,Aoife,24
191=,Ashleigh,24
191=,Brogan,24
191=,Carmen,24
191=,Faye,24
191=,Scarlett,24
191=,Teigan,24
198=,Amie,23
198=,Annabel,23
198=,Louisa,23
198=,Macy,23
198=,Mhairi,23
203=,Alexis,22
203=,Carrie,22
203=,Francesca,22
203=,Hazel,22
203=,Jade,22
203=,Kaci,22
203=,Kasey,22
203=,Kerry,22
203=,Lisa,22
203=,Matilda,22
203=,Michaela,22
203=,Rebekah,22
203=,Sadie,22
216=,Darcey,21
216=,Eden,21
216=,Jemma,21
216=,Nieve,21
220=,Alix,20
220=,Miya,20
220=,Sasha,20
223=,Callie,19
223=,Esme,19
223=,Jamie,19
223=,Rihanna,19
223=,Sinead,19
223=,Stella,19
223=,Tiegan,19
230=,Chanelle,18
230=,Claudia,18
230=,Kaitlin,18
230=,Karis,18
230=,Keeley,18
230=,Leigh,18
230=,Nadia,18
230=,Teagan,18
238=,Brodie,17
238=,Cassie,17
238=,Charli,17
238=,Christina,17
238=,Claire,17
238=,Clara,17
238=,Georgina,17
238=,Harriet,17
238=,Lucia,17
238=,Mackenzie,17
238=,Marissa,17
249=,Adele,16
249=,April,16
249=,Cody,16
249=,Fern,16
249=,Fiona,16
249=,Joanna,16
249=,Kathryn,16
249=,Mairi,16
249=,Maja,16
258=,Alanna,15
258=,Bethan,15
258=,Cameron,15
258=,Elena,15
258=,Emilia,15
258=,Erica,15
258=,Helen,15
258=,Kimberley,15
258=,Kyra,15
258=,Laila,15
258=,Lauryn,15
258=,Mckenzie,15
258=,Murron,15
258=,Siobhan,15
258=,Tilly,15
258=,Zuzanna,15
274=,Becky,14
274=,Billie,14
274=,Caoimhe,14
274=,Ebony,14
274=,Elisha,14
274=,Eryn,14
274=,Kacie,14
274=,Kayley,14
274=,Kelly,14
274=,Kira,14
274=,Mariam,14
274=,Maryam,14
274=,Mikayla,14
274=,Natalia,14
274=,Neave,14
274=,Ruth,14
274=,Tiana,14
274=,Tyler,14
274=,Willow,14
274=,Yasmin,14
294=,Annabelle,13
294=,Ayla,13
294=,Hanna,13
294=,Honey,13
294=,Iris,13
294=,Lia,13
294=,Lila,13
294=,Mary,13
294=,Michelle,13
294=,Roisin,13
294=,Savannah,13
294=,Sky,13
306=,Alannah,12
306=,Alesha,12
306=,Arwen,12
306=,Becca,12
306=,Bonnie,12
306=,Daniella,12
306=,Darcie,12
306=,Georgie,12
306=,Halle,12
306=,Julie,12
306=,Kadie,12
306=,Kiara,12
306=,Leia,12
306=,Lillie,12
306=,Madeline,12
306=,Monica,12
306=,Rhea,12
306=,Sarah-Jane,12
306=,Saskia,12
306=,Tess,12
306=,Zahra,12
306=,Zainab,12
328=,Eloise,11
328=,Emma-Louise,11
328=,Fatima,11
328=,Hana,11
328=,Jamie-Lee,11
328=,Jodi,11
328=,Karla,11
328=,Leila,11
328=,Orlaith,11
328=,Regan,11
328=,Simone,11
328=,Tara,11
340=,Aisha,10
340=,Aleisha,10
340=,Alexa,10
340=,Alison,10
340=,Ana,10
340=,Coral,10
340=,Dana,10
340=,Darci,10
340=,Elsa,10
340=,Frankie,10
340=,Isabelle,10
340=,Jessie,10
340=,Josephine,10
340=,Karly,10
340=,Kirstie,10
340=,Leigha,10
340=,Macey,10
340=,Marie,10
340=,Melanie,10
340=,Miriam,10
340=,Sally,10
340=,Tabitha,10
340=,Tamzin,10
340=,Thea,10
340=,Vanessa,10
365=,Angela,9
365=,Brooklyn,9
365=,Caragh,9
365=,Chelsey,9
365=,Christie,9
365=,Codie,9
365=,Constance,9
365=,Danni,9
365=,Demi-Lee,9
365=,Elsie,9
365=,Emilie,9
365=,Esther,9
365=,Freyja,9
365=,Jamie-Leigh,9
365=,Joanne,9
365=,Kady,9
365=,Kaila,9
365=,Keri,9
365=,Kerri,9
365=,Lyla,9
365=,Maisy,9
365=,Margaret,9
365=,Marnie,9
365=,Mercedes,9
365=,Mila,9
365=,Mirrin,9
365=,Mischa,9
365=,Nia,9
365=,Polly,9
365=,Rosa,9
365=,Serena,9
365=,Sian,9
365=,Tammy,9
365=,Teighan,9
365=,Violet,9
365=,Yasmine,9
401=,Aaliyah,8
401=,Ailish,8
401=,Alexandria,8
401=,Alina,8
401=,Amanda,8
401=,Ami,8
401=,Andrea,8
401=,Arianna,8
401=,Autumn,8
401=,Caroline,8
401=,Chanel,8
401=,Corinne,8
401=,Dionne,8
401=,Eliza,8
401=,Flora,8
401=,Holli,8
401=,Iman,8
401=,Jane,8
401=,Jayden,8
401=,Karina,8
401=,Katrina,8
401=,Kaylah,8
401=,Kaylee,8
401=,Lori,8
401=,Luisa,8
401=,Meghan,8
401=,Nikita,8
401=,Oliwia,8
401=,Penny,8
401=,Piper,8
401=,Rhona,8
401=,Safa,8
401=,Sarah-Louise,8
401=,Shona,8
401=,Sylvie,8
401=,Tessa,8
437=,Aila,7
437=,Ailey,7
437=,Ailie,7
437=,Aine,7
437=,Aleena,7
437=,Aliyah,7
437=,Alysha,7
437=,Amina,7
437=,Aria,7
437=,Ayesha,7
437=,Baillie,7
437=,Bobbi,7
437=,Breanna,7
437=,Chelsie,7
437=,Cora,7
437=,Dakota,7
437=,Dawn,7
437=,Demi-Leigh,7
437=,Drew,7
437=,Erika,7
437=,Evelyn,7
437=,Gabriela,7
437=,Harley,7
437=,Helena,7
437=,India,7
437=,Isabel,7
437=,Isha,7
437=,Ishbel,7
437=,Jaime,7
437=,Josie,7
437=,Juliet,7
437=,Karys,7
437=,Kathleen,7
437=,Keeva,7
437=,Kendra,7
437=,Keris,7
437=,Kia,7
437=,Kirstin,7
437=,Klaudia,7
437=,Krystal,7
437=,Laiba,7
437=,Leanne,7
437=,Luci,7
437=,Lydia,7
437=,Maeve,7
437=,Miah,7
437=,Nancy,7
437=,Nikki,7
437=,Paris,7
437=,Pippa,7
437=,Reese,7
437=,Saira,7
437=,Sorcha,7
437=,Stacey,7
437=,Tiffany,7
437=,Verity,7
437=,Wiktoria,7
437=,Zarah,7
437=,Zoya,7
496=,Ailidh,6
496=,Allana,6
496=,Amna,6
496=,Anika,6
496=,Annalise,6
496=,Beatrice,6
496=,Camryn,6
496=,Caris,6
496=,Cate,6
496=,Charleigh,6
496=,Charly,6
496=,Crystal,6
496=,Daria,6
496=,Destiny,6
496=,Devon,6
496=,Elli,6
496=,Elyse,6
496=,Fearne,6
496=,Felicity,6
496=,Fraya,6
496=,Greta,6
496=,Imaan,6
496=,Jasmin,6
496=,Jena,6
496=,Jo,6
496=,Kali,6
496=,Kayden,6
496=,Kaydence,6
496=,Kennedy,6
496=,Kimberly,6
496=,Laurie,6
496=,Lea,6
496=,Lianna,6
496=,Lillian,6
496=,Maggie,6
496=,Mairead,6
496=,Makayla,6
496=,Meadow,6
496=,Milla,6
496=,Murrin,6
496=,Myah,6
496=,Nuala,6
496=,Peyton,6
496=,Rhian,6
496=,Rhianne,6
496=,Ria,6
496=,Riley,6
496=,Romy,6
496=,Rosemary,6
496=,Saffron,6
496=,Salma,6
496=,Sandra,6
496=,Saoirse,6
496=,Tanya,6
496=,Teegan,6
496=,Vaila,6
552=,Abigael,5
552=,Addison,5
552=,Aimie,5
552=,Aisling,5
552=,Alexia,5
552=,Aliza,5
552=,Alyx,5
552=,Amira,5
552=,Amy-Leigh,5
552=,Anais,5
552=,Andi,5
552=,Ann,5
552=,Anne,5
552=,Antonia,5
552=,Brenna,5
552=,Briony,5
552=,Bronagh,5
552=,Bryony,5
552=,Cali,5
552=,Candice,5
552=,Carlie,5
552=,Charlize,5
552=,Chelsy,5
552=,Chiara,5
552=,Clare,5
552=,Demilee,5
552=,Diana,5
552=,Edie,5
552=,Edith,5
552=,Elisa,5
552=,Elisabeth,5
552=,Emmie,5
552=,Estelle,5
552=,Florence,5
552=,Freja,5
552=,Hafsa,5
552=,Hayleigh,5
552=,Honor,5
552=,Iqra,5
552=,Islay,5
552=,Jaimie,5
552=,Jenny,5
552=,Jia,5
552=,Joy,5
552=,Kaela,5
552=,Kallie,5
552=,Kamryn,5
552=,Karen,5
552=,Katharine,5
552=,Keera,5
552=,Kenadie,5
552=,Kenzi,5
552=,Kerrie,5
552=,Kerris,5
552=,Kerys,5
552=,Kodi,5
552=,Kodie,5
552=,Kori,5
552=,Kristen,5
552=,Leoni,5
552=,Lilah,5
552=,Lilia,5
552=,Lilian,5
552=,Lilli,5
552=,Linda,5
552=,Lorna,5
552=,Mirin,5
552=,Neeve,5
552=,Niomi,5
552=,Nyah,5
552=,Reagan,5
552=,Roxanne,5
552=,Shelby,5
552=,Sonia,5
552=,Suzanne,5
552=,Sydney,5
552=,Syeda,5
552=,Tamsin,5
552=,Teri,5
552=,Terri,5
552=,Tianna,5
633=,Abbigail,4
633=,Adriana,4
633=,Aeryn,4
633=,Ailee,4
633=,Alissa,4
633=,Amalie,4
633=,Ameera,4
633=,Aminah,4
633=,Amirah,4
633=,Amy-Lee,4
633=,Amy-Louise,4
633=,Anastasia,4
633=,Annabella,4
633=,Annika,4
633=,Ariana,4
633=,Ashtyn,4
633=,Aysha,4
633=,Ayva,4
633=,Beau,4
633=,Belle,4
633=,Bianca,4
633=,Breagha,4
633=,Brianna,4
633=,Cailin,4
633=,Cailyn,4
633=,Caitlynn,4
633=,Calleigh,4
633=,Carina,4
633=,Casey-Leigh,4
633=,Ceilidh,4
633=,Charis,4
633=,Chenai,4
633=,Christine,4
633=,Cleo,4
633=,Corrie,4
633=,Dani,4
633=,Dayna,4
633=,Deryn,4
633=,Dion,4
633=,Dominika,4
633=,Elana,4
633=,Eliana,4
633=,Elissa,4
633=,Ellie-May,4
633=,Emaan,4
633=,Esha,4
633=,Farrah,4
633=,Frances,4
633=,Inaaya,4
633=,Inga,4
633=,Ingrid,4
633=,Ivy,4
633=,Izabella,4
633=,Jamieleigh,4
633=,Jemima,4
633=,Jess,4
633=,Jordan,4
633=,Kaci-Leigh,4
633=,Kaelah,4
633=,Kaiya,4
633=,Karli,4
633=,Kayci,4
633=,Kaydie,4
633=,Kaylin,4
633=,Kaylyn,4
633=,Kelsi,4
633=,Kendal,4
633=,Kiaya,4
633=,Kristin,4
633=,Lanna,4
633=,Lena,4
633=,Leonie,4
633=,Livia,4
633=,Logan,4
633=,Lottie,4
633=,Lucinda,4
633=,Luna,4
633=,Mae,4
633=,Maiya,4
633=,Malaika,4
633=,Mara,4
633=,Marcy,4
633=,Marianne,4
633=,Marley,4
633=,Martina,4
633=,Meerab,4
633=,Mika,4
633=,Milana,4
633=,Miley,4
633=,Millicent,4
633=,Morag,4
633=,Neive,4
633=,Nevaeh,4
633=,Noor,4
633=,Orlagh,4
633=,Rebeka,4
633=,Renee,4
633=,Rhia,4
633=,Rhiana,4
633=,Riya,4
633=,Roma,4
633=,Rona,4
633=,Rosalind,4
633=,Sana,4
633=,Skyler,4
633=,Tamara,4
633=,Tayler,4
633=,Trinity,4
633=,Zaynah,4
633=,Zoey,4
633=,Zofia,4
744=,Abigayle,3
744=,Adrianna,3
744=,Aimee-Louise,3
744=,Ainsley,3
744=,Aiva,3
744=,Alayna,3
744=,Alba,3
744=,Alecia,3
744=,Aleesha,3
744=,Aleeza,3
744=,Ali,3
744=,Alicja,3
744=,Aliesha,3
744=,Alisa,3
744=,Allanah,3
744=,Allie,3
744=,Ally,3
744=,Anastacia,3
744=,Anastasija,3
744=,Angelica,3
744=,Angelina,3
744=,Anjali,3
744=,Annelise,3
744=,Aqsa,3
744=,Ariella,3
744=,Ashton,3
744=,Asia,3
744=,Baileigh,3
744=,Bella,3
744=,Bethanie,3
744=,Billie-Jo,3
744=,Bronwen,3
744=,Cadey-Leigh,3
744=,Cady,3
744=,Calla,3
744=,Cally,3
744=,Camille,3
744=,Carley,3
744=,Carlotta,3
744=,Carol,3
744=,Carolyn,3
744=,Cecilia,3
744=,Charlene,3
744=,Cheyenne,3
744=,Christy,3
744=,Clodagh,3
744=,Cloe,3
744=,Codi,3
744=,Coleen,3
744=,Colleen,3
744=,Corrin,3
744=,Cristina,3
744=,Daniela,3
744=,Danya,3
744=,Demileigh,3
744=,Devin,3
744=,Diya,3
744=,Donna,3
744=,Eilish,3
744=,Elodie,3
744=,Emelia,3
744=,Emillie,3
744=,Eshal,3
744=,Evangelina,3
744=,Evangeline,3
744=,Ffion,3
744=,Georgi,3
744=,Hadeel,3
744=,Hafsah,3
744=,Haleema,3
744=,Hallie,3
744=,Haylie,3
744=,Ines,3
744=,Isobella,3
744=,Jaden,3
744=,Jagoda,3
744=,Jody,3
744=,Johanna,3
744=,Jorgie,3
744=,Juliette,3
744=,Kadey,3
744=,Kai,3
744=,Kailyn,3
744=,Kaley,3
744=,Kamila,3
744=,Kari,3
744=,Karlie,3
744=,Karolina,3
744=,Katelin,3
744=,Katriona,3
744=,Katya,3
744=,Kay,3
744=,Kaya,3
744=,Kaydee,3
744=,Kaylie,3
744=,Kaysey,3
744=,Keisha,3
744=,Kelci,3
744=,Kennedi,3
744=,Kenzie-Leigh,3
744=,Kerryanne,3
744=,Khadijah,3
744=,Kianna,3
744=,Kieara,3
744=,Kirstyn,3
744=,Kristie,3
744=,Kya,3
744=,Kylah,3
744=,Kyler,3
744=,Laaibah,3
744=,Laibah,3
744=,Larissa,3
744=,Laurel,3
744=,Leanna,3
744=,Leni,3
744=,Levi,3
744=,Leyla,3
744=,Liana,3
744=,Liberty,3
744=,Lidia,3
744=,Lily-Mae,3
744=,Lina,3
744=,Liza,3
744=,Lotte,3
744=,Lynsey,3
744=,Mabel,3
744=,Macie,3
744=,Madiha,3
744=,Magdalena,3
744=,Marcie,3
744=,Mariana,3
744=,Mariyah,3
744=,Marni,3
744=,Marta,3
744=,Maura,3
744=,Melisa,3
744=,Melody,3
744=,Meredith,3
744=,Mikaela,3
744=,Milena,3
744=,Milli,3
744=,Momina,3
744=,Nadine,3
744=,Neela,3
744=,Neha,3
744=,Nell,3
744=,Nikola,3
744=,Nisha,3
744=,Nur,3
744=,Nyomi,3
744=,Oriana,3
744=,Orlaidh,3
744=,Patricia,3
744=,Patrycja,3
744=,Paula,3
744=,Payton,3
744=,Petra,3
744=,Philippa,3
744=,Priya,3
744=,Rabia,3
744=,Rae,3
744=,Raegan,3
744=,Rameen,3
744=,Rania,3
744=,Rheanna,3
744=,Rio,3
744=,Rosalyn,3
744=,Roslyn,3
744=,Rosslyn,3
744=,Saarah,3
744=,Saba,3
744=,Sabrina,3
744=,Sam,3
744=,Sara-Jane,3
744=,Selina,3
744=,Seren,3
744=,Shanice,3
744=,Shannyn,3
744=,Shi,3
744=,Siena,3
744=,Skyla,3
744=,Stacy,3
744=,Storm,3
744=,Susan,3
744=,Susanna,3
744=,Susanne,3
744=,Suzie,3
744=,Tahlia,3
744=,Tala,3
744=,Talia,3
744=,Tracy,3
744=,Tyra,3
744=,Vasiliki,3
744=,Veronica,3
744=,Vikki,3
744=,Xin,3
744=,Zeenat,3
744=,Zoha,3
942=,Aaliah,2
942=,Aaminah,2
942=,Aamna,2
942=,Aanya,2
942=,Aarifah,2
942=,Abbeygail,2
942=,Adrienne,2
942=,Agata,2
942=,Aiesha,2
942=,Aili,2
942=,Aimee-Lee,2
942=,Aimi,2
942=,Ainslie,2
942=,Aislinn,2
942=,Aizah,2
942=,Alanah,2
942=,Alani,2
942=,Aleksandra,2
942=,Aleshia,2
942=,Alexandrina,2
942=,Alishba,2
942=,Alivia,2
942=,Aliya,2
942=,Allannah,2
942=,Allisha,2
942=,Alva,2
942=,Ama,2
942=,Amara,2
942=,Ami-Lee,2
942=,Amiee,2
942=,Amii,2
942=,Amylee,2
942=,Amyleigh,2
942=,Anabelle,2
942=,Anastazja,2
942=,Aneesa,2
942=,Anita,2
942=,Anmol,2
942=,Anna-Maria,2
942=,Annelie,2
942=,Anneliese,2
942=,Antonina,2
942=,Anum,2
942=,Anwen,2
942=,Apryl,2
942=,Arabella,2
942=,Areej,2
942=,Arwa,2
942=,Aseel,2
942=,Ashlyn,2
942=,Athena,2
942=,Audrey,2
942=,Aurelia,2
942=,Aurora,2
942=,Avani,2
942=,Avril,2
942=,Aya,2
942=,Aylie,2
942=,Azra,2
942=,Barbara,2
942=,Bayley,2
942=,Baylie,2
942=,Bekki,2
942=,Bethel,2
942=,Betsy,2
942=,Billiejo,2
942=,Bismah,2
942=,Blythe,2
942=,Bobbie,2
942=,Brea,2
942=,Breagh,2
942=,Bree,2
942=,Briannah,2
942=,Brody,2
942=,Broghan,2
942=,Bronwyn,2
942=,Brooklynn,2
942=,Cadence,2
942=,Cadhla,2
942=,Caela,2
942=,Caelainn,2
942=,Caelinn,2
942=,Caelyn,2
942=,Cait,2
942=,Caleigh,2
942=,Caley,2
942=,Calypso,2
942=,Camilla,2
942=,Carey,2
942=,Cari,2
942=,Carlee,2
942=,Carli,2
942=,Carolanne,2
942=,Carra,2
942=,Casie,2
942=,Cassandra,2
942=,Cassidy,2
942=,Catrin,2
942=,Caydee,2
942=,Cayla,2
942=,Caysey,2
942=,Ceara,2
942=,Cecily,2
942=,Ceira,2
942=,Celia,2
942=,Chelsey-Lee,2
942=,Chi,2
942=,Chioma,2
942=,Chloe-Louise,2
942=,Chrissie,2
942=,Christabel,2
942=,Christianna,2
942=,Clair,2
942=,Clementine,2
942=,Cobi,2
942=,Coco,2
942=,Colette,2
942=,Collette,2
942=,Corin,2
942=,Corrina,2
942=,Courteney,2
942=,Cully,2
942=,Damla,2
942=,Danika,2
942=,Daphne,2
942=,Dara,2
942=,Darah,2
942=,Davina,2
942=,Deborah,2
942=,Deimante,2
942=,Della,2
942=,Demi-Louise,2
942=,Demi-Lynn,2
942=,Deni,2
942=,Derri,2
942=,Devyn,2
942=,Dilan,2
942=,Dione,2
942=,Dior,2
942=,Dorothy,2
942=,Drue,2
942=,Dulcie,2
942=,Eibhlin,2
942=,Elaina,2
942=,Elaine,2
942=,Elice,2
942=,Elin,2
942=,Elita,2
942=,Ella-Grace,2
942=,Ella-Louise,2
942=,Ellah,2
942=,Elle-Louise,2
942=,Elliot,2
942=,Ellise,2
942=,Ellyn,2
942=,Elspeth,2
942=,Elyssa,2
942=,Ember,2
942=,Emer,2
942=,Emi,2
942=,Emilija,2
942=,Emilly,2
942=,Emily-Louise,2
942=,Emmy,2
942=,Erinn,2
942=,Erynn,2
942=,Estella,2
942=,Etain,2
942=,Euphemia,2
942=,Evan,2
942=,Fajar,2
942=,Farah,2
942=,Faria,2
942=,Fatimah,2
942=,Fatou,2
942=,Felicia,2
942=,Ferne,2
942=,Fia,2
942=,Fiza,2
942=,Fleur,2
942=,Geena,2
942=,Genevieve,2
942=,Giuliana,2
942=,Gwen,2
942=,Hadiyah,2
942=,Hailey,2
942=,Hailie,2
942=,Hamna,2
942=,Hannah-Louise,2
942=,Harleen,2
942=,Haydn,2
942=,Hena,2
942=,Hiba,2
942=,Huda,2
942=,Ida,2
942=,Iliana,2
942=,Ilona,2
942=,Imman,2
942=,Inara,2
942=,Indiana,2
942=,Indie,2
942=,Indy,2
942=,Inez,2
942=,Innes,2
942=,Irene,2
942=,Ivana,2
942=,Jana,2
942=,Janet,2
942=,Jannat,2
942=,Jasmyn,2
942=,Jaya,2
942=,Jayda,2
942=,Jayde,2
942=,Jaye,2
942=,Jaymie,2
942=,Jean,2
942=,Jeni,2
942=,Jennah,2
942=,Jenni,2
942=,Jersey,2
942=,Jewel,2
942=,Jocelyn,2
942=,Joely,2
942=,Jordanna,2
942=,Jude,2
942=,Juliana,2
942=,Kaden,2
942=,Kadi,2
942=,Kaelan,2
942=,Kaelyn,2
942=,Kahlan,2
942=,Kaia,2
942=,Kaidey,2
942=,Kaileigh,2
942=,Kaitlynn,2
942=,Kallan,2
942=,Kareena,2
942=,Karissa,2
942=,Kasey-Lee,2
942=,Katerina,2
942=,Katie-Anne,2
942=,Katie-Marie,2
942=,Kayah,2
942=,Kaycee,2
942=,Kaycie,2
942=,Kaydi,2
942=,Kaylan,2
942=,Kayliegh,2
942=,Kaysha,2
942=,Kaysie,2
942=,Keanna,2
942=,Keely,2
942=,Kelis,2
942=,Kelisse,2
942=,Kelsie-Leigh,2
942=,Kendall,2
942=,Kenna,2
942=,Keren,2
942=,Kerrin,2
942=,Keryn,2
942=,Keziah,2
942=,Khadija,2
942=,Khairah,2
942=,Khansa,2
942=,Khaya,2
942=,Khayla,2
942=,Kiana,2
942=,Kiarra,2
942=,Kiera-Louise,2
942=,Kieva,2
942=,Kim,2
942=,Kinga,2
942=,Kinza,2
942=,Kiran,2
942=,Kiri,2
942=,Kirsteen,2
942=,Kitty,2
942=,Kizzy,2
942=,Kloe,2
942=,Kym,2
942=,Laci,2
942=,Lacie,2
942=,Lacy,2
942=,Laia,2
942=,Laina,2
942=,Laya,2
942=,Layah,2
942=,Leena,2
942=,Leonah,2
942=,Leyna,2
942=,Libbi,2
942=,Libbie,2
942=,Liliana,2
942=,Lilias,2
942=,Lilliana,2
942=,Lilly-Rose,2
942=,Lily-Rose,2
942=,Linzi,2
942=,Lisa-Marie,2
942=,Liva,2
942=,Lizzie,2
942=,Loren,2
942=,Lorena,2
942=,Lori-Ann,2
942=,Lorraine,2
942=,Loulou,2
942=,Luciana,2
942=,Lucille,2
942=,Lulu,2
942=,Lumi,2
942=,Lyndsay,2
942=,Lynn,2
942=,Maddi,2
942=,Madelaine,2
942=,Madisyn,2
942=,Magdalene,2
942=,Maha,2
942=,Mahek,2
942=,Mahnoor,2
942=,Maizie,2
942=,Makala,2
942=,Makenna,2
942=,Mali,2
942=,Malia,2
942=,Maliha,2
942=,Manahil,2
942=,Manal,2
942=,Manisha,2
942=,Marian,2
942=,Marisa,2
942=,Marli,2
942=,Martine,2
942=,Martyna,2
942=,Matylda,2
942=,May,2
942=,Mehek,2
942=,Mehik,2
942=,Meika,2
942=,Mercedez,2
942=,Merin,2
942=,Meryem,2
942=,Mhirren,2
942=,Michaella,2
942=,Mikella,2
942=,Minna,2
942=,Mira,2
942=,Mirran,2
942=,Miyah,2
942=,Monika,2
942=,Monique,2
942=,Morgan-Leigh,2
942=,Morgen,2
942=,Morgyn,2
942=,Morna,2
942=,Morvern,2
942=,Morvyn,2
942=,Murren,2
942=,Muskaan,2
942=,Nabeeha,2
942=,Naeema,2
942=,Naila,2
942=,Naimh,2
942=,Nala,2
942=,Natania,2
942=,Natascha,2
942=,Naz,2
942=,Nelly,2
942=,Niah,2
942=,Nico,2
942=,Niharika,2
942=,Nirvana,2
942=,Noa,2
942=,Nora,2
942=,Nyla,2
942=,Nyree,2
942=,Olive,2
942=,Orlah,2
942=,Pagan,2
942=,Paisley,2
942=,Paulina,2
942=,Pearl,2
942=,Penelope,2
942=,Phebe,2
942=,Pia,2
942=,Poppie,2
942=,Princess,2
942=,Prisha,2
942=,Pyper,2
942=,Queenie,2
942=,Rahma,2
942=,Raya,2
942=,Rayne,2
942=,Reegan,2
942=,Reilly,2
942=,Rhiannan,2
942=,Rhyanna,2
942=,Rian,2
942=,Riana,2
942=,Rianna,2
942=,Rianne,2
942=,Roberta,2
942=,Rochelle,2
942=,Romi,2
942=,Romilly,2
942=,Rosalie,2
942=,Rosanna,2
942=,Rosina,2
942=,Roslin,2
942=,Safia,2
942=,Sahar,2
942=,Sahara,2
942=,Sakina,2
942=,Sameera,2
942=,Sanjana,2
942=,Sarahjane,2
942=,Sarra,2
942=,Savanna,2
942=,Scarlet,2
942=,Selena,2
942=,Shae,2
942=,Shahd,2
942=,Shahed,2
942=,Shanae,2
942=,Shanelle,2
942=,Shani,2
942=,Shania,2
942=,Shanna,2
942=,Shannan,2
942=,Shantelle,2
942=,Sharleen,2
942=,Sharlene,2
942=,Shauna,2
942=,Shaye,2
942=,Shelbie,2
942=,Sheridan,2
942=,Shonagh,2
942=,Sianna,2
942=,Skie,2
942=,Skylar,2
942=,Sofie,2
942=,Sona,2
942=,Sophi,2
942=,Sophie-Louise,2
942=,Starr,2
942=,Stevie,2
942=,Sukhveer,2
942=,Suranne,2
942=,Susannah,2
942=,Susie,2
942=,Suzannah,2
942=,Sydnee,2
942=,Sylvia,2
942=,Tammie,2
942=,Tamzyn,2
942=,Tania,2
942=,Tanika,2
942=,Teresa,2
942=,Thalia,2
942=,Tilda,2
942=,Tiree,2
942=,Tiya,2
942=,Toluwani,2
942=,Tori,2
942=,Tru,2
942=,Trudie,2
942=,Trudy,2
942=,Unaiza,2
942=,Valerie,2
942=,Veronika,2
942=,Vhairi,2
942=,Viktoria,2
942=,Wendy,2
942=,Weronika,2
942=,Wing,2
942=,Yasmeen,2
942=,Yu,2
942=,Yusra,2
942=,Zaina,2
942=,Zena,2
942=,Zhi,2
942=,Zoe-Jane,2
942=,Zunairah,2
1424=,A'isha,1
1424=,Aahana,1
1424=,Aaima,1
1424=,Aaiva,1
1424=,Aakriti,1
1424=,Aala,1
1424=,Aamanee,1
1424=,Aamina,1
1424=,Aamirah,1
1424=,Aara,1
1424=,Aaraa,1
1424=,Aarthi,1
1424=,Aaryn,1
1424=,Aavani,1
1424=,Aayat,1
1424=,Aayma,1
1424=,Abaigeal,1
1424=,Abar,1
1424=,Abbe,1
1424=,Abbegail,1
1424=,Abbeygale,1
1424=,Abbi-Lee,1
1424=,Abbie-Leigh,1
1424=,Abbie-Rose,1
1424=,Abbiegail,1
1424=,Abbiegayle,1
1424=,Abbigale,1
1424=,Abby-Leigh,1
1424=,Abeera,1
1424=,Abhia,1
1424=,Abhy,1
1424=,Abi-Louise,1
1424=,Abia,1
1424=,Abiha,1
1424=,Abiola,1
1424=,Abisha,1
1424=,Abiya,1
1424=,Abrar,1
1424=,Abrare,1
1424=,Abril,1
1424=,Aby,1
1424=,Ada,1
1424=,Adalaide,1
1424=,Adana,1
1424=,Adeena,1
1424=,Adelaide,1
1424=,Adison,1
1424=,Adonica,1
1424=,Adrian,1
1424=,Adwoa,1
1424=,Aelish,1
1424=,Aeva,1
1424=,Afifah,1
1424=,Afrah,1
1424=,Afrina,1
1424=,Afton,1
1424=,Agatha,1
1424=,Agnieszka,1
1424=,Ahdia,1
1424=,Aibidh,1
1424=,Aicha,1
1424=,Aida,1
1424=,Aidah,1
1424=,Aieecia,1
1424=,Aileigh,1
1424=,Ailiegh,1
1424=,Ailise,1
1424=,Ailley,1
1424=,Aimee-Jo,1
1424=,Aimee-Leigh,1
1424=,Aimeeleigh,1
1424=,Aimiee,1
1424=,Airlie,1
1424=,Aisa,1
1424=,Aishah,1
1424=,Aiyana,1
1424=,Aiyanna,1
1424=,Ajooni,1
1424=,Akam,1
1424=,Akhila,1
1424=,Akira,1
1424=,Ala,1
1424=,Alaa,1
1424=,Alanagh,1
1424=,Alanda,1
1424=,Alanis,1
1424=,Alanna-Jane,1
1424=,Alanys,1
1424=,Alara,1
1424=,Alaska,1
1424=,Alea,1
1424=,Aleah,1
1424=,Aleece,1
1424=,Aleese,1
1424=,Aleeshmah,1
1424=,Aleeyah,1
1424=,Aleina,1
1424=,Aleishia,1
1424=,Alena,1
1424=,Alessandra,1
1424=,Alessia,1
1424=,Alexanne,1
1424=,Alexi,1
1424=,Alexina,1
1424=,Alexx,1
1424=,Alice-Drew,1
1424=,Alicia-Marie,1
1424=,Alieshah,1
1424=,Alighia,1
1424=,Alise,1
1424=,Alisha-Sophia,1
1424=,Alishah,1
1424=,Alivia-Rose,1
1424=,Allegria,1
1424=,Alleisha,1
1424=,Alliah,1
1424=,Allice,1
1424=,Allicia,1
1424=,Almaas,1
1424=,Almirah,1
1424=,Alona,1
1424=,Alora,1
1424=,Alphonsina,1
1424=,Alveena,1
1424=,Alx,1
1424=,Alycia,1
1424=,Alyessa,1
1424=,Alyia,1
1424=,Alysa,1
1424=,Alyse,1
1424=,Alysha-Anne,1
1424=,Alyshah,1
1424=,Alyshia,1
1424=,Alysia,1
1424=,Alyth,1
1424=,Amaarah,1
1424=,Amahle,1
1424=,Amaia,1
1424=,Amalia,1
1424=,Amaney,1
1424=,Amani,1
1424=,Amarah,1
1424=,Amaylyuh,1
1424=,Amber-Leigh,1
1424=,Amberlouise,1
1424=,Amberly,1
1424=,Ambreen,1
1424=,Ame,1
1424=,Ameelia,1
1424=,Ameerah,1
1424=,Amelia-Jane,1
1424=,Amelka,1
1424=,Amellie,1
1424=,Amena,1
1424=,Amera,1
1424=,Amey,1
1424=,Amez,1
1424=,Ami-Grace,1
1424=,Ami-Jay,1
1424=,Ami-Leigh,1
1424=,Amie-Lee,1
1424=,Amie-Leigh,1
1424=,Amieleigh,1
1424=,Amilie,1
1424=,Amily,1
1424=,Ammara,1
1424=,Ammarah,1
1424=,Amnah,1
1424=,Amrien,1
1424=,Amrita,1
1424=,Amy-Ivy,1
1424=,Amy-Jane,1
1424=,Amy-Lea,1
1424=,Amyclaire,1
1424=,Amylea,1
1424=,Amyrose,1
1424=,Ana-Lucia,1
1424=,Anabella,1
1424=,Analucia,1
1424=,Analyse,1
1424=,Anaya,1
1424=,Anayah,1
1424=,Ander,1
1424=,Andie,1
1424=,Andra,1
1424=,Aneeka,1
1424=,Aneesah,1
1424=,Aneilya,1
1424=,Aneliese,1
1424=,Aneshia,1
1424=,Aneshka,1
1424=,Angali,1
1424=,Angaly,1
1424=,Angel-Leigh,1
1424=,Angel-Louise,1
1424=,Angelic,1
1424=,Angelika,1
1424=,Angeline,1
1424=,Anice,1
1424=,Aniela,1
1424=,Anifhe,1
1424=,Aniqa,1
1424=,Anisa,1
1424=,Anise,1
1424=,Anja,1
1424=,Anjolaoluwa,1
1424=,Anju,1
1424=,Anmar,1
1424=,Ann-Margaret,1
1424=,Ann-Marie,1
1424=,Annagayle,1
1424=,Annalee,1
1424=,Annaleece,1
1424=,Annaleigh,1
1424=,Annalicia,1
1424=,Annaliesse,1
1424=,Annalisa,1
1424=,Annastacia,1
1424=,Anneroy,1
1424=,Annfell,1
1424=,Annica,1
1424=,Annick,1
1424=,Annmarie,1
1424=,Annoushka,1
1424=,Annsarai,1
1424=,Anona,1
1424=,Anousha,1
1424=,Antigone,1
1424=,Anurati,1
1424=,Anureet,1
1424=,Aoibha,1
1424=,Aoibhe,1
1424=,Aoibheann,1
1424=,Aphra,1
1424=,Ar'den,1
1424=,Architha,1
1424=,Areeba,1
1424=,Arella,1
1424=,Arfa,1
1424=,Arfaa,1
1424=,Ariah,1
1424=,Aribah,1
1424=,Ariel,1
1424=,Arin,1
1424=,Arisha,1
1424=,Arissa,1
1424=,Arlene,1
1424=,Armani,1
1424=,Armelle,1
1424=,Aroob,1
1424=,Arooba,1
1424=,Arshita,1
1424=,Arshjoyat,1
1424=,Artemis,1
1424=,Arwaa,1
1424=,Arya,1
1424=,Arzoo,1
1424=,Asal,1
1424=,Asena,1
1424=,Asha,1
1424=,Ashbey,1
1424=,Ashlee,1
1424=,Ashleen,1
1424=,Ashley-Jade,1
1424=,Ashley-Louise,1
1424=,Ashlin,1
1424=,Ashlynn,1
1424=,Ashna,1
1424=,Asiya,1
1424=,Asra,1
1424=,Asritha,1
1424=,Astra,1
1424=,Astrid,1
1424=,Astrud,1
1424=,Asya,1
1424=,Atika,1
1424=,Atiya,1
1424=,Atlanta,1
1424=,Aurea,1
1424=,Aurelija,1
1424=,Aurlah,1
1424=,Ausra,1
1424=,Ava-Grace,1
1424=,Ava-Jae,1
1424=,Ava-Mae,1
1424=,Ava-Rose,1
1424=,Avah,1
1424=,Avanya,1
1424=,Avesta,1
1424=,Avsta,1
1424=,Avya,1
1424=,Ayaan,1
1424=,Ayaana,1
1424=,Ayah,1
1424=,Ayanna,1
1424=,Ayat,1
1424=,Ayda,1
1424=,Ayden-Leigh,1
1424=,Ayeesha,1
1424=,Ayeisha,1
1424=,Ayiah,1
1424=,Aylea-Louise,1
1424=,Ayleen,1
1424=,Ayleigh,1
1424=,Aylesha,1
1424=,Aymal,1
1424=,Ayman,1
1424=,Aymie,1
1424=,Ayomide,1
1424=,Ayooluwa,1
1424=,Ayra,1
1424=,Ayse,1
1424=,Ayshah,1
1424=,Aziliz,1
1424=,Babyjane,1
1424=,Baighley,1
1424=,Bailie,1
1424=,Bailly,1
1424=,Balqees,1
1424=,Bay,1
1424=,Bayleigh,1
1424=,Bayli,1
1424=,Beatriz,1
1424=,Bena,1
1424=,Bente,1
1424=,Beraka,1
1424=,Berlin,1
1424=,Bernadette,1
1424=,Bernice,1
1424=,Betane,1
1424=,Bethany-Marie,1
1424=,Betheny,1
1424=,Bethlin,1
1424=,Betty,1
1424=,Beyza,1
1424=,Biatris,1
1424=,Billi,1
1424=,Bintou,1
1424=,Bisma,1
1424=,Blaise,1
1424=,Blanka,1
1424=,Blyth,1
1424=,Bo-Sapphire,1
1424=,Bobbi-Leigh,1
1424=,Boe,1
1424=,Boni,1
1424=,Bonni,1
1424=,Bonnie-Bleu,1
1424=,Bonnie-Marie,1
1424=,Bonny,1
1424=,Boshra,1
1424=,Boudicca,1
1424=,Bow,1
1424=,Bracken,1
1424=,Bracken-Jean,1
1424=,Braegan,1
1424=,Bramble,1
1424=,Brandi,1
1424=,Braya,1
1424=,Breah,1
1424=,Breeanna,1
1424=,Brenae,1
1424=,Brenna-Louise,1
1424=,Briagha,1
1424=,Briana,1
1424=,Brieghanna,1
1424=,Brier,1
1424=,Brigitte,1
1424=,Brodi,1
1424=,Bronte,1
1424=,Brook,1
1424=,Brooke-Marie,1
1424=,Brookelyn,1
1424=,Brooklyn-Sky,1
1424=,Bryanna,1
1424=,Bryn,1
1424=,Bryoni,1
1424=,Buse,1
1424=,Bushra,1
1424=,Caceylee,1
1424=,Cacie,1
1424=,Cadance,1
1424=,Cadee-Alyssa,1
1424=,Cadey,1
1424=,Cadey-Lee,1
1424=,Cadi-Lee,1
1424=,Cadie,1
1424=,Caelan,1
1424=,Caera,1
1424=,Caiden,1
1424=,Caidie,1
1424=,Caidin,1
1424=,Caidy,1
1424=,Caidyn,1
1424=,Caier,1
1424=,Caileen,1
1424=,Cailie,1
1424=,Cailyne,1
1424=,Caiolea,1
1424=,Caiomhe,1
1424=,Caisey,1
1424=,Caitaidh,1
1424=,Caite,1
1424=,Caitie,1
1424=,Caitlinn,1
1424=,Caitriona,1
1424=,Caity,1
1424=,Caity-Marie,1
1424=,Calah,1
1424=,Cale,1
1424=,Calice,1
1424=,Calli,1
1424=,Callia,1
1424=,Callie-Jayne,1
1424=,Cameryn,1
1424=,Camillie,1
1424=,Cammy,1
1424=,Camren,1
1424=,Cany,1
1424=,Caoilainn,1
1424=,Caoilfhinn,1
1424=,Caoilfinn,1
1424=,Capree,1
1424=,Capri,1
1424=,Cara-Leigh,1
1424=,Cara-Louise,1
1424=,Carah,1
1424=,Caralee,1
1424=,Cari-Ann,1
1424=,Carisen,1
1424=,Cariss,1
1424=,Carisse,1
1424=,Carley-Marie,1
1424=,Carlynn,1
1424=,Carmel,1
1424=,Carmella,1
1424=,Carmyle,1
1424=,Carra-Leigh,1
1424=,Carragh,1
1424=,Carri,1
1424=,Carrie-Anne,1
1424=,Carrie-Louise,1
1424=,Carris,1
1424=,Carron,1
1424=,Caryn,1
1424=,Caryss,1
1424=,Casey-Jean,1
1424=,Caseyleigh,1
1424=,Cassia,1
1424=,Cassie-Jean,1
1424=,Cassie-Louise,1
1424=,Cassieleigh,1
1424=,Cassy,1
1424=,Catalina,1
1424=,Catharine,1
1424=,Catherine-Leigh,1
1424=,Cathleen,1
1424=,Cathryn,1
1424=,Catlin,1
1424=,Catrina,1
1424=,Catriona-May,1
1424=,Cayce,1
1424=,Caydee-Lea,1
1424=,Caydence,1
1424=,Caylin,1
1424=,Cedar,1
1424=,Cee-Jai,1
1424=,Cee-Jay,1
1424=,Ceilidh-Dawn,1
1424=,Ceitidh,1
1424=,Celeste,1
1424=,Celina,1
1424=,Celine,1
1424=,Celsea,1
1424=,Celsi,1
1424=,Ceol,1
1424=,Ceren,1
1424=,Ceridwen,1
1424=,Cerys-Hope,1
1424=,Chaela,1
1424=,Chahat,1
1424=,Chahinez,1
1424=,Chala,1
1424=,Chandanpreet,1
1424=,Chara,1
1424=,Chardonnay,1
1424=,Charlay,1
1424=,Charlee,1
1424=,Charley-Louise,1
1424=,Charley-Rose,1
1424=,Charli-Leigh,1
1424=,Charli-Louise,1
1424=,Charlie-Anne,1
1424=,Charlie-Jane,1
1424=,Charlie-Kate,1
1424=,Charlotte-Ann,1
1424=,Charlotte-May,1
1424=,Charlotte-Rose,1
1424=,Charmaine,1
1424=,Chase,1
1424=,Chelsea-Lee,1
1424=,Chelsea-Louise,1
1424=,Chelsea-Marie,1
1424=,Chelsi,1
1424=,Chen,1
1424=,Chenille,1
1424=,Cherelle,1
1424=,Cherise,1
1424=,Cherith,1
1424=,Cherry,1
1424=,Cheyanna,1
1424=,Cheyanne,1
1424=,Chiamaka,1
1424=,Chidera,1
1424=,Chidi,1
1424=,Chizaram,1
1424=,Chloe-Ann,1
1424=,Chloe-Anne,1
1424=,Choco,1
1424=,Choire,1
1424=,Chola,1
1424=,Chrislyn,1
1424=,Christin,1
1424=,Chrystal,1
1424=,Chymari,1
1424=,Cilla,1
1424=,Cindy,1
1424=,Cirah,1
1424=,Circe,1
1424=,Cissy,1
1424=,Clarisse,1
1424=,Clarizze,1
1424=,Claudia-Lily,1
1424=,Clea,1
1424=,Cleone,1
1424=,Clio,1
1424=,Cliodhna,1
1424=,Clove,1
1424=,Concetta,1
1424=,Constanza,1
1424=,Cooper,1
1424=,Cora-Lee,1
1424=,Corah,1
1424=,Coralie,1
1424=,Coran,1
1424=,Corinn,1
1424=,Corinna,1
1424=,Courtneylee,1
1424=,Courtny,1
1424=,Coya,1
1424=,Cra'amie,1
1424=,Cree,1
1424=,Cruz,1
1424=,Crystyn,1
1424=,Cuba,1
1424=,Cynthia,1
1424=,Cypress,1
1424=,Cyra-Lee,1
1424=,D'arcy,1
1424=,Dacey-Raine,1
1424=,Dacia,1
1424=,Dai,1
1424=,Daigan,1
1424=,Daisy-Mae,1
1424=,Dakotah,1
1424=,Dallace,1
1424=,Damaris,1
1424=,Damiana,1
1424=,Daneesa,1
1424=,Danelle,1
1424=,Dania,1
1424=,Danica,1
1424=,Danikah,1
1424=,Danna,1
1424=,Danni-Jayne,1
1424=,Danni-Lynne,1
1424=,Dannii,1
1424=,Darby,1
1424=,Darcie-May,1
1424=,Darian,1
1424=,Darla,1
1424=,Darya,1
1424=,Data,1
1424=,Daylen,1
1424=,Daysi,1
1424=,Dearbhail,1
1424=,Dearbhla,1
1424=,Debbie,1
1424=,Deena,1
1424=,Deesha,1
1424=,Deia,1
1424=,Dela,1
1424=,Delaney,1
1424=,Delena,1
1424=,Delilah,1
1424=,Demi-Ann,1
1424=,Demi-Marie,1
1424=,Demie-Lee,1
1424=,Demira,1
1424=,Demmi,1
1424=,Denhi,1
1424=,Denise,1
1424=,Dennie,1
1424=,Denon,1
1424=,Denver,1
1424=,Deonaid,1
1424=,Derrin,1
1424=,Derryn,1
1424=,Derryne,1
1424=,Devayani,1
1424=,Dewi,1
1424=,Dhara,1
1424=,Dharci,1
1424=,Dhrishti,1
1424=,Diamond,1
1424=,Diane,1
1424=,Diaz,1
1424=,Diella,1
1424=,Dillan,1
1424=,Dillon,1
1424=,Dilly,1
1424=,Dilsa,1
1424=,Dilya,1
1424=,Dilys-Liliana,1
1424=,Dineo,1
1424=,Diona,1
1424=,Divine,1
1424=,Divine-Grace,1
1424=,Divinewill,1
1424=,Divya,1
1424=,Dobrawa,1
1424=,Doha,1
1424=,Dolci,1
1424=,Doone,1
1424=,Dora,1
1424=,Dua,1
1424=,Duaa,1
1424=,Dubhlinn,1
1424=,Duncan,1
1424=,Dupe,1
1424=,Dylan,1
1424=,Eabha,1
1424=,Eaden,1
1424=,Ebba,1
1424=,Ebeny,1
1424=,Eboni,1
1424=,Ebony-Marie,1
1424=,Edana,1
1424=,Edyn,1
1424=,Eeman,1
1424=,Efanam,1
1424=,Effie,1
1424=,Eiko,1
1424=,Eila,1
1424=,Eilean,1
1424=,Eileen,1
1424=,Eiley,1
1424=,Eilidh-Clare,1
1424=,Eirann,1
1424=,Eireann,1
1424=,Eireyn,1
1424=,Eirian,1
1424=,Eirin,1
1424=,Eirini,1
1424=,Eirinn,1
1424=,Eisha,1
1424=,Ekaterina,1
1424=,Ekhlass,1
1424=,Elaf,1
1424=,Elan,1
1424=,Elanisa,1
1424=,Elea-Rose,1
1424=,Elen,1
1424=,Eleni,1
1424=,Eleonora,1
1424=,Elgin,1
1424=,Eliane,1
1424=,Elidh,1
1424=,Elis,1
1424=,Elisabetta,1
1424=,Elish,1
1424=,Elishah,1
1424=,Elisia,1
1424=,Eliska,1
1424=,Elivia,1
1424=,Eliyah,1
1424=,Elizaveta,1
1424=,Elize,1
1424=,Ella-Angela,1
1424=,Ella-Jane,1
1424=,Ella-Jo,1
1424=,Ella-Mae,1
1424=,Ella-Sophia,1
1424=,Ellae,1
1424=,Elle-May,1
1424=,Elle-Rose,1
1424=,Elleanne,1
1424=,Ellelouise,1
1424=,Ellenor,1
1424=,Ellia,1
1424=,Elliana,1
1424=,Ellice,1
1424=,Ellie-Dee,1
1424=,Ellie-Jane,1
1424=,Ellie-Jo,1
1424=,Ellie-Lee,1
1424=,Ellie-Louise,1
1424=,Ellie-Mae,1
1424=,Ellisa,1
1424=,Ellisha,1
1424=,Ellissa-Mae,1
1424=,Ellissia,1
1424=,Ellyce,1
1424=,Elody,1
1424=,Eloisa,1
1424=,Elona,1
1424=,Elora,1
1424=,Elouise,1
1424=,Elsbeth,1
1424=,Elsi,1
1424=,Elvi,1
1424=,Elvita,1
1424=,Elwyn,1
1424=,Elyana,1
1424=,Elyce,1
1424=,Elysa,1
1424=,Elysia,1
1424=,Elysia-Grace,1
1424=,Elysse,1
1424=,Emaly,1
1424=,Eman,1
1424=,Emelie,1
1424=,Emelye,1
1424=,Emilee,1
1424=,Emilie-Jane,1
1424=,Emilyann,1
1424=,Emilyjo,1
1424=,Emilylee,1
1424=,Emilyrose,1
1424=,Emma-Clare,1
1424=,Emma-Jayne,1
1424=,Emma-Marie,1
1424=,Emmajane,1
1424=,Emme,1
1424=,Emmi-Leigh,1
1424=,Emmylou,1
1424=,Emon,1
1424=,Emowyn,1
1424=,Eni,1
1424=,Enoghado,1
1424=,Enrika,1
1424=,Enya,1
1424=,Eqlaas,1
1424=,Erann,1
1424=,Erica-Leigh,1
1424=,Erina,1
1424=,Erinn-Rose,1
1424=,Eris,1
1424=,Errin,1
1424=,Errys,1
1424=,Eryca,1
1424=,Eryn-Rose,1
1424=,Eshaal,1
1424=,Esma,1
1424=,Esme-Fi,1
1424=,Esme-Kurt,1
1424=,Esmee,1
1424=,Esmeralda,1
1424=,Essie,1
1424=,Etiene,1
1424=,Eubh,1
1424=,Eubha,1
1424=,Eva-Violet,1
1424=,Evalina,1
1424=,Evelina,1
1424=,Eveline,1
1424=,Evelyne,1
1424=,Evelynne,1
1424=,Evey,1
1424=,Evie-Kate,1
1424=,Evie-Louise,1
1424=,Evonna,1
1424=,Ewa,1
1424=,Ezri,1
1424=,Faatimah-Tuur,1
1424=,Fadile,1
1424=,Faith-Symphony,1
1424=,Faiza,1
1424=,Fajer,1
1424=,Falyn,1
1424=,Fara,1
1424=,Farisya,1
1424=,Farren,1
1424=,Faryn,1
1424=,Fasai,1
1424=,Fatama,1
1424=,Fathema,1
1424=,Fathima,1
1424=,Fathma,1
1424=,Fatiha,1
1424=,Fauve,1
1424=,Fay,1
1424=,Fearn,1
1424=,Fedora,1
1424=,Felix,1
1424=,Fendi,1
1424=,Fenella,1
1424=,Fenn,1
1424=,Finleigh,1
1424=,Fion,1
1424=,Fionnah,1
1424=,Fizzah,1
1424=,Flyn,1
1424=,Foosiya,1
1424=,Francisca,1
1424=,Freia,1
1424=,Freya-Jessica,1
1424=,Frieda,1
1424=,Gabby,1
1424=,Gabija,1
1424=,Gabriele,1
1424=,Gael,1
1424=,Gaia,1
1424=,Galilee,1
1424=,Garoa,1
1424=,Gemima,1
1424=,Gemmalea,1
1424=,Georgie-Brooke,1
1424=,Georgina-Anne,1
1424=,Geraldine,1
1424=,Ghalya,1
1424=,Giada,1
1424=,Giane,1
1424=,Gigha,1
1424=,Gillian,1
1424=,Gioia,1
1424=,Gisele,1
1424=,Giselle,1
1424=,Giyia,1
1424=,Glydel,1
1424=,Gomana,1
1424=,Gracealexandra,1
1424=,Gracie-Lee,1
1424=,Gracie-Sue,1
1424=,Gracielynn,1
1424=,Graidi,1
1424=,Grainne,1
1424=,Greer,1
1424=,Gretchen,1
1424=,Guinevere,1
1424=,Gwendolyn,1
1424=,Haadiyah,1
1424=,Haajirah,1
1424=,Habeebah,1
1424=,Hadasah,1
1424=,Hadia,1
1424=,Hadiqa,1
1424=,Hadiya,1
1424=,Hadjar,1
1424=,Hadyn,1
1424=,Hafiza,1
1424=,Hafswa,1
1424=,Haghdann,1
1424=,Haidyn,1
1424=,Haillie,1
1424=,Hajirah,1
1424=,Hajjrah,1
1424=,Hajra,1
1424=,Hajrah,1
1424=,Hala,1
1424=,Haley,1
1424=,Halina,1
1424=,Halley,1
1424=,Halyda,1
1424=,Hamani,1
1424=,Hamera,1
1424=,Hanania,1
1424=,Haneeah,1
1424=,Haneen,1
1424=,Hania,1
1424=,Hanim,1
1424=,Haniya,1
1424=,Haniyah,1
1424=,Hanya,1
1424=,Happy,1
1424=,Hareem,1
1424=,Hariot,1
1424=,Harleigh,1
1424=,Harlie,1
1424=,Harneet,1
1424=,Harnisha,1
1424=,Harper,1
1424=,Harriette,1
1424=,Harshita,1
1424=,Hasini,1
1424=,Hattie,1
1424=,Havin,1
1424=,Hawaa,1
1424=,Hayden,1
1424=,Haydyn,1
1424=,Hayla,1
1424=,Hayley-Jane,1
1424=,Hayva,1
1424=,Heather-Anne,1
1424=,Heaven-Leigh,1
1424=,Hebe,1
1424=,Helia,1
1424=,Hema,1
1424=,Hibah,1
1424=,Hibatullah,1
1424=,Hijab,1
1424=,Hillary,1
1424=,Himani,1
1424=,Hind,1
1424=,Hira,1
1424=,Hollee,1
1424=,Holli-Emma,1
1424=,Holli-Mae,1
1424=,Holly-Marie,1
1424=,Holly-May,1
1424=,Holly-Rose,1
1424=,Hollyanne,1
1424=,Hollye,1
1424=,Hollymay,1
1424=,Honey-Rose,1
1424=,Honeyjac,1
1424=,Hong,1
1424=,Honie,1
1424=,Honour,1
1424=,Hope-Sonrisa,1
1424=,Hui,1
1424=,Human,1
1424=,Humayra,1
1424=,Iana,1
1424=,Ice,1
1424=,Idun,1
1424=,Ifrah,1
1424=,Ifunanya,1
1424=,Iiona,1
1424=,Ilayda,1
1424=,Ilsa,1
1424=,Ilysa,1
1424=,Imama,1
1424=,Imani,1
1424=,Imogem,1
1424=,Ina,1
1424=,Inaara,1
1424=,Inaya,1
1424=,Inayah,1
1424=,Indi,1
1424=,India-Leoni,1
1424=,Indya,1
1424=,Inemesit,1
1424=,Inika,1
1424=,Iniobong,1
1424=,Inishka,1
1424=,Inka,1
1424=,Innaya,1
1424=,Innis,1
1424=,Insiya,1
1424=,Ioanna,1
1424=,Iola,1
1424=,Iorwen,1
1424=,Irem,1
1424=,Irfa,1
1424=,Irha,1
1424=,Iria,1
1424=,Irmak,1
1424=,Irza,1
1424=,Isabela,1
1424=,Isabell,1
1424=,Isadora,1
1424=,Iseabel,1
1424=,Ishaal,1
1424=,Ishwari,1
1424=,Isla-Louise,1
1424=,Islah,1
1424=,Isma,1
1424=,Israa,1
1424=,Ivory,1
1424=,Iyanuoluwa,1
1424=,Izabel,1
1424=,Izzah,1
1424=,Jabin,1
1424=,Jacqueline,1
1424=,Jacqui,1
1424=,Jada,1
1424=,Jadyn-Jo,1
1424=,Jae-Li,1
1424=,Jaeden,1
1424=,Jael,1
1424=,Jaelee,1
1424=,Jaelyn,1
1424=,Jai,1
1424=,Jaia,1
1424=,Jaidyn,1
1424=,Jaiha,1
1424=,Jaimee,1
1424=,Jaimee-Lee,1
1424=,Jaimee-Leigh,1
1424=,Jaimie-Leigh,1
1424=,Jaina,1
1424=,Jamee,1
1424=,Jameelah,1
1424=,Jami-Lee,1
1424=,Jamielee,1
1424=,Jamielynne,1
1424=,Janae,1
1424=,Janani,1
1424=,Janel,1
1424=,Janelle,1
1424=,Janette,1
1424=,Janey,1
1424=,Janie,1
1424=,Janna,1
1424=,Jannah,1
1424=,Japjeet,1
1424=,Japleen,1
1424=,Jaslyn,1
1424=,Jasmin-Sophie,1
1424=,Jasmina,1
1424=,Jasveer,1
1424=,Jay,1
1424=,Jaydean,1
1424=,Jayden-Maree,1
1424=,Jaying,1
1424=,Jayla,1
1424=,Jaymai-Leigh,1
1424=,Jayme,1
1424=,Jaymee-Lyn,1
1424=,Jaymi,1
1424=,Jaymie-Leigh,1
1424=,Jazmin,1
1424=,Jazmine,1
1424=,Jazz,1
1424=,Jeanie,1
1424=,Jeanie-May,1
1424=,Jeanna,1
1424=,Jeannie,1
1424=,Jem,1
1424=,Jema,1
1424=,Jemmia,1
1424=,Jenah,1
1424=,Jenifer,1
1424=,Jenna-Leigh,1
1424=,Jennie,1
1424=,Jensen,1
1424=,Jensine,1
1424=,Jesi-Lilas,1
1424=,Jessamea,1
1424=,Jessamy,1
1424=,Jesse,1
1424=,Jessica-Jane,1
1424=,Jessica-Lee,1
1424=,Jessica-Leigh,1
1424=,Jessica-Rose,1
1424=,Jessna,1
1424=,Jesutobiloba,1
1424=,Jett,1
1424=,Jeya,1
1424=,Jiayi,1
1424=,Jill,1
1424=,Jillian,1
1424=,Jillianne,1
1424=,Jing,1
1424=,Jing-Jing,1
1424=,Jingyi,1
1424=,Jiorrja,1
1424=,Joan,1
1424=,Joanne-Rose,1
1424=,Jodi-Marie,1
1424=,Joelle,1
1424=,Jolie,1
1424=,Jomana,1
1424=,Jools,1
1424=,Jordanne,1
1424=,Jordin,1
1424=,Jorji,1
1424=,Jorjia,1
1424=,Josephina,1
1424=,Josi,1
1424=,Joude,1
1424=,Joyce,1
1424=,Juanita,1
1424=,Jude-Lauren,1
1424=,Judith,1
1424=,Jules,1
1424=,Julie-Ann,1
1424=,Julieanne,1
1424=,Julietta,1
1424=,Julita,1
1424=,Jumaimah,1
1424=,Juniper,1
1424=,Justine,1
1424=,Justyna,1
1424=,Juwairiyah,1
1424=,Ka,1
1424=,Kacee,1
1424=,Kacey-Jai,1
1424=,Kacey-Jane,1
1424=,Kacey-Leah,1
1424=,Kacey-Lee,1
1424=,Kacey-Leigh,1
1424=,Kaceylee,1
1424=,Kaci-Lee,1
1424=,Kaci-Marie,1
1424=,Kacy,1
1424=,Kadie-Leigh,1
1424=,Kadyleigh,1
1424=,Kaedyn,1
1424=,Kaela-Kaliza,1
1424=,Kaeli,1
1424=,Kaelin,1
1424=,Kaelynn,1
1424=,Kahlea,1
1424=,Kahlen,1
1424=,Kahlia,1
1424=,Kahlya,1
1424=,Kaidan,1
1424=,Kaiden,1
1424=,Kaiden-Leigh,1
1424=,Kaidenn,1
1424=,Kaidi,1
1424=,Kaidy,1
1424=,Kaie-Lee,1
1424=,Kailas,1
1424=,Kailey,1
1424=,Kaili,1
1424=,Kaily,1
1424=,Kainaat,1
1424=,Kaira,1
1424=,Kaisha,1
1424=,Kaitlan,1
1424=,Kaitlin-Sarah,1
1424=,Kaleah,1
1424=,Kaleena,1
1424=,Kaleigh,1
1424=,Kalena,1
1424=,Kali-Leigh,1
1424=,Kali-Louise,1
1424=,Kalia,1
1424=,Kalie,1
1424=,Kalise,1
1424=,Kallen,1
1424=,Kalley,1
1424=,Kalli,1
1424=,Kalyana,1
1424=,Kamaljit,1
1424=,Kamela,1
1424=,Kamilah,1
1424=,Kamilia,1
1424=,Kamsiyochi,1
1424=,Kandel,1
1424=,Kandi,1
1424=,Kandice,1
1424=,Kandy-Sheree,1
1424=,Kapri,1
1424=,Kara-Leigh,1
1424=,Kara-Louise,1
1424=,Kara-Mae,1
1424=,Kara-May,1
1424=,Karah,1
1424=,Karaleigh,1
1424=,Karali,1
1424=,Kararose,1
1424=,Karhys,1
1424=,Karice,1
1424=,Karima,1
1424=,Karine,1
1424=,Karishma,1
1424=,Kariss,1
1424=,Karleigh,1
1424=,Karley,1
1424=,Karlii,1
1424=,Karmen,1
1424=,Karmyn,1
1424=,Karn,1
1424=,Karrah,1
1424=,Karris,1
1424=,Karyn,1
1424=,Karyss,1
1424=,Kasandra,1
1424=,Kasey-Leigh,1
1424=,Kasha,1
1424=,Kashish,1
1424=,Kashuf,1
1424=,Kasi,1
1424=,Kasja,1
1424=,Kaska,1
1424=,Kassey,1
1424=,Kassia,1
1424=,Kassidy,1
1424=,Kassie,1
1424=,Katalin-Bay,1
1424=,Katarina,1
1424=,Katarzyna,1
1424=,Katelyne,1
1424=,Katelynn,1
1424=,Katey,1
1424=,Kathrina,1
1424=,Kati,1
1424=,Kati-Marie,1
1424=,Katia,1
1424=,Katie-Ann,1
1424=,Katie-Jo,1
1424=,Katie-Lee,1
1424=,Katie-Leigh,1
1424=,Katie-Louise,1
1424=,Katlyn,1
1424=,Katlyn-Louise,1
1424=,Katrianne,1
1424=,Katrin,1
1424=,Katso,1
1424=,Katy-Leigh,1
1424=,Katylee,1
1424=,Kavita,1
1424=,Kayda,1
1424=,Kaydane,1
1424=,Kayde,1
1424=,Kaydn,1
1424=,Kaye,1
1424=,Kayla-Anne,1
1424=,Kayla-Jayne,1
1424=,Kayla-Mia,1
1424=,Kayla-Skye,1
1424=,Kaylah-Rose,1
1424=,Kaylea,1
1424=,Kayleigh-Ann,1
1424=,Kayleigh-Jane,1
1424=,Kayleigh-Jayne,1
1424=,Kayleigh-Jeanne,1
1424=,Kayleigh-Rose,1
1424=,Kaylen,1
1424=,Kaylynn,1
1424=,Kaytie,1
1424=,Kaytlyne,1
1424=,Kdi,1
1424=,Kea-Lynn,1
1424=,Kealcy,1
1424=,Keana,1
1424=,Keara-Leigh,1
1424=,Keavey,1
1424=,Keela,1
1424=,Keely-Jo,1
1424=,Keemaya,1
1424=,Keerah,1
1424=,Keetza,1
1424=,Keeyra,1
1424=,Keianna-Leigh,1
1424=,Keiara,1
1424=,Keilee,1
1424=,Keilidh,1
1424=,Keira-Louise,1
1424=,Keirna,1
1424=,Keirra,1
1424=,Keirra-Dawn,1
1424=,Keiva,1
1424=,Keleigh,1
1424=,Kelice,1
1424=,Kelise,1
1424=,Kellen,1
1424=,Kellsey,1
1424=,Kellsie,1
1424=,Kelly-Anne,1
1424=,Kellyanne,1
1424=,Kelsay,1
1424=,Kelsey-Jo,1
1424=,Kelsey-Lee,1
1424=,Kelsey-Leigh,1
1424=,Kelsie-Louise,1
1424=,Kelsiee,1
1424=,Kemi,1
1424=,Kendyl,1
1424=,Kendyll,1
1424=,Kenza,1
1424=,Kenzi-Lea,1
1424=,Kenzie-Lee,1
1424=,Kenziey,1
1424=,Kenzii,1
1424=,Kenzy,1
1424=,Keonah-Jade,1
1424=,Kera,1
1424=,Kerriannah,1
1424=,Kerrieann,1
1424=,Kerrigan,1
1424=,Kerrin-Martha,1
1424=,Kerry-Louise,1
1424=,Kerryn,1
1424=,Keryis,1
1424=,Kesia,1
1424=,Ketsia,1
1424=,Kevaugh,1
1424=,Keyra,1
1424=,Khaela,1
1424=,Khaia,1
1424=,Khajusta,1
1424=,Khalida,1
1424=,Khariss,1
1424=,Kharli,1
1424=,Kheanna,1
1424=,Khelis,1
1424=,Khenzi-Crie,1
1424=,Kherys,1
1424=,Khiana-Lee,1
1424=,Khyla,1
1424=,Khyralee,1
1424=,Ki'ara,1
1424=,Kiah,1
1424=,Kiara-Angel,1
1424=,Kiara-Nikolle,1
1424=,Kiarrah,1
1424=,Kiera-Lee,1
1424=,Kiera-Mickela,1
1424=,Kieya,1
1424=,Kihanna,1
1424=,Kilah-Rose,1
1424=,Kimberleigh,1
1424=,Kimi,1
1424=,Kimmie,1
1424=,Kingsley,1
1424=,Kinsey,1
1424=,Kiranpreet,1
1424=,Kirie,1
1424=,Kisha,1
1424=,Kitana,1
1424=,Kiyaleigh,1
1424=,Kiyara,1
1424=,Kizhi,1
1424=,Klara,1
1424=,Kodey,1
1424=,Kody,1
1424=,Komal,1
1424=,Koni,1
1424=,Konnie,1
1424=,Konstancja,1
1424=,Koral,1
1424=,Kornelia,1
1424=,Kornelija,1
1424=,Krista,1
1424=,Kristal,1
1424=,Kristina,1
1424=,Kruz,1
1424=,Krystyna,1
1424=,Kuzivakwashe,1
1424=,Kyalah,1
1424=,Kyesha,1
1424=,Kyla-Grace,1
1424=,Kyleena,1
1424=,Kylen,1
1424=,Kylie,1
1424=,Kyna,1
1424=,Kyrah,1
1424=,Labhaoise,1
1424=,Lacci,1
1424=,Lailah,1
1424=,Laiyah,1
1424=,Lanah,1
1424=,Lanakai,1
1424=,Lani,1
1424=,Laoise,1
1424=,Lara-Jean,1
1424=,Laranya,1
1424=,Larkin,1
1424=,Larosa,1
1424=,Laticha,1
1424=,Latifa,1
1424=,Latisha,1
1424=,Latoya,1
1424=,Launi,1
1424=,Laura-Anne,1
1424=,Laura-Jane,1
1424=,Laura-Ruby,1
1424=,Laurabeth,1
1424=,Laurajane,1
1424=,Lauree-Ann,1
1424=,Lauri,1
1424=,Laurianne,1
1424=,Lavena,1
1424=,Lavinia,1
1424=,Layaan,1
1424=,Layan,1
1424=,Layney,1
1424=,Lea-Jane,1
1424=,Leanna-Jade,1
1424=,Leaya,1
1424=,Leea,1
1424=,Leeah,1
1424=,Leechan,1
1424=,Leela,1
1424=,Leen,1
1424=,Leeona,1
1424=,Leetisha,1
1424=,Leevi,1
1424=,Leigh-Anna,1
1424=,Leighann,1
1424=,Leighanna,1
1424=,Leilah,1
1424=,Leilan,1
1424=,Leilani,1
1424=,Lekiesha,1
1424=,Lene,1
1424=,Lennix,1
1424=,Lenzy,1
1424=,Leomie,1
1424=,Leone,1
1424=,Letitia,1
1424=,Letizia,1
1424=,Lettice,1
1424=,Lexine,1
1424=,Lexis,1
1424=,Lexus,1
1424=,Lexy,1
1424=,Leya,1
1424=,Leyia,1
1424=,Leyre,1
1424=,Liadan,1
1424=,Liah,1
1424=,Liahona,1
1424=,Liala,1
1424=,Lianne,1
1424=,Libbi-Louise,1
1424=,Lida,1
1424=,Liesje,1
1424=,Light,1
1424=,Likiesha,1
1424=,Likitta,1
1424=,Lila-Jane,1
1424=,Lileidh,1
1424=,Lili,1
1424=,Lilie-Eve,1
1424=,Lilie-May,1
1424=,Lillay,1
1424=,Lilley,1
1424=,Lillia,1
1424=,Lilliarna,1
1424=,Lillie-Mae,1
1424=,Lilly-Angela,1
1424=,Lillyann,1
1424=,Lillyanne,1
1424=,Lily-Grace,1
1424=,Lily-May,1
1424=,Lilya,1
1424=,Lilyana,1
1424=,Lilybell,1
1424=,Lilygrace,1
1424=,Lilymay,1
1424=,Limbiadhe,1
1424=,Linden,1
1424=,Lindsay,1
1424=,Linley,1
1424=,Liona,1
1424=,Liu,1
1424=,Liv,1
1424=,Livie,1
1424=,Liyah,1
1424=,Liyema,1
1424=,Llana,1
1424=,Lmar,1
1424=,Logyn,1
1424=,Logyne,1
1424=,Lok-Sum,1
1424=,Lorelei,1
1424=,Lorin,1
1424=,Lorne,1
1424=,Lotta,1
1424=,Lotti,1
1424=,Lotus,1
1424=,Louanne,1
1424=,Louella,1
1424=,Loveea,1
1424=,Lowena,1
1424=,Lowri,1
1424=,Loxi,1
1424=,Lucee,1
1424=,Lucey-Ann,1
1424=,Lucie-Ann,1
1424=,Lucky,1
1424=,Lucy-Anne,1
1424=,Lucy-John,1
1424=,Lucyanne,1
1424=,Lueji,1
1424=,Luella,1
1424=,Luighsighe,1
1424=,Luiza,1
1424=,Lula,1
1424=,Lusiana,1
1424=,Lybi,1
1424=,Lyena,1
1424=,Lylah,1
1424=,Lylakay,1
1424=,Lyndsey,1
1424=,Lynsie,1
1424=,Lyra,1
1424=,Maanisha,1
1424=,Maariyah,1
1424=,Mabruka,1
1424=,Maca,1
1424=,Maccartney,1
1424=,Macey-May,1
1424=,Machaela,1
1424=,Maci,1
1424=,Maci-Jo,1
1424=,Macie-Rose,1
1424=,Mackalya,1
1424=,Mackena,1
1424=,Macy-Ellie,1
1424=,Maddie,1
1424=,Maddison-Leigh,1
1424=,Madeeha,1
1424=,Madelyn,1
1424=,Madilyn,1
1424=,Madinah,1
1424=,Madisen,1
1424=,Madisin,1
1424=,Madison-Rose,1
1424=,Madisson,1
1424=,Madonna,1
1424=,Maeghan,1
1424=,Maewenn,1
1424=,Maeya,1
1424=,Maggi,1
1424=,Maggy,1
1424=,Mahasen,1
1424=,Mahdiya,1
1424=,Mahum,1
1424=,Maiah,1
1424=,Maighdlin,1
1424=,Maija,1
1424=,Maili,1
1424=,Mailli,1
1424=,Maimie,1
1424=,Maira,1
1424=,Mairi-Ann,1
1424=,Mairi-Rose,1
1424=,Mairin,1
1424=,Maisey,1
1424=,Maisha,1
1424=,Maisi,1
1424=,Maisie-Rae,1
1424=,Maison,1
1424=,Maizy,1
1424=,Majka,1
1424=,Makaila,1
1424=,Makenzie,1
1424=,Malaeka,1
1424=,Malaikah,1
1424=,Malak,1
1424=,Malayka,1
1424=,Malebo,1
1424=,Malecia,1
1424=,Maleetah,1
1424=,Malika,1
1424=,Malikah,1
1424=,Malina,1
1424=,Malisa,1
1424=,Mallissaa,1
1424=,Man,1
1424=,Manar,1
1424=,Mandy,1
1424=,Manna,1
1424=,Manon,1
1424=,Manwen,1
1424=,Maram,1
1424=,Marcelina,1
1424=,Marcella,1
1424=,Marci,1
1424=,Marcia,1
1424=,Maree,1
1424=,Maren,1
1424=,Margaret-Mary,1
1424=,Marie-Liang,1
1424=,Marieclare,1
1424=,Mariella,1
1424=,Mariena,1
1424=,Mariesha,1
1424=,Mariette,1
1424=,Marin,1
1424=,Marina,1
1424=,Marion,1
1424=,Maris,1
1424=,Marla,1
1424=,Marlee,1
1424=,Marlie,1
1424=,Marriam,1
1424=,Marrwa,1
1424=,Marshall,1
1424=,Marwa,1
1424=,Marwad,1
1424=,Marwah,1
1424=,Mary-Anne,1
1424=,Mary-Jane,1
1424=,Marybeth,1
1424=,Maryjane,1
1424=,Marykate,1
1424=,Maryse,1
1424=,Marysia,1
1424=,Maryum,1
1424=,Mathilda,1
1424=,Matia,1
1424=,Maude,1
1424=,Mauna,1
1424=,Mawahib,1
1424=,Maxie,1
1424=,Maxine,1
1424=,Maykayla,1
1424=,Maylea,1
1424=,Mayra,1
1424=,Mckenzie-Leigh,1
1424=,Mea,1
1424=,Meabh,1
1424=,Meagan,1
1424=,Meah,1
1424=,Meara,1
1424=,Medeeha,1
1424=,Medina,1
1424=,Meenal,1
1424=,Megan-Louise,1
1424=,Megan-Rose,1
1424=,Meganlee,1
1424=,Megg,1
1424=,Megha,1
1424=,Meghana,1
1424=,Mehr,1
1424=,Mehreen,1
1424=,Mei,1
1424=,Meidhbhin,1
1424=,Meili,1
1424=,Meisha,1
1424=,Melandra,1
1424=,Melania,1
1424=,Meledy,1
1424=,Meleia,1
1424=,Melica,1
1424=,Melice,1
1424=,Melis,1
1424=,Melissande,1
1424=,Melodi,1
1424=,Melodie,1
1424=,Mena,1
1424=,Menna,1
1424=,Merab,1
1424=,Mercy,1
1424=,Meri,1
1424=,Meriem,1
1424=,Merina,1
1424=,Merissa,1
1424=,Meron,1
1424=,Merran,1
1424=,Merriliece,1
1424=,Meryl,1
1424=,Mhairade,1
1424=,Mhairi-Anne,1
1424=,Mhari,1
1424=,Mhea,1
1424=,Mhia,1
1424=,Mhurain,1
1424=,Mhyren,1
1424=,Mia-Carmen,1
1424=,Mia-Jac,1
1424=,Mia-Leigh,1
1424=,Mia-Rose,1
1424=,Miaah,1
1424=,Miao,1
1424=,Micaila,1
1424=,Micall,1
1424=,Micaylah,1
1424=,Micheala,1
1424=,Michela,1
1424=,Mikka,1
1424=,Miku,1
1424=,Milandra,1
1424=,Mili,1
1424=,Milie,1
1424=,Millan,1
1424=,Milley,1
1424=,Millie-May,1
1424=,Minaal,1
1424=,Minah,1
1424=,Mindi,1
1424=,Mindy,1
1424=,Ming,1
1424=,Minha,1
1424=,Minnette,1
1424=,Minnie,1
1424=,Mirabelle,1
1424=,Miranda,1
1424=,Miranne,1
1424=,Miren,1
1424=,Mirin-May,1
1424=,Mirryn,1
1424=,Miryn,1
1424=,Misba,1
1424=,Mishkat,1
1424=,Miskatul,1
1424=,Missy,1
1424=,Misty-Blue,1
1424=,Mitzi,1
1424=,Miyha,1
1424=,Mohaddesa,1
1424=,Molly-Jo,1
1424=,Molly-Mae,1
1424=,Molly-Mia,1
1424=,Molly-Rose,1
1424=,Monta,1
1424=,Morgan-Lee,1
1424=,Mornach,1
1424=,Morran,1
1424=,Morwen,1
1424=,Morwena,1
1424=,Moryn,1
1424=,Mounia,1
1424=,Mowmita,1
1424=,Moya,1
1424=,Muireann,1
1424=,Munachi,1
1424=,Munashe,1
1424=,Muneeba,1
1424=,Muntaz,1
1424=,Muqadaas,1
1424=,Muran,1
1424=,Murdina,1
1424=,Muriel,1
1424=,Murran,1
1424=,Murrun,1
1424=,Muryam,1
1424=,Muryn,1
1424=,Mutinta,1
1424=,Mya-Lexi,1
1424=,Myar,1
1424=,Myleene,1
1424=,Myrna,1
1424=,Mysha,1
1424=,Nabiha,1
1424=,Nadisa,1
1424=,Nafeesa,1
1424=,Naia,1
1424=,Naideen,1
1424=,Naima,1
1424=,Naina,1
1424=,Nairn,1
1424=,Nairne,1
1424=,Naisha,1
1424=,Nakeisha,1
1424=,Nana,1
1424=,Naoise,1
1424=,Naomie,1
1424=,Narissa,1
1424=,Nasifa,1
1424=,Natane,1
1424=,Nathalie,1
1424=,Natividad,1
1424=,Navdeep,1
1424=,Navneet,1
1424=,Nawal,1
1424=,Nawel,1
1424=,Nayeli,1
1424=,Nazia,1
1424=,Nazlijan,1
1424=,Nazzera,1
1424=,Neelam,1
1424=,Neema,1
1424=,Negha,1
1424=,Neiv,1
1424=,Nepheli,1
1424=,Nerea,1
1424=,Nerisse,1
1424=,Nevada,1
1424=,Ngaire,1
1424=,Nialla,1
1424=,Niav,1
1424=,Nichole,1
1424=,Nicki,1
1424=,Nicky,1
1424=,Nicolina,1
1424=,Nicoll,1
1424=,Nidba,1
1424=,Nidhi,1
1424=,Nigar,1
1424=,Nika,1
1424=,Nikela,1
1424=,Nikitta,1
1424=,Nikiya,1
1424=,Nikkita,1
1424=,Nikol,1
1424=,Nikoleta,1
1424=,Nikolina,1
1424=,Nima,1
1424=,Nimra,1
1424=,Ninon,1
1424=,Niobe,1
1424=,Niome,1
1424=,Niteesha,1
1424=,Nitya,1
1424=,Nivedita,1
1424=,Nivyn,1
1424=,Nnenda,1
1424=,Nodoka,1
1424=,Noelani,1
1424=,Nola,1
1424=,Nontando,1
1424=,Noor-El-Iman,1
1424=,Noor-Fatima,1
1424=,Norah,1
1424=,Norea,1
1424=,Nour,1
1424=,Nur-Aasiya,1
1424=,Nureza,1
1424=,Nuriyah,1
1424=,Nuwaira,1
1424=,Ocean,1
1424=,Oghenedoro,1
1424=,Olamide,1
1424=,Olivia-Grace,1
1424=,Olivia-Louise,1
1424=,Olivia-Mae,1
1424=,Olubanke,1
1424=,Olufunke,1
1424=,Olutobilola,1
1424=,Oluwabukunmi,1
1424=,Oluwademilade,1
1424=,Oluwafemi,1
1424=,Oluwaferanmi,1
1424=,Oluwamayode,1
1424=,Oluwanifemi,1
1424=,Oluwatamilore,1
1424=,Oluwateniolami,1
1424=,Oluwatimilehin,1
1424=,Oluwatoniloba,1
1424=,Oluwatosin,1
1424=,Olympia,1
1424=,Omolola,1
1424=,Ona,1
1424=,Oona,1
1424=,Oonagh,1
1424=,Ophelia,1
1424=,Opkeerat,1
1424=,Oriane,1
1424=,Orin,1
1424=,Orlaigh,1
1424=,Orlaithe,1
1424=,Orlanna,1
1424=,Oryn,1
1424=,Oshun,1
1424=,Otilia,1
1424=,Otilija,1
1424=,Page,1
1424=,Paidamoyo,1
1424=,Paislie,1
1424=,Palmer,1
1424=,Pamela,1
1424=,Pamindar,1
1424=,Pari,1
1424=,Parisa,1
1424=,Parmin,1
1424=,Parwana,1
1424=,Parya,1
1424=,Patience,1
1424=,Patsy,1
1424=,Pauline,1
1424=,Pavendeep,1
1424=,Peaches,1
1424=,Peebles,1
1424=,Peggy,1
1424=,Peige,1
1424=,Perrie,1
1424=,Phaedra,1
1424=,Phillipa,1
1424=,Pipa,1
1424=,Plamedie,1
1424=,Pola,1
1424=,Porsha,1
1424=,Portia,1
1424=,Possum,1
1424=,Prabhasees,1
1424=,Prabhjot,1
1424=,Prasheeta,1
1424=,Precious,1
1424=,Preet,1
1424=,Presley,1
1424=,Primrose,1
1424=,Priscillia,1
1424=,Prithivi,1
1424=,Prudance,1
1424=,Puja,1
1424=,Qainat,1
1424=,Qandeel,1
1424=,Qi,1
1424=,Qin,1
1424=,Queen,1
1424=,Queeneffa,1
1424=,Quinn,1
1424=,Raashi,1
1424=,Rabiya,1
1424=,Rachael-Louise,1
1424=,Racheal,1
1424=,Rachel-Marie,1
1424=,Rachna,1
1424=,Rafif,1
1424=,Ragen,1
1424=,Raghida,1
1424=,Ragid,1
1424=,Rahel,1
1424=,Raheli,1
1424=,Rahimah,1
1424=,Rai,1
1424=,Raigen,1
1424=,Raima,1
1424=,Raimee,1
1424=,Raina,1
1424=,Raine,1
1424=,Raisha,1
1424=,Rajveer,1
1424=,Rajwinder,1
1424=,Raman,1
1424=,Ramandeep,1
1424=,Rameesah,1
1424=,Ramona,1
1424=,Rana,1
1424=,Raniyah,1
1424=,Ranya,1
1424=,Raonaid,1
1424=,Raphaela,1
1424=,Ravina,1
1424=,Rawia,1
1424=,Ray,1
1424=,Rayan,1
1424=,Rayann,1
1424=,Rayna,1
1424=,Rayyan,1
1424=,Razan,1
1424=,Re-Ne,1
1424=,Rea,1
1424=,Reaiah,1
1424=,Rebbecah,1
1424=,Rebbecca,1
1424=,Rebeca,1
1424=,Rebecca-Lee,1
1424=,Rebecka,1
1424=,Rebekha,1
1424=,Rebekkah,1
1424=,Reeha,1
1424=,Reena,1
1424=,Reeva,1
1424=,Regina,1
1424=,Rehanna,1
1424=,Reiah,1
1424=,Reiss,1
1424=,Remei,1
1424=,Remi,1
1424=,Remonae,1
1424=,Remy,1
1424=,Renas,1
1424=,Renia,1
1424=,Reynelle,1
1424=,Rhaeanna,1
1424=,Rhanna,1
1424=,Rheanan,1
1424=,Rheanne,1
1424=,Rhiah,1
1424=,Rhiannin,1
1424=,Rhiannnon,1
1424=,Rhianyn,1
1424=,Rhienna,1
1424=,Rhiona,1
1424=,Rhoda,1
1424=,Rhonda,1
1424=,Rhya,1
1424=,Rhylee,1
1424=,Rhythm,1
1424=,Riagan,1
1424=,Rielly,1
1424=,Riha,1
1424=,Riham,1
1424=,Rihana,1
1424=,Rihannah,1
1424=,Rihenna,1
1424=,Rikki,1
1424=,Rimal,1
1424=,Risa,1
1424=,Riva,1
1424=,Riven,1
1424=,Roba,1
1424=,Rohanne,1
1424=,Rohma,1
1424=,Romana,1
1424=,Romanie,1
1424=,Romany,1
1424=,Romey,1
1424=,Romily,1
1424=,Romina,1
1424=,Roni,1
1424=,Roos,1
1424=,Rosalin,1
1424=,Rosamund,1
1424=,Rosangel,1
1424=,Rose-Lee,1
1424=,Rosea,1
1424=,Roseanne-Charlotte,1
1424=,Rosheen,1
1424=,Roshni,1
1424=,Rosie-Willow,1
1424=,Rovia,1
1424=,Rowanna,1
1424=,Rowen,1
1424=,Rowenna,1
1424=,Rowyn,1
1424=,Roxabella,1
1424=,Roxana,1
1424=,Roxanna,1
1424=,Roxi-Reene,1
1424=,Roxie,1
1424=,Roxy,1
1424=,Rozerin,1
1424=,Ruadhan,1
1424=,Rubi,1
1424=,Rubie,1
1424=,Rubii,1
1424=,Ruby-Ann,1
1424=,Ruby-Anne,1
1424=,Ruby-Blu,1
1424=,Ruby-Jayne,1
1424=,Ruby-Jo,1
1424=,Ruby-Mae,1
1424=,Rukhsana,1
1424=,Rumaysa,1
1424=,Ruqaiya,1
1424=,Ruqayah,1
1424=,Ruta,1
1424=,Ryan,1
1424=,Rybecca,1
1424=,Rydha,1
1424=,Ryhanna,1
1424=,Ryleigh,1
1424=,Ryley,1
1424=,Rylie,1
1424=,Rylie-Rae,1
1424=,Rzan,1
1424=,Saadah,1
1424=,Saanvi,1
1424=,Sabah,1
1424=,Sabila,1
1424=,Sabina,1
1424=,Sabine,1
1424=,Sabrine,1
1424=,Sabriyah,1
1424=,Sacha,1
1424=,Sadhbh,1
1424=,Sadie-Jane,1
1424=,Sadiqa,1
1424=,Sadiyah,1
1424=,Safara,1
1424=,Safeena,1
1424=,Saffa,1
1424=,Safi,1
1424=,Safiya,1
1424=,Safiyyah,1
1424=,Sahana,1
1424=,Saharra,1
1424=,Sahra,1
1424=,Sai,1
1424=,Saiba,1
1424=,Saicu,1
1424=,Sainabou,1
1424=,Saiorse,1
1424=,Sairah,1
1424=,Sajaa,1
1424=,Sajida,1
1424=,Sali,1
1424=,Saliha,1
1424=,Salihah,1
1424=,Salina,1
1424=,Salsabeel,1
1424=,Salymat,1
1424=,Saman,1
1424=,Samanta,1
1424=,Samanthalee,1
1424=,Samar,1
1424=,Samara,1
1424=,Sami-Jo,1
1424=,Samiha,1
1424=,Samira,1
1424=,Samiya,1
1424=,Sammi,1
1424=,Sammie,1
1424=,Sammy,1
1424=,Samya,1
1424=,Sanaa,1
1424=,Sanchia-Tara,1
1424=,Sandie,1
1424=,Sandy,1
1424=,Sania,1
1424=,Saniya,1
1424=,Saniyah,1
1424=,Sanna,1
1424=,Saphyre,1
1424=,Sara-Ann,1
1424=,Sara-Marie,1
1424=,Saraah,1
1424=,Sarabeth,1
1424=,Sarafina,1
1424=,Sarah-Jayne,1
1424=,Sarah-Leigh,1
1424=,Sarahlouise,1
1424=,Saranna,1
1424=,Sareena,1
1424=,Sarina,1
1424=,Sarka,1
1424=,Sascha,1
1424=,Saschamarie,1
1424=,Saumya,1
1424=,Savanah,1
1424=,Sawdah,1
1424=,Sayeda,1
1424=,Sayuri,1
1424=,Scarlett-Sinnead,1
1424=,Schekina,1
1424=,Schuyler,1
1424=,Scout,1
1424=,Se,1
1424=,Seatle,1
1424=,Seerat,1
1424=,Sehar,1
1424=,Seighin,1
1424=,Seo,1
1424=,Seona,1
1424=,Seonag,1
1424=,Sera,1
1424=,Serafina,1
1424=,Sereen,1
1424=,Serene,1
1424=,Seriah,1
1424=,Setana,1
1424=,Sevin,1
1424=,Seze,1
1424=,Shafaq,1
1424=,Shafia,1
1424=,Shafira,1
1424=,Shahna,1
1424=,Shaiza,1
1424=,Shakeira,1
1424=,Shakila,1
1424=,Shakira,1
1424=,Shalamar,1
1424=,Shalanna,1
1424=,Shanade,1
1424=,Shanai,1
1424=,Shanea,1
1424=,Shannah,1
1424=,Shannon-Louise,1
1424=,Shanon,1
1424=,Shanyn-Leigh,1
1424=,Shanyse,1
1424=,Shanzay,1
1424=,Sharilee,1
1424=,Sharlyn,1
1424=,Sharmaine,1
1424=,Sharmin,1
1424=,Sharon,1
1424=,Sharona,1
1424=,Sharyn,1
1424=,Shauna-Louise,1
1424=,Shauni,1
1424=,Shauntel,1
1424=,Shay,1
1424=,Shayla,1
1424=,Shaylee,1
1424=,Shayna,1
1424=,Shazina,1
1424=,Sheanne,1
1424=,Sheignneth,1
1424=,Shelley,1
1424=,Sheonagh,1
1424=,Sherese,1
1424=,Sherin,1
1424=,Shihed,1
1424=,Shikha,1
1424=,Shilpa,1
1424=,Shinade,1
1424=,Shinay,1
1424=,Shivani,1
1424=,Shiza,1
1424=,Shola,1
1424=,Shreya,1
1424=,Shula,1
1424=,Shuni,1
1424=,Shwetika,1
1424=,Shyanne,1
1424=,Si,1
1424=,Sia,1
1424=,Sianade,1
1424=,Siannon,1
1424=,Sicilija,1
1424=,Sidal,1
1424=,Sidonie,1
1424=,Sidra,1
1424=,Sierra,1
1424=,Sihaam,1
1424=,Silvana,1
1424=,Silvia,1
1424=,Simah,1
1424=,Simbiat,1
1424=,Simonne,1
1424=,Simra,1
1424=,Simran,1
1424=,Sinali,1
1424=,Sindhu,1
1424=,Sineidin,1
1424=,Sinem,1
1424=,Siobhon,1
1424=,Sionan,1
1424=,Siouxsie,1
1424=,Siranne,1
1424=,Siriol,1
1424=,Sister,1
1424=,Siubhan,1
1424=,Siya,1
1424=,Siyona,1
1424=,Slaney-Leigh,1
1424=,Slsbil,1
1424=,Sno,1
1424=,Sofiane,1
1424=,Soha,1
1424=,Sohaa,1
1424=,Sohera,1
1424=,Sol,1
1424=,Soma,1
1424=,Somaya,1
1424=,Sommer,1
1424=,Sonni,1
1424=,Sonniva,1
1424=,Sophiann,1
1424=,Sophie-Grace,1
1424=,Sophie-Lea,1
1424=,Sophie-Leigh,1
1424=,Sophie-Mae,1
1424=,Sophie-Marie,1
1424=,Sorche,1
1424=,Sorrel,1
1424=,Soukina,1
1424=,Spencer,1
1424=,Sree,1
1424=,Star,1
1424=,Stefanie,1
1424=,Stefany,1
1424=,Steff,1
1424=,Steffie,1
1424=,Stephanie-Anne,1
1424=,Stephany,1
1424=,Stevey,1
1424=,Stevie-Jay,1
1424=,Stevie-Leigh,1
1424=,Suhaira,1
1424=,Suilven,1
1424=,Sukhman,1
1424=,Sukhmani,1
1424=,Sukhpreet,1
1424=,Sukveer,1
1424=,Sum,1
1424=,Suman,1
1424=,Summer-Ollivia,1
1424=,Sunehri,1
1424=,Surina,1
1424=,Surya,1
1424=,Suvi,1
1424=,Suze,1
1424=,Suzi,1
1424=,Suzy,1
1424=,Swarnalakshmi,1
1424=,Sweet,1
1424=,Sylvana,1
1424=,Sylvanna,1
1424=,Tabbitha,1
1424=,Tabetha,1
1424=,Taen,1
1424=,Tahlia-Nikole,1
1424=,Tahreema,1
1424=,Taiba,1
1424=,Tailee,1
1424=,Taira,1
1424=,Taisha,1
1424=,Taiya,1
1424=,Tajveer,1
1424=,Takira,1
1424=,Takua,1
1424=,Tal,1
1424=,Taliah,1
1424=,Taliesin,1
1424=,Talise,1
1424=,Taliya,1
1424=,Talya,1
1424=,Tamarah,1
1424=,Tami,1
1424=,Tami-Marie,1
1424=,Tamie,1
1424=,Tamika,1
1424=,Tamlah,1
1424=,Tammara,1
1424=,Tammi,1
1424=,Tammi-Jo,1
1424=,Tammy-Jo,1
1424=,Tammylee,1
1424=,Tamsyn,1
1424=,Tamta,1
1424=,Tamzin-Taylor,1
1424=,Tanasha,1
1424=,Tanchoma,1
1424=,Taniesha,1
1424=,Tanisha,1
1424=,Tanith,1
1424=,Tansy,1
1424=,Tanya-Marie,1
1424=,Tanzina,1
1424=,Taqwa,1
1424=,Taqwah,1
1424=,Tara-Leigh,1
1424=,Tareena,1
1424=,Tasbiha,1
1424=,Tasha,1
1424=,Tasia,1
1424=,Tasneem,1
1424=,Tasniem,1
1424=,Tasnim,1
1424=,Tatiana,1
1424=,Tay,1
1424=,Taya,1
1424=,Taylan,1
1424=,Taylor-Ray,1
1424=,Taysia,1
1424=,Tea,1
1424=,Teagen,1
1424=,Teagen-Leigh,1
1424=,Teah,1
1424=,Tegen,1
1424=,Teghan,1
1424=,Tehya,1
1424=,Tehzeeb,1
1424=,Tehzeeba,1
1424=,Teigan-Louise,1
1424=,Teigon,1
1424=,Teja,1
1424=,Telise,1
1424=,Tembe,1
1424=,Temi,1
1424=,Temilade,1
1424=,Temitayo,1
1424=,Temperance,1
1424=,Tereza,1
1424=,Teri-Ann,1
1424=,Teri-Leigh,1
1424=,Terra,1
1424=,Terri-Anne,1
1424=,Teyyibah,1
1424=,Thais,1
1424=,Thara,1
1424=,Theana-Lee,1
1424=,Theresa,1
1424=,Thia,1
1424=,Thirza,1
1424=,Tia-Grace,1
1424=,Tia-Jay,1
1424=,Tia-Louise,1
1424=,Tian,1
1424=,Tianna-Lee,1
1424=,Tianqi,1
1424=,Tiarn,1
1424=,Tieghan,1
1424=,Tigan,1
1424=,Tighan,1
1424=,Tilhi,1
1424=,Tillie,1
1424=,Tillie-Mae,1
1424=,Tiona,1
1424=,Tione,1
1424=,Tira,1
1424=,Tokunbo,1
1424=,Toluwanimi,1
1424=,Toni-Jaq,1
1424=,Toni-Lee,1
1424=,Torri,1
1424=,Torrie,1
1424=,Torrie-Lee,1
1424=,Tracey,1
1424=,Tracilynn,1
1424=,Trassa,1
1424=,Triniti,1
1424=,Truli,1
1424=,Tyane,1
1424=,Tyeghyn,1
1424=,Tygan,1
1424=,Tyja,1
1424=,Tyla,1
1424=,Tylor,1
1424=,Tzara,1
1424=,Ula,1
1424=,Umaima,1
1424=,Umaya,1
1424=,Umme,1
1424=,Una,1
1424=,Unity,1
1424=,Usmah,1
1424=,Uswah,1
1424=,Uwana-Abasi,1
1424=,Uxia,1
1424=,Uzma,1
1424=,Vaimante,1
1424=,Vairi,1
1424=,Vaishali,1
1424=,Valentina,1
1424=,Valeria,1
1424=,Vaniza,1
1424=,Vanni,1
1424=,Vanya,1
1424=,Vasemaca,1
1424=,Veera,1
1424=,Venera,1
1424=,Veriraisa,1
1424=,Vicki,1
1424=,Vicky,1
1424=,Victoria-Leigh,1
1424=,Viki,1
1424=,Virginia,1
1424=,Virginie,1
1424=,Vivian,1
1424=,Vjay,1
1424=,Wanessa,1
1424=,Wang,1
1424=,Wardah,1
1424=,Warisha,1
1424=,Wen,1
1424=,Wezi,1
1424=,Wiktorja,1
1424=,Wilhelmina,1
1424=,Willa,1
1424=,Windsor,1
1424=,Wing-Yee,1
1424=,Winnifred,1
1424=,Witney,1
1424=,Wren,1
1424=,Wu,1
1424=,Xaniamh,1
1424=,Xanthe,1
1424=,Xanthia,1
1424=,Xing,1
1424=,Xiong,1
1424=,Xsara-Louise,1
1424=,Xue,1
1424=,Yana,1
1424=,Yangxi,1
1424=,Yaris,1
1424=,Yasemin,1
1424=,Yazmin,1
1424=,Yelena,1
1424=,Yi-Qing,1
1424=,Yi-Xuan,1
1424=,Yingzi,1
1424=,Yishuka,1
1424=,Yolanda,1
1424=,Yolwandle,1
1424=,Youer,1
1424=,Yuine,1
1424=,Yutong,1
1424=,Yva,1
1424=,Zaheerah,1
1424=,Zahide,1
1424=,Zahira,1
1424=,Zahraa,1
1424=,Zainib,1
1424=,Zakiyya,1
1424=,Zalfa,1
1424=,Zanab,1
1424=,Zaya,1
1424=,Zaynab,1
1424=,Zehra,1
1424=,Zeinab,1
1424=,Zella,1
1424=,Zenab,1
1424=,Zenah,1
1424=,Zenub,1
1424=,Zeynep,1
1424=,Zhen,1
1424=,Zi,1
1424=,Zian,1
1424=,Zinto,1
1424=,Zita,1
1424=,Zohra,1
1424=,Zosia,1
1424=,Zuhrah,1
1424=,Zulaikha,1
1424=,Zunaira,1
1424=,Zunera,1
1424=,Zuzia,1
1424=,Zuzu,1
