Position,Name,Number of babies
1,Sophie,739
2,Ava,486
3,Olivia,473
4,Emily,453
5=,Chloe,433
5=,Lucy,433
7,Katie,381
8,Emma,376
9,Erin,365
10,Amy,356
11,Isla,354
12,Ellie,337
13,Jessica,313
14,Hannah,301
15,Lily,286
16,Grace,280
17,Eva,271
18,Brooke,258
19,Holly,252
20,Leah,240
21,Mia,236
22,Megan,231
23,Millie,226
24,Freya,212
25,Niamh,211
26=,Anna,210
26=,Ruby,210
28,Aimee,198
29,Charlotte,195
30,Eilidh,193
31,Sarah,189
32,Abbie,180
33,Rebecca,179
34,Lauren,170
35,Zoe,164
36,Skye,163
37,Kayla,149
38=,Abigail,145
38=,Evie,145
40,Molly,144
41,Summer,142
42,Ella,140
43,Amelia,136
44,Amber,131
45,Rachel,126
46,Daisy,123
47,Eve,121
48,Caitlin,117
49,Cara,111
50,Zara,110
51,Madison,108
52,Paige,104
53,Keira,103
54,Nicole,97
55=,Morgan,95
55=,Sophia,95
57=,Mya,94
57=,Taylor,94
59,Maisie,92
60=,Layla,90
60=,Poppy,90
62=,Hollie,85
62=,Orla,85
64,Beth,81
65=,Iona,79
65=,Jasmine,79
67=,Lexi,78
67=,Maya,78
69,Elizabeth,77
70,Rosie,75
71,Georgia,73
72,Robyn,72
73,Kayleigh,71
74=,Bethany,69
74=,Isabella,69
76,Lexie,66
77,Casey,65
78=,Carly,64
78=,Julia,64
80=,Melissa,63
80=,Neve,63
82=,Imogen,62
82=,Kara,62
84,Alexandra,61
85=,Hayley,59
85=,Lucie,59
87,Sienna,58
88=,Amelie,57
88=,Jennifer,57
90=,Caitlyn,56
90=,Cerys,56
90=,Courtney,56
90=,Kirsty,56
94=,Demi,55
94=,Gracie,55
94=,Jenna,55
94=,Libby,55
94=,Miley,55
99=,Abby,54
99=,Phoebe,54
99=,Rowan,54
99=,Sofia,54
103=,Alex,52
103=,Heather,52
103=,Kelsey,52
103=,Lilly,52
103=,Lola,52
108=,Lacey,51
108=,Laura,51
110,Maria,50
111=,Maddison,49
111=,Maja,49
113=,Elise,48
113=,Louise,48
113=,Sara,48
116,Faith,47
117=,Mirren,46
117=,Rachael,46
119=,Carla,45
119=,Lara,45
121=,Alice,44
121=,Danielle,44
121=,Kaitlyn,44
124=,Alesha,43
124=,Gemma,43
124=,Samantha,43
127=,Catherine,42
127=,Kate,42
127=,Naomi,42
127=,Scarlett,42
131=,Emilia,41
131=,Kiera,41
131=,Rose,41
134=,Charley,40
134=,Natasha,40
134=,Tia,40
137=,Alyssa,39
137=,Martha,39
137=,Milly,39
140=,Ailsa,38
140=,Alisha,38
140=,Darcey,38
140=,Heidi,38
140=,Natalie,38
145=,Abi,37
145=,Lana,37
147=,Alexis,36
147=,Katherine,36
147=,Shannon,36
150=,Chelsea,35
150=,Mollie,35
150=,Nieve,35
150=,Tegan,35
154=,Connie,33
154=,Darcy,33
154=,Nicola,33
157=,Alana,32
157=,Anya,32
157=,Ciara,32
157=,Gabriella,32
157=,Kacey,32
162=,Ellis,31
162=,Lois,31
162=,Lucia,31
162=,Macy,31
162=,Victoria,31
162=,Zuzanna,31
168=,Catriona,30
168=,Hope,30
170=,Ashley,28
170=,Eleanor,28
170=,Maia,28
170=,Matilda,28
170=,Nina,28
170=,Payton,28
176=,Kirsten,27
176=,Morven,27
176=,Orlaith,27
176=,Peyton,27
180=,Alicia,26
180=,Angel,26
180=,Callie,26
180=,Carys,26
180=,Eden,26
180=,Isobel,26
186=,Abbey,25
186=,Annie,25
186=,Hayden,25
186=,Jodie,25
186=,Louisa,25
186=,Natalia,25
186=,Sasha,25
193=,Annabel,24
193=,Teigan,24
195=,Annabelle,23
195=,Charlie,23
195=,Francesca,23
195=,Leona,23
199=,Abbi,22
199=,Carmen,22
199=,Katy,22
202=,Aisha,21
202=,Alexa,21
202=,Alix,21
202=,Erica,21
202=,Florence,21
202=,Jade,21
202=,Kaitlin,21
202=,Lyla,21
202=,Sadie,21
202=,Willow,21
212=,Esme,20
212=,Hanna,20
212=,Isabelle,20
212=,Kathryn,20
212=,Kyla,20
212=,Leila,20
212=,Lena,20
212=,Tilly,20
220=,Caoimhe,19
220=,Cassie,19
220=,Christina,19
220=,Ellen,19
220=,Evelyn,19
220=,Faye,19
220=,Gabrielle,19
220=,Neive,19
220=,Oliwia,19
220=,Ruth,19
220=,Teagan,19
220=,Yvie,19
232=,Ashleigh,18
232=,Brodie,18
232=,Chantelle,18
232=,Clara,18
232=,Elsie,18
232=,Karis,18
232=,Kasey,18
232=,Katelyn,18
232=,Lisa,18
232=,Macey,18
232=,Marley,18
232=,Murron,18
232=,Nadia,18
232=,Rhianna,18
232=,Roxanne,18
232=,Teegan,18
232=,Violet,18
232=,Zainab,18
250=,Amie,17
250=,Ayla,17
250=,Brogan,17
250=,Cora,17
250=,Fiona,17
250=,Hailey,17
250=,Iris,17
250=,Isabel,17
250=,Jaime,17
250=,Josie,17
250=,Karly,17
250=,Mhairi,17
250=,Michelle,17
250=,Rebekah,17
264=,Amanda,16
264=,Bailey,16
264=,Eloise,16
264=,Fern,16
264=,Gabriela,16
264=,Hazel,16
264=,Kimberley,16
264=,Madeleine,16
264=,Rhiannon,16
264=,Rosa,16
264=,Savannah,16
264=,Stella,16
264=,Stephanie,16
264=,Wiktoria,16
278=,Aaliyah,15
278=,Arianna,15
278=,Billie,15
278=,Darcie,15
278=,Elena,15
278=,Elle,15
278=,Flora,15
278=,Halle,15
278=,Honey,15
278=,Kacie,15
278=,Leigha,15
278=,Mairi,15
290=,Aleksandra,14
290=,Aoife,14
290=,Brooklyn,14
290=,Harriet,14
290=,Jemma,14
290=,Jorja,14
290=,Kaci,14
290=,Kelsi,14
290=,Lori,14
290=,Meghan,14
290=,Sinead,14
301=,April,13
301=,Claire,13
301=,Claudia,13
301=,Eliza,13
301=,Emilie,13
301=,Esther,13
301=,India,13
301=,Kiara,13
301=,Laila,13
301=,Miya,13
301=,Nikola,13
301=,Roisin,13
301=,Tiegan,13
301=,Tyler,13
301=,Yasmin,13
301=,Zofia,13
317=,Alicja,12
317=,Avah,12
317=,Beatrice,12
317=,Ebony,12
317=,Elsa,12
317=,Eryn,12
317=,Freyja,12
317=,Islay,12
317=,Jasmin,12
317=,Jodi,12
317=,Juliette,12
317=,Kelsie,12
317=,Laiba,12
317=,Leigh,12
317=,Mary,12
317=,Michaela,12
317=,Mirrin,12
317=,Mylie,12
317=,Orlagh,12
317=,Rhea,12
317=,Seren,12
338=,Aila,11
338=,Ailidh,11
338=,Alanna,11
338=,Amira,11
338=,Ayesha,11
338=,Cassidy,11
338=,Cayla,11
338=,Dana,11
338=,Daniella,11
338=,Demi-Leigh,11
338=,Farrah,11
338=,Georgina,11
338=,Helen,11
338=,Kayley,11
338=,Kyra,11
338=,Lia,11
338=,Lydia,11
338=,Madeline,11
338=,Maggie,11
338=,Maisy,11
338=,Maryam,11
338=,Mckenzie,11
338=,Ria,11
338=,Rihanna,11
338=,Tamzin,11
338=,Tara,11
338=,Thea,11
365=,Aimee-Leigh,10
365=,Aleena,10
365=,Aleisha,10
365=,Alison,10
365=,Angela,10
365=,Belle,10
365=,Bonnie,10
365=,Faryl,10
365=,Fatima,10
365=,Fearne,10
365=,Helena,10
365=,Honor,10
365=,Jess,10
365=,Karolina,10
365=,Kenzie,10
365=,Kimberly,10
365=,Mackenzie,10
365=,Maeve,10
365=,Marissa,10
365=,Martyna,10
365=,Neave,10
365=,Olive,10
365=,Patrycja,10
365=,Riley,10
365=,Scarlet,10
365=,Teighan,10
365=,Vanessa,10
392=,Aleesha,9
392=,Allie,9
392=,Ana,9
392=,Annalise,9
392=,Ashlyn,9
392=,Bethan,9
392=,Carrie,9
392=,Emaan,9
392=,Georgie,9
392=,Hana,9
392=,Jamie,9
392=,Karys,9
392=,Kaylin,9
392=,Kirstin,9
392=,Laurie,9
392=,Lila,9
392=,Myla,9
392=,Paulina,9
392=,Penny,9
392=,Rhian,9
392=,Roxy,9
392=,Safa,9
392=,Sky,9
392=,Tabitha,9
392=,Tess,9
392=,Tiana,9
392=,Weronika,9
392=,Zahra,9
420=,Addison,8
420=,Ailie,8
420=,Alannah,8
420=,Ami,8
420=,Antonia,8
420=,Autumn,8
420=,Chanelle,8
420=,Charli,8
420=,Demi-Lee,8
420=,Destiny,8
420=,Emmie,8
420=,Hallie,8
420=,Inaaya,8
420=,Ivy,8
420=,Jamie-Leigh,8
420=,Joanna,8
420=,Kerris,8
420=,Khadija,8
420=,Khloe,8
420=,Kirstie,8
420=,Lilli,8
420=,Lillian,8
420=,Lily-Rose,8
420=,Maci,8
420=,Marie,8
420=,Marta,8
420=,Miriam,8
420=,Mirin,8
420=,Renee,8
420=,Shelby,8
420=,Sian,8
420=,Talia,8
420=,Tori,8
453=,Adele,7
453=,Ailey,7
453=,Ameera,7
453=,Amina,7
453=,Amna,7
453=,Amy-Leigh,7
453=,Anne,7
453=,Arwen,7
453=,Becky,7
453=,Bella,7
453=,Brianna,7
453=,Cailyn,7
453=,Calleigh,7
453=,Camryn,7
453=,Chanel,7
453=,Charis,7
453=,Clare,7
453=,Constance,7
453=,Devon,7
453=,Ellie-Louise,7
453=,Fallon,7
453=,Felicity,7
453=,Ishbel,7
453=,Jamie-Lee,7
453=,Kady,7
453=,Kaelyn,7
453=,Katie-Leigh,7
453=,Kaylee,7
453=,Keeva,7
453=,Kerry,7
453=,Kira,7
453=,Kitty,7
453=,Lauryn,7
453=,Lea,7
453=,Leanna,7
453=,Leena,7
453=,Leia,7
453=,Lillie,7
453=,Luisa,7
453=,Margaret,7
453=,Mariam,7
453=,May,7
453=,Melanie,7
453=,Melody,7
453=,Miah,7
453=,Monica,7
453=,Murrin,7
453=,Myah,7
453=,Myley,7
453=,Penelope,7
453=,Piper,7
453=,Rhona,7
453=,Sally,7
453=,Samia,7
453=,Shona,7
453=,Sylvie,7
453=,Tamara,7
453=,Tayler,7
453=,Verity,7
512=,Aela,6
512=,Aine,6
512=,Aleah,6
512=,Aleeza,6
512=,Alexia,6
512=,Alina,6
512=,Alissa,6
512=,Alyx,6
512=,Amiee,6
512=,Andi,6
512=,Bobbi,6
512=,Cailin,6
512=,Cameron,6
512=,Caragh,6
512=,Caris,6
512=,Chelsey,6
512=,Codi,6
512=,Crystal,6
512=,Dakota,6
512=,Danni,6
512=,Devyn,6
512=,Dionne,6
512=,Edie,6
512=,Edith,6
512=,Emme,6
512=,Emmy,6
512=,Hafsa,6
512=,Harley,6
512=,Iman,6
512=,Jaimee,6
512=,Jemima,6
512=,Jia,6
512=,Joanne,6
512=,Kallie,6
512=,Karli,6
512=,Kay,6
512=,Keeley,6
512=,Kerys,6
512=,Lili,6
512=,Macie,6
512=,Mara,6
512=,Marnie,6
512=,Meadow,6
512=,Mila,6
512=,Milena,6
512=,Nevaeh,6
512=,Nia,6
512=,Nyah,6
512=,Rosemary,6
512=,Serena,6
512=,Susanna,6
512=,Syeda,6
512=,Tayla,6
512=,Tessa,6
512=,Tina,6
512=,Veronica,6
512=,Viktoria,6
512=,Xin,6
512=,Yu,6
512=,Zoey,6
572=,Ada,5
572=,Aileigh,5
572=,Ainsley,5
572=,Aiva,5
572=,Alba,5
572=,Alia,5
572=,Aliza,5
572=,Amaya,5
572=,Andie,5
572=,Andrea,5
572=,Annabella,5
572=,Aqsa,5
572=,Arabella,5
572=,Asha,5
572=,Aurelia,5
572=,Ayva,5
572=,Baillie,5
572=,Becca,5
572=,Bianca,5
572=,Bronwyn,5
572=,Cally,5
572=,Caroline,5
572=,Ceilidh,5
572=,Cheryl,5
572=,Christy,5
572=,Cindy,5
572=,Clodagh,5
572=,Dara,5
572=,Darci,5
572=,Dee,5
572=,Donna,5
572=,Eliana,5
572=,Erika,5
572=,Erynn,5
572=,Frankie,5
572=,Genevieve,5
572=,Hadia,5
572=,Hayleigh,5
572=,Holli,5
572=,Iqra,5
572=,Jenny,5
572=,Jessie,5
572=,Juliet,5
572=,Kali,5
572=,Karina,5
572=,Karla,5
572=,Katie-Louise,5
572=,Katlyn,5
572=,Kayden,5
572=,Kaylah,5
572=,Kendal,5
572=,Kendra,5
572=,Khadijah,5
572=,Kiana,5
572=,Klaudia,5
572=,Kodie,5
572=,Kristin,5
572=,Leoni,5
572=,Leonie,5
572=,Lily-May,5
572=,Lottie,5
572=,Lyra,5
572=,Mae,5
572=,Marina,5
572=,Marisa,5
572=,Milli,5
572=,Millicent,5
572=,Murren,5
572=,Niomi,5
572=,Noor,5
572=,Nyla,5
572=,Ola,5
572=,Priya,5
572=,Reagan,5
572=,Reese,5
572=,Regan,5
572=,Roma,5
572=,Salma,5
572=,Sana,5
572=,Sandra,5
572=,Saoirse,5
572=,Selina,5
572=,Simone,5
572=,Sommer,5
572=,Sorcha,5
572=,Starr,5
572=,Stevie,5
572=,Susan,5
572=,Tammy,5
572=,Terri,5
572=,Tiffany,5
572=,Yasmine,5
572=,Yusra,5
572=,Zaynab,5
572=,Zia,5
572=,Zoya,5
668=,Adelle,4
668=,Adriana,4
668=,Ailish,4
668=,Aimie,4
668=,Alayna,4
668=,Alessia,4
668=,Alexandria,4
668=,Alisa,4
668=,Alishia,4
668=,Aliya,4
668=,Aminah,4
668=,Amy-Lee,4
668=,Anais,4
668=,Anastasia,4
668=,Angelica,4
668=,Angelina,4
668=,Anita,4
668=,Antonina,4
668=,Ariana,4
668=,Ashton,4
668=,Asmaa,4
668=,Astrid,4
668=,Aurora,4
668=,Ayleigh,4
668=,Blair,4
668=,Bree,4
668=,Cadence,4
668=,Candice,4
668=,Carli,4
668=,Carra,4
668=,Cate,4
668=,Celeste,4
668=,Chantel,4
668=,Cleo,4
668=,Cloe,4
668=,Cori,4
668=,D'arcy,4
668=,Daria,4
668=,Deanna,4
668=,Deborah,4
668=,Eilish,4
668=,Elisabeth,4
668=,Emily-Rose,4
668=,Evangeline,4
668=,Farah,4
668=,Frances,4
668=,Gwen,4
668=,Haniya,4
668=,Inaya,4
668=,Indie,4
668=,Isobella,4
668=,Jacqueline,4
668=,Jagoda,4
668=,Jana,4
668=,Jane,4
668=,Jordan,4
668=,Josephine,4
668=,Kaela,4
668=,Kassidy,4
668=,Kathleen,4
668=,Kelly,4
668=,Kenzi,4
668=,Kristina,4
668=,Laci,4
668=,Leilah,4
668=,Levi,4
668=,Lilia,4
668=,Liliana,4
668=,Linda,4
668=,Lorna,4
668=,Lucinda,4
668=,Magdalena,4
668=,Mairead,4
668=,Maiya,4
668=,Malak,4
668=,Marcie,4
668=,Mathilde,4
668=,Melisa,4
668=,Meredith,4
668=,Milla,4
668=,Mimi,4
668=,Miren,4
668=,Missy,4
668=,Mylee,4
668=,Nadine,4
668=,Niah,4
668=,Nikita,4
668=,Noa,4
668=,Ocean,4
668=,Patricia,4
668=,Pearl,4
668=,Pippa,4
668=,Polly,4
668=,Princess,4
668=,Rae,4
668=,Rhiannan,4
668=,Romy,4
668=,Rona,4
668=,Roxana,4
668=,Rylee,4
668=,Sabrina,4
668=,Sam,4
668=,Shania,4
668=,Shanna,4
668=,Siobhan,4
668=,Sofi,4
668=,Stacey,4
668=,Suzanne,4
668=,Sydney,4
668=,Tiah,4
668=,Tianna,4
668=,Toni,4
668=,Valentina,4
668=,Zaina,4
668=,Zarah,4
783=,Abby-Leigh,3
783=,Agata,3
783=,Aimee-Louise,3
783=,Aislinn,3
783=,Aizah,3
783=,Ali,3
783=,Aliyah,3
783=,Allegra,3
783=,Alya,3
783=,Alysia,3
783=,Amara,3
783=,Amber-Leigh,3
783=,Amii,3
783=,Anna-Leigh,3
783=,Annika,3
783=,Anushka,3
783=,Ara,3
783=,Ari,3
783=,Aria,3
783=,Arisha,3
783=,Aseel,3
783=,Asia,3
783=,Asma,3
783=,Athena,3
783=,Aurla,3
783=,Aya,3
783=,Ayah,3
783=,Aysha,3
783=,Bea,3
783=,Blanka,3
783=,Blythe,3
783=,Breagha,3
783=,Breanna,3
783=,Briony,3
783=,Brook,3
783=,Brooklynn,3
783=,Bryony,3
783=,Caelan,3
783=,Caila,3
783=,Caitlan,3
783=,Cali,3
783=,Calley,3
783=,Cassandra,3
783=,Charlee,3
783=,Charly,3
783=,Chelsi,3
783=,Chelsie,3
783=,Chiara,3
783=,Christie,3
783=,Colette,3
783=,Coral,3
783=,Daisy-Mae,3
783=,Dani,3
783=,Daniela,3
783=,Derri,3
783=,Diya,3
783=,Ela,3
783=,Elana,3
783=,Elisa,3
783=,Elisha,3
783=,Elissa,3
783=,Elli,3
783=,Ellie-Mae,3
783=,Ellie-May,3
783=,Ellie-Rose,3
783=,Elliott,3
783=,Ellise,3
783=,Elly,3
783=,Ellys,3
783=,Ellyse,3
783=,Elodie,3
783=,Elyse,3
783=,Emillie,3
783=,Emily-Jane,3
783=,Emma-Louise,3
783=,Ena,3
783=,Erin-Louise,3
783=,Eshaal,3
783=,Eshal,3
783=,Estelle,3
783=,Evelina,3
783=,Evi,3
783=,Ewa,3
783=,Ewelina,3
783=,Fia,3
783=,Gabriele,3
783=,Gia,3
783=,Gillian,3
783=,Gina,3
783=,Greta,3
783=,Hafsah,3
783=,Imaan,3
783=,Inez,3
783=,Isha,3
783=,Isra,3
783=,Izabella,3
783=,Jaimie-Lee,3
783=,Jaimie-Leigh,3
783=,Jaymi,3
783=,Jena,3
783=,Jocelyn,3
783=,Joey,3
783=,Johanna,3
783=,Kacy,3
783=,Kaiya,3
783=,Kaja,3
783=,Karen,3
783=,Karlie,3
783=,Karra,3
783=,Karris,3
783=,Kasie,3
783=,Kassi,3
783=,Kassie,3
783=,Katrina,3
783=,Kaya,3
783=,Kaycee,3
783=,Kaydee,3
783=,Kaylie,3
783=,Keanna,3
783=,Keavy,3
783=,Keera,3
783=,Keisha,3
783=,Kendall,3
783=,Kennedy,3
783=,Keri,3
783=,Keris,3
783=,Kerri,3
783=,Keryn,3
783=,Kianna,3
783=,Kinga,3
783=,Klara,3
783=,Kori,3
783=,Kylie,3
783=,Lacie,3
783=,Laibah,3
783=,Lailah,3
783=,Larissa,3
783=,Liana,3
783=,Linzi,3
783=,Livia,3
783=,Luci,3
783=,Lynsey,3
783=,Maha,3
783=,Maheen,3
783=,Maira,3
783=,Mairin,3
783=,Makayla,3
783=,Malika,3
783=,Mariah,3
783=,Marianne,3
783=,Mariella,3
783=,Marika,3
783=,Marlie,3
783=,Maura,3
783=,Melek,3
783=,Mercy,3
783=,Mhirren,3
783=,Michalina,3
783=,Mirran,3
783=,Mirryn,3
783=,Mischa,3
783=,Misha,3
783=,Moya,3
783=,Murryn,3
783=,Nada,3
783=,Nancy,3
783=,Neha,3
783=,Nell,3
783=,Nyree,3
783=,Paityn,3
783=,Paris,3
783=,Raegan,3
783=,Rahaf,3
783=,Raine,3
783=,Rana,3
783=,Rhianne,3
783=,Rida,3
783=,Rio,3
783=,Robin,3
783=,Roksana,3
783=,Rosalind,3
783=,Rosanna,3
783=,Rubi,3
783=,Rylie,3
783=,Saadia,3
783=,Sahara,3
783=,Saira,3
783=,Sandi,3
783=,Sapphire,3
783=,Saskia,3
783=,Seher,3
783=,Seona,3
783=,Shana,3
783=,Shi,3
783=,Skyla,3
783=,Sofie,3
783=,Summer-Louise,3
783=,Suzie,3
783=,Tahlia,3
783=,Tamsin,3
783=,Tanya,3
783=,Tatiana,3
783=,Tracy,3
783=,Ursula,3
783=,Veronika,3
783=,Yazmin,3
783=,Yvonne,3
783=,Zahraa,3
783=,Zoha,3
992=,Aairah,2
992=,Aamina,2
992=,Aava,2
992=,Abbie-Leigh,2
992=,Abbiegail,2
992=,Abbigail,2
992=,Abigael,2
992=,Abigale,2
992=,Adelaide,2
992=,Adian,2
992=,Afton,2
992=,Agnes,2
992=,Aileen,2
992=,Aillie,2
992=,Aimee-Lee,2
992=,Aimy,2
992=,Aishwarya,2
992=,Aisla,2
992=,Aisling,2
992=,Aiyana,2
992=,Aleigha,2
992=,Aleshia,2
992=,Aleyna,2
992=,Alise,2
992=,Alishba,2
992=,Allannah,2
992=,Ally,2
992=,Ambar,2
992=,Amilie,2
992=,Amirah,2
992=,Ammie,2
992=,Amrita,2
992=,Amyleigh,2
992=,Analeigh,2
992=,Anastazja,2
992=,Anaya,2
992=,Aneesa,2
992=,Ania,2
992=,Anika,2
992=,Anisah,2
992=,Anja,2
992=,Anjali,2
992=,Anjolaoluwa,2
992=,Ann,2
992=,Anna-Beth,2
992=,Anna-Louise,2
992=,Annaliese,2
992=,Antonella,2
992=,Arielle,2
992=,Arla,2
992=,Artemis,2
992=,Arwa,2
992=,Arwyn,2
992=,Ashlee,2
992=,Ashlynn,2
992=,Ashtyn,2
992=,Atlanta,2
992=,Audrey,2
992=,Austeja,2
992=,Ava-Grace,2
992=,Ayanna,2
992=,Ayiana,2
992=,Ayisha,2
992=,Aylee,2
992=,Ayra,2
992=,Ayza,2
992=,Azka,2
992=,Barbara,2
992=,Beate,2
992=,Beatriz,2
992=,Beau,2
992=,Blaire,2
992=,Blessing,2
992=,Blossom,2
992=,Bobbie,2
992=,Brenna,2
992=,Brihanna,2
992=,Broghan,2
992=,Bronagh,2
992=,Bruna,2
992=,Bushra,2
992=,Cadey,2
992=,Cadha,2
992=,Caidee,2
992=,Caileigh,2
992=,Caira,2
992=,Caitie,2
992=,Caleigh,2
992=,Calla,2
992=,Calli,2
992=,Callista,2
992=,Camille,2
992=,Caoilainn,2
992=,Carlie,2
992=,Carmel,2
992=,Carmyn,2
992=,Carris,2
992=,Carson,2
992=,Cassey,2
992=,Cassia,2
992=,Cayleigh,2
992=,Cecily,2
992=,Ceitidh,2
992=,Celia,2
992=,Ceren,2
992=,Charleigh,2
992=,Charmaine,2
992=,Cheyenne,2
992=,Chioma,2
992=,Christine,2
992=,Clio,2
992=,Codie,2
992=,Cody,2
992=,Cooper,2
992=,Courtney-Leigh,2
992=,Cruz,2
992=,Cynthia,2
992=,Daisie,2
992=,Dani-Leigh,2
992=,Dania,2
992=,Darby,2
992=,Dawn,2
992=,Dayna,2
992=,Debbie,2
992=,Demi-Louise,2
992=,Demilee,2
992=,Demileigh,2
992=,Denni,2
992=,Deryn,2
992=,Deven,2
992=,Diana,2
992=,Dion,2
992=,Dione,2
992=,Dior,2
992=,Divine,2
992=,Dixie,2
992=,Dorothy,2
992=,Drew,2
992=,Dua,2
992=,Eboni,2
992=,Ecrin,2
992=,Effie,2
992=,Eileen,2
992=,Eilis,2
992=,Elaine,2
992=,Elinor,2
992=,Elis,2
992=,Elize,2
992=,Ella-Jane,2
992=,Ella-Rose,2
992=,Ellie-Jay,2
992=,Ellie-Lee,2
992=,Ellie-Mai,2
992=,Elora,2
992=,Elspeth,2
992=,Eman,2
992=,Emelia,2
992=,Emeline,2
992=,Emer,2
992=,Emerson,2
992=,Emie,2
992=,Emilly,2
992=,Emma-Leigh,2
992=,Emmeline,2
992=,Enya,2
992=,Erinn,2
992=,Eva-Louise,2
992=,Evangelina,2
992=,Evelynn,2
992=,Evina,2
992=,Fareeha,2
992=,Fatimah,2
992=,Fatma,2
992=,Fearn,2
992=,Fiza,2
992=,Flo,2
992=,Franchesca,2
992=,Franki,2
992=,Fraya,2
992=,Freja,2
992=,Glory,2
992=,Gracey,2
992=,Haleema,2
992=,Hali,2
992=,Halli,2
992=,Halo,2
992=,Hamna,2
992=,Harmony,2
992=,Harper,2
992=,Havin,2
992=,Hazal,2
992=,Hester,2
992=,Hiba,2
992=,Huda,2
992=,Ida,2
992=,Ieva,2
992=,Iga,2
992=,Ila,2
992=,Ilaria,2
992=,Imani,2
992=,Inayah,2
992=,Indi,2
992=,Indy,2
992=,Israa,2
992=,Ivana,2
992=,Izabela,2
992=,Izzy,2
992=,Jadzia,2
992=,Jaime-Leigh,2
992=,Jaimie,2
992=,Jamie-Lynn,2
992=,Janet,2
992=,Jasmina,2
992=,Jayden,2
992=,Jaye,2
992=,Jayla,2
992=,Jayme,2
992=,Jemimah,2
992=,Jenni,2
992=,Jessica-Leigh,2
992=,Joan,2
992=,Jody,2
992=,Joely,2
992=,Jordyn,2
992=,Jorgi,2
992=,Joy,2
992=,Judith,2
992=,Judyta,2
992=,Juliana,2
992=,Julie,2
992=,Juno,2
992=,Kacey-Leigh,2
992=,Kaci-Leigh,2
992=,Kadi,2
992=,Kadie,2
992=,Kaila,2
992=,Kailey,2
992=,Kailyn,2
992=,Kaira,2
992=,Kaitlynn,2
992=,Kalie,2
992=,Kalina,2
992=,Kamile,2
992=,Karah,2
992=,Kari,2
992=,Karmyn,2
992=,Karrie,2
992=,Kasi,2
992=,Katarzyna,2
992=,Katharine,2
992=,Kati,2
992=,Katie-Lee,2
992=,Kaycie,2
992=,Kaydence,2
992=,Kaydie,2
992=,Kaydy,2
992=,Kaylyn,2
992=,Keelie,2
992=,Keely,2
992=,Keira-Louise,2
992=,Kellsie,2
992=,Kelsy,2
992=,Kenzie-Leigh,2
992=,Kera,2
992=,Kerrie,2
992=,Keyanna,2
992=,Kiah,2
992=,Kierra,2
992=,Kieva,2
992=,Kiki,2
992=,Kimber,2
992=,Kiran,2
992=,Kloe,2
992=,Kloey,2
992=,Kodi,2
992=,Kornelia,2
992=,Kourtney,2
992=,Krystal,2
992=,Kylah,2
992=,Laaibah,2
992=,Lacey-Lee,2
992=,Lacy,2
992=,Laya,2
992=,Laylah,2
992=,Leah-Grace,2
992=,Leah-Marie,2
992=,Leala,2
992=,Leanne,2
992=,Lee,2
992=,Leighton,2
992=,Lexa,2
992=,Lexy,2
992=,Leyla,2
992=,Lidya,2
992=,Lilly-May,2
992=,Lily-Grace,2
992=,Lilyana,2
992=,Lina,2
992=,Lindsay,2
992=,Lisamarie,2
992=,Liv,2
992=,Livvy,2
992=,Liyana,2
992=,Lorelai,2
992=,Lorelei,2
992=,Lorin,2
992=,Luana,2
992=,Lucienne,2
992=,Lucja,2
992=,Lucy-Jo,2
992=,Lulu,2
992=,Luna,2
992=,Mabel,2
992=,Madaleine,2
992=,Maddie,2
992=,Madelyn,2
992=,Madisyn,2
992=,Maham,2
992=,Mahi,2
992=,Maisey,2
992=,Majka,2
992=,Malaika,2
992=,Malin,2
992=,Manha,2
992=,Marcelina,2
992=,Marcy,2
992=,Maree,2
992=,Mariya,2
992=,Mariyah,2
992=,Marly,2
992=,Marwa,2
992=,Maryanne,2
992=,Matilde,2
992=,Maxi,2
992=,Mazie,2
992=,Mckayla,2
992=,Mckenna,2
992=,Meagan,2
992=,Megha,2
992=,Mehreen,2
992=,Melina,2
992=,Mercedes,2
992=,Merryn,2
992=,Mika,2
992=,Milana,2
992=,Milley,2
992=,Mina,2
992=,Minnie,2
992=,Mira,2
992=,Miyah,2
992=,Molly-Rose,2
992=,Morgane,2
992=,Moryn,2
992=,Murran,2
992=,Mylah,2
992=,Myleene,2
992=,Myleigh,2
992=,Myrna,2
992=,Naiomi,2
992=,Nataliya,2
992=,Naz,2
992=,Nerys,2
992=,Neva,2
992=,Nico,2
992=,Nika,2
992=,Nikkita,2
992=,Nola,2
992=,Nora,2
992=,Nuala,2
992=,Nylah,2
992=,Octavia,2
992=,Oluwadamilola,2
992=,Oluwatosin,2
992=,Oona,2
992=,Oriana,2
992=,Orlaigh,2
992=,Paighton,2
992=,Paisley,2
992=,Paula,2
992=,Pauline,2
992=,Pei,2
992=,Pheobe,2
992=,Philippa,2
992=,Phoenix,2
992=,Pixie,2
992=,Pola,2
992=,Priscilla,2
992=,Qing,2
992=,Rania,2
992=,Rayna,2
992=,Reanna,2
992=,Rebeka,2
992=,Reilly,2
992=,Remi,2
992=,Rhia,2
992=,Rianna,2
992=,Rileigh,2
992=,Riona,2
992=,Rita,2
992=,River,2
992=,Romi,2
992=,Romilly,2
992=,Roni,2
992=,Rosalyn,2
992=,Rosemarie,2
992=,Rosy,2
992=,Roxie,2
992=,Roxxi,2
992=,Roza,2
992=,Sabina,2
992=,Sacha,2
992=,Sadia,2
992=,Saffron,2
992=,Safia,2
992=,Safiya,2
992=,Sahra,2
992=,Saima,2
992=,Sairah,2
992=,Sakina,2
992=,Salihah,2
992=,Samanta,2
992=,Samara,2
992=,Sanna,2
992=,Sanvi,2
992=,Sarah-Jane,2
992=,Sarah-Louise,2
992=,Savanna,2
992=,Scout,2
992=,Selena,2
992=,Sereen,2
992=,Shae,2
992=,Shaila,2
992=,Shanzay,2
992=,Shauna,2
992=,Shauni,2
992=,Shreya,2
992=,Shyla,2
992=,Siana,2
992=,Simran,2
992=,Siri,2
992=,Somer,2
992=,Sonia,2
992=,Sophie-Lee,2
992=,Sophie-Leigh,2
992=,Sophie-Louise,2
992=,Stevi,2
992=,Sula,2
992=,Sunny,2
992=,Suzanna,2
992=,Suzy,2
992=,Sylvia,2
992=,Tamar,2
992=,Tami,2
992=,Tamzyn,2
992=,Tanith,2
992=,Tasnim,2
992=,Taya,2
992=,Taylor-Leigh,2
992=,Teri,2
992=,Theresa,2
992=,Tia-Rose,2
992=,Toni-Marie,2
992=,Trinity,2
992=,Trisha,2
992=,Tyla,2
992=,Tyra,2
992=,Ula,2
992=,Vaila,2
992=,Vesta,2
992=,Vivienne,2
992=,Wajeeha,2
992=,Wareesha,2
992=,Ya,2
992=,Yana,2
992=,Yara,2
992=,Yazmine,2
992=,Yi,2
992=,Zaria,2
992=,Zeenat,2
992=,Zhen,2
992=,Zulaikha,2
992=,Zunaira,2
1474=,A'isha,1
1474=,Aaila,1
1474=,Aaishah,1
1474=,Aaiza,1
1474=,Aaleah,1
1474=,Aaliegha,1
1474=,Aamna,1
1474=,Aania,1
1474=,Aanisah,1
1474=,Aanya,1
1474=,Aarohi,1
1474=,Aarushi,1
1474=,Aashna,1
1474=,Aasiya,1
1474=,Abbe,1
1474=,Abbey-Louise,1
1474=,Abbi-Leigh,1
1474=,Abbie-Jo,1
1474=,Abbie-Lee,1
1474=,Abbie-Lei,1
1474=,Abbie-Rose,1
1474=,Abbigael,1
1474=,Abbigale,1
1474=,Abbiney,1
1474=,Abbygail,1
1474=,Abeer,1
1474=,Abeerah,1
1474=,Abhithi,1
1474=,Abi-Jo,1
1474=,Abi-Taylor,1
1474=,Abigail-Rose,1
1474=,Abiha,1
1474=,Abileigh,1
1474=,Abisha,1
1474=,Abomma,1
1474=,Abrin,1
1474=,Aby,1
1474=,Adah,1
1474=,Adaobi,1
1474=,Adayre,1
1474=,Adedamola,1
1474=,Adela,1
1474=,Adeline,1
1474=,Ademoe,1
1474=,Adesola,1
1474=,Adi,1
1474=,Adia,1
1474=,Adison,1
1474=,Adisyn,1
1474=,Adiya,1
1474=,Adlyna,1
1474=,Adora,1
1474=,Adriane-Angel,1
1474=,Adrianna,1
1474=,Advika,1
1474=,Adwoah,1
1474=,Aekjot,1
1474=,Aeleigh,1
1474=,Aerin,1
1474=,Aeryn,1
1474=,Aesha,1
1474=,Aeva-Louise,1
1474=,Afeefah,1
1474=,Afiba,1
1474=,Afnan,1
1474=,Afraa,1
1474=,Afsheen,1
1474=,Afua,1
1474=,Agnieszka,1
1474=,Aibhlinn,1
1474=,Aicha,1
1474=,Aieesha,1
1474=,Aiesha,1
1474=,Aiko,1
1474=,Ailaina,1
1474=,Ailana,1
1474=,Ailayh,1
1474=,Aileana,1
1474=,Ailis,1
1474=,Ailysh,1
1474=,Aimal,1
1474=,Aimear,1
1474=,Aimee-Jane,1
1474=,Aimen,1
1474=,Aimey,1
1474=,Aimey-Louise,1
1474=,Aimi,1
1474=,Aimie-Jai,1
1474=,Aimiee,1
1474=,Ainara,1
1474=,Ainslie,1
1474=,Aira,1
1474=,Aishah,1
1474=,Aisleigh-Rae,1
1474=,Aiyanna,1
1474=,Aiza,1
1474=,Ajwa,1
1474=,Ajwaa,1
1474=,Akalya,1
1474=,Akira,1
1474=,Alaa,1
1474=,Alae,1
1474=,Alaia,1
1474=,Alaida,1
1474=,Alaina,1
1474=,Alamanda,1
1474=,Alanah,1
1474=,Alani,1
1474=,Alanis,1
1474=,Alara,1
1474=,Albatol,1
1474=,Alecia,1
1474=,Alecia-Hayleigh,1
1474=,Aleecia,1
1474=,Aleeha,1
1474=,Aleighya,1
1474=,Aleisha-Leigh,1
1474=,Aleisha-Marie,1
1474=,Aleishia,1
1474=,Alena,1
1474=,Alesha-Jane,1
1474=,Alesia,1
1474=,Alesja,1
1474=,Alessa,1
1474=,Alexa-Abby,1
1474=,Alexandrea,1
1474=,Alexandrina,1
1474=,Alexi,1
1474=,Alexis-Rose,1
1474=,Alexius-Lee,1
1474=,Alexsandra,1
1474=,Alexsey,1
1474=,Alexx,1
1474=,Alexyz,1
1474=,Aleyah,1
1474=,Aliana,1
1474=,Alianna,1
1474=,Alicia-Jane,1
1474=,Alicia-Louise,1
1474=,Aliehs,1
1474=,Aliesha-May,1
1474=,Aliha,1
1474=,Alika,1
1474=,Alisbha,1
1474=,Alishbah,1
1474=,Alissa-Skye,1
1474=,Alissia,1
1474=,Alivia,1
1474=,Alixe,1
1474=,Alixs,1
1474=,Alizah,1
1474=,Alla,1
1474=,Allana,1
1474=,Allana-Jo,1
1474=,Allanah,1
1474=,Allanna,1
1474=,Alli,1
1474=,Allisha,1
1474=,Allisia,1
1474=,Allison,1
1474=,Allyesa,1
1474=,Allyson,1
1474=,Almar,1
1474=,Almas,1
1474=,Almina,1
1474=,Althea,1
1474=,Alycia,1
1474=,Alyesha,1
1474=,Alyisha,1
1474=,Alys,1
1474=,Alysa,1
1474=,Alysha-May,1
1474=,Alyshia,1
1474=,Alyss,1
1474=,Alyssa-Tiree,1
1474=,Alyza,1
1474=,Alzahra,1
1474=,Alzahraa,1
1474=,Ama,1
1474=,Amaan,1
1474=,Amaani,1
1474=,Amal,1
1474=,Amaleigh,1
1474=,Amalia,1
1474=,Amalya,1
1474=,Amanda-Jane,1
1474=,Amandine,1
1474=,Amarachi,1
1474=,Amarah,1
1474=,Amaranth,1
1474=,Amber-Lily,1
1474=,Amber-May,1
1474=,Amberleigh,1
1474=,Ambika,1
1474=,Ambre,1
1474=,Ambur,1
1474=,Ame,1
1474=,Ameerah,1
1474=,Ameeran,1
1474=,Amelle,1
1474=,Amellia,1
1474=,Amena,1
1474=,Amerie,1
1474=,Ami-Jean,1
1474=,Ami-Jo,1
1474=,Ami-Lea,1
1474=,Ami-Lou,1
1474=,Ami-May,1
1474=,Amie-Leigh,1
1474=,Amiee-Lee,1
1474=,Amiejane,1
1474=,Amilah,1
1474=,Amilee,1
1474=,Amilia,1
1474=,Amisha,1
1474=,Amita,1
1474=,Amity,1
1474=,Amiyah,1
1474=,Ammaarah,1
1474=,Ammie-Leigh,1
1474=,Amneet,1
1474=,Amorie,1
1474=,Amrit,1
1474=,Amy-Jane,1
1474=,Amy-Jayne,1
1474=,Amy-May,1
1474=,Amylee,1
1474=,Amylouise,1
1474=,Amynicole,1
1474=,Ana-Lucia,1
1474=,Anabella,1
1474=,Anabelle,1
1474=,Anah,1
1474=,Anaise,1
1474=,Analia,1
1474=,Analiegh,1
1474=,Analise,1
1474=,Anam,1
1474=,Anastasija,1
1474=,Anastasiya,1
1474=,Anastazia,1
1474=,Andii,1
1474=,Andreja,1
1474=,Andromaches,1
1474=,Anea,1
1474=,Aneesah,1
1474=,Anelle,1
1474=,Anet,1
1474=,Angel-Mae,1
1474=,Angelea,1
1474=,Angelika,1
1474=,Angelin,1
1474=,Angeline,1
1474=,Anharika,1
1474=,Anhat,1
1474=,Aniela,1
1474=,Anila,1
1474=,Anisa,1
1474=,Anissa,1
1474=,Ankita,1
1474=,Anna-Grace,1
1474=,Anna-Lise,1
1474=,Anna-Mae,1
1474=,Annagh,1
1474=,Annakin,1
1474=,Annaleigh,1
1474=,Annalie,1
1474=,Annalisa,1
1474=,Annastasiangozi,1
1474=,Anne-Marie,1
1474=,Anne-Terez,1
1474=,Annelise,1
1474=,Annie-Louisa,1
1474=,Annissa,1
1474=,Anoushka,1
1474=,Ansley,1
1474=,Antonieta,1
1474=,Anum,1
1474=,Anvi,1
1474=,Anwen,1
1474=,Anyanka,1
1474=,Aoibhe,1
1474=,Aoife-Grace,1
1474=,Aoilisa,1
1474=,Apple,1
1474=,Arabelle,1
1474=,Arafah,1
1474=,Arale,1
1474=,Arawen-Zoe,1
1474=,Arden,1
1474=,Areebe,1
1474=,Areej,1
1474=,Areesha,1
1474=,Aresha,1
1474=,Arianne,1
1474=,Arina,1
1474=,Arisa,1
1474=,Ariya,1
1474=,Arlene,1
1474=,Arley,1
1474=,Arminah-Rose,1
1474=,Aroush,1
1474=,Arran,1
1474=,Arria,1
1474=,Arrianna,1
1474=,Arrianna-Fiona,1
1474=,Arrianna-Jane,1
1474=,Arwaa,1
1474=,Arya-Jane,1
1474=,Aryam,1
1474=,Aryanna,1
1474=,Aryn,1
1474=,Asaldis,1
1474=,Ashia,1
1474=,Ashleigh-Ann,1
1474=,Ashleigh-Louise,1
1474=,Ashleylouise,1
1474=,Ashlie,1
1474=,Ashlyne,1
1474=,Asil,1
1474=,Asiya,1
1474=,Asmat,1
1474=,Asra,1
1474=,Aubepine,1
1474=,Aubry,1
1474=,Augure,1
1474=,August,1
1474=,Aurelie,1
1474=,Autaum,1
1474=,Ava-Jayne,1
1474=,Ava-Kate,1
1474=,Ava-Leigh,1
1474=,Ava-Lily,1
1474=,Ava-Louise,1
1474=,Ava-Marree,1
1474=,Ava-Marrie,1
1474=,Ava-Mary,1
1474=,Ava-May,1
1474=,Ava-Ruby,1
1474=,Avah-Jayne,1
1474=,Avah-Lou,1
1474=,Avah-Rose,1
1474=,Avanita,1
1474=,Avie,1
1474=,Avril,1
1474=,Awo,1
1474=,Ayana,1
1474=,Ayanah,1
1474=,Ayanda,1
1474=,Ayat,1
1474=,Ayda,1
1474=,Ayden,1
1474=,Aydin,1
1474=,Ayimna,1
1474=,Aylei,1
1474=,Ayley,1
1474=,Aylie,1
1474=,Aylla,1
1474=,Ayma,1
1474=,Ayman,1
1474=,Aymen,1
1474=,Ayomide,1
1474=,Ayrleighs,1
1474=,Ayse,1
1474=,Ayshah-Noor,1
1474=,Ayshia,1
1474=,Aysu,1
1474=,Azariah,1
1474=,Azelie,1
1474=,Aziza,1
1474=,Azure,1
1474=,Azwah,1
1474=,Babita,1
1474=,Baileigh,1
1474=,Bailey-Marie,1
1474=,Bailie,1
1474=,Bailley,1
1474=,Baljit,1
1474=,Baraha,1
1474=,Bashayer,1
1474=,Batool,1
1474=,Baylay,1
1474=,Baylie,1
1474=,Beatha,1
1474=,Beiba,1
1474=,Belinda,1
1474=,Bella-Rose,1
1474=,Beray,1
1474=,Bernadette,1
1474=,Bessie,1
1474=,Betha,1
1474=,Bethanie,1
1474=,Betsy,1
1474=,Betty,1
1474=,Betty-Lou,1
1474=,Bevon,1
1474=,Bhavna,1
1474=,Bhishnee,1
1474=,Bhreagha,1
1474=,Biba,1
1474=,Billi,1
1474=,Billie-Claire,1
1474=,Billie-Loren,1
1474=,Bindia,1
1474=,Bisma,1
1474=,Blae,1
1474=,Blaise,1
1474=,Bliss,1
1474=,Bnafsha,1
1474=,Bo,1
1474=,Bobbie-Joe,1
1474=,Boluwaduro,1
1474=,Bonita,1
1474=,Bonnie-Leigh,1
1474=,Bonnique,1
1474=,Bonny,1
1474=,Boriana,1
1474=,Brahmjot,1
1474=,Braid,1
1474=,Brea,1
1474=,Breagh,1
1474=,Breah,1
1474=,Briana,1
1474=,Bridget,1
1474=,Brielle,1
1474=,Brigid,1
1474=,Brigit,1
1474=,Britt,1
1474=,Bronny,1
1474=,Bronte,1
1474=,Bronwyen,1
1474=,Brooke-Lynn,1
1474=,Brooke-Lynne,1
1474=,Brooklee,1
1474=,Brooklyne,1
1474=,Bryah,1
1474=,Bryce,1
1474=,Brylee,1
1474=,Caden,1
1474=,Cadey-Lee,1
1474=,Caela,1
1474=,Caelay-Anne,1
1474=,Caelen,1
1474=,Caelia,1
1474=,Caelyn,1
1474=,Cahla,1
1474=,Caidah,1
1474=,Caileen,1
1474=,Cailey,1
1474=,Cairina,1
1474=,Caitlin-Rose,1
1474=,Caitlyn-Joyce,1
1474=,Caitlynne,1
1474=,Caitriona,1
1474=,Caity,1
1474=,Caledonia,1
1474=,Calena,1
1474=,Calie,1
1474=,Calista,1
1474=,Callah,1
1474=,Caly,1
1474=,Cambelle,1
1474=,Camila,1
1474=,Camilla,1
1474=,Caoilinn,1
1474=,Caprice,1
1474=,Cara-Louise,1
1474=,Carah,1
1474=,Carice,1
1474=,Carina,1
1474=,Carlanne,1
1474=,Carlene,1
1474=,Carley,1
1474=,Carly-Ann,1
1474=,Carlyjo,1
1474=,Carmela,1
1474=,Carmella,1
1474=,Carole,1
1474=,Carole-Louise,1
1474=,Carragh,1
1474=,Caryss,1
1474=,Caryssa,1
1474=,Casey-Ann,1
1474=,Casey-Jane,1
1474=,Casey-Leigh,1
1474=,Casie,1
1474=,Cass,1
1474=,Cassadi,1
1474=,Cassandraann,1
1474=,Cassi,1
1474=,Catarina,1
1474=,Catherine-Ann,1
1474=,Cathleen,1
1474=,Catrin,1
1474=,Catrina,1
1474=,Cattiana,1
1474=,Caureen,1
1474=,Caydince,1
1474=,Cearlait,1
1474=,Cecilia,1
1474=,Cei,1
1474=,Ceianna,1
1474=,Ceit,1
1474=,Cerris,1
1474=,Cerrys,1
1474=,Ceryis,1
1474=,Ceylan,1
1474=,Ceylin,1
1474=,Chailyn,1
1474=,Chala,1
1474=,Channah,1
1474=,Chantae,1
1474=,Chantell,1
1474=,Chara,1
1474=,Chardonnay,1
1474=,Charlee-Marie,1
1474=,Charlene,1
1474=,Charlet,1
1474=,Charley-Leigh,1
1474=,Charley-Marie,1
1474=,Charley-May,1
1474=,Charlie-Anne,1
1474=,Charlotta,1
1474=,Charlotte-Ann,1
1474=,Charlton,1
1474=,Charlye,1
1474=,Charu,1
1474=,Chawan,1
1474=,Chaya,1
1474=,Chebia,1
1474=,Chen,1
1474=,Chennai,1
1474=,Chenuli,1
1474=,Cherel,1
1474=,Cherie,1
1474=,Cherry,1
1474=,Cherylleigh,1
1474=,Cheuk,1
1474=,Cheyanne,1
1474=,Chi,1
1474=,Chiamanda,1
1474=,Chianne,1
1474=,Chidera,1
1474=,Chidumebi,1
1474=,Chikaodiri,1
1474=,Chimamanda,1
1474=,Chimarisaekpere,1
1474=,Chinazom,1
1474=,Chinazorm,1
1474=,Chinelo,1
1474=,Chinemerem,1
1474=,Chinonyelum,1
1474=,Chinwendum,1
1474=,Chizaram,1
1474=,Chloe-Ann,1
1474=,Chloe-Christina,1
1474=,Chloe-Louise,1
1474=,Chloe-Marie,1
1474=,Chrissie,1
1474=,Christal,1
1474=,Christelle,1
1474=,Christi,1
1474=,Christina-Marie,1
1474=,Christina-May,1
1474=,Chrysti,1
1474=,Ciana,1
1474=,Ciara-Lee,1
1474=,Ciardha,1
1474=,Cieara,1
1474=,Ciera,1
1474=,Ciorstaidh,1
1474=,Cira,1
1474=,Clarabnelah,1
1474=,Clare-Marie,1
1474=,Clary,1
1474=,Clerise,1
1474=,Cloda,1
1474=,Clova,1
1474=,Clyde,1
1474=,Coco,1
1474=,Codi-Lee,1
1474=,Codi-Leigh,1
1474=,Cohdi,1
1474=,Colaine,1
1474=,Colbi,1
1474=,Colbie,1
1474=,Coleen,1
1474=,Collette,1
1474=,Comfort,1
1474=,Concetta,1
1474=,Conni,1
1474=,Cora-Jak,1
1474=,Cordelia,1
1474=,Corin,1
1474=,Corina,1
1474=,Corinna,1
1474=,Corinne,1
1474=,Cornelia,1
1474=,Corragh,1
1474=,Corrie,1
1474=,Corrin,1
1474=,Cortana,1
1474=,Corynn,1
1474=,Cosima,1
1474=,Courtnay,1
1474=,Courtney-Lei,1
1474=,Courtney-Louise,1
1474=,Courtnie,1
1474=,Cristina,1
1474=,Culzean,1
1474=,Cydnie,1
1474=,Daegan,1
1474=,Dagmara,1
1474=,Daina,1
1474=,Daisee,1
1474=,Daisy-Bridget,1
1474=,Daisy-Milana,1
1474=,Daisy-Rose,1
1474=,Daiyna,1
1474=,Danah,1
1474=,Daneleigh,1
1474=,Danika,1
1474=,Daniya,1
1474=,Danna,1
1474=,Danni-Jo,1
1474=,Danni-Leigh,1
1474=,Danni-Marie,1
1474=,Dannielle,1
1474=,Dannii,1
1474=,Daouia,1
1474=,Daphne,1
1474=,Darcee,1
1474=,Darcey-Leigh,1
1474=,Darcie-Rose,1
1474=,Darica,1
1474=,Dariya,1
1474=,Darla,1
1474=,Darley-Jo,1
1474=,Darrah,1
1474=,Darrci,1
1474=,Daryl,1
1474=,Dasha,1
1474=,Davina,1
1474=,Deeone,1
1474=,Defne,1
1474=,Deima,1
1474=,Deja,1
1474=,Delia,1
1474=,Delicia,1
1474=,Delilah,1
1474=,Delisha,1
1474=,Della,1
1474=,Delphina,1
1474=,Delphine,1
1474=,Delysia,1
1474=,Demi-Elaine,1
1474=,Demi-Marie,1
1474=,Demi-Star,1
1474=,Demmi-Lee,1
1474=,Dempsey,1
1474=,Denny,1
1474=,Denver,1
1474=,Deon,1
1474=,Deri,1
1474=,Derrie,1
1474=,Derry,1
1474=,Derryn,1
1474=,Dervla,1
1474=,Derya,1
1474=,Desire,1
1474=,Desislava,1
1474=,Destinee,1
1474=,Destinylouise,1
1474=,Detta,1
1474=,Devan,1
1474=,Devon-Leigh,1
1474=,Dherri,1
1474=,Dhiya,1
1474=,Didem,1
1474=,Dilara,1
1474=,Dinah,1
1474=,Dini,1
1474=,Dinuki,1
1474=,Divora,1
1474=,Divyata,1
1474=,Dolce,1
1474=,Dolina,1
1474=,Dominka,1
1474=,Dooyum,1
1474=,Dora,1
1474=,Dori,1
1474=,Dorit,1
1474=,Dorothea,1
1474=,Dru,1
1474=,Duhah,1
1474=,Dyara,1
1474=,Dylan,1
1474=,Dylen,1
1474=,Dyllan,1
1474=,Dylnn,1
1474=,Dzesmina,1
1474=,Eabha,1
1474=,Eadie,1
1474=,Ealasaid,1
1474=,Ealf,1
1474=,Ealidh,1
1474=,Earn,1
1474=,Easton,1
1474=,Eavan,1
1474=,Ebonii,1
1474=,Ebony-Eileen,1
1474=,Ebony-J,1
1474=,Ebony-Riece,1
1474=,Ebtehal,1
1474=,Ebtisam,1
1474=,Edele,1
1474=,Eden-Blue,1
1474=,Edin,1
1474=,Edit,1
1474=,Eena,1
1474=,Eesha,1
1474=,Eevie,1
1474=,Effy,1
1474=,Ehonmwon,1
1474=,Eideen,1
1474=,Eiladh,1
1474=,Eilah,1
1474=,Eiledh,1
1474=,Eilidhi,1
1474=,Eilihd,1
1474=,Eilisha,1
1474=,Eiliyah,1
1474=,Eirene,1
1474=,Eishah,1
1474=,Ekaparnika,1
1474=,Ekaterina,1
1474=,Ela-Rose,1
1474=,Elaida,1
1474=,Elaina,1
1474=,Elara,1
1474=,Elaynah,1
1474=,Eleanor-Anna,1
1474=,Electra,1
1474=,Eleonor,1
1474=,Eleya,1
1474=,Eleyna,1
1474=,Elham,1
1474=,Elia,1
1474=,Eliane,1
1474=,Elianna,1
1474=,Elice,1
1474=,Elicia,1
1474=,Elif,1
1474=,Elika,1
1474=,Elin,1
1474=,Elina,1
1474=,Eliot,1
1474=,Elisabeth-Anne,1
1474=,Elisabetta,1
1474=,Elisheva,1
1474=,Elisya,1
1474=,Eliya,1
1474=,Elizabete,1
1474=,Elka,1
1474=,Ella-Jay,1
1474=,Ella-Louise,1
1474=,Ella-May,1
1474=,Ellana,1
1474=,Elle-Jade,1
1474=,Elle-Jay,1
1474=,Elle-Jean,1
1474=,Elle-Mae,1
1474=,Ellen-Belle,1
1474=,Ellen-Paige,1
1474=,Ellena,1
1474=,Ellenor,1
1474=,Ellese,1
1474=,Ellie-Anna,1
1474=,Ellie-Brooke,1
1474=,Ellie-Jae,1
1474=,Ellie-Kate,1
1474=,Ellie-Nicole,1
1474=,Elliemae,1
1474=,Elliemarie,1
1474=,Ellierose,1
1474=,Ellissa,1
1474=,Ellissia,1
1474=,Elloise,1
1474=,Ellsie,1
1474=,Ellyn,1
1474=,Elmira,1
1474=,Elona,1
1474=,Elsbeth,1
1474=,Elsie-Jane,1
1474=,Elva,1
1474=,Elyssa,1
1474=,Elyzabel,1
1474=,Ema-May,1
1474=,Ember,1
1474=,Emeilia,1
1474=,Emelie,1
1474=,Emenie,1
1474=,Emera,1
1474=,Emese,1
1474=,Emi,1
1474=,Emilee,1
1474=,Emileigh,1
1474=,Emili,1
1474=,Emilija,1
1474=,Emily-Anne,1
1474=,Emily-Elizabeth,1
1474=,Emily-Louise,1
1474=,Emily-Sue,1
1474=,Emilyrose,1
1474=,Emine,1
1474=,Emma-Anne,1
1474=,Emma-Jane,1
1474=,Emma-Jay,1
1474=,Emma-Rose,1
1474=,Emmajane,1
1474=,Emmalee,1
1474=,Emmalouise,1
1474=,Emmanuela,1
1474=,Emmanuella,1
1474=,Emmi-Louise,1
1474=,Emmin,1
1474=,Enija,1
1474=,Enjy,1
1474=,Enora,1
1474=,Eres,1
1474=,Erilyn,1
1474=,Erin-Rose,1
1474=,Ernestine,1
1474=,Errin,1
1474=,Ese,1
1474=,Eseta,1
1474=,Esha,1
1474=,Esma,1
1474=,Esme-Brooke,1
1474=,Esosa,1
1474=,Estere,1
1474=,Esyal,1
1474=,Ethne,1
1474=,Etta,1
1474=,Eunice,1
1474=,Eva-Alexandra,1
1474=,Eva-Grace,1
1474=,Eva-Leigh,1
1474=,Eva-Lily,1
1474=,Eva-Mar,1
1474=,Eva-Rose,1
1474=,Evan,1
1474=,Evei,1
1474=,Evie-Grace,1
1474=,Evin,1
1474=,Evy,1
1474=,Eya,1
1474=,Eylana,1
1474=,Eylulnaz,1
1474=,Eyve,1
1474=,Ezioma,1
1474=,Ezmie,1
1474=,Fabiana,1
1474=,Fabienne,1
1474=,Fahra,1
1474=,Faith-Sharona,1
1474=,Faithe,1
1474=,Faiza,1
1474=,Falon,1
1474=,Falynn,1
1474=,Fara,1
1474=,Farheen,1
1474=,Faridat,1
1474=,Farrah-Leigh,1
1474=,Farrel,1
1474=,Farrell,1
1474=,Farren,1
1474=,Farryl,1
1474=,Fathima,1
1474=,Fatihah,1
1474=,Fatima-Tuz-Zahra,1
1474=,Fatmata,1
1474=,Fatoom,1
1474=,Fatou,1
1474=,Fausta,1
1474=,Fauziyyah,1
1474=,Favour,1
1474=,Fayola,1
1474=,Fayth,1
1474=,Federica,1
1474=,Fee,1
1474=,Felicia,1
1474=,Felicja,1
1474=,Fen,1
1474=,Ferne,1
1474=,Fhern,1
1474=,Fianna-Rose,1
1474=,Finli,1
1474=,Fleur,1
1474=,Florah,1
1474=,Flore,1
1474=,Florrie,1
1474=,Fozia,1
1474=,Frena,1
1474=,Freya-Grace,1
1474=,Freya-Rose,1
1474=,Freyah,1
1474=,Frieda,1
1474=,Fung,1
1474=,Fynn,1
1474=,Gabi,1
1474=,Gabija,1
1474=,Gagandeep,1
1474=,Gaia,1
1474=,Gena,1
1474=,Geneva,1
1474=,Georgi,1
1474=,Georgiana,1
1474=,Gerrie,1
1474=,Gertraud,1
1474=,Gete-Annabelle,1
1474=,Gianna,1
1474=,Gilda,1
1474=,Ginevra,1
1474=,Giovanna,1
1474=,Gisela,1
1474=,Giulia,1
1474=,Gladina,1
1474=,Gloria,1
1474=,Goodness,1
1474=,Gracie-Mae,1
1474=,Gracierose,1
1474=,Grainne,1
1474=,Grasiela,1
1474=,Greer,1
1474=,Gulmehak,1
1474=,Gunamaya,1
1474=,Gurjeet,1
1474=,Gurleen,1
1474=,Gurveen,1
1474=,Gurveer,1
1474=,Guyatri,1
1474=,Gwenyth,1
1474=,Gwyneth,1
1474=,Gyta,1
1474=,Haadiya,1
1474=,Hadeer,1
1474=,Hagr,1
1474=,Haiba,1
1474=,Hailee,1
1474=,Hailie,1
1474=,Haillie,1
1474=,Haiya,1
1474=,Hajar,1
1474=,Hajer,1
1474=,Haley,1
1474=,Halima,1
1474=,Halina,1
1474=,Han,1
1474=,Hanaleigh,1
1474=,Hanhalyn,1
1474=,Hania,1
1474=,Hanin,1
1474=,Hanna-Maria,1
1474=,Hannah-Louise,1
1474=,Harini,1
1474=,Harkarunjot,1
1474=,Harli,1
1474=,Harlow,1
1474=,Harriett,1
1474=,Harshana,1
1474=,Harshini,1
1474=,Harsukhman,1
1474=,Harvier,1
1474=,Hattie,1
1474=,Havalah,1
1474=,Havanah,1
1474=,Havanna-Rose,1
1474=,Hawraa,1
1474=,Haya,1
1474=,Hayah,1
1474=,Haydon,1
1474=,Haylea,1
1474=,Haylie,1
1474=,Hayoung,1
1474=,Heatherlee,1
1474=,Heavenleigh,1
1474=,Heba,1
1474=,Hedaya,1
1474=,Heidy,1
1474=,Helai,1
1474=,Helan,1
1474=,Hellen,1
1474=,Hema,1
1474=,Henrietta,1
1474=,Hermione,1
1474=,Hibah,1
1474=,Hibba,1
1474=,Hidaya,1
1474=,Hikmah,1
1474=,Hillary,1
1474=,Hinda,1
1474=,Hira,1
1474=,Holly-Marie,1
1474=,Holly-May,1
1474=,Holly-Rose,1
1474=,Hollyanna,1
1474=,Hollyanne,1
1474=,Hollybeth,1
1474=,Hollye,1
1474=,Honea,1
1474=,Hong,1
1474=,Honour,1
1474=,Hooriya,1
1474=,Hopemarie,1
1474=,Huldah,1
1474=,Humaira,1
1474=,Humnah,1
1474=,Hunayda,1
1474=,Hunie,1
1474=,Huria,1
1474=,Hurrum,1
1474=,Husna,1
1474=,Husnah,1
1474=,Ianthe,1
1474=,Iesha,1
1474=,Ifechukwu,1
1474=,Ifra,1
1474=,Ilma,1
1474=,Ilona,1
1474=,Imante,1
1474=,Imara,1
1474=,Imogene,1
1474=,Inaayah,1
1474=,Inca,1
1474=,Indiana,1
1474=,Indieya,1
1474=,Inga,1
1474=,Ingrid,1
1474=,Innaya,1
1474=,Innis,1
1474=,Io,1
1474=,Ioana,1
1474=,Iola,1
1474=,Iona-Lilly,1
1474=,Iona-Mary,1
1474=,Iram,1
1474=,Ireen,1
1474=,Irem,1
1474=,Irene,1
1474=,Isabela,1
1474=,Iseabail,1
1474=,Ishbelle,1
1474=,Ishleen,1
1474=,Ishti,1
1474=,Isila,1
1474=,Isis,1
1474=,Isla-Jayne,1
1474=,Isla-Jean,1
1474=,Isla-Rose,1
1474=,Isle,1
1474=,Isma,1
1474=,Ismay,1
1474=,Ismene,1
1474=,Isobelle,1
1474=,Isumi,1
1474=,Iteoluwakishi,1
1474=,Ivanka,1
1474=,Ivianna,1
1474=,Iyla,1
1474=,Iyleena,1
1474=,Izabel,1
1474=,Izel,1
1474=,Izuma,1
1474=,Izza,1
1474=,Izzi,1
1474=,Izzie,1
1474=,Jacey,1
1474=,Jacquelyn,1
1474=,Jaden,1
1474=,Jadia,1
1474=,Jadyn-Rose,1
1474=,Jaid,1
1474=,Jaimee-Lee,1
1474=,Jaimi-Lee,1
1474=,Jamala,1
1474=,James,1
1474=,Jamey,1
1474=,Jami-Leigh,1
1474=,Jamielee,1
1474=,Jamieleigh,1
1474=,Jamii-Elle,1
1474=,Janeen,1
1474=,Janella,1
1474=,Janelle,1
1474=,Janey,1
1474=,Janey-Rose,1
1474=,Janice,1
1474=,Janina,1
1474=,Jannat,1
1474=,Jantra,1
1474=,Janvi,1
1474=,Jas,1
1474=,Jasmyn,1
1474=,Jaspreet,1
1474=,Jayda,1
1474=,Jayde,1
1474=,Jayla-Louise,1
1474=,Jaylin,1
1474=,Jaylo,1
1474=,Jayma,1
1474=,Jayme-Lei,1
1474=,Jaymee,1
1474=,Jaymee-Leigh,1
1474=,Jaymie-Louise,1
1474=,Jayne,1
1474=,Jayney,1
1474=,Jaynie,1
1474=,Jazlin,1
1474=,Jazmine,1
1474=,Jean,1
1474=,Jeanan,1
1474=,Jeane,1
1474=,Jeevan,1
1474=,Jelena,1
1474=,Jemmison,1
1474=,Jen,1
1474=,Jenan,1
1474=,Jenielle,1
1474=,Jennafer-Lee,1
1474=,Jennen,1
1474=,Jennessa,1
1474=,Jennie,1
1474=,Jenniferlee,1
1474=,Jenny-Francine,1
1474=,Jeorgi,1
1474=,Jeorja,1
1474=,Jerzi-Jo,1
1474=,Jeslyn,1
1474=,Jessi,1
1474=,Jessica-Paige,1
1474=,Jessika,1
1474=,Jesslyn,1
1474=,Jesyka,1
1474=,Jet,1
1474=,Jewel,1
1474=,Jhanvi,1
1474=,Jiawen,1
1474=,Jill,1
1474=,Jillian,1
1474=,Jin,1
1474=,Jiya,1
1474=,Jo,1
1474=,Joanie,1
1474=,Jodee,1
1474=,Jodie-Leigh,1
1474=,Joell,1
1474=,Johan,1
1474=,Jolanka,1
1474=,Jolanta,1
1474=,Jomana,1
1474=,Joni,1
1474=,Jools,1
1474=,Joory,1
1474=,Jordanna,1
1474=,Jordin,1
1474=,Jorga,1
1474=,Jorgie,1
1474=,Jorja-Jen,1
1474=,Jorjia,1
1474=,Joscelyn,1
1474=,Josefa,1
1474=,Joselyn,1
1474=,Josephine-Janet,1
1474=,Josiephine,1
1474=,Joss,1
1474=,Jothisha,1
1474=,Jouriya,1
1474=,Joyce,1
1474=,Jubilee,1
1474=,Jude,1
1474=,Judi,1
1474=,Judy,1
1474=,Juhi,1
1474=,Julianne,1
1474=,Julienne,1
1474=,Jumana,1
1474=,Jura,1
1474=,Justina,1
1474=,Juveriya,1
1474=,Juwariah,1
1474=,Kacee,1
1474=,Kacey-Lee,1
1474=,Kacey-Mae,1
1474=,Kaceylee,1
1474=,Kaci-Grace,1
1474=,Kaci-Lyn,1
1474=,Kacie-Leigh,1
1474=,Kacy-Leigh,1
1474=,Kaddy,1
1474=,Kade,1
1474=,Kadee,1
1474=,Kadence,1
1474=,Kadey,1
1474=,Kadey-Lee,1
1474=,Kadie-Lee,1
1474=,Kadie-Leigh,1
1474=,Kadiee,1
1474=,Kaedie-Lei,1
1474=,Kaedis,1
1474=,Kaelah,1
1474=,Kaelan,1
1474=,Kaesey,1
1474=,Kahlan,1
1474=,Kahli,1
1474=,Kai'mi,1
1474=,Kai-Lyn,1
1474=,Kaia,1
1474=,Kaiah,1
1474=,Kaiah-Rose,1
1474=,Kaicie,1
1474=,Kaidence,1
1474=,Kaidi,1
1474=,Kaidi-Leigh,1
1474=,Kaidiah,1
1474=,Kaidieleigh,1
1474=,Kaighla,1
1474=,Kailah,1
1474=,Kailee,1
1474=,Kaileigh,1
1474=,Kairi,1
1474=,Kaitann,1
1474=,Kaitie,1
1474=,Kaitlen,1
1474=,Kaitlin-Leigh,1
1474=,Kaitlynne,1
1474=,Kajol,1
1474=,Kalah,1
1474=,Kaley,1
1474=,Kalisha,1
1474=,Kalleigh,1
1474=,Kalli-Louise,1
1474=,Kallie-Marie,1
1474=,Kalyah,1
1474=,Kalyani,1
1474=,Kalyce,1
1474=,Kalyn,1
1474=,Kalyse,1
1474=,Kalyshia,1
1474=,Kamella,1
1474=,Kamila,1
1474=,Kamilla,1
1474=,Kamryn,1
1474=,Kano,1
1474=,Kanza,1
1474=,Kaoimhie,1
1474=,Kara-Louise,1
1474=,Karagh,1
1474=,Karampreet,1
1474=,Karen-Marie,1
1474=,Karez,1
1474=,Kari-Ann,1
1474=,Karine,1
1474=,Karis-Louise,1
1474=,Karley,1
1474=,Karling,1
1474=,Karmella,1
1474=,Karuna,1
1474=,Karyn,1
1474=,Karyss,1
1474=,Kasey-Leigh,1
1474=,Kashish,1
1474=,Kashiya,1
1474=,Kasia,1
1474=,Kasiemobi,1
1474=,Kassia,1
1474=,Kassidi,1
1474=,Kate-Lynn,1
1474=,Kate-Lynne,1
1474=,Katee,1
1474=,Katelyne,1
1474=,Katelynn,1
1474=,Katharina,1
1474=,Katharyn,1
1474=,Katheryn,1
1474=,Katia,1
1474=,Katie-Anne,1
1474=,Katie-Elizabeth,1
1474=,Katie-Jane,1
1474=,Katie-May,1
1474=,Katienne,1
1474=,Katilyn,1
1474=,Katlin,1
1474=,Katrine,1
1474=,Katy-Grace,1
1474=,Katya,1
1474=,Kavya,1
1474=,Kayah,1
1474=,Kayana,1
1474=,Kayanna,1
1474=,Kayara,1
1474=,Kayci,1
1474=,Kaycie-Jai,1
1474=,Kaydee-Leigh,1
1474=,Kaydha,1
1474=,Kaydi,1
1474=,Kayenne,1
1474=,Kayla-Lyndsey,1
1474=,Kayla-Marie,1
1474=,Kayla-May,1
1474=,Kaylah-Morgan,1
1474=,Kaylee-Jane,1
1474=,Kaylinn,1
1474=,Kayln,1
1474=,Kaysie,1
1474=,Kaytie,1
1474=,Kedest,1
1474=,Keedie,1
1474=,Keeran,1
1474=,Keevay,1
1474=,Kehinde,1
1474=,Keilidh,1
1474=,Keilly-Shae,1
1474=,Keily,1
1474=,Keira-Angel,1
1474=,Keira-Lee,1
1474=,Keira-Leigh,1
1474=,Keiralee,1
1474=,Keiramarie,1
1474=,Keirsten,1
1474=,Keiva,1
1474=,Kelcee,1
1474=,Kelcey,1
1474=,Kelci-Leigh,1
1474=,Kelli,1
1474=,Kellie,1
1474=,Kellis,1
1474=,Kellise,1
1474=,Kellyann-Marie,1
1474=,Kelsay-Lee,1
1474=,Kelsei,1
1474=,Kelseigh,1
1474=,Kelsey-Leigh,1
1474=,Kelsey-May,1
1474=,Kelseylee,1
1474=,Kelsie-Leigh,1
1474=,Kenadi,1
1474=,Kenadie,1
1474=,Kendi,1
1474=,Kendyl,1
1474=,Kendyll,1
1474=,Kenley,1
1474=,Kenna-Marie,1
1474=,Kennedi,1
1474=,Kennyh,1
1474=,Kensie,1
1474=,Kenzi-Lee,1
1474=,Keona,1
1474=,Kered,1
1474=,Kerensa,1
1474=,Kerin,1
1474=,Keriss,1
1474=,Kerrimarie,1
1474=,Kerrin,1
1474=,Kerry-Anne,1
1474=,Kerryn,1
1474=,Kerryn-Leigh,1
1474=,Ketsia,1
1474=,Kevie,1
1474=,Keyu,1
1474=,Khairah,1
1474=,Khali,1
1474=,Khalle,1
1474=,Khaly-Shima,1
1474=,Khansa,1
1474=,Khatija,1
1474=,Khaya,1
1474=,Khiana,1
1474=,Khianna,1
1474=,Khowla,1
1474=,Khyra,1
1474=,Kiahla,1
1474=,Kiala,1
1474=,Kiana-Lee,1
1474=,Kianah,1
1474=,Kiara-Louise,1
1474=,Kiarah,1
1474=,Kiarra,1
1474=,Kieara,1
1474=,Kiesha,1
1474=,Kievie,1
1474=,Kim,1
1474=,Kimaya,1
1474=,Kimi,1
1474=,Kimora,1
1474=,Kinjal,1
1474=,Kinvara,1
1474=,Kiranjeet,1
1474=,Kirin,1
1474=,Kirsti,1
1474=,Kirsty-Maria,1
1474=,Kirstyn,1
1474=,Kirti,1
1474=,Kitty-Anna,1
1474=,Kivah,1
1474=,Kiyah,1
1474=,Kiyanna,1
1474=,Kizzi,1
1474=,Klaracate,1
1474=,Klaudie,1
1474=,Klea,1
1474=,Kobie,1
1474=,Kodiey,1
1474=,Kody,1
1474=,Kolbie,1
1474=,Korin,1
1474=,Kortnileigh,1
1474=,Kounain,1
1474=,Krisha,1
1474=,Krishna,1
1474=,Krissie,1
1474=,Krissy,1
1474=,Krista,1
1474=,Kristen,1
1474=,Kristie,1
1474=,Kristine,1
1474=,Kristyn,1
1474=,Krysta,1
1474=,Krystal-Leah,1
1474=,Krystalle-Ann,1
1474=,Krystina,1
1474=,Krystyna,1
1474=,Ksenija,1
1474=,Kt,1
1474=,Kurinji,1
1474=,Kyah,1
1474=,Kyesha,1
1474=,Kyja,1
1474=,Kym,1
1474=,Kymberley,1
1474=,Kymberly,1
1474=,Kymm,1
1474=,Kyra-Louise,1
1474=,Kyrah,1
1474=,Kyralee,1
1474=,Kyrie,1
1474=,La,1
1474=,Laela,1
1474=,Laia,1
1474=,Laighney,1
1474=,Laina,1
1474=,Lainie,1
1474=,Laiya,1
1474=,Lake,1
1474=,Lakinna,1
1474=,Lakota,1
1474=,Lama,1
1474=,Lamar,1
1474=,Lamara,1
1474=,Lamees,1
1474=,Lana-Ashley,1
1474=,Lanee,1
1474=,Lang,1
1474=,Laoise,1
1474=,Larah,1
1474=,Laraina,1
1474=,Lareina,1
1474=,Laren,1
1474=,Laria,1
1474=,Larren,1
1474=,Laryea,1
1474=,Lauralea,1
1474=,Lauran,1
1474=,Laurann,1
1474=,Laurel,1
1474=,Laureli,1
1474=,Lauren-Lou,1
1474=,Lauri,1
1474=,Lawrie,1
1474=,Laycey,1
1474=,Laylaa,1
1474=,Laylah-May,1
1474=,Le,1
1474=,Lea-Anna,1
1474=,Leaha,1
1474=,Lean,1
1474=,Leannah,1
1474=,Leayah,1
1474=,Leeah,1
1474=,Leeanna,1
1474=,Leela,1
1474=,Leen,1
1474=,Leiara,1
1474=,Leighann,1
1474=,Leilani,1
1474=,Leizxha,1
1474=,Lemoni,1
1474=,Lengnan,1
1474=,Leni-Jane,1
1474=,Lennix,1
1474=,Lenora,1
1474=,Leslie-Ann,1
1474=,Leticia,1
1474=,Letisha,1
1474=,Lev,1
1474=,Lewon,1
1474=,Lexi-Anne,1
1474=,Lexi-Leigh,1
1474=,Lexi-May,1
1474=,Lexii,1
1474=,Lexus,1
1474=,Lexxi,1
1474=,Leya,1
1474=,Liah,1
1474=,Liala,1
1474=,Lianna,1
1474=,Libbi,1
1474=,Libbie,1
1474=,Libby-Rose,1
1474=,Liberty,1
1474=,Licia,1
1474=,Lidia,1
1474=,Liesl,1
1474=,Lija,1
1474=,Lilah,1
1474=,Lilian,1
1474=,Lilianna,1
1474=,Lilianne,1
1474=,Lilidh,1
1474=,Liljanna,1
1474=,Lilla,1
1474=,Lilli-Anne,1
1474=,Lillia,1
1474=,Lillianna,1
1474=,Lilliet,1
1474=,Lilly-Ella,1
1474=,Lilly-Grace,1
1474=,Lilly-Jean,1
1474=,Lilly-Louise,1
1474=,Lilly-Mae,1
1474=,Lily-Ann,1
1474=,Lily-Ella,1
1474=,Lily-Elle,1
1474=,Lily-Jessica,1
1474=,Lily-Kate,1
1474=,Lily-Mae,1
1474=,Lily-Sophia,1
1474=,Lily-Sue,1
1474=,Lilyanna,1
1474=,Lindsay-Ann,1
1474=,Lindsey,1
1474=,Linsay,1
1474=,Linsey,1
1474=,Lirael,1
1474=,Lisa-Marie,1
1474=,Livi,1
1474=,Liy-Liy,1
1474=,Liya,1
1474=,Liyanage,1
1474=,Liza-Marie,1
1474=,Lizzie,1
1474=,Llana,1
1474=,Logan,1
1474=,Logann,1
1474=,Lojain,1
1474=,Lola'rose,1
1474=,Lollie,1
1474=,London,1
1474=,Loni,1
1474=,Lorca,1
1474=,Loreena,1
1474=,Loren,1
1474=,Lorenna,1
1474=,Lorraine,1
1474=,Lorriann,1
1474=,Lotta,1
1474=,Lotty,1
1474=,Louiseann,1
1474=,Louiza,1
1474=,Loula,1
1474=,Lowri,1
1474=,Luca,1
1474=,Lucah,1
1474=,Lucea,1
1474=,Lucia-Noelia,1
1474=,Luciana,1
1474=,Lucie-Jo,1
1474=,Lucie-Luise,1
1474=,Lucille,1
1474=,Lucy-Anne,1
1474=,Lucy-Jordan,1
1474=,Lucy-Lee,1
1474=,Lucy-Mae,1
1474=,Lucy-Mai,1
1474=,Lucyana,1
1474=,Luella,1
1474=,Luiza,1
1474=,Lula,1
1474=,Lulwah,1
1474=,Lundy,1
1474=,Luo,1
1474=,Lupita,1
1474=,Lykeisha,1
1474=,Lyle,1
1474=,Lylia-Eve,1
1474=,Lyndin,1
1474=,Lyndsay,1
1474=,Lynn,1
1474=,Lynzi,1
1474=,Lyonnie,1
1474=,Maahnoor,1
1474=,Maame,1
1474=,Macaella,1
1474=,Maci-Sue,1
1474=,Mackenna,1
1474=,Mackenzii,1
1474=,Macy-Grace,1
1474=,Macy-Jo,1
1474=,Maddi,1
1474=,Maddisyn,1
1474=,Maddy,1
1474=,Madison-Kate,1
1474=,Madison-Leigh,1
1474=,Madisson,1
1474=,Madleine,1
1474=,Madyson,1
1474=,Madyson-Anne,1
1474=,Madysyn,1
1474=,Maella,1
1474=,Maelys,1
1474=,Maeson,1
1474=,Maeva,1
1474=,Magda,1
1474=,Mah,1
1474=,Mahathi,1
1474=,Mahathy,1
1474=,Mahe,1
1474=,Mahin,1
1474=,Mahnoor,1
1474=,Mahri,1
1474=,Maicey,1
1474=,Maicy,1
1474=,Maili,1
1474=,Maimouna,1
1474=,Maimuna,1
1474=,Maina,1
1474=,Maisa,1
1474=,Maisi,1
1474=,Maisie-Jane,1
1474=,Maisoon,1
1474=,Maissie,1
1474=,Maiyah,1
1474=,Maizie,1
1474=,Maizy,1
1474=,Makadi,1
1474=,Makaila,1
1474=,Makale,1
1474=,Makarama,1
1474=,Makomborero,1
1474=,Malaikah,1
1474=,Malakia,1
1474=,Malavika,1
1474=,Malaya,1
1474=,Maleeha,1
1474=,Maleia,1
1474=,Maley,1
1474=,Malgorzata,1
1474=,Mali,1
1474=,Malia,1
1474=,Maliha,1
1474=,Malihah,1
1474=,Malina,1
1474=,Malissa,1
1474=,Malk,1
1474=,Mallie,1
1474=,Mally,1
1474=,Malvina,1
1474=,Malwina,1
1474=,Malysha,1
1474=,Man,1
1474=,Manaal,1
1474=,Manahial,1
1474=,Manda,1
1474=,Mandy,1
1474=,Maniya,1
1474=,Manroop,1
1474=,Mansimran,1
1474=,Maomina,1
1474=,Marcail,1
1474=,Marcella,1
1474=,Marcia,1
1474=,Maresia,1
1474=,Margareta,1
1474=,Margherita,1
1474=,Mari,1
1474=,Maria-Claire,1
1474=,Maria-Kerry,1
1474=,Maria-Louise,1
1474=,Marianne-Rose,1
1474=,Mariclare,1
1474=,Marie-Claire,1
1474=,Marie-Louise,1
1474=,Marieke,1
1474=,Marielle,1
1474=,Mariessa,1
1474=,Mariette,1
1474=,Marion,1
1474=,Mariska,1
1474=,Marisol,1
1474=,Marissa-Leigh,1
1474=,Marita,1
1474=,Mariyam,1
1474=,Marjolein,1
1474=,Marlay,1
1474=,Marleigh,1
1474=,Marni,1
1474=,Martel,1
1474=,Martha-Ann,1
1474=,Martina,1
1474=,Martine,1
1474=,Marum,1
1474=,Marwah,1
1474=,Mary-Ellen,1
1474=,Mary-Jane,1
1474=,Mary-Kate,1
1474=,Mary-Rita,1
1474=,Maryama,1
1474=,Maryann,1
1474=,Marylee,1
1474=,Masen,1
1474=,Masti,1
1474=,Mataya,1
1474=,Mateea,1
1474=,Mathilda,1
1474=,Maxine,1
1474=,May-Belle,1
1474=,Mayah,1
1474=,Mayden,1
1474=,Maymuna,1
1474=,Maymunah,1
1474=,Maysoon,1
1474=,Mazia,1
1474=,Mazzy,1
1474=,Mckenzi,1
1474=,Mea,1
1474=,Meaghan,1
1474=,Meah,1
1474=,Mechele,1
1474=,Medova,1
1474=,Meea,1
1474=,Meena,1
1474=,Meenakshi,1
1474=,Meerab,1
1474=,Meeyah,1
1474=,Meg,1
1474=,Meggan,1
1474=,Meghann,1
1474=,Meher,1
1474=,Meherunisa,1
1474=,Mei,1
1474=,Melanie-Jane,1
1474=,Meleah,1
1474=,Mellisa,1
1474=,Melodie,1
1474=,Melyssa,1
1474=,Memphis,1
1474=,Mena,1
1474=,Meng,1
1474=,Mengjie,1
1474=,Meral,1
1474=,Mereecia,1
1474=,Merla,1
1474=,Merle,1
1474=,Merran,1
1474=,Merrin,1
1474=,Meryem,1
1474=,Meryn,1
1474=,Meshah,1
1474=,Meya,1
1474=,Mhari,1
1474=,Mhari-Clare,1
1474=,Mhia,1
1474=,Mhiran,1
1474=,Mhora,1
1474=,Mhurrin,1
1474=,Mhya,1
1474=,Mia-Lilly,1
1474=,Mia-Louise,1
1474=,Mia-Lyn,1
1474=,Miah-Lynn,1
1474=,Micaela,1
1474=,Micha,1
1474=,Michaella,1
1474=,Micheala,1
1474=,Mijin,1
1474=,Mikaela,1
1474=,Mikayla,1
1474=,Mikenna,1
1474=,Mikenzie,1
1474=,Milah,1
1474=,Milaynah,1
1474=,Mileena,1
1474=,Miley-Jai,1
1474=,Milissa,1
1474=,Millae,1
1474=,Millen,1
1474=,Millie-Anne,1
1474=,Millie-B,1
1474=,Millie-Jane,1
1474=,Millie-Kate,1
1474=,Millie-Louise,1
1474=,Millisan,1
1474=,Milly-Louise,1
1474=,Minerva,1
1474=,Minna,1
1474=,Mio,1
1474=,Miracle,1
1474=,Miran,1
1474=,Miranda,1
1474=,Mirra,1
1474=,Mirre,1
1474=,Mischa-Louise,1
1474=,Mishal,1
1474=,Misia,1
1474=,Misty,1
1474=,Mithra,1
1474=,Mitzi,1
1474=,Miu,1
1474=,Miya-Leigh,1
1474=,Mojisola,1
1474=,Molli,1
1474=,Molli-Rose,1
1474=,Mollie-Anne,1
1474=,Mollie-Rose,1
1474=,Molly-Jane,1
1474=,Molly-Lea,1
1474=,Monika,1
1474=,Monique,1
1474=,Moonzarin,1
1474=,Moqadis,1
1474=,Mora,1
1474=,Morayo,1
1474=,Morgan-Hope,1
1474=,Morganna,1
1474=,Morna,1
1474=,Morven-Halle,1
1474=,Moulka,1
1474=,Mouna,1
1474=,Moyosoreoluwa,1
1474=,Mufarowashe,1
1474=,Mukaddes,1
1474=,Mulaika,1
1474=,Muna,1
1474=,Muneera,1
1474=,Muqadaas,1
1474=,Murina,1
1474=,Murwah,1
1474=,Musfirah,1
1474=,Muskaan,1
1474=,Mwape,1
1474=,My-Linh,1
1474=,Mya-Rose,1
1474=,Myah-Rose,1
1474=,Myesha,1
1474=,Myha,1
1474=,Myhrren,1
1474=,Mylea,1
1474=,Mylhana,1
1474=,Mynieskye,1
1474=,Myrn,1
1474=,Myrtle,1
1474=,Naa,1
1474=,Nabeeha,1
1474=,Nabiha,1
1474=,Nadene,1
1474=,Nadezhda,1
1474=,Nadila,1
1474=,Nadja,1
1474=,Nagia,1
1474=,Nahla,1
1474=,Nairn,1
1474=,Naisha,1
1474=,Naiya,1
1474=,Najma,1
1474=,Najmah,1
1474=,Nakai,1
1474=,Nakisha,1
1474=,Nalardy,1
1474=,Namira,1
1474=,Nana,1
1474=,Nanci,1
1474=,Nanlop,1
1474=,Naoise,1
1474=,Naomh,1
1474=,Naomi-Jane,1
1474=,Nara,1
1474=,Narjess,1
1474=,Natalya,1
1474=,Natasha-Leigh,1
1474=,Natasza,1
1474=,Nathania,1
1474=,Navjot,1
1474=,Nazli,1
1474=,Neah,1
1474=,Neava,1
1474=,Neda,1
1474=,Neera,1
1474=,Nehla,1
1474=,Nela,1
1474=,Nemi,1
1474=,Nethuki,1
1474=,Neveah,1
1474=,Neviah,1
1474=,Newlyn,1
1474=,Ngadi,1
1474=,Niamdh,1
1474=,Nichaela,1
1474=,Nichola,1
1474=,Nickola,1
1474=,Nicolette,1
1474=,Nicolla,1
1474=,Nicolle,1
1474=,Niharikha,1
1474=,Nikithasri,1
1474=,Nikoal,1
1474=,Nikolaya,1
1474=,Niky,1
1474=,Nimal,1
1474=,Nimarta,1
1474=,Nimra,1
1474=,Nimrit,1
1474=,Niomi-Jean,1
1474=,Niomie,1
1474=,Nisha,1
1474=,Nissma,1
1474=,Nithushika,1
1474=,Nitya,1
1474=,Niyah,1
1474=,Noah,1
1474=,Noami,1
1474=,Noelle,1
1474=,Nolah,1
1474=,Nonhlanhla,1
1474=,Nonkosi,1
1474=,Nooreyn,1
1474=,Norah,1
1474=,Noreen,1
1474=,Noura,1
1474=,Nova,1
1474=,Nowella,1
1474=,Nozipho,1
1474=,Numaa,1
1474=,Nur,1
1474=,Nuralya,1
1474=,Nurqistina,1
1474=,Nyaktjut,1
1474=,Nyasha,1
1474=,Nyomi,1
1474=,Nytalya,1
1474=,Ocean-Lee,1
1474=,Odile,1
1474=,Ogechi,1
1474=,Oghenetega,1
1474=,Ogheneyoma,1
1474=,Ohara,1
1474=,Oishee,1
1474=,Okoiza,1
1474=,Olimpia,1
1474=,Olivia-Mae,1
1474=,Olivia-Rose,1
1474=,Ololade,1
1474=,Oludarasimi,1
1474=,Olufifunmi,1
1474=,Olukemi,1
1474=,Oluwadammilola,1
1474=,Oluwadara,1
1474=,Oluwadarasimilara,1
1474=,Oluwafeyidamilola,1
1474=,Oluwafioyinsolami,1
1474=,Oluwatamilore,1
1474=,Oluwatise,1
1474=,Oluwatofunmi,1
1474=,Oluwatomisin,1
1474=,Oluwatoni,1
1474=,Oluwatoyin,1
1474=,Oluwayigamika,1
1474=,Olwen,1
1474=,Omasan,1
1474=,Omima,1
1474=,Ona,1
1474=,Onessa,1
1474=,Oona-Mae,1
1474=,Oonagh,1
1474=,Opal,1
1474=,Oran,1
1474=,Orevaoghene,1
1474=,Orietta,1
1474=,Orin,1
1474=,Oritseweyinmi,1
1474=,Orkney,1
1474=,Orli,1
1474=,Oryn,1
1474=,Osaretin,1
1474=,Osla,1
1474=,Ottillie,1
1474=,Otumn,1
1474=,Oyindolapo,1
1474=,Padme,1
1474=,Paignton,1
1474=,Pakiza,1
1474=,Paloma,1
1474=,Pamela,1
1474=,Paola,1
1474=,Paradyse,1
1474=,Paris-Montana,1
1474=,Parissa,1
1474=,Parveen,1
1474=,Patricija,1
1474=,Patsy,1
1474=,Peace,1
1474=,Peggy,1
1474=,Pendo,1
1474=,Peniel,1
1474=,Penina,1
1474=,Persa,1
1474=,Peyton-Marie,1
1474=,Peyton-May,1
1474=,Phaimie,1
1474=,Pheona,1
1474=,Phianna,1
1474=,Phinn,1
1474=,Phoebe-Rose,1
1474=,Phoenix-Rose,1
1474=,Pia,1
1474=,Pilirani,1
1474=,Pireh,1
1474=,Piroz,1
1474=,Plamena,1
1474=,Pooja,1
1474=,Popi,1
1474=,Poppi,1
1474=,Poppi-Mae,1
1474=,Poppie,1
1474=,Poppy-Grace,1
1474=,Poppylee,1
1474=,Prabhdeep,1
1474=,Prajna,1
1474=,Pranavi,1
1474=,Prapti,1
1474=,Prashasya,1
1474=,Pratha,1
1474=,Precious,1
1474=,Prefina,1
1474=,Princy,1
1474=,Priseis,1
1474=,Prisha,1
1474=,Prudence,1
1474=,Prunella,1
1474=,Purdie,1
1474=,Qi,1
1474=,Qiana,1
1474=,Qianna,1
1474=,Qu,1
1474=,Qudsiyah,1
1474=,Queenslie,1
1474=,Quinn,1
1474=,Qurat-Ul-An,1
1474=,Rabeka,1
1474=,Racheal,1
1474=,Rachel-Lee,1
1474=,Raeesa,1
1474=,Raena,1
1474=,Rafi,1
1474=,Raghed,1
1474=,Rahaba,1
1474=,Raheen,1
1474=,Rahma,1
1474=,Rahmma,1
1474=,Raima,1
1474=,Rain,1
1474=,Raina,1
1474=,Rainey,1
1474=,Rajani,1
1474=,Rakhi,1
1474=,Rameesha,1
1474=,Ramornie-Rose,1
1474=,Ramsha,1
1474=,Ranya,1
1474=,Raphaela,1
1474=,Raphaella,1
1474=,Raphaelle,1
1474=,Raudiat,1
1474=,Ravneet,1
1474=,Raya,1
1474=,Rayan,1
1474=,Raye,1
1474=,Reamass,1
1474=,Reave,1
1474=,Reeanna,1
1474=,Reece,1
1474=,Reem,1
1474=,Reema,1
1474=,Reena,1
1474=,Refan,1
1474=,Rehma,1
1474=,Rei,1
1474=,Reighan,1
1474=,Reighgan,1
1474=,Remi-Lila,1
1474=,Remmy,1
1474=,Remy,1
1474=,Renesme,1
1474=,Retaj,1
1474=,Reva,1
1474=,Reya,1
1474=,Reyhana,1
1474=,Reyna,1
1474=,Rhanna,1
1474=,Rhea-Marie,1
1474=,Rhea-Nicole,1
1474=,Rheanna,1
1474=,Rhiahroy,1
1474=,Rhiana,1
1474=,Rhiann,1
1474=,Rhianna-Sophie,1
1474=,Rhiannyn,1
1474=,Rhica,1
1474=,Rhonwen,1
1474=,Rhylee,1
1474=,Rhyona,1
1474=,Ribqa,1
1474=,Rico,1
1474=,Ridima,1
1474=,Rihaniin,1
1474=,Rikki-Leigh,1
1474=,Rimshah,1
1474=,Risha,1
1474=,Rithika,1
1474=,Riya,1
1474=,Roag,1
1474=,Roberta-Jane,1
1474=,Robyn-Louise,1
1474=,Robyne,1
1474=,Rochelle,1
1474=,Rocio,1
1474=,Roha,1
1474=,Rohan,1
1474=,Rojan,1
1474=,Romany,1
1474=,Romay,1
1474=,Romey,1
1474=,Romily,1
1474=,Ronja,1
1474=,Ronnie,1
1474=,Roopraj,1
1474=,Rori,1
1474=,Rosabella,1
1474=,Rosaleigh,1
1474=,Rosanagh,1
1474=,Roseanne,1
1474=,Roseline,1
1474=,Roselyn,1
1474=,Rosemariya,1
1474=,Rosetta,1
1474=,Roshanne,1
1474=,Roshany-Zahra,1
1474=,Roshni,1
1474=,Rosin,1
1474=,Roslyn,1
1474=,Roslynn,1
1474=,Rossi,1
1474=,Rowen,1
1474=,Roxae,1
1474=,Roxann,1
1474=,Rubbi,1
1474=,Ruby-Anne,1
1474=,Ruby-Emiko,1
1474=,Ruby-Lee,1
1474=,Ruby-Mae,1
1474=,Rucha,1
1474=,Rudi,1
1474=,Ruhani,1
1474=,Rui,1
1474=,Rui-Kuan,1
1474=,Rumaisa,1
1474=,Rumaithah,1
1474=,Rumaysa,1
1474=,Rumesa,1
1474=,Ruqaiyyah,1
1474=,Ruqaya,1
1474=,Ruqiyyah,1
1474=,Ruqqiya,1
1474=,Rutendo,1
1474=,Ruvarashe,1
1474=,Ryah,1
1474=,Ryha-Dee,1
1474=,Rylea,1
1474=,Rylee-Mae,1
1474=,Ryleigh,1
1474=,Ryley,1
1474=,Ryli,1
1474=,Saacha,1
1474=,Saachi,1
1474=,Saara,1
1474=,Sabeen,1
1474=,Sabith,1
1474=,Sabrielle,1
1474=,Safaa,1
1474=,Safeena,1
1474=,Safeia,1
1474=,Saffa,1
1474=,Safiyyah,1
1474=,Sage,1
1474=,Sahar,1
1474=,Sai,1
1474=,Sairsha,1
1474=,Saiyon,1
1474=,Saiyoni,1
1474=,Sajal,1
1474=,Sakeena,1
1474=,Sakithyaa,1
1474=,Sakura,1
1474=,Salote,1
1474=,Salsabil,1
1474=,Salume,1
1474=,Sama,1
1474=,Samanthi,1
1474=,Samarah,1
1474=,Sameha,1
1474=,Sami,1
1474=,Samiha,1
1474=,Samira,1
1474=,Samiyah,1
1474=,Sammi,1
1474=,Sammie,1
1474=,Sammy-Lee,1
1474=,Samrah,1
1474=,Samsam,1
1474=,Sanam,1
1474=,Sandee,1
1474=,Sandie,1
1474=,Sango-Alexa,1
1474=,Sania,1
1474=,Saniya,1
1474=,Saniyah,1
1474=,Sanya,1
1474=,Sara-Eve,1
1474=,Sara-Jane,1
1474=,Sarah-Anne,1
1474=,Sarah-Lee,1
1474=,Sarah-Lou,1
1474=,Sarahjane,1
1474=,Sarai,1
1474=,Saran,1
1474=,Saranna,1
1474=,Saraya,1
1474=,Sarika,1
1474=,Sarila,1
1474=,Sarita,1
1474=,Sarra,1
1474=,Sarveen,1
1474=,Saskiah,1
1474=,Satine,1
1474=,Satnam,1
1474=,Savahanna,1
1474=,Savanah,1
1474=,Savanna-Leigh,1
1474=,Savannah-Louise,1
1474=,Sayomi,1
1474=,Scarllett,1
1474=,Seffi,1
1474=,Sehri,1
1474=,Selene,1
1474=,Selma,1
1474=,Sendija,1
1474=,Seno,1
1474=,Seonag,1
1474=,Seonaid,1
1474=,Serafina,1
1474=,Serah,1
1474=,Seraphina,1
1474=,Sereena,1
1474=,Serin,1
1474=,Shadleah,1
1474=,Shaelynn,1
1474=,Shaenah,1
1474=,Shafa,1
1474=,Shahad,1
1474=,Shahd,1
1474=,Shahed,1
1474=,Shahitya,1
1474=,Shahrain,1
1474=,Shai,1
1474=,Shailah,1
1474=,Shaimaa,1
1474=,Shaina,1
1474=,Shaleise,1
1474=,Shalinn,1
1474=,Shallon,1
1474=,Shan,1
1474=,Shanah-Leigh,1
1474=,Shaneaa,1
1474=,Shanelle,1
1474=,Shani,1
1474=,Shaniah,1
1474=,Shaniece,1
1474=,Shanii,1
1474=,Shanika,1
1474=,Shanise,1
1474=,Shanleigh,1
1474=,Shanly,1
1474=,Shannae,1
1474=,Shantelle,1
1474=,Shanzey,1
1474=,Sharada,1
1474=,Sharan,1
1474=,Sharice,1
1474=,Sharla,1
1474=,Sharleigh,1
1474=,Sharley,1
1474=,Sharmaine,1
1474=,Sharmeen,1
1474=,Sharon,1
1474=,Shatha,1
1474=,Shauganjit,1
1474=,Shauna-Faye,1
1474=,Shaunalouise,1
1474=,Shaunnie,1
1474=,Shavin,1
1474=,Shawnailee,1
1474=,Shawnie,1
1474=,Shawny,1
1474=,Shaya,1
1474=,Shaye,1
1474=,Shayla,1
1474=,Shayna,1
1474=,Shaysta,1
1474=,Shazia,1
1474=,Shejuti,1
1474=,Shelagh,1
1474=,Shelbi,1
1474=,Shelby-Rhianne,1
1474=,Shelly,1
1474=,Shenai,1
1474=,Shenise,1
1474=,Sheree,1
1474=,Shereen,1
1474=,Sheridan,1
1474=,Sheryl,1
1474=,Shia,1
1474=,Shikia,1
1474=,Shilo,1
1474=,Shiloh,1
1474=,Shira,1
1474=,Shirleen,1
1474=,Shivika,1
1474=,Shona-Mae,1
1474=,Shorrie,1
1474=,Shouna,1
1474=,Shreeyaa,1
1474=,Shuna,1
1474=,Shyami,1
1474=,Shyann,1
1474=,Shye,1
1474=,Sia,1
1474=,Sianna,1
1474=,Siara,1
1474=,Sidney,1
1474=,Sidonie,1
1474=,Sidrah,1
1474=,Siena,1
1474=,Silvia,1
1474=,Simar,1
1474=,Simarpreet,1
1474=,Simmal,1
1474=,Simona,1
1474=,Simrandeep,1
1474=,Simranjot,1
1474=,Sine,1
1474=,Singher,1
1474=,Siona,1
1474=,Sira,1
1474=,Sireen,1
1474=,Sirin,1
1474=,Sisley,1
1474=,Skandaja,1
1474=,Skara,1
1474=,Skye-Marie,1
1474=,Skylah,1
1474=,Skyler,1
1474=,Sloane,1
1474=,Sneha,1
1474=,Soffi,1
1474=,Sofia-Joy-Linn,1
1474=,Sofja,1
1474=,Soha,1
1474=,Somaya,1
1474=,Somayia,1
1474=,Sonja,1
1474=,Sonny,1
1474=,Sonya,1
1474=,Sophea,1
1474=,Sophey,1
1474=,Sophia-May,1
1474=,Sophialeila,1
1474=,Sophie-Alesha,1
1474=,Sophie-Dee,1
1474=,Sophie-Leah,1
1474=,Sophie-Li,1
1474=,Sophie-Mae,1
1474=,Sophie-Marie,1
1474=,Sophie-May,1
1474=,Soraia,1
1474=,Sorrel,1
1474=,Soumaya,1
1474=,Soyool,1
1474=,Sri,1
1474=,Star,1
1474=,Steevi,1
1474=,Stefani,1
1474=,Stefania,1
1474=,Stefi,1
1474=,Stephannie,1
1474=,Stephenie,1
1474=,Sterlin,1
1474=,Stevie-Gi,1
1474=,Suada,1
1474=,Subhiya,1
1474=,Sue,1
1474=,Sufiyah,1
1474=,Suiren,1
1474=,Sukana,1
1474=,Sukhveer,1
1474=,Suki,1
1474=,Sumab,1
1474=,Sumaira,1
1474=,Sumaiyah,1
1474=,Sumaya,1
1474=,Sumeyyah,1
1474=,Summer-Leigh,1
1474=,Sunayna,1
1474=,Suneha,1
1474=,Sunmin,1
1474=,Suprechhya,1
1474=,Suraya,1
1474=,Suri,1
1474=,Suriaya,1
1474=,Susannah,1
1474=,Susie,1
1474=,Suwena,1
1474=,Suya,1
1474=,Suzana,1
1474=,Suzi,1
1474=,Sydnie,1
1474=,Sylvie-Mae,1
1474=,Syrine,1
1474=,Taara,1
1474=,Tabai,1
1474=,Tabarak,1
1474=,Tadhgan,1
1474=,Tadiwanashe,1
1474=,Tahmina,1
1474=,Tahseen,1
1474=,Taima,1
1474=,Taiven,1
1474=,Taiwo,1
1474=,Tala,1
1474=,Talah,1
1474=,Talia-Ashley,1
1474=,Taliah,1
1474=,Talitha,1
1474=,Taliyah,1
1474=,Tallie,1
1474=,Tallis,1
1474=,Tallulah,1
1474=,Talvir,1
1474=,Tamana,1
1474=,Tamara-Leigh,1
1474=,Tamarah,1
1474=,Tamia,1
1474=,Tamisha,1
1474=,Tammi,1
1474=,Tammie,1
1474=,Tanai,1
1474=,Tanisha,1
1474=,Tanishaa,1
1474=,Tanit,1
1474=,Tanzil,1
1474=,Taranpreet,1
1474=,Tarlie,1
1474=,Tasmin,1
1474=,Tasnem,1
1474=,Tatenda,1
1474=,Tatjana,1
1474=,Tawnia,1
1474=,Tawny,1
1474=,Tay,1
1474=,Tayla-Jai,1
1474=,Taylah,1
1474=,Taylan,1
1474=,Taylar,1
1474=,Taylor-Jay,1
1474=,Taylor-Maree,1
1474=,Taylor-Margaret,1
1474=,Taylorann,1
1474=,Tayte,1
1474=,Teagen,1
1474=,Teah,1
1474=,Teara,1
1474=,Tecee,1
1474=,Teea,1
1474=,Tegan-Lan,1
1474=,Tegan-Marie,1
1474=,Tehreem,1
1474=,Tehya,1
1474=,Teigan-Lily,1
1474=,Teirah-Leigh,1
1474=,Temilola,1
1474=,Temitope,1
1474=,Teneisha,1
1474=,Tenzin,1
1474=,Teoni,1
1474=,Teri-Louise,1
1474=,Terilee,1
1474=,Terri-Lee,1
1474=,Terri-Leigh,1
1474=,Tesia,1
1474=,Teyanna,1
1474=,Teyla,1
1474=,Teyma,1
1474=,Thai,1
1474=,Thalia,1
1474=,Thamanna,1
1474=,Thandiwe,1
1474=,Thara,1
1474=,Theia,1
1474=,Theruni,1
1474=,Thikra,1
1474=,Thubelihle,1
1474=,Thurayah,1
1474=,Tiaa,1
1474=,Tiala,1
1474=,Tiami,1
1474=,Tiamii,1
1474=,Tiammi,1
1474=,Tian,1
1474=,Tiannah,1
1474=,Tianyi,1
1474=,Tiarra,1
1474=,Tieghan,1
1474=,Tifeoluwa,1
1474=,Tiffany-Anne,1
1474=,Tija,1
1474=,Tilda,1
1474=,Tillie,1
1474=,Tilly-Rose,1
1474=,Ting,1
1474=,Tioluwani,1
1474=,Tionna,1
1474=,Tiraj,1
1474=,Tita,1
1474=,Titilayo,1
1474=,Tola,1
1474=,Toni-Lee,1
1474=,Toni-Louise,1
1474=,Tonii,1
1474=,Tonisha,1
1474=,Tori-Leigh,1
1474=,Torunn,1
1474=,Touleen,1
1474=,Tracey,1
1474=,Traci,1
1474=,Trista,1
1474=,Trixie,1
1474=,Trudi,1
1474=,Tsneem,1
1474=,Tulisa,1
1474=,Tulun,1
1474=,Twisile,1
1474=,Twyla,1
1474=,Tylar,1
1474=,Tyne,1
1474=,Tyree,1
1474=,Uemuvanga,1
1474=,Ufuoma,1
1474=,Ulvik,1
1474=,Ummul,1
1474=,Una,1
1474=,Urban,1
1474=,Urszula,1
1474=,Urwah,1
1474=,Ushna,1
1474=,Vaishana,1
1474=,Valencia,1
1474=,Valeria,1
1474=,Valerija,1
1474=,Vanesa,1
1474=,Vanilla,1
1474=,Veda,1
1474=,Verity-Anne,1
1474=,Veronica-Lourdes,1
1474=,Vibha,1
1474=,Vicka,1
1474=,Vicky,1
1474=,Viera,1
1474=,Viktorija,1
1474=,Vilte,1
1474=,Vincenza,1
1474=,Virika,1
1474=,Vivian,1
1474=,Viviana,1
1474=,Vivien,1
1474=,Voe,1
1474=,Vytaute,1
1474=,Wafa,1
1474=,Wafeeqa,1
1474=,Wanda,1
1474=,Wania,1
1474=,Wayna,1
1474=,Wea-Sephina,1
1474=,Wegan,1
1474=,Wei,1
1474=,Wen,1
1474=,Wendy,1
1474=,Wenjia,1
1474=,Wenqian,1
1474=,Wilamyna,1
1474=,Wilhelmina,1
1474=,Winnie,1
1474=,Winona,1
1474=,Wren,1
1474=,Wynne,1
1474=,Xanthe,1
1474=,Xavreah,1
1474=,Xenia,1
1474=,Xiao,1
1474=,Xindi,1
1474=,Xiomara,1
1474=,Xsana-Lee,1
1474=,Yacout,1
1474=,Yan,1
1474=,Yanan,1
1474=,Yanti,1
1474=,Yaqeen,1
1474=,Yaran,1
1474=,Yaren,1
1474=,Yasemin,1
1474=,Yashila,1
1474=,Yashvi,1
1474=,Yasmina,1
1474=,Yesenia,1
1474=,Yeva,1
1474=,Yevah,1
1474=,Yijia,1
1474=,Ying,1
1474=,Yingge,1
1474=,Yiqing,1
1474=,Yixin,1
1474=,Yoella,1
1474=,Yolanda,1
1474=,Yoshabelle,1
1474=,Yousra,1
1474=,Yoyo,1
1474=,Yuan,1
1474=,Yuchen,1
1474=,Yue,1
1474=,Yueyang,1
1474=,Yuke,1
1474=,Yuran,1
1474=,Yushra,1
1474=,Zaara,1
1474=,Zahara,1
1474=,Zahida,1
1474=,Zahrah,1
1474=,Zain,1
1474=,Zainaib,1
1474=,Zaineb,1
1474=,Zakiyya,1
1474=,Zana,1
1474=,Zanzara,1
1474=,Zaraah,1
1474=,Zarrah,1
1474=,Zaryn,1
1474=,Zaynah,1
1474=,Zeah,1
1474=,Zehna,1
1474=,Zelma,1
1474=,Zeniyah,1
1474=,Zennor,1
1474=,Zeynep,1
1474=,Zianab,1
1474=,Ziara,1
1474=,Zienab,1
1474=,Zihan,1
1474=,Zina,1
1474=,Zixuan,1
1474=,Ziya,1
1474=,Ziza,1
1474=,Zoe-Leigh,1
1474=,Zohah,1
1474=,Zohra,1
1474=,Zoie,1
1474=,Zola,1
1474=,Zora,1
1474=,Zouina,1
1474=,Zoyah,1
1474=,Zulekha,1
1474=,Zunairah,1
1474=,Zunayrah,1
1474=,Zunera,1
1474=,Zyna,1
