Position,Name,Number of babies
1,Sophie,659
2,Lily,491
3,Ava,486
4,Olivia,475
5,Lucy,457
6,Emily,456
7,Isla,366
8,Jessica,349
9,Ellie,324
10,Chloe,323
11,Emma,304
12,Erin,281
13,Eva,279
14,Mia,278
15=,Grace,263
15=,Holly,263
17,Sophia,242
18,Millie,241
19,Freya,237
20,Kayla,234
21,Katie,233
22,Leah,224
23,Brooke,223
24,Hannah,222
25,Amy,220
26,Ruby,216
27,Eilidh,212
28,Charlotte,192
29,Amelia,185
30,Rebecca,183
31,Anna,182
32,Evie,180
33,Ella,172
34,Megan,168
35,Abbie,160
36,Layla,152
37,Summer,151
38,Maisie,147
39,Isabella,143
40,Niamh,141
41,Zoe,138
42,Lilly,134
43,Abigail,131
44,Daisy,129
45=,Caitlin,126
45=,Poppy,126
47,Molly,123
48=,Aimee,120
48=,Skye,120
50=,Lauren,119
50=,Lexi,119
52,Amber,117
53,Lacey,113
54,Cara,112
55,Orla,111
56,Sarah,109
57,Hollie,101
58,Paige,99
59,Julia,97
60,Mya,96
61,Maya,94
62,Sofia,91
63,Keira,89
64=,Elizabeth,88
64=,Eve,88
64=,Zara,88
67,Madison,85
68,Iona,84
69,Amelie,82
70,Rachel,79
71=,Georgia,73
71=,Lexie,73
73=,Beth,72
73=,Imogen,72
73=,Rosie,72
76,Taylor,70
77,Kara,69
78=,Alice,68
78=,Rose,68
80=,Nicole,65
80=,Phoebe,65
82,Robyn,64
83=,Carly,62
83=,Sienna,62
85,Neve,60
86,Bethany,58
87,Lola,56
88,Gracie,55
89=,Elise,54
89=,Faith,54
89=,Jasmine,54
92=,Lucie,53
92=,Mollie,53
94,Lara,52
95,Alyssa,50
96,Laila,47
97=,Maria,46
97=,Mirren,46
99=,Alexandra,45
99=,Alexis,45
99=,Ayla,45
99=,Laura,45
99=,Sara,45
104=,Kayleigh,44
104=,Melissa,44
104=,Naomi,44
107=,Esme,43
107=,Libby,43
107=,Miley,43
110=,Catherine,42
110=,Morgan,42
112=,Carla,41
112=,Emilia,41
112=,Martha,41
112=,Nina,41
116=,Darcy,40
116=,Heidi,40
116=,Jennifer,40
116=,Willow,40
120=,Alicia,39
120=,Caitlyn,39
120=,Louise,39
120=,Macy,39
120=,Scarlett,39
125=,Gabriella,38
125=,Kacey,38
127=,Abi,37
127=,Annie,37
127=,Kaitlyn,37
130=,Casey,36
130=,Cerys,36
130=,Connie,36
130=,Kelsey,36
130=,Maddison,36
135=,Khloe,35
135=,Kyla,35
137=,Abby,34
137=,Eliza,34
137=,Lois,34
137=,Lucia,34
141=,Ailsa,33
141=,Lena,33
141=,Maja,33
141=,Samantha,33
145=,Charley,32
145=,Eden,32
145=,Ellen,32
145=,Victoria,32
149=,Callie,31
149=,Florence,31
149=,Heather,31
152=,Alex,30
152=,Courtney,30
152=,Matilda,30
155=,Alana,29
155=,Alexa,29
155=,Anya,29
155=,Halle,29
155=,Hayley,29
155=,Jenna,29
155=,Kiera,29
162=,Carys,28
162=,Ciara,28
162=,Ellis,28
162=,Isobel,28
162=,Natalia,28
162=,Sadie,28
162=,Savannah,28
169=,Alisha,27
169=,Farrah,27
169=,Gemma,27
169=,Hope,27
169=,Nadia,27
169=,Stella,27
175=,Caoimhe,26
175=,Elle,26
175=,Leila,26
175=,Maci,26
175=,Macie,26
175=,Orlaith,26
181=,Alesha,25
181=,Cora,25
181=,Hanna,25
181=,Lillie,25
181=,Macey,25
181=,Natalie,25
181=,Rosa,25
188=,Abbey,24
188=,Charlie,24
188=,Darcey,24
188=,Georgie,24
188=,Kirsty,24
188=,Maia,24
188=,Mila,24
188=,Nieve,24
188=,Penny,24
197=,Angel,23
197=,Demi,23
197=,Elena,23
197=,Karis,23
197=,Katherine,23
197=,Katy,23
197=,Lana,23
197=,Milly,23
197=,Peyton,23
197=,Rowan,23
197=,Zuzanna,23
208=,Cassie,22
208=,Danielle,22
208=,Eleanor,22
208=,Kaci,22
208=,Tia,22
213=,Aaliyah,21
213=,Aisha,21
213=,Bonnie,21
213=,Eloise,21
213=,India,21
213=,Kate,21
213=,Nicola,21
220=,Aoife,20
220=,Bella,20
220=,Jade,20
220=,Jodie,20
220=,Mhairi,20
220=,Michaela,20
220=,Natasha,20
220=,Shannon,20
220=,Thea,20
229=,Alba,19
229=,Annabel,19
229=,Annabelle,19
229=,Belle,19
229=,Catriona,19
229=,Christina,19
229=,Elsie,19
229=,Francesca,19
229=,Harley,19
229=,Iris,19
229=,Louisa,19
229=,Madeleine,19
229=,Marley,19
229=,Payton,19
229=,Rachael,19
244=,Adele,18
244=,Carrie,18
244=,Clara,18
244=,Harriet,18
244=,Ivy,18
244=,Orlagh,18
244=,Penelope,18
244=,Quinn,18
252=,Ariana,17
252=,Autumn,17
252=,Claudia,17
252=,Ebony,17
252=,Frankie,17
252=,Isabelle,17
252=,Jenny,17
252=,Katelyn,17
252=,Maryam,17
252=,Morven,17
252=,Stephanie,17
252=,Tegan,17
252=,Vanessa,17
252=,Wiktoria,17
266=,Brooklyn,16
266=,Faye,16
266=,Kenzie,16
266=,Leia,16
266=,Oliwia,16
266=,Teigan,16
266=,Tilly,16
273=,Aila,15
273=,Carmen,15
273=,Chelsea,15
273=,Claire,15
273=,Emilie,15
273=,Isabel,15
273=,Jessie,15
273=,Kacie,15
273=,Maisy,15
273=,Miya,15
273=,Pippa,15
273=,Rebekah,15
273=,Saoirse,15
273=,Teagan,15
287=,Abbi,14
287=,Alix,14
287=,Annalise,14
287=,April,14
287=,Flora,14
287=,Kathryn,14
287=,Keeva,14
287=,Liliana,14
287=,Meghan,14
287=,Murron,14
287=,Tianna,14
287=,Yasmin,14
287=,Zoya,14
300=,Aleksandra,13
300=,Alicja,13
300=,Anaya,13
300=,Ashley,13
300=,Cayla,13
300=,Elsa,13
300=,Gabriela,13
300=,Jorja,13
300=,Kasey,13
300=,Kelsie,13
300=,Lia,13
300=,Lyla,13
300=,Myah,13
300=,Rhea,13
300=,Talia,13
300=,Tulisa,13
300=,Violet,13
317=,Ailie,12
317=,Alanna,12
317=,Amira,12
317=,Arianna,12
317=,Ayesha,12
317=,Bailey,12
317=,Fearne,12
317=,Georgina,12
317=,Lydia,12
317=,Mariam,12
317=,Mary,12
317=,Melanie,12
317=,Neive,12
317=,Nikola,12
317=,Piper,12
317=,Zahra,12
317=,Zainab,12
334=,Aleisha,11
334=,Ana,11
334=,Aria,11
334=,Brianna,11
334=,Brogan,11
334=,Chantelle,11
334=,Darcie,11
334=,Elisha,11
334=,Elspeth,11
334=,Erica,11
334=,Erika,11
334=,Fallon,11
334=,Hayden,11
334=,Honey,11
334=,Indie,11
334=,Islay,11
334=,Joanna,11
334=,Karly,11
334=,Kaylah,11
334=,Kiara,11
334=,Kirsten,11
334=,Lori,11
334=,Marissa,11
334=,Melody,11
334=,Mikayla,11
334=,Nevaeh,11
334=,Noor,11
334=,Ruth,11
334=,Tiffany,11
363=,Addison,10
363=,Allie,10
363=,Ayva,10
363=,Bethan,10
363=,Brodie,10
363=,Chelsey,10
363=,Christine,10
363=,Crystal,10
363=,Daniella,10
363=,Esther,10
363=,Evelyn,10
363=,Fatima,10
363=,Fiona,10
363=,Hallie,10
363=,Helena,10
363=,Jess,10
363=,Josie,10
363=,Kaitlin,10
363=,Kimberly,10
363=,Leona,10
363=,Leyla,10
363=,Michelle,10
363=,Myla,10
363=,Nancy,10
363=,Neave,10
363=,Nyla,10
363=,Rihanna,10
363=,Roxanne,10
363=,Sinead,10
363=,Weronika,10
363=,Zofia,10
394=,Aleena,9
394=,Alina,9
394=,Alyx,9
394=,Beau,9
394=,Billie,9
394=,Darci,9
394=,Daria,9
394=,Eryn,9
394=,Felicity,9
394=,Gabrielle,9
394=,Hafsa,9
394=,Hana,9
394=,Helen,9
394=,Jorgie,9
394=,Joy,9
394=,Juliette,9
394=,Kadie,9
394=,Kailyn,9
394=,Kali,9
394=,Karla,9
394=,Kimberley,9
394=,Leigha,9
394=,Leonie,9
394=,Lili,9
394=,Livia,9
394=,Lottie,9
394=,Miah,9
394=,Murren,9
394=,Nuala,9
394=,Roxy,9
394=,Saskia,9
394=,Skyla,9
394=,Tabitha,9
394=,Tess,9
394=,Tiana,9
394=,Toni,9
430=,Alannah,8
430=,Aliyah,8
430=,Amie,8
430=,Amina,8
430=,Angela,8
430=,Arwen,8
430=,Ashleigh,8
430=,Astrid,8
430=,Ayda,8
430=,Cassidy,8
430=,Charli,8
430=,Destiny,8
430=,Edith,8
430=,Freyja,8
430=,Genevieve,8
430=,Hailey,8
430=,Honor,8
430=,Indi,8
430=,Josephine,8
430=,Kaylee,8
430=,Keeley,8
430=,Kitty,8
430=,Kourtney,8
430=,Laurie,8
430=,Lea,8
430=,Lilia,8
430=,Maeve,8
430=,Mairi,8
430=,Ria,8
430=,Rylee,8
430=,Scarlet,8
430=,Sian,8
430=,Sonia,8
430=,Tamzin,8
430=,Zoey,8
465=,Ada,7
465=,Agata,7
465=,Aimee-Leigh,7
465=,Aiva,7
465=,Aizah,7
465=,Allana,7
465=,Ameera,7
465=,Aurora,7
465=,Avah,7
465=,Baillie,7
465=,Chanelle,7
465=,Constance,7
465=,Demi-Leigh,7
465=,Dua,7
465=,Ellie-Rose,7
465=,Elyse,7
465=,Emmie,7
465=,Eshal,7
465=,Farah,7
465=,Haleema,7
465=,Hayleigh,7
465=,Juliet,7
465=,Karli,7
465=,Keris,7
465=,Kerry,7
465=,Kianna,7
465=,Klaudia,7
465=,Kristina,7
465=,Kyra,7
465=,Lacie,7
465=,Laiba,7
465=,Lily-Anne,7
465=,Mackenzie,7
465=,Maggie,7
465=,Margaret,7
465=,Martyna,7
465=,Mercedes,7
465=,Milena,7
465=,Mirrin,7
465=,Miyah,7
465=,Monica,7
465=,Paulina,7
465=,Rhian,7
465=,Sasha,7
465=,Siobhan,7
465=,Stacey,7
465=,Sylvie,7
465=,Tara,7
465=,Viktoria,7
465=,Yvie,7
515=,Adrianna,6
515=,Agnes,6
515=,Ailey,6
515=,Alison,6
515=,Aliza,6
515=,Amna,6
515=,Andi,6
515=,Anne,6
515=,Ashlyn,6
515=,Audrey,6
515=,Bobbi,6
515=,Cali,6
515=,Calleigh,6
515=,Cameron,6
515=,Caragh,6
515=,Chanel,6
515=,Dayna,6
515=,Deborah,6
515=,Deryn,6
515=,Edie,6
515=,Elodie,6
515=,Emma-Louise,6
515=,Esmee,6
515=,Fern,6
515=,Harper,6
515=,Hazel,6
515=,Isha,6
515=,Jane,6
515=,Jasmin,6
515=,Joni,6
515=,Julie,6
515=,Kaila,6
515=,Karolina,6
515=,Kaycee,6
515=,Kaycie,6
515=,Krystal,6
515=,Lillian,6
515=,Lily-Rose,6
515=,Lisa,6
515=,Maddie,6
515=,Makayla,6
515=,Marcie,6
515=,Marcy,6
515=,Marina,6
515=,Marta,6
515=,Miriam,6
515=,Mischa,6
515=,Monique,6
515=,Mylie,6
515=,Nyah,6
515=,Pearl,6
515=,Philippa,6
515=,Rhona,6
515=,Riley,6
515=,Sarah-Louise,6
515=,Seren,6
515=,Simone,6
515=,Sky,6
515=,Teegan,6
515=,Tessa,6
515=,Tillie,6
515=,Tina,6
515=,Tyra,6
515=,Verity,6
579=,Aileigh,5
579=,Ailidh,5
579=,Ailish,5
579=,Aiza,5
579=,Alara,5
579=,Alexia,5
579=,Alishba,5
579=,Ally,5
579=,Amanda,5
579=,Amani,5
579=,Ami,5
579=,Aminah,5
579=,Amy-Leigh,5
579=,Anabelle,5
579=,Anastasia,5
579=,Angelina,5
579=,Anisa,5
579=,Anita,5
579=,Antonia,5
579=,Beatrice,5
579=,Bianca,5
579=,Blair,5
579=,Breanna,5
579=,Cailyn,5
579=,Caris,5
579=,Christiana,5
579=,Cindy,5
579=,Cleo,5
579=,Cody,5
579=,Dakota,5
579=,Dani,5
579=,Demi-Lee,5
579=,Devon,5
579=,Diana,5
579=,Diya,5
579=,Eilish,5
579=,Elin,5
579=,Ella-Rose,5
579=,Emme,5
579=,Evangeline,5
579=,Greta,5
579=,Hailie,5
579=,Haniya,5
579=,Harlow,5
579=,Haylee,5
579=,Ishbel,5
579=,Izzy,5
579=,Jaime,5
579=,Jayda,5
579=,Kaira,5
579=,Karlie,5
579=,Kaydee,5
579=,Kayley,5
579=,Kaylin,5
579=,Kendal,5
579=,Kenzi,5
579=,Khadija,5
579=,Kornelia,5
579=,Kristin,5
579=,Lila,5
579=,Linda,5
579=,Liv,5
579=,Lucinda,5
579=,Luna,5
579=,Lyra,5
579=,Mae,5
579=,Mahnoor,5
579=,Mara,5
579=,May,5
579=,Michalina,5
579=,Milana,5
579=,Millicent,5
579=,Miren,5
579=,Mirran,5
579=,Myley,5
579=,Nell,5
579=,Nia,5
579=,Noa,5
579=,Nora,5
579=,Pola,5
579=,Precious,5
579=,Rhianna,5
579=,Rhiannon,5
579=,Roisin,5
579=,Romy,5
579=,Sana,5
579=,Sandra,5
579=,Shiloh,5
579=,Syeda,5
579=,Tamara,5
579=,Tanya,5
579=,Tyler,5
579=,Zahraa,5
579=,Zaynab,5
579=,Zaynah,5
674=,Abigayle,4
674=,Ailis,4
674=,Alayna,4
674=,Aleeza,4
674=,Alexandria,4
674=,Alissa,4
674=,Amalie,4
674=,Amara,4
674=,Annabella,4
674=,Arwa,4
674=,Arya,4
674=,Bailee,4
674=,Barbara,4
674=,Becca,4
674=,Betsy,4
674=,Blanka,4
674=,Breagha,4
674=,Bree,4
674=,Bryony,4
674=,Cailin,4
674=,Carley,4
674=,Cassia,4
674=,Cecilia,4
674=,Celeste,4
674=,Charis,4
674=,Chiara,4
674=,Christie,4
674=,Corin,4
674=,Cristina,4
674=,Dana,4
674=,Danni,4
674=,Dawn,4
674=,Dominika,4
674=,Drew,4
674=,Elisabeth,4
674=,Elissa,4
674=,Elli,4
674=,Ellie-May,4
674=,Elliot,4
674=,Ellison,4
674=,Emaan,4
674=,Emelia,4
674=,Emily-Rose,4
674=,Emmi,4
674=,Emmy,4
674=,Frances,4
674=,Harleen,4
674=,Harmony,4
674=,Hiba,4
674=,Hibah,4
674=,Ida,4
674=,Iman,4
674=,Inaya,4
674=,Indy,4
674=,Jaya,4
674=,Jazmine,4
674=,Jemima,4
674=,Jia,4
674=,Jocelyn,4
674=,Kadey,4
674=,Kaia,4
674=,Kaiya,4
674=,Kallie,4
674=,Karys,4
674=,Katelynn,4
674=,Kathleen,4
674=,Kelly,4
674=,Kelsi,4
674=,Kendall,4
674=,Kendra,4
674=,Kerys,4
674=,Keziah,4
674=,Kiana,4
674=,Kira,4
674=,Kirstie,4
674=,Klara,4
674=,Kodi,4
674=,Konnie,4
674=,Kylah,4
674=,Kylie,4
674=,Laci,4
674=,Larissa,4
674=,Lauryn,4
674=,Leanne,4
674=,Leena,4
674=,Levi,4
674=,Lianna,4
674=,Lilian,4
674=,Lilli,4
674=,Lilly-Rose,4
674=,Lily-May,4
674=,Loren,4
674=,Madisyn,4
674=,Magdalena,4
674=,Maira,4
674=,Mairead,4
674=,Maisey,4
674=,Maiya,4
674=,Maizie,4
674=,Marianna,4
674=,Marni,4
674=,Merryn,4
674=,Milli,4
674=,Mirryn,4
674=,Murrin,4
674=,Nadine,4
674=,Nikki,4
674=,Nola,4
674=,Olive,4
674=,Ophelia,4
674=,Paris,4
674=,Pixie,4
674=,Polly,4
674=,Renee,4
674=,Robin,4
674=,Roksana,4
674=,Safa,4
674=,Safia,4
674=,Safiyyah,4
674=,Samia,4
674=,Sapphire,4
674=,Selina,4
674=,Serena,4
674=,Shanice,4
674=,Simran,4
674=,Sorcha,4
674=,Susan,4
674=,Susanna,4
674=,Susie,4
674=,Sydney,4
674=,Tallulah,4
674=,Tayla,4
674=,Teighan,4
674=,Tyla,4
674=,Xin,4
674=,Ziva,4
810=,Aarna,3
810=,Abbigail,3
810=,Abigael,3
810=,Adelle,3
810=,Adriana,3
810=,Aela,3
810=,Afsa,3
810=,Agatha,3
810=,Aimee-Louise,3
810=,Aine,3
810=,Alessia,3
810=,Ali,3
810=,Aliya,3
810=,Alysha,3
810=,Alyssia,3
810=,Amaya,3
810=,Ameerah,3
810=,Amiee,3
810=,Amii,3
810=,Amirah,3
810=,Amy-Lee,3
810=,Amy-Louise,3
810=,Amyleigh,3
810=,Anais,3
810=,Andie,3
810=,Andrea,3
810=,Anika,3
810=,Annaliese,3
810=,Anoushka,3
810=,Anusha,3
810=,Anushka,3
810=,Aoibhe,3
810=,Aqsa,3
810=,Arielle,3
810=,Aroosh,3
810=,Aryana,3
810=,Ava-Grace,3
810=,Avril,3
810=,Aya,3
810=,Ayat,3
810=,Aylee,3
810=,Aysha,3
810=,Beatrix,3
810=,Bethanie,3
810=,Bianka,3
810=,Billi,3
810=,Blake,3
810=,Broghan,3
810=,Bronte,3
810=,Cadence,3
810=,Caelyn,3
810=,Calli,3
810=,Cally,3
810=,Camilla,3
810=,Candice,3
810=,Carlie,3
810=,Caroline,3
810=,Cassandra,3
810=,Charmaine,3
810=,Cheryl,3
810=,Cheyenne,3
810=,Christabel,3
810=,Clodagh,3
810=,Codie,3
810=,Corrin,3
810=,Daisie,3
810=,Devyn,3
810=,Dulcie,3
810=,Effie,3
810=,Elayna,3
810=,Eliana,3
810=,Ella-May,3
810=,Ellie-Mae,3
810=,Ellise,3
810=,Emilee,3
810=,Fatimah,3
810=,Ffion,3
810=,Fleur,3
810=,Floraidh,3
810=,Fraya,3
810=,Frida,3
810=,Giuliana,3
810=,Gracey,3
810=,Hafsah,3
810=,Haleemah,3
810=,Holli,3
810=,Iga,3
810=,Inaaya,3
810=,Inayah,3
810=,Indigo,3
810=,Iqra,3
810=,Isla-Rose,3
810=,Izabella,3
810=,Jaimee,3
810=,Jamie,3
810=,Jamie-Leigh,3
810=,Jamielee,3
810=,Jannat,3
810=,Jaymie,3
810=,Jean,3
810=,Jodi,3
810=,Johanna,3
810=,Justyna,3
810=,Kady,3
810=,Kaelyn,3
810=,Kaidi,3
810=,Kaidy,3
810=,Kaitlynn,3
810=,Kaja,3
810=,Kamila,3
810=,Karen,3
810=,Kari,3
810=,Karley,3
810=,Karris,3
810=,Kassidy,3
810=,Katie-Leigh,3
810=,Katie-Louise,3
810=,Katrina,3
810=,Kaya,3
810=,Kayci,3
810=,Kennedy,3
810=,Kensi,3
810=,Kerri,3
810=,Keva,3
810=,Kinga,3
810=,Kirstin,3
810=,Kristi,3
810=,Lailah,3
810=,Lanah,3
810=,Laya,3
810=,Leiah,3
810=,Lexy,3
810=,Lilianna,3
810=,Lilie,3
810=,Lilith,3
810=,Lillia,3
810=,Lilly-Ann,3
810=,Logan,3
810=,Luisa,3
810=,Maddisyn,3
810=,Madeline,3
810=,Madyson,3
810=,Magda,3
810=,Mali,3
810=,Mariana,3
810=,Marie,3
810=,Mariyah,3
810=,Marwa,3
810=,Mathilda,3
810=,Mayah,3
810=,Mayci,3
810=,Mazie,3
810=,Mckayla,3
810=,Mckenzie,3
810=,Meya,3
810=,Miaya,3
810=,Minahil,3
810=,Mirin,3
810=,Miryn,3
810=,Monika,3
810=,Morag,3
810=,Muskaan,3
810=,Mylee,3
810=,Myra,3
810=,Naima,3
810=,Natasza,3
810=,Neha,3
810=,Nel,3
810=,Niah,3
810=,Nikita,3
810=,Nimrah,3
810=,Norah,3
810=,Nova,3
810=,Olivia-Rose,3
810=,Oriana,3
810=,Orlah,3
810=,Paityn,3
810=,Patricia,3
810=,Patrycja,3
810=,Paula,3
810=,Poppie,3
810=,Rae,3
810=,Raegan,3
810=,Rahaf,3
810=,Rania,3
810=,Remy,3
810=,Rhia,3
810=,Rhiann,3
810=,River,3
810=,Rochelle,3
810=,Roma,3
810=,Romi,3
810=,Rosalie,3
810=,Rosanna,3
810=,Rosemary,3
810=,Roslyn,3
810=,Rubi,3
810=,Sabrina,3
810=,Sally,3
810=,Sama,3
810=,Samanta,3
810=,Samara,3
810=,Senna,3
810=,Shona,3
810=,Skylar,3
810=,Sofie,3
810=,Sophia-Rose,3
810=,Star,3
810=,Stevie,3
810=,Susannah,3
810=,Taiba,3
810=,Taleah,3
810=,Tammy,3
810=,Tamsin,3
810=,Taryn,3
810=,Taylah,3
810=,Tiara,3
810=,Tori,3
810=,Una,3
810=,Vhairi,3
810=,Winnie,3
810=,Yasmine,3
810=,Yi,3
810=,Yu,3
810=,Zarah,3
1035=,Aahana,2
1035=,Aairah,2
1035=,Aalia,2
1035=,Aaminah,2
1035=,Aarushi,2
1035=,Aarya,2
1035=,Abeera,2
1035=,Adah,2
1035=,Adelaide,2
1035=,Adrienne,2
1035=,Afton,2
1035=,Aida,2
1035=,Aideen,2
1035=,Aillie,2
1035=,Aimal,2
1035=,Aimee-Rose,2
1035=,Aimie,2
1035=,Aisling,2
1035=,Aiyana,2
1035=,Aiyla,2
1035=,Akira,2
1035=,Akshaya,2
1035=,Alaina,2
1035=,Alanah,2
1035=,Alaska,2
1035=,Alea,2
1035=,Aleah,2
1035=,Alecia,2
1035=,Aleigha,2
1035=,Alexi,2
1035=,Alivia,2
1035=,Alycia,2
1035=,Amalia,2
1035=,Amber-Leigh,2
1035=,Amberly,2
1035=,Amellie,2
1035=,Amiyah,2
1035=,Anabia,2
1035=,Analise,2
1035=,Ananya,2
1035=,Angelika,2
1035=,Ania,2
1035=,Aniela,2
1035=,Annaleese,2
1035=,Annaleise,2
1035=,Annalisa,2
1035=,Annette,2
1035=,Ariane,2
1035=,Arianne,2
1035=,Arisha,2
1035=,Asiyah,2
1035=,Asya,2
1035=,Athena,2
1035=,Aurelia,2
1035=,Avery,2
1035=,Avie,2
1035=,Ayah,2
1035=,Ayana,2
1035=,Ayeshah,2
1035=,Aylie,2
1035=,Ayomiposi,2
1035=,Baylee,2
1035=,Bea,2
1035=,Bernice,2
1035=,Bhavya,2
1035=,Billie-Jo,2
1035=,Blaire,2
1035=,Blossom,2
1035=,Bobbie,2
1035=,Breagh,2
1035=,Brianne,2
1035=,Brioni,2
1035=,Britney,2
1035=,Bronwyn,2
1035=,Brook,2
1035=,Brooklynn,2
1035=,Caela,2
1035=,Caelin,2
1035=,Caileigh,2
1035=,Cait,2
1035=,Caitlynn,2
1035=,Caledonia,2
1035=,Calle,2
1035=,Caoilainn,2
1035=,Carah,2
1035=,Carleigh,2
1035=,Carragh,2
1035=,Catalina,2
1035=,Cecily,2
1035=,Ceilidh,2
1035=,Ceira,2
1035=,Celina,2
1035=,Charlee,2
1035=,Charly,2
1035=,Cherry,2
1035=,Chloe-Anne,2
1035=,Christelle,2
1035=,Coira,2
1035=,Corey,2
1035=,Corinne,2
1035=,Corran,2
1035=,Daisy-Grace,2
1035=,Daisy-May,2
1035=,Daniela,2
1035=,Dara,2
1035=,Daracha,2
1035=,Darla,2
1035=,Debbie,2
1035=,Dee,2
1035=,Deni,2
1035=,Deniz,2
1035=,Devin,2
1035=,Ebba,2
1035=,Ebonnie,2
1035=,Edina,2
1035=,Edyn,2
1035=,Eileen,2
1035=,Eimear,2
1035=,Ekam,2
1035=,Elaina,2
1035=,Elana,2
1035=,Eleri,2
1035=,Eleyna,2
1035=,Elia,2
1035=,Elice,2
1035=,Elina,2
1035=,Elisa,2
1035=,Eliza-Jane,2
1035=,Ella-Louise,2
1035=,Ella-Mae,2
1035=,Ellie-Jane,2
1035=,Ellie-Louise,2
1035=,Eloisa,2
1035=,Elvina,2
1035=,Elysia,2
1035=,Elyssa,2
1035=,Emer,2
1035=,Emilija,2
1035=,Emillie,2
1035=,Emily-Louise,2
1035=,Emilyrose,2
1035=,Emine,2
1035=,Emma-Lee,2
1035=,Emy,2
1035=,Ena,2
1035=,Enid,2
1035=,Enya,2
1035=,Errin,2
1035=,Esha,2
1035=,Eshaal,2
1035=,Esmie,2
1035=,Estelle,2
1035=,Euphemia,2
1035=,Eva-Grace,2
1035=,Eva-May,2
1035=,Eva-Rose,2
1035=,Falak,2
1035=,Faryl,2
1035=,Fatma,2
1035=,Fearn,2
1035=,Fia,2
1035=,Fizah,2
1035=,Francis,2
1035=,Frieda,2
1035=,Gia,2
1035=,Gianna,2
1035=,Gina,2
1035=,Giulia,2
1035=,Gracie-May,2
1035=,Greer,2
1035=,Hanan,2
1035=,Hannah-Leigh,2
1035=,Harleigh,2
1035=,Harlie,2
1035=,Henrietta,2
1035=,Holleigh,2
1035=,Huda,2
1035=,Humaira,2
1035=,Ila,2
1035=,Iliana,2
1035=,Imani,2
1035=,India-Rose,2
1035=,Ingrid,2
1035=,Isma,2
1035=,Isobelle,2
1035=,Iyla,2
1035=,Jacqueline,2
1035=,Jaden,2
1035=,Jaime-Leigh,2
1035=,Jamie-Lee,2
1035=,Jana,2
1035=,Jasmeet,2
1035=,Jayde,2
1035=,Jayden,2
1035=,Jeni,2
1035=,Jessika,2
1035=,Jewel,2
1035=,Jing,2
1035=,Jo,2
1035=,Joanne,2
1035=,Judy,2
1035=,Juno,2
1035=,Kaceylee,2
1035=,Kaci-Leigh,2
1035=,Kadence,2
1035=,Kady-Leigh,2
1035=,Kaede,2
1035=,Kaela,2
1035=,Kaidence,2
1035=,Kailey,2
1035=,Kalleigh,2
1035=,Kalli,2
1035=,Kamsiyochukwu,2
1035=,Kaneez,2
1035=,Karah,2
1035=,Kardelen,2
1035=,Karin,2
1035=,Karina,2
1035=,Kasey-Leigh,2
1035=,Kasi,2
1035=,Katelin,2
1035=,Katey,2
1035=,Katharine,2
1035=,Kayden,2
1035=,Kaydey,2
1035=,Kaydi,2
1035=,Kaydie,2
1035=,Kaylan,2
1035=,Kaylen,2
1035=,Kaylyn,2
1035=,Ke,2
1035=,Keavy,2
1035=,Keelie,2
1035=,Keianna,2
1035=,Keilah,2
1035=,Kelise,2
1035=,Kelsey-Leigh,2
1035=,Kenna,2
1035=,Kerrie,2
1035=,Kerris,2
1035=,Kezia,2
1035=,Khadeejah,2
1035=,Khayla,2
1035=,Khianna,2
1035=,Kiala,2
1035=,Kierra,2
1035=,Kimberleigh,2
1035=,Kiya,2
1035=,Kristiana,2
1035=,Kyrah,2
1035=,Laasya,2
1035=,Lacey-Rose,2
1035=,Lacy,2
1035=,Lainie,2
1035=,Lamar,2
1035=,Laylah,2
1035=,Layna,2
1035=,Leaha,2
1035=,Leanna,2
1035=,Leigh,2
1035=,Leilah,2
1035=,Leni,2
1035=,Liana,2
1035=,Lilah,2
1035=,Lilley,2
1035=,Lillyrose,2
1035=,Lily-Grace,2
1035=,Lily-Jane,2
1035=,Lindsay,2
1035=,Linzi,2
1035=,Lorelai,2
1035=,Lorelei,2
1035=,Lorena,2
1035=,Lorna,2
1035=,Lowrie,2
1035=,Luci,2
1035=,Lucy-May,2
1035=,Luka,2
1035=,Lulu,2
1035=,Lylah,2
1035=,Mabel,2
1035=,Maheen,2
1035=,Maicey,2
1035=,Mailee,2
1035=,Maizy,2
1035=,Majka,2
1035=,Malaika,2
1035=,Malak,2
1035=,Malgorzata,2
1035=,Malwina,2
1035=,Maram,2
1035=,Marcia,2
1035=,Margot,2
1035=,Marianne,2
1035=,Mariella,2
1035=,Marika,2
1035=,Marion,2
1035=,Mariyam,2
1035=,Marli,2
1035=,Masooma,2
1035=,Matylda,2
1035=,Maura,2
1035=,Meadhbh,2
1035=,Meadow,2
1035=,Meaghan,2
1035=,Meerab,2
1035=,Meg,2
1035=,Melodie,2
1035=,Meredith,2
1035=,Meryn,2
1035=,Mia-Rose,2
1035=,Mikaylah,2
1035=,Minnie,2
1035=,Mira,2
1035=,Myia,2
1035=,Myiesha,2
1035=,Mysha,2
1035=,Nahia,2
1035=,Naiomi,2
1035=,Naira,2
1035=,Nairne,2
1035=,Natalya,2
1035=,Navneet,2
1035=,Navya,2
1035=,Naya,2
1035=,Nela,2
1035=,Nelly,2
1035=,Nico,2
1035=,Nika,2
1035=,Nikole,2
1035=,Nimrat,2
1035=,Nirvana,2
1035=,Niya,2
1035=,Noemi,2
1035=,Nusaibah,2
1035=,Ocean,2
1035=,Olamide,2
1035=,Olga,2
1035=,Olwyn,2
1035=,Oona,2
1035=,Oonagh,2
1035=,Oren,2
1035=,Orianna,2
1035=,Orin,2
1035=,Paighton,2
1035=,Patricija,2
1035=,Pei,2
1035=,Perrie,2
1035=,Phebe,2
1035=,Phoenix,2
1035=,Poppi,2
1035=,Praise,2
1035=,Priya,2
1035=,Rabia,2
1035=,Radha,2
1035=,Rahma,2
1035=,Raina,2
1035=,Rayna,2
1035=,Razan,2
1035=,Reese,2
1035=,Regan,2
1035=,Remi,2
1035=,Rhianne,2
1035=,Riah,2
1035=,Rida,2
1035=,Rihanne,2
1035=,Riona,2
1035=,Roni,2
1035=,Roxana,2
1035=,Roxi,2
1035=,Rozalia,2
1035=,Rubie,2
1035=,Ruby-May,2
1035=,Ruby-Rose,2
1035=,Ruo,2
1035=,Ryleigh,2
1035=,Saanvi,2
1035=,Sacha,2
1035=,Sadia,2
1035=,Safaa,2
1035=,Safiyah,2
1035=,Sai,2
1035=,Saira,2
1035=,Sajida,2
1035=,Sandie,2
1035=,Sanvi,2
1035=,Sarah-Jane,2
1035=,Sarina,2
1035=,Scarlett-Rose,2
1035=,Sehr,2
1035=,Selena,2
1035=,Shana,2
1035=,Shaunie,2
1035=,Shay,2
1035=,Sheena,2
1035=,Shelby,2
1035=,Shelby-Lee,2
1035=,Shi,2
1035=,Shirin,2
1035=,Si,2
1035=,Siena,2
1035=,Simra,2
1035=,Siri,2
1035=,Snigdha,2
1035=,Sofi,2
1035=,Sophie-Jane,2
1035=,Sophiya,2
1035=,Stefania,2
1035=,Sula,2
1035=,Sumaya,2
1035=,Summer-Rose,2
1035=,Sunniva,2
1035=,Suri,2
1035=,Suzannah,2
1035=,Suzanne,2
1035=,Suzie,2
1035=,Sylvia,2
1035=,Tahlia,2
1035=,Talullah,2
1035=,Tamar,2
1035=,Tammi,2
1035=,Tammie-Lee,2
1035=,Tarah,2
1035=,Tasneem,2
1035=,Tasnim,2
1035=,Tatiana,2
1035=,Tayler,2
1035=,Teaghan,2
1035=,Teresa,2
1035=,Terri,2
1035=,Theresa,2
1035=,Thora,2
1035=,Tiaa,2
1035=,Tiegan,2
1035=,Tierney,2
1035=,Toni-Louise,2
1035=,Treasure,2
1035=,Trudy,2
1035=,Tulisha,2
1035=,Uma,2
1035=,Ursula,2
1035=,Vaila,2
1035=,Valerie,2
1035=,Vanesa,2
1035=,Veronica,2
1035=,Vesta,2
1035=,Vhari,2
1035=,Vicky,2
1035=,Vivian,2
1035=,Wania,2
1035=,Willa,2
1035=,Willow-Rose,2
1035=,Wren,2
1035=,Yara,2
1035=,Yazmin,2
1035=,Zaina,2
1035=,Zayna,2
1035=,Zeenat,2
1035=,Zenab,2
1035=,Zoha,2
1035=,Zsa,2
1496=,A'yeisha-Casey,1
1496=,Aabia,1
1496=,Aaden,1
1496=,Aadvika,1
1496=,Aaella,1
1496=,Aaila,1
1496=,Aaira,1
1496=,Aaisha,1
1496=,Aalayah,1
1496=,Aallaya,1
1496=,Aamanee,1
1496=,Aamina,1
1496=,Aamna,1
1496=,Aanaya,1
1496=,Aanayah,1
1496=,Aania,1
1496=,Aanya,1
1496=,Aara,1
1496=,Aarah,1
1496=,Aarni,1
1496=,Aashvi,1
1496=,Aavya,1
1496=,Aayat,1
1496=,Abbegail,1
1496=,Abbi-Louise,1
1496=,Abbie-Jane,1
1496=,Abbie-Louise,1
1496=,Abbie-Marie,1
1496=,Abbie-Rayne,1
1496=,Abbie-Violet,1
1496=,Abbye,1
1496=,Abbygail,1
1496=,Abia,1
1496=,Abieyuwa,1
1496=,Abifoluwa,1
1496=,Abigale,1
1496=,Abiha,1
1496=,Abinsa,1
1496=,Abisola,1
1496=,Abiyah,1
1496=,Adaeze,1
1496=,Adariaha,1
1496=,Adarra,1
1496=,Addisen,1
1496=,Addisyn,1
1496=,Adeewa,1
1496=,Adela,1
1496=,Adeline,1
1496=,Aden,1
1496=,Aderyn,1
1496=,Adina,1
1496=,Adisyn,1
1496=,Aditi,1
1496=,Aditri,1
1496=,Adwita,1
1496=,Adysson,1
1496=,Aena,1
1496=,Aeryn,1
1496=,Afi,1
1496=,Afia,1
1496=,Afnan,1
1496=,Afreen,1
1496=,Afsheen,1
1496=,Aglaya,1
1496=,Agnieszka,1
1496=,Ahaana,1
1496=,Ahalya,1
1496=,Ahlam,1
1496=,Aidah,1
1496=,Aiesha,1
1496=,Ailbhe,1
1496=,Aile,1
1496=,Ailee,1
1496=,Ailee-May,1
1496=,Aileen,1
1496=,Aileigh-Jean,1
1496=,Aili,1
1496=,Aiman,1
1496=,Aimee-Jo,1
1496=,Aimee-Lee,1
1496=,Aimeeleigh,1
1496=,Aimi,1
1496=,Aimiee,1
1496=,Ainsley,1
1496=,Airlie,1
1496=,Aishah,1
1496=,Aislah,1
1496=,Aisleyne,1
1496=,Aislinn,1
1496=,Aivah,1
1496=,Aiven,1
1496=,Aiysha,1
1496=,Aizel,1
1496=,Ajanta,1
1496=,Ajwa,1
1496=,Akanksha,1
1496=,Akari,1
1496=,Akasha,1
1496=,Akhila,1
1496=,Akshata,1
1496=,Alaa,1
1496=,Alais,1
1496=,Albane,1
1496=,Albha-Rayne,1
1496=,Aldo,1
1496=,Aleaha,1
1496=,Aleasha,1
1496=,Aleesha,1
1496=,Aleeyah,1
1496=,Aleezah-Imaan,1
1496=,Alefiyah,1
1496=,Aleigha-Alexandra,1
1496=,Aleina,1
1496=,Aleksia,1
1496=,Alena,1
1496=,Alesia,1
1496=,Alessa,1
1496=,Alessandra,1
1496=,Aletta,1
1496=,Alex-May,1
1496=,Alexii,1
1496=,Alexis-Marie,1
1496=,Alexius,1
1496=,Alexs,1
1496=,Alexsandria,1
1496=,Aleya,1
1496=,Aleyna,1
1496=,Alfie,1
1496=,Alia,1
1496=,Aliah,1
1496=,Alicia-Grace,1
1496=,Alicia-Lily,1
1496=,Alie,1
1496=,Aliea,1
1496=,Aliesha-Teanna,1
1496=,Aliha,1
1496=,Aliona,1
1496=,Alisha-Li,1
1496=,Alishah,1
1496=,Alishia,1
1496=,Aliza-Rose,1
1496=,Allanah,1
1496=,Allaya,1
1496=,Allea,1
1496=,Allegra,1
1496=,Allegresse,1
1496=,Allexis,1
1496=,Alleyah,1
1496=,Alli,1
1496=,Allise,1
1496=,Allison,1
1496=,Alliyah,1
1496=,Allmeria,1
1496=,Allysa,1
1496=,Allyssa,1
1496=,Alma,1
1496=,Almaas,1
1496=,Almaha,1
1496=,Almina,1
1496=,Alona,1
1496=,Althea,1
1496=,Alva,1
1496=,Alya,1
1496=,Alys,1
1496=,Alysa,1
1496=,Alysee,1
1496=,Alysia,1
1496=,Alyta,1
1496=,Alyvia,1
1496=,Ama,1
1496=,Amae,1
1496=,Amaia,1
1496=,Amalee,1
1496=,Amaleigh,1
1496=,Amaogechukwu,1
1496=,Amarachi,1
1496=,Amarah,1
1496=,Amari,1
1496=,Amba,1
1496=,Amber-Jane,1
1496=,Amber-Rose,1
1496=,Amee,1
1496=,Ameilia,1
1496=,Ameira,1
1496=,Ameley,1
1496=,Amelia-Jayne,1
1496=,Amelia-Mae,1
1496=,Amelia-Rose,1
1496=,Amelia-Sophia,1
1496=,Amelie-Jane,1
1496=,Ameliya,1
1496=,Amellia,1
1496=,Amenah,1
1496=,Amerah,1
1496=,Ameya,1
1496=,Ami-Leigh,1
1496=,Amia,1
1496=,Amica,1
1496=,Amie-Leigh,1
1496=,Amie-Rose,1
1496=,Amiira,1
1496=,Amilei-Rose,1
1496=,Amileigh,1
1496=,Amilia,1
1496=,Aminat,1
1496=,Aminatou,1
1496=,Amira-Jess,1
1496=,Aml,1
1496=,Ammarah,1
1496=,Amna-Maria,1
1496=,Amy-Anne,1
1496=,Amy-Claire,1
1496=,Amy-Rose,1
1496=,Amyann,1
1496=,Amylee,1
1496=,Amylia-Louise,1
1496=,Amyra,1
1496=,Amyrah,1
1496=,Anabel,1
1496=,Anainah,1
1496=,Anaistacia,1
1496=,Anan,1
1496=,Anashima,1
1496=,Anastasija,1
1496=,Anastazja,1
1496=,Anatolia,1
1496=,Anaum,1
1496=,Andee'lou,1
1496=,Andehsha,1
1496=,Andi-Jay,1
1496=,Andi-Mia,1
1496=,Andrasta,1
1496=,Andreja,1
1496=,Andrianna,1
1496=,Andzelika,1
1496=,Aneesaa,1
1496=,Aneve,1
1496=,Anfaniola,1
1496=,Anfel,1
1496=,Angel-Ann,1
1496=,Angelica,1
1496=,Angeliki-Electra,1
1496=,Angeline,1
1496=,Aniisa,1
1496=,Anikha,1
1496=,Anisha,1
1496=,Anishka,1
1496=,Anissa,1
1496=,Anja,1
1496=,Ann,1
1496=,Anna-Grace,1
1496=,Anna-Leigh,1
1496=,Anna-Mae,1
1496=,Anna-Maria,1
1496=,Annabeth,1
1496=,Annah,1
1496=,Annaleice,1
1496=,Annalily,1
1496=,Annalouise,1
1496=,Annalynn,1
1496=,Annalyse,1
1496=,Annalyze,1
1496=,Annam,1
1496=,Annastasia,1
1496=,Annelie,1
1496=,Anneliese,1
1496=,Annella,1
1496=,Annie-Mai,1
1496=,Annielise,1
1496=,Annija,1
1496=,Annina,1
1496=,Anniyah,1
1496=,Annouritte,1
1496=,Annrose,1
1496=,Annya,1
1496=,Anona,1
1496=,Anouk,1
1496=,Anousha,1
1496=,Anoushay,1
1496=,Anousheh,1
1496=,Ansaa,1
1496=,Anthea,1
1496=,Antoinette,1
1496=,Antonica,1
1496=,Antonina,1
1496=,Anum,1
1496=,Anvesha,1
1496=,Anwen,1
1496=,Anwita,1
1496=,Anya-Beth,1
1496=,Anya-Louise,1
1496=,Aoibhin,1
1496=,Aoifee,1
1496=,Aolaith,1
1496=,Aona,1
1496=,Aphra,1
1496=,Apryl,1
1496=,Arabella,1
1496=,Arah,1
1496=,Arame,1
1496=,Aratrika,1
1496=,Areena,1
1496=,Areesha,1
1496=,Argyll,1
1496=,Ariadne,1
1496=,Arianah,1
1496=,Ariba,1
1496=,Aribah,1
1496=,Ariela,1
1496=,Arihanna,1
1496=,Ariyana,1
1496=,Arizana,1
1496=,Arla,1
1496=,Arleigh,1
1496=,Arlene,1
1496=,Armeen,1
1496=,Armela,1
1496=,Aroob,1
1496=,Arooj,1
1496=,Aros-Eve,1
1496=,Aroush,1
1496=,Arpitha,1
1496=,Arria,1
1496=,Arsh,1
1496=,Arzu,1
1496=,Aseda,1
1496=,Asem,1
1496=,Ashalina,1
1496=,Ashanti,1
1496=,Ashfaq,1
1496=,Ashiya,1
1496=,Ashlea,1
1496=,Ashlee,1
1496=,Ashlie,1
1496=,Ashlin,1
1496=,Ashton,1
1496=,Ashtyn,1
1496=,Asia,1
1496=,Asinat,1
1496=,Asmaa,1
1496=,Assal,1
1496=,Assia,1
1496=,Assiya,1
1496=,Astor,1
1496=,Astra,1
1496=,Aubree,1
1496=,Aubree-Mae,1
1496=,Aubry,1
1496=,Auguste,1
1496=,Auraya,1
1496=,Aurea,1
1496=,Austeja,1
1496=,Autumn-Bailey,1
1496=,Autumn-Violet,1
1496=,Ava-Jade,1
1496=,Ava-Jane,1
1496=,Ava-Louise,1
1496=,Ava-Mai,1
1496=,Ava-Simran,1
1496=,Ava-Sophia,1
1496=,Avamarti,1
1496=,Avarika,1
1496=,Aveneet,1
1496=,Aviah,1
1496=,Axana,1
1496=,Ayame,1
1496=,Ayanna,1
1496=,Aycel,1
1496=,Ayia,1
1496=,Ayiana-Rose,1
1496=,Ayiesha,1
1496=,Aylar,1
1496=,Ayley,1
1496=,Aylis,1
1496=,Aymi,1
1496=,Ayni,1
1496=,Ayomide,1
1496=,Ayse-Rose,1
1496=,Ayushi,1
1496=,Ayvah,1
1496=,Ayzha,1
1496=,Azaria,1
1496=,Azha,1
1496=,Azra,1
1496=,B'elanna,1
1496=,Badriya,1
1496=,Bahar,1
1496=,Baileigh,1
1496=,Bailey-Grace,1
1496=,Bailey-Jay,1
1496=,Bailey-May,1
1496=,Baille,1
1496=,Balqis,1
1496=,Bariah,1
1496=,Bayleigh,1
1496=,Bayley,1
1496=,Baylie,1
1496=,Beatriz,1
1496=,Beaux,1
1496=,Becca-Lea,1
1496=,Becky,1
1496=,Bee,1
1496=,Beibhinn,1
1496=,Beilin,1
1496=,Bel,1
1496=,Bella-Marie,1
1496=,Belle-Louise,1
1496=,Berenika,1
1496=,Bess,1
1496=,Bessie-May,1
1496=,Bethany-Anne,1
1496=,Bethyn,1
1496=,Betsy-Belle,1
1496=,Bettie,1
1496=,Betzie,1
1496=,Beverley,1
1496=,Bhodhini,1
1496=,Bhrianna,1
1496=,Bhrianne,1
1496=,Bibi,1
1496=,Bibiana,1
1496=,Billie-Anne,1
1496=,Billie-Faith,1
1496=,Billie-Leigh,1
1496=,Billierose,1
1496=,Binti,1
1496=,Blaike-Emey,1
1496=,Blathnaid,1
1496=,Blayre,1
1496=,Blossom-Rae,1
1496=,Blyth,1
1496=,Blythe,1
1496=,Bo,1
1496=,Bobbi-Don,1
1496=,Bobi,1
1496=,Boden-Rose,1
1496=,Boe,1
1496=,Bonny,1
1496=,Brady,1
1496=,Braegyn,1
1496=,Braelyn,1
1496=,Bramble,1
1496=,Bran-El,1
1496=,Bray,1
1496=,Brayden,1
1496=,Breaghan,1
1496=,Breaghannon,1
1496=,Breege,1
1496=,Breianna,1
1496=,Breionny,1
1496=,Brenna,1
1496=,Bria,1
1496=,Briahna,1
1496=,Briana,1
1496=,Bridget-Malikia,1
1496=,Brigitte,1
1496=,Brihann,1
1496=,Brihanna,1
1496=,Brinitta,1
1496=,Brionni,1
1496=,Briony,1
1496=,Bromwyn,1
1496=,Bronwen,1
1496=,Bronwynn,1
1496=,Bryar,1
1496=,Bryce,1
1496=,Bryley,1
1496=,Brynie,1
1496=,Brynlee,1
1496=,Bryoni,1
1496=,Bushra,1
1496=,Cace,1
1496=,Cada,1
1496=,Cadance,1
1496=,Cadee,1
1496=,Cadey,1
1496=,Cadha,1
1496=,Cadhla-Leigh,1
1496=,Cadhla-Rose,1
1496=,Cadi-Grace,1
1496=,Cadie-Leigh,1
1496=,Cadysse,1
1496=,Caelah,1
1496=,Caelan,1
1496=,Caelinn,1
1496=,Caera,1
1496=,Caiddie,1
1496=,Caidee,1
1496=,Caiden,1
1496=,Caidy,1
1496=,Caidynce,1
1496=,Caihla,1
1496=,Caila,1
1496=,Cailidh,1
1496=,Cailie,1
1496=,Cailynn,1
1496=,Caiomhe,1
1496=,Caira,1
1496=,Caisey,1
1496=,Caitie,1
1496=,Caitlan,1
1496=,Caitriona,1
1496=,Caleigh,1
1496=,Caley,1
1496=,Calise,1
1496=,Calla,1
1496=,Callie-Bell,1
1496=,Callula,1
1496=,Camdyn,1
1496=,Cami,1
1496=,Camila,1
1496=,Camryn,1
1496=,Canace,1
1496=,Candy,1
1496=,Caoilin,1
1496=,Caoilinn,1
1496=,Capitolina,1
1496=,Carina,1
1496=,Carley-Jo,1
1496=,Carli,1
1496=,Carlin,1
1496=,Carlota,1
1496=,Carly-Jade,1
1496=,Carly-Mo,1
1496=,Carlyn,1
1496=,Carmedie,1
1496=,Carmel,1
1496=,Carmynn,1
1496=,Carolina,1
1496=,Carra,1
1496=,Carreen,1
1496=,Carrie-Anne,1
1496=,Carrieanne,1
1496=,Carris,1
1496=,Casey-Lea,1
1496=,Casey-Lee,1
1496=,Caseylee,1
1496=,Cassady,1
1496=,Cassey,1
1496=,Cassidy-May,1
1496=,Cassiopeia,1
1496=,Cate,1
1496=,Catelynn,1
1496=,Cathie,1
1496=,Cathlin,1
1496=,Catie,1
1496=,Catreena,1
1496=,Catriona-Maria,1
1496=,Caydae,1
1496=,Cecelia,1
1496=,Cee-Jai,1
1496=,Ceeva,1
1496=,Ceianne,1
1496=,Celia,1
1496=,Celine,1
1496=,Celise,1
1496=,Cemre,1
1496=,Ceri,1
1496=,Cerin,1
1496=,Ceris,1
1496=,Cerri,1
1496=,Ceryce,1
1496=,Ceyda,1
1496=,Chanah,1
1496=,Chandon,1
1496=,Chanice,1
1496=,Chaniece,1
1496=,Channelle,1
1496=,Charelle,1
1496=,Charitini,1
1496=,Charity,1
1496=,Charleen,1
1496=,Charleigh,1
1496=,Charlene,1
1496=,Charlianne,1
1496=,Charlie-Hannah,1
1496=,Charlii,1
1496=,Charlotte-Louise,1
1496=,Chelsea-Leigh,1
1496=,Chen,1
1496=,Chenice,1
1496=,Chenoa,1
1496=,Cher,1
1496=,Cherise,1
1496=,Cherys,1
1496=,Chevelle,1
1496=,Chiamanda,1
1496=,Chidiogoo,1
1496=,Chidunelo,1
1496=,Chimburuoma,1
1496=,Chimdindu,1
1496=,Chimkasiemobi,1
1496=,Chionne,1
1496=,Chizoba,1
1496=,Chloe-Elise,1
1496=,Chloe-Jay,1
1496=,Chloe-Jayne,1
1496=,Chloey,1
1496=,Christvie,1
1496=,Chrystal,1
1496=,Chrystie,1
1496=,Chulamanee,1
1496=,Chyanne,1
1496=,Cianna,1
1496=,Ciarra,1
1496=,Cicelia,1
1496=,Cienna,1
1496=,Ciera,1
1496=,Ciorstaidh,1
1496=,Cladia,1
1496=,Clara-Anne,1
1496=,Clare,1
1496=,Clarissa,1
1496=,Clementina,1
1496=,Clementine,1
1496=,Cobie,1
1496=,Coco,1
1496=,Codi,1
1496=,Cody-Leigh,1
1496=,Cohen,1
1496=,Colbie-Ray,1
1496=,Colby,1
1496=,Coleen,1
1496=,Collesse,1
1496=,Collette,1
1496=,Conni,1
1496=,Connie-Marie,1
1496=,Coral,1
1496=,Coralena,1
1496=,Corina,1
1496=,Corinn,1
1496=,Correyleigh,1
1496=,Cosette,1
1496=,Courtnay,1
1496=,Courtney-Jane,1
1496=,Crathie,1
1496=,Crissie,1
1496=,Cristen,1
1496=,Cristiana,1
1496=,Crystal-Leigh,1
1496=,Cuinn,1
1496=,Cully,1
1496=,Cushla,1
1496=,Cynthia,1
1496=,Cyprus-Abby,1
1496=,Cziara,1
1496=,D'arcie,1
1496=,D'arcy,1
1496=,Daania,1
1496=,Daaniya,1
1496=,Dabira,1
1496=,Dagmara,1
1496=,Dahlia,1
1496=,Dahra,1
1496=,Dainah,1
1496=,Daire,1
1496=,Daisey,1
1496=,Daisi,1
1496=,Daisie-Jane,1
1496=,Daisy-Ann,1
1496=,Daiya,1
1496=,Damla,1
1496=,Dan,1
1496=,Danai,1
1496=,Danaleigh,1
1496=,Dani-May,1
1496=,Dania,1
1496=,Danikha'may,1
1496=,Daniyah,1
1496=,Danna,1
1496=,Danni-Lee,1
1496=,Dannii,1
1496=,Daown,1
1496=,Darah,1
1496=,Darby,1
1496=,Darcee,1
1496=,Darcey-Louise,1
1496=,Darcii,1
1496=,Darla-Mae,1
1496=,Darlene,1
1496=,Darragh,1
1496=,Darrion,1
1496=,Darsey,1
1496=,Darya,1
1496=,Davin,1
1496=,Davina,1
1496=,Dayle,1
1496=,Dayzee,1
1496=,Dea,1
1496=,Debora,1
1496=,Debra,1
1496=,Decca,1
1496=,Deeba,1
1496=,Deepshika,1
1496=,Deeya,1
1496=,Deimante,1
1496=,Deimira,1
1496=,Deiselle,1
1496=,Delfina,1
1496=,Delilah,1
1496=,Delinda,1
1496=,Della,1
1496=,Delphine,1
1496=,Demah,1
1496=,Demi-Lea,1
1496=,Demi-Louise,1
1496=,Demilee,1
1496=,Dempsi,1
1496=,Denisa,1
1496=,Denise,1
1496=,Dennan,1
1496=,Denni,1
1496=,Derri,1
1496=,Derrie,1
1496=,Derryn,1
1496=,Dervla,1
1496=,Destinee,1
1496=,Devansshi,1
1496=,Devynne,1
1496=,Dhaksha,1
1496=,Dhara,1
1496=,Dharma,1
1496=,Dhia,1
1496=,Dhiya,1
1496=,Dianna,1
1496=,Diekolola,1
1496=,Dikachi,1
1496=,Dilara,1
1496=,Dillan,1
1496=,Dina,1
1496=,Divena,1
1496=,Dixie,1
1496=,Dixie-Mae,1
1496=,Dominique,1
1496=,Donatella,1
1496=,Dora,1
1496=,Dorina,1
1496=,Dorota,1
1496=,Dorotea,1
1496=,Drea,1
1496=,Dreya,1
1496=,Drishty,1
1496=,Druann,1
1496=,Duaa,1
1496=,Dur-E-Mcknoon,1
1496=,Dylan,1
1496=,Eabha,1
1496=,Eadie,1
1496=,Earina,1
1496=,Ebbonie-Anne,1
1496=,Eboni,1
1496=,Ebonie,1
1496=,Ebony-Louise,1
1496=,Ebtisaam,1
1496=,Echo,1
1496=,Eeiva-Rose,1
1496=,Eevie,1
1496=,Efric,1
1496=,Ehlaam,1
1496=,Eibhleann,1
1496=,Eibhlin,1
1496=,Eila,1
1496=,Eileadh,1
1496=,Eiledh,1
1496=,Eilidh-Marie,1
1496=,Eiliyah,1
1496=,Eillie,1
1496=,Eire,1
1496=,Eiva,1
1496=,Ekamjhot,1
1496=,Ekaterena,1
1496=,Eknoor,1
1496=,Ela,1
1496=,Elaha,1
1496=,Elaine,1
1496=,Elanna,1
1496=,Eleana,1
1496=,Eleisha,1
1496=,Elen,1
1496=,Eleora,1
1496=,Elha,1
1496=,Elianna,1
1496=,Elie,1
1496=,Elif,1
1496=,Elijana,1
1496=,Eline,1
1496=,Eliot,1
1496=,Elissia,1
1496=,Elita,1
1496=,Eliyzah,1
1496=,Elizabeth-Marie,1
1496=,Elizaveta,1
1496=,Elke,1
1496=,Ella-Grace,1
1496=,Ella-Kate,1
1496=,Ella-Mai,1
1496=,Ella-Nicole,1
1496=,Ellagh,1
1496=,Ellah,1
1496=,Elle-Leigh,1
1496=,Elleass,1
1496=,Ellecia,1
1496=,Elli-Anne,1
1496=,Elliana,1
1496=,Ellianna,1
1496=,Ellidh,1
1496=,Ellie-Amelia,1
1496=,Ellie-Anna,1
1496=,Ellie-Anne,1
1496=,Ellie-Jay,1
1496=,Ellie-Jo,1
1496=,Ellie-Leigh,1
1496=,Ellie-Mai,1
1496=,Ellin,1
1496=,Ellin-Ann,1
1496=,Elliott,1
1496=,Ellis-Lee,1
1496=,Ellisa,1
1496=,Elloise,1
1496=,Ellora,1
1496=,Ellouise,1
1496=,Ellsierose,1
1496=,Elly,1
1496=,Ellyarna,1
1496=,Ellys,1
1496=,Ellyse,1
1496=,Ellyssa,1
1496=,Elona,1
1496=,Elouise,1
1496=,Elsee,1
1496=,Elshaddai,1
1496=,Elthaea,1
1496=,Elva,1
1496=,Elvie,1
1496=,Elvita,1
1496=,Elya,1
1496=,Elysa,1
1496=,Elysse,1
1496=,Elyza,1
1496=,Elza,1
1496=,Ema,1
1496=,Eman,1
1496=,Emefu,1
1496=,Emel,1
1496=,Emele,1
1496=,Emelia-Jane,1
1496=,Emellia,1
1496=,Emeri,1
1496=,Emerson,1
1496=,Emi,1
1496=,Emie,1
1496=,Emilia-Rose,1
1496=,Emilie-Kay,1
1496=,Emily-Jane,1
1496=,Emily-Mae,1
1496=,Emilyjane,1
1496=,Emilyjo,1
1496=,Emina,1
1496=,Emira,1
1496=,Emma-Faye,1
1496=,Emma-Jane,1
1496=,Emma-Jayne,1
1496=,Emma-Lin,1
1496=,Emma-Rose,1
1496=,Emmalilly,1
1496=,Emmanuela,1
1496=,Emmanuella,1
1496=,Emmay,1
1496=,Emmily,1
1496=,Emmy-Louise,1
1496=,Emmylia,1
1496=,Enaya,1
1496=,Eniileri,1
1496=,Enjie,1
1496=,Enola,1
1496=,Eowyn,1
1496=,Ephi,1
1496=,Eri,1
1496=,Erihn,1
1496=,Erina,1
1496=,Erinn,1
1496=,Eriska,1
1496=,Erma,1
1496=,Erna,1
1496=,Eromi,1
1496=,Erryn,1
1496=,Erynn,1
1496=,Eshel,1
1496=,Eshmaal,1
1496=,Eshnika,1
1496=,Esmae,1
1496=,Estella,1
1496=,Ester,1
1496=,Estrella,1
1496=,Eternity,1
1496=,Ethel,1
1496=,Etinee,1
1496=,Etta,1
1496=,Eulalie,1
1496=,Eva-Louise,1
1496=,Eva-Maria,1
1496=,Eva-Vivian,1
1496=,Evan,1
1496=,Evanna,1
1496=,Evayne,1
1496=,Evei,1
1496=,Evelina,1
1496=,Evelynne,1
1496=,Evgenija,1
1496=,Evi,1
1496=,Evie-Mae,1
1496=,Evie-May,1
1496=,Evie-Rose,1
1496=,Eviee,1
1496=,Evina,1
1496=,Evyn-Rose,1
1496=,Ewa,1
1496=,Ewela,1
1496=,Ezekiella,1
1496=,Fabeha,1
1496=,Fabiana,1
1496=,Faiqah,1
1496=,Fairlight,1
1496=,Faith-Holly,1
1496=,Faith-Serenity,1
1496=,Falyn,1
1496=,Fara,1
1496=,Fareedah,1
1496=,Fareeha,1
1496=,Faria,1
1496=,Farihah,1
1496=,Faryn,1
1496=,Fasiha,1
1496=,Fatema,1
1496=,Fatoumatta,1
1496=,Fayth,1
1496=,Felicja,1
1496=,Femke,1
1496=,Ferne,1
1496=,Fieza,1
1496=,Finella,1
1496=,Finleigh,1
1496=,Finley,1
1496=,Fiora,1
1496=,Fiorella,1
1496=,Fiza,1
1496=,Flavia,1
1496=,Flore,1
1496=,Flori,1
1496=,Florie,1
1496=,Florrie,1
1496=,Fowz,1
1496=,Francesca-Maria,1
1496=,Francessca,1
1496=,Francisca,1
1496=,Francoise,1
1496=,Franki,1
1496=,Franky,1
1496=,Frayah,1
1496=,Frederika,1
1496=,Freida,1
1496=,Freiya,1
1496=,Freyah,1
1496=,Friederike,1
1496=,Fyfe,1
1496=,Gabi,1
1496=,Gabriele,1
1496=,Gabrielle-Leeanne,1
1496=,Gaia,1
1496=,Gaida,1
1496=,Gaihbryell,1
1496=,Gailmarie,1
1496=,Gala,1
1496=,Ganika,1
1496=,Garda,1
1496=,Gaya,1
1496=,Gayle,1
1496=,Geeya,1
1496=,Gelica,1
1496=,Gemmi,1
1496=,Genesa,1
1496=,Genna,1
1496=,Georgee,1
1496=,Georgette,1
1496=,Georgia-Leigh,1
1496=,Georgiana,1
1496=,Georgianna,1
1496=,Ghaliyah,1
1496=,Ghina,1
1496=,Ginevra,1
1496=,Giulietta,1
1496=,Gizem,1
1496=,Gloria,1
1496=,Goufran,1
1496=,Gracelyn,1
1496=,Gracie-Mae,1
1496=,Grier,1
1496=,Guan,1
1496=,Gunes,1
1496=,Gunesh,1
1496=,Gurasees,1
1496=,Gurneet,1
1496=,Gurusharan,1
1496=,Gurveer,1
1496=,Gwenn,1
1496=,Haania,1
1496=,Haddy,1
1496=,Hadiya,1
1496=,Hadleigh,1
1496=,Hafzah,1
1496=,Haiden,1
1496=,Haifa,1
1496=,Haizea,1
1496=,Hajira,1
1496=,Hala,1
1496=,Haleigh,1
1496=,Halia,1
1496=,Halimah,1
1496=,Halimah-Sadiyah,1
1496=,Halli,1
1496=,Hamayal,1
1496=,Hamayel,1
1496=,Hamna,1
1496=,Hamnah,1
1496=,Hanane,1
1496=,Hania,1
1496=,Haniah,1
1496=,Hanita,1
1496=,Hannah-Jade,1
1496=,Hannah-May,1
1496=,Hannah-Rose,1
1496=,Haram,1
1496=,Hareem,1
1496=,Hareera,1
1496=,Hari,1
1496=,Hari-Louise,1
1496=,Harkeerat,1
1496=,Harlee,1
1496=,Harman,1
1496=,Harmander,1
1496=,Harmoney,1
1496=,Harpreet,1
1496=,Harriet-Mary,1
1496=,Harriett,1
1496=,Harriette,1
1496=,Harris,1
1496=,Harsimran,1
1496=,Haruka,1
1496=,Hattie,1
1496=,Hauraa,1
1496=,Havanna,1
1496=,Hawaa,1
1496=,Haydi,1
1496=,Haydn,1
1496=,Haydn-Quinn,1
1496=,Hayleigh-Jane,1
1496=,Hayley-Ann,1
1496=,Hayley-Jane,1
1496=,Heba,1
1496=,Hedda,1
1496=,Helana,1
1496=,Heloise,1
1496=,Hermione,1
1496=,Hibba,1
1496=,Himanshi,1
1496=,Himansi,1
1496=,Hiruki,1
1496=,Hoi,1
1496=,Hollie-Anne,1
1496=,Hollie-Leigh,1
1496=,Hollie-Rose,1
1496=,Holly-Madison,1
1496=,Holly-Mae,1
1496=,Holly-Marie,1
1496=,Holly-May,1
1496=,Honey-Bea,1
1496=,Honour,1
1496=,Huwwa,1
1496=,Hydie,1
1496=,Ianna,1
1496=,Ibtyhaaj,1
1496=,Iemanja,1
1496=,Ieva,1
1496=,Ifeoluwakitan,1
1496=,Ifeoma,1
1496=,Ifeyinwa,1
1496=,Ifiye,1
1496=,Iftikhar,1
1496=,Igbunu,1
1496=,Ileana,1
1496=,Ileri,1
1496=,Ilyena,1
1496=,Imaani,1
1496=,Imira-Rose,1
1496=,Immogen,1
1496=,Immogen-Jayne,1
1496=,Imogen-Leigh,1
1496=,Imola,1
1496=,Ina,1
1496=,Inara,1
1496=,Inarah,1
1496=,Inayat,1
1496=,Indee,1
1496=,Indiah,1
1496=,Indiana,1
1496=,Indie-May,1
1496=,Indii,1
1496=,Indira,1
1496=,Indrani,1
1496=,Indya,1
1496=,Ines,1
1496=,Ineta,1
1496=,Iniyaa,1
1496=,Innarah,1
1496=,Inola,1
1496=,Iona-Louise,1
1496=,Iona-Rose,1
1496=,Ione,1
1496=,Iowa,1
1496=,Irene,1
1496=,Isa-Bella,1
1496=,Isabela,1
1496=,Isabell,1
1496=,Ishikaa,1
1496=,Ishmehar,1
1496=,Isla-Grace,1
1496=,Isla-Louise,1
1496=,Ismat,1
1496=,Isobella,1
1496=,Isra,1
1496=,Israa,1
1496=,Iteoluwakiishi,1
1496=,Ivana,1
1496=,Ivanna,1
1496=,Ivory,1
1496=,Ivy-Jane,1
1496=,Iwinosa,1
1496=,Iya,1
1496=,Iysha,1
1496=,Izabela,1
1496=,Izalea,1
1496=,Izara,1
1496=,Izdyhaar,1
1496=,Izy,1
1496=,Izza,1
1496=,Izzi,1
1496=,Izzi-May,1
1496=,Izzie-Bella,1
1496=,Jaagruti,1
1496=,Jacey,1
1496=,Jacinta,1
1496=,Jada,1
1496=,Jagna,1
1496=,Jagoda,1
1496=,Jahnvi,1
1496=,Jahzara,1
1496=,Jai-Angel,1
1496=,Jaidyn,1
1496=,Jaime-Lee,1
1496=,Jaimey,1
1496=,Jaimie,1
1496=,Jaimie-Lee,1
1496=,Jaisai,1
1496=,Jaiyanna,1
1496=,Jamee,1
1496=,Jameelah,1
1496=,Jamelia,1
1496=,Jamie-Lynne,1
1496=,Jamiee,1
1496=,Jamieelee,1
1496=,Jamii-Leigh,1
1496=,Janavi,1
1496=,Janet,1
1496=,Janette,1
1496=,Janna,1
1496=,Janneke,1
1496=,January,1
1496=,Japji,1
1496=,Japneet,1
1496=,Jaroslava,1
1496=,Jasjeet,1
1496=,Jasleen,1
1496=,Jasmaine,1
1496=,Jasmina,1
1496=,Jasneet,1
1496=,Jassmin,1
1496=,Jaydn,1
1496=,Jaye,1
1496=,Jayme,1
1496=,Jayme-Leigh,1
1496=,Jaymee,1
1496=,Jaymi,1
1496=,Jayna,1
1496=,Jayne,1
1496=,Jazmin,1
1496=,Jazmine-Clare,1
1496=,Jazmyne,1
1496=,Jeevisha,1
1496=,Jemiliah,1
1496=,Jemma,1
1496=,Jen,1
1496=,Jenelle,1
1496=,Jennah,1
1496=,Jennifer-Mai,1
1496=,Jera,1
1496=,Jersey,1
1496=,Jerusha,1
1496=,Jeslyn-Jean,1
1496=,Jessica-Jane,1
1496=,Jessica-Jayne,1
1496=,Jessica-Leigh,1
1496=,Jessica-Louise,1
1496=,Jessica-May,1
1496=,Jett,1
1496=,Jewell,1
1496=,Jhaycie-Maeh,1
1496=,Jiaxian,1
1496=,Jillian,1
1496=,Jillie-Ann,1
1496=,Jo-Elize,1
1496=,Jo-Ellen,1
1496=,Joan-Lily,1
1496=,Joani,1
1496=,Jocie,1
1496=,Jodhi,1
1496=,Jodie-Leigh,1
1496=,Jody,1
1496=,Joelie,1
1496=,Joelin,1
1496=,Joely,1
1496=,Johnita,1
1496=,Jola,1
1496=,Jolee,1
1496=,Jolene,1
1496=,Jolie,1
1496=,Jolie-Amber,1
1496=,Jolin,1
1496=,Jordan,1
1496=,Jordanne,1
1496=,Jordy,1
1496=,Jorga,1
1496=,Jorgi,1
1496=,Jorja-Mae,1
1496=,Jorjarose,1
1496=,Jorjey,1
1496=,Jorji,1
1496=,Josefine,1
1496=,Josie-Anna,1
1496=,Joslyn,1
1496=,Josslyn,1
1496=,Josya,1
1496=,Joyee,1
1496=,Joylin,1
1496=,Juana,1
1496=,Juanita,1
1496=,Jude,1
1496=,Judith,1
1496=,Juhee,1
1496=,Juli,1
1496=,Juliana,1
1496=,Julita,1
1496=,Juniper,1
1496=,Justina,1
1496=,Justine,1
1496=,Juwaria,1
1496=,Juwariyah,1
1496=,Kabod,1
1496=,Kacee,1
1496=,Kacey-Jean,1
1496=,Kacey-May,1
1496=,Kachimsibumnobi,1
1496=,Kaci-Ann,1
1496=,Kaci-Elle,1
1496=,Kaci-Lea,1
1496=,Kaci-Lee,1
1496=,Kacieleigh,1
1496=,Kacy,1
1496=,Kaddence,1
1496=,Kadi,1
1496=,Kadis,1
1496=,Kadison,1
1496=,Kaedis,1
1496=,Kaelah,1
1496=,Kaeleigh,1
1496=,Kaelia,1
1496=,Kaelin,1
1496=,Kaelynn,1
1496=,Kahlen,1
1496=,Kahyla,1
1496=,Kai,1
1496=,Kai-Lynne,1
1496=,Kaiah,1
1496=,Kaidee,1
1496=,Kaidey,1
1496=,Kaila-Mae,1
1496=,Kailah,1
1496=,Kailei,1
1496=,Kaileigh,1
1496=,Kailin,1
1496=,Kailo-Love,1
1496=,Kailyn-Marie,1
1496=,Kailynn,1
1496=,Kaimee,1
1496=,Kairi,1
1496=,Kaisha,1
1496=,Kaithleen,1
1496=,Kaitlyn-Louise,1
1496=,Kaitlyn-Marie,1
1496=,Kaitrin,1
1496=,Kajla,1
1496=,Kalai,1
1496=,Kaleeci,1
1496=,Kalieyah,1
1496=,Kalina,1
1496=,Kalindi,1
1496=,Kalise,1
1496=,Kallie-Rayne,1
1496=,Kalsoom,1
1496=,Kaly-Leigh,1
1496=,Kamara,1
1496=,Kamile,1
1496=,Kamilla,1
1496=,Kamryn,1
1496=,Kannie,1
1496=,Karagh,1
1496=,Karaleigh,1
1496=,Karamveer,1
1496=,Karci-Brooke,1
1496=,Karie,1
1496=,Karima,1
1496=,Karla-Louise,1
1496=,Karleigh,1
1496=,Karley-Jayne,1
1496=,Karma,1
1496=,Karmen,1
1496=,Karmia,1
1496=,Karrah,1
1496=,Karrie,1
1496=,Kaseea,1
1496=,Kasei,1
1496=,Kasey-Lee,1
1496=,Kasey-Sarah,1
1496=,Kaseyann,1
1496=,Kashifa,1
1496=,Kasia,1
1496=,Kasie-Ann,1
1496=,Kassi,1
1496=,Kassidee,1
1496=,Katarina,1
1496=,Katerina,1
1496=,Katey-Anne,1
1496=,Katharina,1
1496=,Kathrine,1
1496=,Katie-Angel,1
1496=,Katie-Anne,1
1496=,Katie-Lee,1
1496=,Katiya,1
1496=,Katlyn,1
1496=,Katy-Louise,1
1496=,Katy-May,1
1496=,Kavah,1
1496=,Kaveri,1
1496=,Kavita,1
1496=,Kavya,1
1496=,Kay,1
1496=,Kayah,1
1496=,Kayce,1
1496=,Kaycee-Antonia,1
1496=,Kaycey,1
1496=,Kaycieleigh,1
1496=,Kayde,1
1496=,Kaydence,1
1496=,Kaydens,1
1496=,Kaydie-Leigh,1
1496=,Kaydis,1
1496=,Kayla-Jane,1
1496=,Kayla-Jayde,1
1496=,Kayla-Leigh,1
1496=,Kayla-Mai,1
1496=,Kayla-Maree,1
1496=,Kayla-Rose,1
1496=,Kaylaa,1
1496=,Kaylee-Marie,1
1496=,Kayleen,1
1496=,Kayleighann,1
1496=,Kayleighjayne,1
1496=,Kayler,1
1496=,Kaylha,1
1496=,Kaylie,1
1496=,Kayln,1
1496=,Kayra,1
1496=,Kaysea,1
1496=,Kaysey,1
1496=,Kayson,1
1496=,Kc-Marie,1
1496=,Keah,1
1496=,Kealie,1
1496=,Kealsey,1
1496=,Keanah-Louise,1
1496=,Keanna,1
1496=,Keara-Leigh,1
1496=,Keavi,1
1496=,Keavie,1
1496=,Kechukwu,1
1496=,Keeanna,1
1496=,Keely,1
1496=,Keenan,1
1496=,Keerat,1
1496=,Keevah-Lee,1
1496=,Keevha,1
1496=,Keevi,1
1496=,Keia,1
1496=,Keilidh,1
1496=,Keira-Lee,1
1496=,Keira-Leigh,1
1496=,Keira-Louisa,1
1496=,Keira-Louise,1
1496=,Keirah,1
1496=,Keirsten,1
1496=,Keisha-Marie,1
1496=,Keiva,1
1496=,Kelci-Lee,1
1496=,Kelci-Louise,1
1496=,Kelly-Marie,1
1496=,Kelsey-Rose,1
1496=,Kelsi-Leigh,1
1496=,Kelsie-Leigh,1
1496=,Kendl,1
1496=,Kendyl,1
1496=,Keneilwe,1
1496=,Kenley,1
1496=,Kenna-Leigh,1
1496=,Kennice,1
1496=,Kensley,1
1496=,Kenya,1
1496=,Kenza,1
1496=,Kenzay,1
1496=,Kenzie-Lee,1
1496=,Kenzie-Louise,1
1496=,Keri,1
1496=,Keris-Anne,1
1496=,Kerisha,1
1496=,Kerlynn,1
1496=,Kerra,1
1496=,Kerrin,1
1496=,Kerry-May,1
1496=,Keryis,1
1496=,Keryn,1
1496=,Kesha,1
1496=,Keshia,1
1496=,Ketia,1
1496=,Keya,1
1496=,Keyanna,1
1496=,Keyla,1
1496=,Keyleigh,1
1496=,Khadeja,1
1496=,Khadijah,1
1496=,Khadijatu,1
1496=,Khalie,1
1496=,Khallia,1
1496=,Khandallah,1
1496=,Khia,1
1496=,Khushi,1
1496=,Khya,1
1496=,Kia,1
1496=,Kiahanna,1
1496=,Kianna-Lea,1
1496=,Kiannah,1
1496=,Kiara-Lee,1
1496=,Kiarleigh-Mya,1
1496=,Kieara,1
1496=,Kiedis,1
1496=,Kienna,1
1496=,Kiera-Clare,1
1496=,Kiersten,1
1496=,Kierston,1
1496=,Kieva,1
1496=,Kiiana,1
1496=,Kiki,1
1496=,Kim,1
1496=,Kima,1
1496=,Kimari,1
1496=,Kimberli,1
1496=,Kimi,1
1496=,Kingsley,1
1496=,Kinvara,1
1496=,Kirah,1
1496=,Kiran,1
1496=,Kiriaki,1
1496=,Kirin,1
1496=,Kirsti,1
1496=,Kirstyn,1
1496=,Kitija,1
1496=,Kitti,1
1496=,Kiyah,1
1496=,Kizzi,1
1496=,Klaire,1
1496=,Kloe,1
1496=,Kloeigh,1
1496=,Knalah,1
1496=,Kodey-Lee,1
1496=,Kodie,1
1496=,Konstancja,1
1496=,Korin,1
1496=,Korri,1
1496=,Korrin,1
1496=,Koryn,1
1496=,Kosie,1
1496=,Kota,1
1496=,Kree,1
1496=,Krishnapriya,1
1496=,Krista,1
1496=,Kristen,1
1496=,Kristine,1
1496=,Kruthika,1
1496=,Krystina,1
1496=,Krystle,1
1496=,Ksenia,1
1496=,Kya,1
1496=,Kyah,1
1496=,Kyara,1
1496=,Kydence,1
1496=,Kyia,1
1496=,Kyilaa,1
1496=,Kylisia,1
1496=,Kym,1
1496=,Kymberly,1
1496=,Kynli,1
1496=,Kynnidi,1
1496=,Kyra-Louise,1
1496=,Kyrah-Leann,1
1496=,Kyrene,1
1496=,Lacey-Grace,1
1496=,Lacey-Jane,1
1496=,Lacey-Lee,1
1496=,Lacey-Leigh,1
1496=,Lacey-Lily,1
1496=,Lacey-Louise,1
1496=,Lacey-Mae,1
1496=,Lacey-Marie,1
1496=,Lacie-Mae,1
1496=,Lacie-May,1
1496=,Lacii,1
1496=,Laela,1
1496=,Laiah,1
1496=,Laiana,1
1496=,Laicey,1
1496=,Laila-Jayne,1
1496=,Lainee,1
1496=,Lainey,1
1496=,Laira,1
1496=,Lake,1
1496=,Lakshya,1
1496=,Lamees,1
1496=,Lana-Jade,1
1496=,Lana-Rose,1
1496=,Lannah,1
1496=,Laoise,1
1496=,Lara-Jane,1
1496=,Laraib,1
1496=,Laramae,1
1496=,Larisa,1
1496=,Lasey,1
1496=,Launie,1
1496=,Laura-Jane,1
1496=,Laura-Louise,1
1496=,Lauralynn,1
1496=,Laurana,1
1496=,Laure,1
1496=,Laurel,1
1496=,Layaan,1
1496=,Layan,1
1496=,Layker,1
1496=,Layla-Rose,1
1496=,Laylaa,1
1496=,Layney,1
1496=,Layton,1
1496=,Layyah,1
1496=,Leaah,1
1496=,Leah-Fay,1
1496=,Leahmarie,1
1496=,Leala,1
1496=,Lee-Anne,1
1496=,Leeah,1
1496=,Leeah'j,1
1496=,Leeanna,1
1496=,Leela,1
1496=,Leesa,1
1496=,Leeza,1
1496=,Leia-Marie,1
1496=,Leigh-Anna,1
1496=,Leigh-Marie,1
1496=,Leigha-Mae,1
1496=,Leighton,1
1496=,Leila-Leigh,1
1496=,Leilah-Eve,1
1496=,Leire,1
1496=,Leisha,1
1496=,Leisha-Jane,1
1496=,Lekya,1
1496=,Leneve,1
1496=,Leo,1
1496=,Leoni,1
1496=,Leonnie,1
1496=,Leony,1
1496=,Lesley,1
1496=,Levi-Star,1
1496=,Levina,1
1496=,Lewisa,1
1496=,Lexa,1
1496=,Lexghi,1
1496=,Lexi-Jay,1
1496=,Lexie-Skye,1
1496=,Lexii,1
1496=,Lexinne,1
1496=,Lexxi,1
1496=,Leyah,1
1496=,Leyla-Rose,1
1496=,Leylah,1
1496=,Leyna,1
1496=,Lhana,1
1496=,Liahna,1
1496=,Lian,1
1496=,Liba,1
1496=,Libbie,1
1496=,Libby-Anne,1
1496=,Libbyann,1
1496=,Liberty,1
1496=,Liesl,1
1496=,Lile-Rose,1
1496=,Lilee,1
1496=,Lileigh,1
1496=,Liley-Rose,1
1496=,Lili-Lu,1
1496=,Lili-Victoria,1
1496=,Lilla,1
1496=,Lillee,1
1496=,Lilli-Mae,1
1496=,Lilli-Tyne,1
1496=,Lillias,1
1496=,Lillie-Grace,1
1496=,Lillie-Mai,1
1496=,Lillieanne,1
1496=,Lilly-Ella,1
1496=,Lilly-Eve,1
1496=,Lilly-Mae,1
1496=,Lilly-Mai,1
1496=,Lilly-Margarat,1
1496=,Lillyanna,1
1496=,Lily-Amari,1
1496=,Lily-Ann,1
1496=,Lily-Beth,1
1496=,Lily-Elen,1
1496=,Lily-Ella,1
1496=,Lily-Lee,1
1496=,Lily-Louise,1
1496=,Lily-Mae,1
1496=,Lily-Marie,1
1496=,Lily-Sarah,1
1496=,Lilyann,1
1496=,Lilyanna,1
1496=,Lilybelle,1
1496=,Linnea,1
1496=,Linsey,1
1496=,Lisa-Marie,1
1496=,Lisbeth,1
1496=,Lissie,1
1496=,Liva,1
1496=,Liwia,1
1496=,Liyah,1
1496=,Liza,1
1496=,Lizbeth,1
1496=,Lizelle,1
1496=,Lizzie,1
1496=,Lochlyn,1
1496=,Lochlyn-Grace,1
1496=,Lola-Lee,1
1496=,Lola-Louise,1
1496=,Lola-Mae,1
1496=,Lolah,1
1496=,London,1
1496=,Lorin,1
1496=,Lorraine,1
1496=,Lorri,1
1496=,Loryn,1
1496=,Lotte,1
1496=,Lottie-Alexandra,1
1496=,Louane,1
1496=,Lovisa,1
1496=,Lowenna,1
1496=,Lowri,1
1496=,Lua,1
1496=,Luce,1
1496=,Lucee,1
1496=,Luci-Jane,1
1496=,Luciannah,1
1496=,Lucie-Eve,1
1496=,Lucie-Lou,1
1496=,Lucila,1
1496=,Lucy-Beth,1
1496=,Lucy-Jane,1
1496=,Lucy-Jo,1
1496=,Lucymay,1
1496=,Luella,1
1496=,Luize,1
1496=,Lukshya,1
1496=,Lula,1
1496=,Luleya,1
1496=,Luntha,1
1496=,Luo,1
1496=,Luodi,1
1496=,Lylafaye,1
1496=,Lylli-Jean,1
1496=,Lyllie,1
1496=,Lylya,1
1496=,Lynsey,1
1496=,Lynzie,1
1496=,Maariyah,1
1496=,Macana,1
1496=,Macey-Lee,1
1496=,Maci-Lee,1
1496=,Macie-Leigh,1
1496=,Maciee,1
1496=,Mackenna,1
1496=,Mackenzi,1
1496=,Macy-Leigh,1
1496=,Madalina,1
1496=,Madalyn,1
1496=,Madalynn,1
1496=,Maddalena,1
1496=,Madelaine,1
1496=,Madelena,1
1496=,Madelyn,1
1496=,Maeda,1
1496=,Maeghan,1
1496=,Maelys,1
1496=,Maha,1
1496=,Maham,1
1496=,Mahee,1
1496=,Mahibah,1
1496=,Mahirah,1
1496=,Mahreen,1
1496=,Mahrosh,1
1496=,Mahtab,1
1496=,Mai,1
1496=,Mai'a,1
1496=,Maicee,1
1496=,Maicie,1
1496=,Maillie,1
1496=,Mairi-Anna,1
1496=,Mairianne,1
1496=,Mairidhanne,1
1496=,Maisarah,1
1496=,Maisha,1
1496=,Maisie-Brieann,1
1496=,Maisie-Louise,1
1496=,Maisie-May,1
1496=,Maisy-Leigh,1
1496=,Maiyah,1
1496=,Makaya,1
1496=,Makelesi,1
1496=,Makynzie,1
1496=,Malana,1
1496=,Malaya,1
1496=,Malaz,1
1496=,Maleah,1
1496=,Maleeha,1
1496=,Maleeka,1
1496=,Maliha,1
1496=,Malika,1
1496=,Malin,1
1496=,Malise,1
1496=,Malissa,1
1496=,Mallak,1
1496=,Mallie,1
1496=,Mallon,1
1496=,Mama,1
1496=,Man,1
1496=,Mandy,1
1496=,Manha,1
1496=,Manisa,1
1496=,Manpreet,1
1496=,Mansi,1
1496=,Mantasha,1
1496=,Manya,1
1496=,Marah,1
1496=,Marcelina,1
1496=,Marcella,1
1496=,Marci,1
1496=,Margareta,1
1496=,Margaux,1
1496=,Marguerite,1
1496=,Mari,1
1496=,Maria-Jane,1
1496=,Mariah,1
1496=,Marie-Lucie,1
1496=,Mariel,1
1496=,Marielle,1
1496=,Marietta,1
1496=,Marija,1
1496=,Marilyn,1
1496=,Maris,1
1496=,Marisa,1
1496=,Marisse,1
1496=,Mariya,1
1496=,Marlay,1
1496=,Marlee,1
1496=,Marlie,1
1496=,Marlie-May,1
1496=,Marlii,1
1496=,Marnie,1
1496=,Marrissa,1
1496=,Martha-Rose,1
1496=,Martina,1
1496=,Marvelous,1
1496=,Maryanna,1
1496=,Marybell,1
1496=,Marykate,1
1496=,Marylou,1
1496=,Maryum,1
1496=,Mashal,1
1496=,Masie,1
1496=,Mathilde,1
1496=,Matilde,1
1496=,Maureen,1
1496=,Maxi,1
1496=,Maya-Lee,1
1496=,Mayalena,1
1496=,Mayamarie,1
1496=,Mayar,1
1496=,Mea,1
1496=,Meabh,1
1496=,Meah,1
1496=,Meera,1
1496=,Meesha,1
1496=,Megan-Beth,1
1496=,Megan-Louise,1
1496=,Mehak,1
1496=,Mehakh,1
1496=,Mehar,1
1496=,Mehek,1
1496=,Meher,1
1496=,Mehgan,1
1496=,Mehreen,1
1496=,Mei,1
1496=,Meighan-Lee,1
1496=,Meisha,1
1496=,Meishan,1
1496=,Meishana,1
1496=,Meiting,1
1496=,Meiyee,1
1496=,Melek,1
1496=,Melina,1
1496=,Melis,1
1496=,Melisa,1
1496=,Mellisa,1
1496=,Mellissa,1
1496=,Mena,1
1496=,Meng,1
1496=,Merci-Leigh,1
1496=,Merissa,1
1496=,Meroe,1
1496=,Merran,1
1496=,Merrilees,1
1496=,Mersey,1
1496=,Meryl,1
1496=,Mhairead,1
1496=,Mhairi-Cath,1
1496=,Mhairi-Louise,1
1496=,Mhari-Anne,1
1496=,Mhari-Claire,1
1496=,Mhegan,1
1496=,Mhiraid,1
1496=,Mhora,1
1496=,Mhurran,1
1496=,Mhyrin,1
1496=,Mia-Grace,1
1496=,Mia-Leigh,1
1496=,Mia-Natalie,1
1496=,Mialena,1
1496=,Mialey,1
1496=,Michala,1
1496=,Micheala,1
1496=,Michealla,1
1496=,Michelina,1
1496=,Mihaela,1
1496=,Miheli,1
1496=,Miki,1
1496=,Miko,1
1496=,Mila-Rose,1
1496=,Miley-Anne,1
1496=,Mili-Elise,1
1496=,Milianna,1
1496=,Milla,1
1496=,Millie-Ann,1
1496=,Millie-Dee,1
1496=,Millie-Jay,1
1496=,Millie-Louise,1
1496=,Millie-Mae,1
1496=,Millie-Rae,1
1496=,Millie-Rose,1
1496=,Minal,1
1496=,Mindy,1
1496=,Minerva,1
1496=,Minnah,1
1496=,Miral,1
1496=,Miranda,1
1496=,Mirell,1
1496=,Mirrun,1
1496=,Mirvat,1
1496=,Mirza,1
1496=,Misato,1
1496=,Misbah,1
1496=,Misha,1
1496=,Mishaal,1
1496=,Mishal,1
1496=,Missie,1
1496=,Miya-Leigh,1
1496=,Miyley,1
1496=,Moa,1
1496=,Mobina,1
1496=,Mofiyinfoluwa,1
1496=,Mohak,1
1496=,Molli,1
1496=,Mollie-Ann,1
1496=,Mollie-Mae,1
1496=,Mollie-Rose,1
1496=,Montana,1
1496=,Montanna,1
1496=,Moomal,1
1496=,Morea,1
1496=,Morfaw,1
1496=,Morgan-Jo,1
1496=,Morna,1
1496=,Morrigan,1
1496=,Mozan,1
1496=,Msgana,1
1496=,Muheezat,1
1496=,Muireann,1
1496=,Muirne,1
1496=,Mumtaz,1
1496=,Munachimso,1
1496=,Munachimuso,1
1496=,Munazzah,1
1496=,Mung,1
1496=,Murhyn,1
1496=,Murin,1
1496=,Murraghn,1
1496=,Murran,1
1496=,Murryn,1
1496=,Musfira,1
1496=,Mushaim,1
1496=,Muskan,1
1496=,Mutya,1
1496=,Mya'marie,1
1496=,Myafina,1
1496=,Myaseen,1
1496=,Mydah,1
1496=,Mykaela,1
1496=,Mylaa,1
1496=,Mylah,1
1496=,Mylay,1
1496=,Myleene,1
1496=,Mylene,1
1496=,Myrhn,1
1496=,Myrin,1
1496=,Myron,1
1496=,Mysie,1
1496=,N'eve,1
1496=,Naarlily,1
1496=,Naavah,1
1496=,Naba,1
1496=,Nabilah,1
1496=,Nada,1
1496=,Nadesh,1
1496=,Nadie,1
1496=,Nadwa,1
1496=,Naeva,1
1496=,Nafisa,1
1496=,Nahkita,1
1496=,Nahla,1
1496=,Naila,1
1496=,Naima-Jasmine,1
1496=,Naimah,1
1496=,Naina,1
1496=,Naiya,1
1496=,Najlaa,1
1496=,Nakisha,1
1496=,Nalenhle,1
1496=,Nameera,1
1496=,Nampreet,1
1496=,Nanka,1
1496=,Nanwe,1
1496=,Naoise,1
1496=,Narae,1
1496=,Nasima,1
1496=,Natallia,1
1496=,Natania,1
1496=,Nathalie,1
1496=,Nava,1
1496=,Navina,1
1496=,Nawal,1
1496=,Nawazg,1
1496=,Nayana,1
1496=,Nayara-Jae,1
1496=,Nayel,1
1496=,Ndey,1
1496=,Neala,1
1496=,Neamh,1
1496=,Neeve,1
1496=,Nehal,1
1496=,Nehohmi,1
1496=,Nelia,1
1496=,Nellie,1
1496=,Neola,1
1496=,Neva,1
1496=,Nevada,1
1496=,Nevada-Rose,1
1496=,Nevaeh-Jayde,1
1496=,Nevaeh-Leigh,1
1496=,Nevaeh-Olivia,1
1496=,Nglam,1
1496=,Niamh-Grace,1
1496=,Niamh-Kelly,1
1496=,Niamph,1
1496=,Nicarla,1
1496=,Nichola,1
1496=,Nichole,1
1496=,Nike,1
1496=,Nikhol,1
1496=,Niki,1
1496=,Nikita-Ann,1
1496=,Nikita-Jane,1
1496=,Nikitah,1
1496=,Nikkita,1
1496=,Nikkole,1
1496=,Nikla,1
1496=,Niko,1
1496=,Nimra,1
1496=,Nisa,1
1496=,Nisha,1
1496=,Nivanna,1
1496=,Nivannah,1
1496=,Niyah,1
1496=,Niyati,1
1496=,Niysa,1
1496=,Nkeonyenasoa,1
1496=,Noella,1
1496=,Noelle,1
1496=,Noemie,1
1496=,Noirin,1
1496=,Noor-Ul-Ain,1
1496=,Nooram,1
1496=,Norbu-Rose,1
1496=,Norha,1
1496=,Nuala-Maria,1
1496=,Nur,1
1496=,Nura,1
1496=,Nurul,1
1496=,Nusayba,1
1496=,Nuura,1
1496=,Nya,1
1496=,Nylah,1
1496=,Nyree,1
1496=,Obiaghanwa,1
1496=,Occeanna-Lake,1
1496=,Oceane,1
1496=,Odessa,1
1496=,Ogennaya,1
1496=,Oghenekome,1
1496=,Ogheneteme,1
1496=,Oihane,1
1496=,Ojal,1
1496=,Ojiugo,1
1496=,Okanorkor,1
1496=,Olivia-Grace,1
1496=,Olivia-May,1
1496=,Olivialee,1
1496=,Ollivia,1
1496=,Olushola,1
1496=,Oluwabukunmi,1
1496=,Oluwadahunsi,1
1496=,Oluwadarasimi,1
1496=,Oluwafisolami,1
1496=,Oluwafolakemi,1
1496=,Oluwafolasekemi,1
1496=,Oluwagbotemi,1
1496=,Oluwamayomiposi,1
1496=,Oluwamodupe,1
1496=,Oluwasemilore,1
1496=,Oluwatunmise,1
1496=,Omasirichukwu,1
1496=,Omisha,1
1496=,Omnya,1
1496=,Opemiposi,1
1496=,Oreofeoluwa,1
1496=,Oreoluwa,1
1496=,Orfhlaith,1
1496=,Orinta,1
1496=,Orla-Rosabella,1
1496=,Orlagh-Mei,1
1496=,Orlaigh,1
1496=,Orlaithe,1
1496=,Orly,1
1496=,Oromidayo,1
1496=,Orundoti,1
1496=,Osamagbe,1
1496=,Osasumwenkhan,1
1496=,Osayuwamen,1
1496=,Osla,1
1496=,Owanate,1
1496=,Owi,1
1496=,Oyindamola,1
1496=,Paije,1
1496=,Paisleigh,1
1496=,Paiton,1
1496=,Palistha,1
1496=,Pallabi,1
1496=,Paloma,1
1496=,Palvi,1
1496=,Palwash,1
1496=,Palwasha,1
1496=,Pamela,1
1496=,Paras,1
1496=,Parascheva,1
1496=,Parisa,1
1496=,Parisann,1
1496=,Parivash,1
1496=,Parker,1
1496=,Patience,1
1496=,Patsy,1
1496=,Pavneet,1
1496=,Payton-Leigh,1
1496=,Peggi,1
1496=,Pehr,1
1496=,Peighton,1
1496=,Peigi,1
1496=,Pennie,1
1496=,Perdita,1
1496=,Petula,1
1496=,Peyton-Leigh,1
1496=,Pheonyx,1
1496=,Pheya,1
1496=,Phileine,1
1496=,Philipa,1
1496=,Phuabong,1
1496=,Phylicia,1
1496=,Pia,1
1496=,Pinar,1
1496=,Popi,1
1496=,Poppy-Jo,1
1496=,Poppy-Lee,1
1496=,Poppy-Mae,1
1496=,Porschia,1
1496=,Posy,1
1496=,Pranavi,1
1496=,Pranisha,1
1496=,Pravanya,1
1496=,Prea,1
1496=,Preethi,1
1496=,Preeya,1
1496=,Preisha,1
1496=,Premona,1
1496=,Presha,1
1496=,Princess,1
1496=,Prisha,1
1496=,Priyah,1
1496=,Prue,1
1496=,Pyper,1
1496=,Qasima,1
1496=,Qi,1
1496=,Qian,1
1496=,Queeny,1
1496=,Quin,1
1496=,Qurratulain,1
1496=,Raaina,1
1496=,Raameen,1
1496=,Rabekka,1
1496=,Rachana,1
1496=,Racheal,1
1496=,Rachel-Isabella,1
1496=,Rachel-Marie,1
1496=,Raeesah,1
1496=,Raegen,1
1496=,Raegyn,1
1496=,Raelyn,1
1496=,Raeyah,1
1496=,Rahf,1
1496=,Rai,1
1496=,Rai-An,1
1496=,Raine,1
1496=,Rainie-Capri,1
1496=,Rainnah,1
1496=,Raja,1
1496=,Rama,1
1496=,Ramine,1
1496=,Ramona,1
1496=,Raneem,1
1496=,Raniya,1
1496=,Raniyah,1
1496=,Raphaella,1
1496=,Raquel,1
1496=,Ravneet,1
1496=,Rayah,1
1496=,Rayan,1
1496=,Rayhanna,1
1496=,Rayne,1
1496=,Reah,1
1496=,Ream,1
1496=,Reayann,1
1496=,Rebecca-Rose,1
1496=,Rebecka,1
1496=,Rebeka,1
1496=,Rebeka-Mae,1
1496=,Rebekka,1
1496=,Red,1
1496=,Reeann,1
1496=,Reem,1
1496=,Reeti,1
1496=,Reigan,1
1496=,Reiley,1
1496=,Reiss,1
1496=,Reiya,1
1496=,Ren,1
1496=,Rene,1
1496=,Reome,1
1496=,Rereoluwa,1
1496=,Reyhana,1
1496=,Rezarta,1
1496=,Rhanna,1
1496=,Rhaya,1
1496=,Rhea-Leigh,1
1496=,Rheagan-Elise,1
1496=,Rheia,1
1496=,Rheona,1
1496=,Rhiane,1
1496=,Rhianin,1
1496=,Rhiannah,1
1496=,Rhiannone,1
1496=,Rhianwen,1
1496=,Rhoda,1
1496=,Rhone,1
1496=,Rhowyn,1
1496=,Riahanna,1
1496=,Riain,1
1496=,Rianna,1
1496=,Ribeaca,1
1496=,Ricci,1
1496=,Richa,1
1496=,Ridley,1
1496=,Riema,1
1496=,Rihann,1
1496=,Rija,1
1496=,Rinad,1
1496=,Rio,1
1496=,Risako,1
1496=,Rita,1
1496=,Rithika,1
1496=,Ritisha,1
1496=,Riverz,1
1496=,Riyaa,1
1496=,Riyan,1
1496=,Rizuana,1
1496=,Ro,1
1496=,Robina,1
1496=,Rocio,1
1496=,Roe,1
1496=,Rogan,1
1496=,Rogue,1
1496=,Rohays,1
1496=,Rojin,1
1496=,Roksanna,1
1496=,Romani,1
1496=,Romany,1
1496=,Romay,1
1496=,Romaya,1
1496=,Romia,1
1496=,Romilly,1
1496=,Rona,1
1496=,Ronni,1
1496=,Ronya,1
1496=,Rooha,1
1496=,Roos,1
1496=,Rorisang,1
1496=,Rory,1
1496=,Rosa-Lee,1
1496=,Rosalia,1
1496=,Rosalin,1
1496=,Rosalind,1
1496=,Rosana,1
1496=,Rosannah,1
1496=,Roseanne,1
1496=,Roselyn,1
1496=,Rosemarie,1
1496=,Roshini,1
1496=,Rowena,1
1496=,Roxann,1
1496=,Roxanna,1
1496=,Roxsana,1
1496=,Roza,1
1496=,Rozaria,1
1496=,Rua,1
1496=,Ruanne,1
1496=,Rubee,1
1496=,Rubi-Ann,1
1496=,Ruby-Ann,1
1496=,Ruby-Jean,1
1496=,Ruby-Jo,1
1496=,Ruby-Leigh,1
1496=,Ruby-Mae,1
1496=,Rui,1
1496=,Ruian,1
1496=,Rumaisa,1
1496=,Rumbidzai,1
1496=,Runa,1
1496=,Runshana,1
1496=,Runyararo,1
1496=,Ruqaiyyah,1
1496=,Rutendo,1
1496=,Ryah,1
1496=,Ryanna,1
1496=,Ryhann,1
1496=,Ryia,1
1496=,Ryley,1
1496=,Rylie,1
1496=,Ryte,1
1496=,Saadia,1
1496=,Saaya,1
1496=,Saba,1
1496=,Sabaa,1
1496=,Sabhiha,1
1496=,Sabine,1
1496=,Sabira,1
1496=,Sadaf,1
1496=,Sadeen,1
1496=,Sadhbh,1
1496=,Sadie-Louise,1
1496=,Saffi,1
1496=,Saffron,1
1496=,Safi,1
1496=,Safie,1
1496=,Sahana,1
1496=,Sahara,1
1496=,Sain,1
1496=,Sairah,1
1496=,Sairithvika,1
1496=,Saja,1
1496=,Sakura,1
1496=,Salara,1
1496=,Saleena,1
1496=,Saliha,1
1496=,Salina,1
1496=,Salma,1
1496=,Salsabil,1
1496=,Salva,1
1496=,Samaa,1
1496=,Samar,1
1496=,Samarah,1
1496=,Samawiyah,1
1496=,Samhitha,1
1496=,Sami,1
1496=,Samiha,1
1496=,Samira,1
1496=,Samirah,1
1496=,Samiyah,1
1496=,Sammi,1
1496=,Sammy,1
1496=,Sanavi,1
1496=,Sandi,1
1496=,Saniyyah,1
1496=,Sanna,1
1496=,Saorise,1
1496=,Saphia,1
1496=,Saphron,1
1496=,Sarah-Grace,1
1496=,Sarah-Joanna,1
1496=,Sarah-Michelle,1
1496=,Sarahanne,1
1496=,Sarahleigh,1
1496=,Saran,1
1496=,Sareen,1
1496=,Sareena,1
1496=,Sarie,1
1496=,Sarka,1
1496=,Sasha-Margaret,1
1496=,Satine,1
1496=,Savana,1
1496=,Savanah,1
1496=,Savanah-Lee,1
1496=,Savanna,1
1496=,Savannah-Lee,1
1496=,Sawyer,1
1496=,Saya,1
1496=,Sayeda,1
1496=,Sayeh,1
1496=,Saymeen,1
1496=,Sayuli,1
1496=,Sbaah,1
1496=,Seanece,1
1496=,Seerat,1
1496=,Sefora,1
1496=,Seher,1
1496=,Seiara,1
1496=,Seija,1
1496=,Selena-Jane,1
1496=,Selyna,1
1496=,Semira,1
1496=,Seonag,1
1496=,Serah,1
1496=,Serenna,1
1496=,Seryn,1
1496=,Sethuli,1
1496=,Sevilla,1
1496=,Shae,1
1496=,Shafaq,1
1496=,Shaghanashree,1
1496=,Shalini,1
1496=,Shamaeilah,1
1496=,Shameera,1
1496=,Shamma,1
1496=,Shanai,1
1496=,Shanaide,1
1496=,Shanel,1
1496=,Shanell,1
1496=,Shanna,1
1496=,Shannan,1
1496=,Shannyn,1
1496=,Shantell,1
1496=,Shanzeh,1
1496=,Sharelle,1
1496=,Shariah,1
1496=,Sharleen,1
1496=,Shashha,1
1496=,Shaun,1
1496=,Shawnie,1
1496=,Shaye,1
1496=,Shayma,1
1496=,Sheamaa,1
1496=,Sheereen,1
1496=,Shekhinah,1
1496=,Shekinah,1
1496=,Shelbi,1
1496=,Shelby-Marie,1
1496=,Shelby-Rhane,1
1496=,Shenaya,1
1496=,Shenice,1
1496=,Sheona,1
1496=,Sheree,1
1496=,Shereen,1
1496=,Sherianne,1
1496=,Sherilyn,1
1496=,Sheryl,1
1496=,Shevaun,1
1496=,Shezal,1
1496=,Shifaa,1
1496=,Shinia,1
1496=,Shireen,1
1496=,Shiyia-Faith,1
1496=,Shreya,1
1496=,Shristi,1
1496=,Shristine,1
1496=,Shriya,1
1496=,Shu,1
1496=,Shuguo,1
1496=,Shumaiya,1
1496=,Shuman,1
1496=,Shyia,1
1496=,Shyla,1
1496=,Shylah,1
1496=,Shyloh,1
1496=,Siann,1
1496=,Sianna,1
1496=,Siannon,1
1496=,Sibella,1
1496=,Sidney,1
1496=,Sidra,1
1496=,Sienna-Lily,1
1496=,Sienna-Rose,1
1496=,Sienne,1
1496=,Siglind,1
1496=,Sigrid,1
1496=,Sigrun,1
1496=,Sihle,1
1496=,Silvia,1
1496=,Simarleen,1
1496=,Simeone,1
1496=,Sindija,1
1496=,Sinita,1
1496=,Sinjini,1
1496=,Sionainn,1
1496=,Siqi,1
1496=,Sirin,1
1496=,Siyona,1
1496=,Skaidra,1
1496=,Skye-Kaitlin,1
1496=,Skyla-Mai,1
1496=,Skylah,1
1496=,Soairse,1
1496=,Sochukwukaima,1
1496=,Sofianne,1
1496=,Sofija,1
1496=,Somaya,1
1496=,Sommer,1
1496=,Sondos,1
1496=,Sonja,1
1496=,Sophia-Brooke,1
1496=,Sophia-Grace,1
1496=,Sophia-Leigh,1
1496=,Sophie-Ann,1
1496=,Sophie-Anne,1
1496=,Sophie-Lee,1
1496=,Sophie-Leigh,1
1496=,Sophie-Louise,1
1496=,Sophie-Mae,1
1496=,Sophie-Rose,1
1496=,Soraiya,1
1496=,Soraya,1
1496=,Sorchah,1
1496=,Soren,1
1496=,Spheia,1
1496=,Srisha,1
1496=,Staci,1
1496=,Starla,1
1496=,Starlit,1
1496=,Steeva,1
1496=,Stefi,1
1496=,Stela,1
1496=,Stevi,1
1496=,Storm,1
1496=,Sudha,1
1496=,Sukhmani,1
1496=,Sumagna,1
1496=,Sumayya,1
1496=,Sumbal,1
1496=,Sumiyah,1
1496=,Summer-Leigh,1
1496=,Summer-Marie,1
1496=,Sunaina,1
1496=,Sunaya,1
1496=,Sunna,1
1496=,Sunny,1
1496=,Supriya,1
1496=,Sura,1
1496=,Susana,1
1496=,Suvi,1
1496=,Suzanna,1
1496=,Suzy,1
1496=,Svara,1
1496=,Swan,1
1496=,Sydni,1
1496=,Syra,1
1496=,Taaliah,1
1496=,Taanvi,1
1496=,Tabatha,1
1496=,Tahira,1
1496=,Tahlil,1
1496=,Taiba-Noor,1
1496=,Taila,1
1496=,Taiylor,1
1496=,Tajveer,1
1496=,Tala,1
1496=,Taleen,1
1496=,Taleishia,1
1496=,Taliah,1
1496=,Talitha,1
1496=,Talya,1
1496=,Tamayi,1
1496=,Tamia,1
1496=,Tamika,1
1496=,Tanazzal,1
1496=,Tanisha,1
1496=,Tanisi,1
1496=,Tanithe,1
1496=,Tanna,1
1496=,Tansy,1
1496=,Tanvi,1
1496=,Tanvir,1
1496=,Tanyaradzwa,1
1496=,Taqiyah,1
1496=,Taraivosa,1
1496=,Tarooba,1
1496=,Tasbeha,1
1496=,Tasnia,1
1496=,Tatyana,1
1496=,Tauri,1
1496=,Taya,1
1496=,Tayanana,1
1496=,Tayba,1
1496=,Taybah,1
1496=,Tayiba,1
1496=,Tayler-Louise,1
1496=,Taylor-Anne,1
1496=,Taylor-Jordyn,1
1496=,Taylor-Louise,1
1496=,Taylor-Marie,1
1496=,Taylor-Rae,1
1496=,Taylore,1
1496=,Tayyaba,1
1496=,Tayyiba,1
1496=,Tchuenbou,1
1496=,Tea,1
1496=,Teah,1
1496=,Teeamie,1
1496=,Teeghan,1
1496=,Tegan-Ray,1
1496=,Tegen,1
1496=,Teggan,1
1496=,Tehila,1
1496=,Tehillah,1
1496=,Teia,1
1496=,Teighlor,1
1496=,Temi,1
1496=,Temilola,1
1496=,Temiloluwa,1
1496=,Temitayo,1
1496=,Temperance,1
1496=,Ten,1
1496=,Teniola,1
1496=,Teraysa-Marie,1
1496=,Terez,1
1496=,Teri-Leigh,1
1496=,Terri-Jane,1
1496=,Texas,1
1496=,Thaanya,1
1496=,Thalia,1
1496=,Thejal,1
1496=,Theodora,1
1496=,Theodosia,1
1496=,Theresia-Marlyn,1
1496=,Thia,1
1496=,Thianna,1
1496=,Thora-Toshihime-Kyoko-Freya,1
1496=,Tia-Leigh,1
1496=,Tia-Rae,1
1496=,Tiaami,1
1496=,Tiami,1
1496=,Tiamii-Rose,1
1496=,Tian,1
1496=,Tianna-Belle,1
1496=,Tiara-Kelly,1
1496=,Tiianna,1
1496=,Tijen,1
1496=,Tika,1
1496=,Tilli,1
1496=,Tilly-Rae,1
1496=,Tinisha,1
1496=,Tiree,1
1496=,Tirenioluwa,1
1496=,Tirzah,1
1496=,Tisha,1
1496=,Titilayo,1
1496=,Tiya,1
1496=,Toluwanimi,1
1496=,Tomike,1
1496=,Toni-Jae,1
1496=,Toni-Leigh,1
1496=,Toni-Marie,1
1496=,Tori-Leigh,1
1496=,Torri,1
1496=,Tosia,1
1496=,Tracy,1
1496=,Trinidad,1
1496=,Trissha,1
1496=,Trudie,1
1496=,Trulli,1
1496=,Tuesday,1
1496=,Tula,1
1496=,Tuleisha,1
1496=,Tulisa-Leigh,1
1496=,Tunmise,1
1496=,Tyanin,1
1496=,Tylah,1
1496=,Tyriee,1
1496=,Uisce,1
1496=,Ula,1
1496=,Umaimah,1
1496=,Umaiza,1
1496=,Umamah,1
1496=,Ummayyah,1
1496=,Umme-Habiba,1
1496=,Unaizah,1
1496=,Unaysah,1
1496=,Unity,1
1496=,Urenna,1
1496=,Urszula,1
1496=,Uswa,1
1496=,Uyiosa,1
1496=,Uzma,1
1496=,Vaia,1
1496=,Valentina,1
1496=,Valentine,1
1496=,Vanille,1
1496=,Vanshika,1
1496=,Varrie,1
1496=,Varsha,1
1496=,Varshini,1
1496=,Veedel,1
1496=,Venna,1
1496=,Venus,1
1496=,Verona,1
1496=,Veronika,1
1496=,Veryce,1
1496=,Vesna,1
1496=,Vianne,1
1496=,Vibha,1
1496=,Vicki,1
1496=,Vidhi,1
1496=,Vigdis,1
1496=,Viktorija,1
1496=,Vina,1
1496=,Vivianne,1
1496=,Vivien,1
1496=,Vivienne,1
1496=,Wajiha,1
1496=,Wakisa,1
1496=,Wan,1
1496=,Wanda,1
1496=,Warif,1
1496=,Wendy,1
1496=,Wenxi,1
1496=,Winter,1
1496=,Winter-Angel,1
1496=,Wynter-Willow,1
1496=,Wyomia,1
1496=,Xanthe,1
1496=,Xi,1
1496=,Xiana,1
1496=,Xinyao,1
1496=,Xinyi,1
1496=,Ya,1
1496=,Yagmur,1
1496=,Yahvi,1
1496=,Yana-Indi,1
1496=,Yardena,1
1496=,Yarra,1
1496=,Yasamine,1
1496=,Yasemin,1
1496=,Yasmina,1
1496=,Yeshita,1
1496=,Yesu-Kimbi,1
1496=,Ylfa,1
1496=,Yoana,1
1496=,Yoftana,1
1496=,Yolanna,1
1496=,Yomna,1
1496=,Yuanying,1
1496=,Yukta,1
1496=,Yula,1
1496=,Yun,1
1496=,Yundi,1
1496=,Yuri,1
1496=,Zaara,1
1496=,Zahara,1
1496=,Zaheen,1
1496=,Zakiyah,1
1496=,Zanna,1
1496=,Zara-Jane,1
1496=,Zara-Leigh,1
1496=,Zara-Nicole,1
1496=,Zarrah,1
1496=,Zdenka,1
1496=,Zeryn,1
1496=,Zhafira,1
1496=,Zhara,1
1496=,Zhi,1
1496=,Zhindzi-Xolani,1
1496=,Zia,1
1496=,Zikra,1
1496=,Zilan,1
1496=,Zivah,1
1496=,Zivah-Louise,1
1496=,Ziyi,1
1496=,Zoa,1
1496=,Zobia,1
1496=,Zohra,1
1496=,Zoja,1
1496=,Zoleka,1
1496=,Zorya,1
1496=,Zowie,1
1496=,Zuraida,1
1496=,Zuri,1
1496=,Zuzia,1
