Position,Name,Number of babies
1,Sophie,516
2,Olivia,499
3,Emily,490
4,Isla,409
5,Lucy,393
6,Ava,383
7,Jessica,374
8,Amelia,303
9,Ella,300
10,Millie,297
11,Lily,288
12,Chloe,267
13,Sophia,266
14,Ellie,256
15,Eva,254
16,Emma,251
17,Mia,236
18=,Freya,225
18=,Grace,225
20,Erin,223
21,Holly,209
22,Charlotte,207
23,Eilidh,201
24,Ruby,198
25,Anna,187
26,Poppy,182
27,Hannah,177
28,Katie,173
29,Lacey,168
30,Lexi,165
31,Orla,151
32,Evie,150
33,Brooke,147
34,Layla,144
35,Amy,140
36,Rebecca,137
37,Leah,134
38,Daisy,129
39,Abigail,127
40,Isabella,126
41,Skye,125
42,Niamh,123
43,Hollie,122
44,Amber,118
45=,Kayla,115
45=,Molly,115
47,Maisie,114
48=,Lilly,111
48=,Sienna,111
48=,Sofia,111
51,Zoe,110
52,Georgia,108
53,Megan,103
54=,Abbie,101
54=,Alice,101
56=,Maya,98
56=,Rosie,98
58,Zara,92
59=,Mya,88
59=,Summer,88
61,Sarah,87
62=,Gracie,85
62=,Iona,85
64,Cara,80
65,Mollie,78
66,Robyn,74
67=,Lola,72
67=,Paige,72
69,Mila,70
70=,Aimee,68
70=,Imogen,68
72=,Caitlin,67
72=,Rachel,67
74=,Julia,66
74=,Keira,66
74=,Madison,66
77,Lauren,65
78,Eve,64
79=,Bethany,62
79=,Carly,62
79=,Willow,62
82,Scarlett,61
83=,Elise,58
83=,Rose,58
85=,Amelie,57
85=,Ayla,57
85=,Phoebe,57
88=,Emilia,56
88=,Maria,56
88=,Mirren,56
91=,Aria,55
91=,Faith,55
93=,Elizabeth,53
93=,Esme,53
95,Beth,51
96=,Alexis,50
96=,Harper,50
96=,Lexie,50
99,Heidi,48
100=,Ivy,47
100=,Taylor,47
102=,Darcy,46
102=,Hayley,46
102=,Victoria,46
105,Naomi,45
106,Nicole,44
107=,Hope,43
107=,Libby,43
107=,Lois,43
107=,Lucie,43
107=,Sara,43
112=,Alyssa,42
112=,Eden,42
112=,Macy,42
112=,Nina,42
116,Rowan,41
117=,Lena,40
117=,Martha,40
119=,Ailsa,39
119=,Alexandra,39
119=,Bella,39
119=,Myla,39
123=,Annabelle,38
123=,Annie,38
123=,Kara,38
123=,Orlaith,38
127=,Callie,37
127=,Jasmine,37
127=,Maja,37
127=,Matilda,37
127=,Thea,37
132=,Arianna,36
132=,Gabriella,36
132=,Lucia,36
132=,Neve,36
136=,Abby,35
136=,Sadie,35
138=,Emilie,34
138=,Zuzanna,34
140=,Darcey,33
140=,Iris,33
140=,Maddison,33
140=,Violet,33
144=,Charley,32
144=,Melissa,32
144=,Tilly,32
147=,Aoife,31
147=,Eleanor,31
147=,Georgie,31
147=,Isobel,31
147=,Laura,31
147=,Maci,31
147=,Miley,31
147=,Natalie,31
155=,Alba,30
155=,Alicia,30
155=,Caoimhe,30
155=,Casey,30
155=,Clara,30
155=,Connie,30
155=,Florence,30
155=,Kaitlyn,30
163=,Charlie,29
163=,Halle,29
163=,Hanna,29
163=,Lara,29
167=,Khloe,28
167=,Macie,28
169=,Anya,27
169=,Eloise,27
169=,Heather,27
169=,Katherine,27
169=,Laila,27
169=,Macey,27
169=,Peyton,27
169=,Tia,27
177=,Aila,26
177=,Alexa,26
177=,Ariana,26
177=,Elsie,26
177=,Jennifer,26
177=,Lana,26
183=,Alisha,25
183=,Bonnie,25
183=,Francesca,25
183=,Nadia,25
183=,Penny,25
188=,Aaliyah,24
188=,Carys,24
188=,Darcie,24
188=,Elena,24
188=,Farrah,24
188=,Faye,24
194=,Catherine,23
194=,Demi,23
194=,Ellis,23
194=,Indie,23
194=,Kelsey,23
194=,Lyla,23
194=,Nicola,23
194=,Penelope,23
194=,Quinn,23
203=,Abi,22
203=,Alex,22
203=,Ciara,22
203=,Emeli,22
203=,Fatima,22
203=,Maia,22
209=,Abbey,21
209=,Kate,21
209=,Samantha,21
209=,Savannah,21
213=,Alana,20
213=,Cassie,20
213=,Cerys,20
213=,Evelyn,20
213=,Kirsty,20
213=,Lacie,20
213=,Maisy,20
213=,Natalia,20
213=,Payton,20
213=,Rosa,20
223=,April,19
223=,Caitlyn,19
223=,Eliza,19
223=,Esther,19
223=,Harriet,19
223=,Hazel,19
223=,India,19
223=,Kyla,19
223=,Lottie,19
232=,Aleksandra,18
232=,Edith,18
232=,Hallie,18
232=,Jorgie,18
232=,Leia,18
232=,Zainab,18
238=,Alesha,17
238=,Ashley,17
238=,Brooklyn,17
238=,Chelsea,17
238=,Darci,17
238=,Flora,17
238=,Isabelle,17
238=,Kacey,17
238=,Kayleigh,17
238=,Leila,17
238=,Maryam,17
238=,Murron,17
238=,Nieve,17
238=,Rhea,17
238=,Stephanie,17
238=,Zofia,17
254=,Aisha,16
254=,Arya,16
254=,Beau,16
254=,Cora,16
254=,Ebony,16
254=,Islay,16
254=,Liliana,16
254=,Louisa,16
254=,Marnie,16
254=,Mary,16
254=,Morgan,16
254=,Seren,16
254=,Stella,16
267=,Adele,15
267=,Alicja,15
267=,Angel,15
267=,Billie,15
267=,Emelia,15
267=,Emmie,15
267=,Erica,15
267=,Fiona,15
267=,Freyja,15
267=,Georgina,15
267=,Harley,15
267=,Indi,15
267=,Jade,15
267=,Kiara,15
267=,Lillie,15
267=,Louise,15
267=,Neave,15
267=,Nikola,15
267=,Yasmin,15
267=,Zoey,15
267=,Zoya,15
288=,Aleena,14
288=,Alix,14
288=,Claudia,14
288=,Courtney,14
288=,Hailey,14
288=,Jenna,14
288=,Jodie,14
288=,Kaci,14
288=,Kacie,14
288=,Kiera,14
288=,Maggie,14
288=,Marley,14
288=,Melody,14
288=,Tegan,14
302=,Ada,13
302=,Annalise,13
302=,Antonia,13
302=,Bailey,13
302=,Carla,13
302=,Ellie-Mae,13
302=,Jorja,13
302=,Juliette,13
302=,Katy,13
302=,Luna,13
302=,Lydia,13
302=,Madeleine,13
302=,Morven,13
302=,Natasha,13
302=,Orlagh,13
302=,Skylar,13
302=,Tiana,13
319=,Addison,12
319=,Alissa,12
319=,Arabella,12
319=,Aurora,12
319=,Brogan,12
319=,Cali,12
319=,Danielle,12
319=,Elle,12
319=,Elsa,12
319=,Fern,12
319=,Frankie,12
319=,Helena,12
319=,Honey,12
319=,Keeva,12
319=,Kimberly,12
319=,Kourtney,12
319=,Leona,12
319=,Lori,12
319=,Margaret,12
319=,Michelle,12
319=,Mirrin,12
319=,Oliwia,12
319=,Priya,12
319=,Rebekah,12
319=,Shannon,12
344=,Aliyah,11
344=,Anaya,11
344=,Annabel,11
344=,Astrid,11
344=,Avah,11
344=,Belle,11
344=,Carmen,11
344=,Christina,11
344=,Eshaal,11
344=,Joanna,11
344=,Juliet,11
344=,Karis,11
344=,Katelyn,11
344=,Kaylee,11
344=,Lia,11
344=,Lila,11
344=,Lyra,11
344=,Mhairi,11
344=,Rachael,11
344=,Ria,11
344=,Vivienne,11
344=,Wiktoria,11
344=,Zahra,11
367=,Annabella,10
367=,Arwen,10
367=,Ashleigh,10
367=,Ayda,10
367=,Blake,10
367=,Cleo,10
367=,Emmy,10
367=,Hana,10
367=,Jessie,10
367=,Kaitlin,10
367=,Kenzie,10
367=,Leonie,10
367=,Leyla,10
367=,Mabel,10
367=,Merryn,10
367=,Milly,10
367=,Nuala,10
367=,Sinead,10
367=,Tabitha,10
367=,Talia,10
387=,Amira,9
387=,Autumn,9
387=,Ayesha,9
387=,Bobbi,9
387=,Demi-Leigh,9
387=,Devon,9
387=,Ella-Rose,9
387=,Emillie,9
387=,Eryn,9
387=,Evangeline,9
387=,Honor,9
387=,Isabel,9
387=,Jess,9
387=,Josie,9
387=,Kadie,9
387=,Kendall,9
387=,Kyra,9
387=,Laurie,9
387=,Lily-Mae,9
387=,Madeline,9
387=,Maiya,9
387=,Marissa,9
387=,Rhona,9
387=,Robin,9
387=,Sasha,9
387=,Teagan,9
413=,Abbi,8
413=,Alanna,8
413=,Alannah,8
413=,Alina,8
413=,Aliya,8
413=,Ana,8
413=,Anastasia,8
413=,Angela,8
413=,Blanka,8
413=,Brodie,8
413=,Caragh,8
413=,Catriona,8
413=,Dakota,8
413=,Elisabeth,8
413=,Elspeth,8
413=,Fearne,8
413=,Gabriela,8
413=,Jamie-Lee,8
413=,Josephine,8
413=,Karly,8
413=,Kerys,8
413=,Lauryn,8
413=,Mara,8
413=,Mariam,8
413=,Milena,8
413=,Murren,8
413=,Myah,8
413=,Mylah,8
413=,Noor,8
413=,Paris,8
413=,Piper,8
413=,Tara,8
413=,Tess,8
413=,Tessa,8
413=,Vanessa,8
413=,Yvie,8
449=,Ailish,7
449=,Aimee-Leigh,7
449=,Aiza,7
449=,Ameera,7
449=,Amirah,7
449=,Beatrice,7
449=,Brianna,7
449=,Carrie,7
449=,Chanelle,7
449=,Constance,7
449=,Eliana,7
449=,Ellen,7
449=,Elodie,7
449=,Emaan,7
449=,Emelie,7
449=,Esmae,7
449=,Farah,7
449=,Gabrielle,7
449=,Izabella,7
449=,Kasey,7
449=,Keeley,7
449=,Kiana,7
449=,Klara,7
449=,Kornelia,7
449=,Laci,7
449=,Lilianna,7
449=,Lillian,7
449=,Lily-Rose,7
449=,Lisa,7
449=,Livia,7
449=,Luci,7
449=,Lylah,7
449=,Mae,7
449=,Maeve,7
449=,Maizie,7
449=,Meadow,7
449=,Merida,7
449=,Miah,7
449=,Mirryn,7
449=,Neive,7
449=,Nevaeh,7
449=,Nia,7
449=,Norah,7
449=,Pola,7
449=,Raegan,7
449=,Riley,7
449=,Roxanne,7
449=,Saoirse,7
449=,Susanna,7
449=,Susannah,7
449=,Sylvia,7
449=,Tamzin,7
449=,Teegan,7
449=,Tianna,7
449=,Tiegan,7
449=,Tulisa,7
449=,Weronika,7
506=,Adrianna,6
506=,Alyssia,6
506=,Amalie,6
506=,Amaya,6
506=,Amelia-Rose,6
506=,Amina,6
506=,Amna,6
506=,Aubree,6
506=,Aurelia,6
506=,Ava-Rose,6
506=,Ayana,6
506=,Baillie,6
506=,Blythe,6
506=,Breagha,6
506=,Carley,6
506=,Delilah,6
506=,Destiny,6
506=,Ellie-May,6
506=,Elyse,6
506=,Erika,6
506=,Felicity,6
506=,Fia,6
506=,Gemma,6
506=,Hafsa,6
506=,Hailie,6
506=,Harlow,6
506=,Helen,6
506=,Inayah,6
506=,Ines,6
506=,Jane,6
506=,Joy,6
506=,Kailyn,6
506=,Kaira,6
506=,Kallie,6
506=,Katrina,6
506=,Kaya,6
506=,Kaylah,6
506=,Kendal,6
506=,Kenzi,6
506=,Khadija,6
506=,Laylah,6
506=,Lexi-Rose,6
506=,Lily-May,6
506=,Luisa,6
506=,Maisey,6
506=,Martyna,6
506=,Milla,6
506=,Minnie,6
506=,Myley,6
506=,Oona,6
506=,Pippa,6
506=,Renee,6
506=,Rosalie,6
506=,Scarlet,6
506=,Stevie,6
506=,Tamara,6
506=,Vaila,6
506=,Valentina,6
564=,Alayna,5
564=,Aleisha,5
564=,Alivia,5
564=,Aliza,5
564=,Amanda,5
564=,Amie,5
564=,Angelina,5
564=,Ann,5
564=,Aroush,5
564=,Asha,5
564=,Aylah,5
564=,Betsy,5
564=,Blaire,5
564=,Bridget,5
564=,Cameron,5
564=,Caris,5
564=,Caroline,5
564=,Claire,5
564=,Coco,5
564=,Danica,5
564=,Daniella,5
564=,Derryn,5
564=,Diana,5
564=,Edie,5
564=,Eilish,5
564=,Emme,5
564=,Emmi,5
564=,Eshal,5
564=,Freyah,5
564=,Halima,5
564=,Hayden,5
564=,Inaya,5
564=,Indiana,5
564=,Ingrid,5
564=,Iqra,5
564=,Isha,5
564=,Isobella,5
564=,Jagoda,5
564=,Jamie,5
564=,Jannat,5
564=,Jasmin,5
564=,Kailah,5
564=,Kali,5
564=,Kari,5
564=,Karina,5
564=,Karla,5
564=,Karli,5
564=,Kathryn,5
564=,Kaycee,5
564=,Kelly,5
564=,Kelsie,5
564=,Keris,5
564=,Kianna,5
564=,Kimberley,5
564=,Kira,5
564=,Kirsten,5
564=,Lacy,5
564=,Laiba,5
564=,Laya,5
564=,Lea,5
564=,Lilia,5
564=,Lilly-Mae,5
564=,Mairead,5
564=,Marlie,5
564=,Meghan,5
564=,Melanie,5
564=,Michaela,5
564=,Miya,5
564=,Murrin,5
564=,Nancy,5
564=,Nell,5
564=,Nyah,5
564=,Nyla,5
564=,Orlaigh,5
564=,Paighton,5
564=,Patricia,5
564=,Paulina,5
564=,Philippa,5
564=,Reeva,5
564=,Rhiannon,5
564=,Rihanna,5
564=,Romy,5
564=,Roslyn,5
564=,Roza,5
564=,Rubie,5
564=,Ruth,5
564=,Sally,5
564=,Savanna,5
564=,Shreya,5
564=,Sian,5
564=,Sky,5
564=,Skyla,5
564=,Sofie,5
564=,Sonia,5
564=,Teighan,5
564=,Tiffany,5
564=,Veronika,5
564=,Wynter,5
564=,Yi,5
663=,Aanya,4
663=,Aela,4
663=,Aeryn,4
663=,Agnes,4
663=,Aida,4
663=,Aileigh,4
663=,Ailidh,4
663=,Aimie,4
663=,Ainsley,4
663=,Alexia,4
663=,Alia,4
663=,Alishba,4
663=,Allie,4
663=,Alysha,4
663=,Amy-Leigh,4
663=,Anabelle,4
663=,Anayah,4
663=,Andie,4
663=,Andrea,4
663=,Annaliese,4
663=,Aqsa,4
663=,Arisha,4
663=,Aryana,4
663=,Asia,4
663=,Aurla,4
663=,Ava-Leigh,4
663=,Ayat,4
663=,Ayva,4
663=,Bea,4
663=,Bianca,4
663=,Brook,4
663=,Bryony,4
663=,Calli,4
663=,Cayla,4
663=,Celia,4
663=,Chantelle,4
663=,Charis,4
663=,Charleigh,4
663=,Charli,4
663=,Chiara,4
663=,Codie,4
663=,Colette,4
663=,Coral,4
663=,Corra,4
663=,Danika,4
663=,Devyn,4
663=,Diya,4
663=,Elisha,4
663=,Ellie-Louise,4
663=,Emily-Rose,4
663=,Esmee,4
663=,Etta,4
663=,Fallon,4
663=,Frances,4
663=,Genevieve,4
663=,Greta,4
663=,Gwen,4
663=,Hadley,4
663=,Haleema,4
663=,Harleigh,4
663=,Hayleigh,4
663=,Ida,4
663=,Imaan,4
663=,Inaaya,4
663=,Indy,4
663=,Izzy,4
663=,Jean,4
663=,Jorgia,4
663=,Juliana,4
663=,Juno,4
663=,Kaila,4
663=,Kaja,4
663=,Kamryn,4
663=,Karley,4
663=,Karlie,4
663=,Karolina,4
663=,Karys,4
663=,Kassidy,4
663=,Kayci,4
663=,Kaydee,4
663=,Kayley,4
663=,Kaylin,4
663=,Kerris,4
663=,Keziah,4
663=,Kiki,4
663=,Kitty,4
663=,Klaudia,4
663=,Leigha,4
663=,Leya,4
663=,Liana,4
663=,Lilah,4
663=,Lilli,4
663=,Lily-Grace,4
663=,Lina,4
663=,Madisyn,4
663=,Mairi,4
663=,Makayla,4
663=,Malin,4
663=,Mariana,4
663=,Marie,4
663=,Marika,4
663=,Marlena,4
663=,Marli,4
663=,Martina,4
663=,Meg,4
663=,Melisa,4
663=,Mercedes,4
663=,Meredith,4
663=,Mia-Lily,4
663=,Michalina,4
663=,Milana,4
663=,Minahil,4
663=,Mira,4
663=,Miriam,4
663=,Mylie,4
663=,Nela,4
663=,Neva,4
663=,Nikita,4
663=,Nola,4
663=,Nora,4
663=,Nylah,4
663=,Olive,4
663=,Olivia-Rose,4
663=,Paula,4
663=,Rae,4
663=,Raya,4
663=,Rhia,4
663=,Roma,4
663=,Rona,4
663=,Rowen,4
663=,Roxy,4
663=,Rubi,4
663=,Saffron,4
663=,Sandra,4
663=,Sapphire,4
663=,Saskia,4
663=,Selena,4
663=,Siena,4
663=,Skyler,4
663=,Soraya,4
663=,Star,4
663=,Syeda,4
663=,Sylvie,4
663=,Teigan,4
663=,Theadora,4
663=,Una,4
663=,Verity,4
663=,Viktoria,4
663=,Viviana,4
663=,Xin,4
663=,Zahraa,4
663=,Zayna,4
663=,Zoha,4
816=,Aayla,3
816=,Adela,3
816=,Adriana,3
816=,Agata,3
816=,Ahria,3
816=,Ailey,3
816=,Ailie,3
816=,Aiva,3
816=,Aiyla,3
816=,Aizah,3
816=,Ajwa,3
816=,Akira,3
816=,Alaina,3
816=,Aleah,3
816=,Aleeza,3
816=,Alexandria,3
816=,Alexina,3
816=,Alisa,3
816=,Alyth,3
816=,Amalia,3
816=,Amara,3
816=,Ameilia,3
816=,Amelia-Jane,3
816=,Amelia-Lily,3
816=,Anais,3
816=,Ania,3
816=,Aniela,3
816=,Anita,3
816=,Ariane,3
816=,Ariya,3
816=,Asiya,3
816=,Aubrey,3
816=,Audrey,3
816=,Ava-Grace,3
816=,Ava-Jane,3
816=,Ava-Louise,3
816=,Avalon,3
816=,Avery,3
816=,Ayra,3
816=,Baylee,3
816=,Bethan,3
816=,Blair,3
816=,Bree,3
816=,Bronwyn,3
816=,Calla,3
816=,Carina,3
816=,Cassandra,3
816=,Cassidy,3
816=,Ceitidh,3
816=,Chrissie,3
816=,Christie,3
816=,Christine,3
816=,Clementine,3
816=,Cloe,3
816=,Corrie,3
816=,Danni,3
816=,Dara,3
816=,Davina,3
816=,Demi-Lee,3
816=,Derri,3
816=,Diamond,3
816=,Dionne,3
816=,Dixie,3
816=,Drew,3
816=,Effie,3
816=,Eirinn,3
816=,Ela,3
816=,Elana,3
816=,Elin,3
816=,Elina,3
816=,Elissa,3
816=,Ella-Marie,3
816=,Elliott,3
816=,Elsbeth,3
816=,Elyssa,3
816=,Ember,3
816=,Emili,3
816=,Emma-Leigh,3
816=,Emmeline,3
816=,Eubha,3
816=,Evie-Rose,3
816=,Ezme,3
816=,Fallyn,3
816=,Fatimah,3
816=,Fatoumata,3
816=,Frayah,3
816=,Giorgia,3
816=,Giulia,3
816=,Gloria,3
816=,Harlo,3
816=,Harper-Rose,3
816=,Honour,3
816=,Huda,3
816=,Iga,3
816=,Iliana,3
816=,Iman,3
816=,Inioluwa,3
816=,Ishbel,3
816=,Izabela,3
816=,Jaida,3
816=,Jaime,3
816=,Jayden,3
816=,Jemima,3
816=,Joan,3
816=,Jocelyn,3
816=,Jorgi,3
816=,Julie,3
816=,Kacey-Leigh,3
816=,Kaci-Leigh,3
816=,Kaela,3
816=,Kaelyn,3
816=,Kaiya,3
816=,Karen,3
816=,Kasey-Leigh,3
816=,Kathleen,3
816=,Kaydence,3
816=,Kaydi,3
816=,Keavy,3
816=,Keevie,3
816=,Keren,3
816=,Kerry,3
816=,Khadijah,3
816=,Kiannah,3
816=,Kirstie,3
816=,Kristin,3
816=,Kristina,3
816=,Kya,3
816=,Kylah,3
816=,Lailah,3
816=,Laycee,3
816=,Layna,3
816=,Leanne,3
816=,Lexii,3
816=,Libbi,3
816=,Lilley,3
816=,Lilliana,3
816=,Lilly-Anne,3
816=,Lilly-May,3
816=,Lily-Jo,3
816=,Linda,3
816=,Lorena,3
816=,Lorna,3
816=,Lotta,3
816=,Lujain,3
816=,Maddie,3
816=,Maddy,3
816=,Magdalena,3
816=,Maham,3
816=,Marion,3
816=,Marisa,3
816=,Marsaili,3
816=,May,3
816=,Meah,3
816=,Menaal,3
816=,Mia-Rose,3
816=,Mikayla,3
816=,Milli,3
816=,Millicent,3
816=,Mirin,3
816=,Mylee,3
816=,Myra,3
816=,Nahla,3
816=,Nel,3
816=,Nikki,3
816=,Niya,3
816=,Orlah,3
816=,Pearl,3
816=,Perri,3
816=,Pixie,3
816=,Poppi,3
816=,Poppie,3
816=,Pyper,3
816=,Reem,3
816=,Rita,3
816=,River,3
816=,Romey,3
816=,Rozalia,3
816=,Ruby-Mae,3
816=,Saara,3
816=,Safa,3
816=,Samara,3
816=,Simran,3
816=,Sunny,3
816=,Sydney,3
816=,Taliah,3
816=,Theia,3
816=,Theodora,3
816=,Theresa,3
816=,Toni,3
816=,Tyla,3
816=,Tyler,3
816=,Vasilisa,3
816=,Winnie,3
816=,Yana,3
816=,Yu,3
816=,Zaara,3
816=,Zarah,3
1013=,Aadya,2
1013=,Aaima,2
1013=,Aamina,2
1013=,Aaminah,2
1013=,Aasiyah,2
1013=,Abigail-Rose,2
1013=,Abigayle,2
1013=,Aiesha,2
1013=,Aiman,2
1013=,Aimee-Louise,2
1013=,Aine,2
1013=,Aishwarya,2
1013=,Aisling,2
1013=,Alayah,2
1013=,Albany,2
1013=,Alecia,2
1013=,Aleeya,2
1013=,Aleeyah,2
1013=,Aleigha,2
1013=,Alexx,2
1013=,Ali,2
1013=,Alison,2
1013=,Allana,2
1013=,Allegra,2
1013=,Alma,2
1013=,Althea,2
1013=,Alys,2
1013=,Alyx,2
1013=,Amber-Rose,2
1013=,Ameila,2
1013=,Amelia-Lee,2
1013=,Amera,2
1013=,Ami,2
1013=,Amilia,2
1013=,Aminah,2
1013=,Amity,2
1013=,Amy-Lee,2
1013=,Amy-Louise,2
1013=,Amy-Rose,2
1013=,Anaaya,2
1013=,Anah,2
1013=,Ananya,2
1013=,Anastacia,2
1013=,Andi,2
1013=,Angelica,2
1013=,Angelika,2
1013=,Angeline,2
1013=,Anika,2
1013=,Anisa,2
1013=,Anneliese,2
1013=,Annelise,2
1013=,Antonina,2
1013=,Anusha,2
1013=,Aoibheann,2
1013=,Apolonia,2
1013=,Ara,2
1013=,Arfa,2
1013=,Ariannah,2
1013=,Ariella,2
1013=,Arin,2
1013=,Arina,2
1013=,Arissa,2
1013=,Aroosh,2
1013=,Arriana,2
1013=,Artemis,2
1013=,Arwyn,2
1013=,Aryia,2
1013=,Ashtyn,2
1013=,Asmara,2
1013=,Atlanta,2
1013=,Ava-Mae,2
1013=,Ayah,2
1013=,Aylar,2
1013=,Ayleigh,2
1013=,Azalea,2
1013=,Azizah,2
1013=,Azra,2
1013=,Beatriz,2
1013=,Betty,2
1013=,Beulah,2
1013=,Blayre,2
1013=,Bobbie,2
1013=,Bria,2
1013=,Briannah,2
1013=,Brigid,2
1013=,Brody,2
1013=,Bronte,2
1013=,Cadence,2
1013=,Cailah,2
1013=,Cailyn,2
1013=,Caitie,2
1013=,Caleigh,2
1013=,Caley,2
1013=,Calleigh,2
1013=,Camilla,2
1013=,Camille,2
1013=,Camryn,2
1013=,Carey,2
1013=,Carli,2
1013=,Casey-Leigh,2
1013=,Casey-Rose,2
1013=,Cassia,2
1013=,Cate,2
1013=,Caysie,2
1013=,Ceit,2
1013=,Charley-Rose,2
1013=,Charly,2
1013=,Chelsea-Leigh,2
1013=,Chen,2
1013=,Cheyenne,2
1013=,Chinemerem,2
1013=,Chloe-Louise,2
1013=,Chloe-Rose,2
1013=,Cici,2
1013=,Clare,2
1013=,Clemence,2
1013=,Corrah,2
1013=,Corrin,2
1013=,Cynthia,2
1013=,D'arcy,2
1013=,Daisie,2
1013=,Dana,2
1013=,Daphne,2
1013=,Darbi,2
1013=,Daria,2
1013=,Darla,2
1013=,Dawn,2
1013=,Delight,2
1013=,Deni,2
1013=,Denise,2
1013=,Deri,2
1013=,Dina,2
1013=,Dior,2
1013=,Dora,2
1013=,Dua,2
1013=,Eda,2
1013=,Eiliyah,2
1013=,Eimear,2
1013=,Ekaterina,2
1013=,Elaina,2
1013=,Elaine,2
1013=,Eleri,2
1013=,Elisa,2
1013=,Elisia,2
1013=,Elisse,2
1013=,Ella-Grace,2
1013=,Ella-Mae,2
1013=,Ellah,2
1013=,Ellie-Marie,2
1013=,Ellie-Rose,2
1013=,Elliette,2
1013=,Ellisa,2
1013=,Ellise,2
1013=,Ellyn,2
1013=,Elysia,2
1013=,Eman,2
1013=,Emeliah,2
1013=,Emeline,2
1013=,Emilie-Rose,2
1013=,Emilly,2
1013=,Emily-Jane,2
1013=,Emily-Louise,2
1013=,Emma-Louise,2
1013=,Emmanuella,2
1013=,Emmerson,2
1013=,Enya,2
1013=,Erynn,2
1013=,Estelle,2
1013=,Eva-Lee,2
1013=,Eva-Louise,2
1013=,Eva-May,2
1013=,Eva-Rose,2
1013=,Evanna,2
1013=,Evelina,2
1013=,Ever,2
1013=,Evi,2
1013=,Evie-Mae,2
1013=,Farryn,2
1013=,Fatim,2
1013=,Fayth,2
1013=,Fiadh,2
1013=,Floraidh,2
1013=,Fraya,2
1013=,Freja,2
1013=,Frida,2
1013=,Gabriele,2
1013=,Georgia-Rose,2
1013=,Georgiana,2
1013=,Gia,2
1013=,Gillian,2
1013=,Gina,2
1013=,Goda,2
1013=,Goodness,2
1013=,Greer,2
1013=,Hadia,2
1013=,Hadiyah,2
1013=,Haley,2
1013=,Hania,2
1013=,Haniya,2
1013=,Harleen,2
1013=,Harlie,2
1013=,Harriett,2
1013=,Hawwa,2
1013=,Helin,2
1013=,Hermione,2
1013=,Hibba,2
1013=,Hibbah,2
1013=,Hira,2
1013=,Hui,2
1013=,Huma,2
1013=,Ibukunoluwa,2
1013=,Ilaria,2
1013=,Imani,2
1013=,Inaayah,2
1013=,Indi-Rose,2
1013=,Isolde,2
1013=,Italia,2
1013=,Iyla,2
1013=,Jacqueline,2
1013=,Jaimee,2
1013=,Jaimie,2
1013=,Jamie-Leigh,2
1013=,Jamielee,2
1013=,Jamieleigh,2
1013=,Jana,2
1013=,Jasmina,2
1013=,Javeria,2
1013=,Jaya,2
1013=,Jayde,2
1013=,Jeanie,2
1013=,Jeannie,2
1013=,Jemma,2
1013=,Jennah,2
1013=,Jessika,2
1013=,Jing,2
1013=,Joanne,2
1013=,Joely,2
1013=,Joni,2
1013=,Jorga,2
1013=,Jorjie,2
1013=,Joslyn,2
1013=,Jovie,2
1013=,Jude,2
1013=,Julianna,2
1013=,Juwayriyah,2
1013=,Kacee,2
1013=,Kacie-Leigh,2
1013=,Kacy,2
1013=,Kadence,2
1013=,Kai,2
1013=,Kaidence,2
1013=,Kaidey,2
1013=,Karmin,2
1013=,Kasia,2
1013=,Kassandra,2
1013=,Katie-Rose,2
1013=,Kayda,2
1013=,Kaydis,2
1013=,Kaylyn,2
1013=,Kaysha,2
1013=,Keeleigh,2
1013=,Keila,2
1013=,Keira-Leigh,2
1013=,Keita,2
1013=,Keiva,2
1013=,Kelsi,2
1013=,Kendra,2
1013=,Kennedy,2
1013=,Khaleesi,2
1013=,Khali,2
1013=,Kianat,2
1013=,Kieara,2
1013=,Kinga,2
1013=,Kirstin,2
1013=,Kodie,2
1013=,Kody,2
1013=,Konnie,2
1013=,Konstancja,2
1013=,Krista,2
1013=,Krystal,2
1013=,Kyler,2
1013=,Laaibah,2
1013=,Lacey-Ann,2
1013=,Lacey-Anne,2
1013=,Lacey-Mae,2
1013=,Laia,2
1013=,Lamar,2
1013=,Laney,2
1013=,Laragh,2
1013=,Larissa,2
1013=,Laurel,2
1013=,Laycie,2
1013=,Leigh,2
1013=,Leighton,2
1013=,Leiya,2
1013=,Lettie,2
1013=,Levi,2
1013=,Lexis,2
1013=,Liba,2
1013=,Lili,2
1013=,Lillie-Mae,2
1013=,Lilly-Ann,2
1013=,Lilly-Anna,2
1013=,Lilly-Rose,2
1013=,Lily-Ann,2
1013=,Lisamarie,2
1013=,Logan,2
1013=,Lorraine,2
1013=,Lotti,2
1013=,Lowri,2
1013=,Luciana,2
1013=,Lucie-Mae,2
1013=,Lucy-Jo,2
1013=,Mackenzie,2
1013=,Maddi,2
1013=,Maheen,2
1013=,Maici,2
1013=,Maicie,2
1013=,Maimoona,2
1013=,Maira,2
1013=,Malaika,2
1013=,Malak,2
1013=,Maleeha,2
1013=,Malgorzata,2
1013=,Maliha,2
1013=,Malina,2
1013=,Mamie,2
1013=,Manha,2
1013=,Mannat,2
1013=,Marcelina,2
1013=,Marcie,2
1013=,Margot,2
1013=,Marianna,2
1013=,Marianne,2
1013=,Mariya,2
1013=,Marla,2
1013=,Marni,2
1013=,Marsali,2
1013=,Marta,2
1013=,Marwa,2
1013=,Mary-Jane,2
1013=,Mathilda,2
1013=,Matylda,2
1013=,Mayah,2
1013=,Mazie,2
1013=,Mckenzie,2
1013=,Mea,2
1013=,Meabh,2
1013=,Mehr,2
1013=,Mehwish,2
1013=,Meila,2
1013=,Melanija,2
1013=,Mena,2
1013=,Meryem,2
1013=,Mia-Louise,2
1013=,Mikaela,2
1013=,Millie-Ann,2
1013=,Mina,2
1013=,Miranda,2
1013=,Mischa,2
1013=,Misha,2
1013=,Miyla,2
1013=,Molly-Rose,2
1013=,Monica,2
1013=,Monroe,2
1013=,Moya,2
1013=,Murryn,2
1013=,Myleene,2
1013=,Mysha,2
1013=,Nainika,2
1013=,Nala,2
1013=,Nara,2
1013=,Natalya,2
1013=,Naureen,2
1013=,Neeva,2
1013=,Neeve,2
1013=,Neha,2
1013=,Neia,2
1013=,Neiva,2
1013=,Nevada,2
1013=,Niyah,2
1013=,Noa,2
1013=,Noemi,2
1013=,Nova,2
1013=,Nur,2
1013=,Ocean,2
1013=,Odette,2
1013=,Oluwadarasimi,2
1013=,Orin,2
1013=,Pandora,2
1013=,Parker,2
1013=,Patience,2
1013=,Patrycja,2
1013=,Peggy,2
1013=,Pei,2
1013=,Peighton,2
1013=,Perrie,2
1013=,Phoenix,2
1013=,Polly,2
1013=,Portia,2
1013=,Precious,2
1013=,Rafaela,2
1013=,Ramona,2
1013=,Rania,2
1013=,Rea,2
1013=,Rebeka,2
1013=,Reegan,2
1013=,Reese,2
1013=,Regina,2
1013=,Remi,2
1013=,Reyah,2
1013=,Rhian,2
1013=,Rhiann,2
1013=,Rhianna,2
1013=,Riah,2
1013=,Rian,2
1013=,Rio,2
1013=,Riva,2
1013=,Riya,2
1013=,Roisin,2
1013=,Romi,2
1013=,Rosalind,2
1013=,Rosemary,2
1013=,Ruby-May,2
1013=,Ruqayyah,2
1013=,Ryah,2
1013=,Rylee,2
1013=,Ryleigh,2
1013=,Saba,2
1013=,Sabina,2
1013=,Sabine,2
1013=,Sabrina,2
1013=,Safaa,2
1013=,Sahara,2
1013=,Sameerah,2
1013=,Sammi,2
1013=,Sarah-Rose,2
1013=,Scarlett-Rose,2
1013=,Scout,2
1013=,Selina,2
1013=,Seonagh,2
1013=,Serah,2
1013=,Serena,2
1013=,Shakira,2
1013=,Shanade,2
1013=,Shania,2
1013=,Shanzay,2
1013=,Sharon,2
1013=,Shauni,2
1013=,Shay,2
1013=,Sheridan,2
1013=,Shianne,2
1013=,Simone,2
1013=,Siobhan,2
1013=,Sofi,2
1013=,Sofia-Marie,2
1013=,Soha,2
1013=,Sonya,2
1013=,Sophie-Ann,2
1013=,Sophie-Leigh,2
1013=,Sophie-Rose,2
1013=,Sorcha,2
1013=,Stacey,2
1013=,Stevey,2
1013=,Suhana,2
1013=,Susan,2
1013=,Susie,2
1013=,Tallulah,2
1013=,Talya,2
1013=,Tamera,2
1013=,Tammi,2
1013=,Tammy,2
1013=,Tamsyn,2
1013=,Tania,2
1013=,Tanisha,2
1013=,Teja,2
1013=,Temiloluwa,2
1013=,Texas,2
1013=,Thalia,2
1013=,Tiara,2
1013=,Tierney,2
1013=,Tillie,2
1013=,Toluwanimi,2
1013=,Tracy,2
1013=,Trinity,2
1013=,Trixie,2
1013=,Tsvetelina,2
1013=,Twyla,2
1013=,Ursula,2
1013=,Valerie,2
1013=,Vanesa,2
1013=,Vida,2
1013=,Viktorija,2
1013=,Vivian,2
1013=,Waniya,2
1013=,Whitney,2
1013=,Winter,2
1013=,Wren,2
1013=,Xanthe,2
1013=,Yagmur,2
1013=,Yazmin,2
1013=,Yvonne,2
1013=,Zairah,2
1013=,Zana,2
1013=,Zarra,2
1013=,Zaynab,2
1013=,Zhi,2
1013=,Zhiqing,2
1013=,Zi,2
1013=,Zia,2
1013=,Ziva,2
1013=,Zunairah,2
1525=,Aadhya,1
1525=,Aaditri,1
1525=,Aaira,1
1525=,Aaisha,1
1525=,Aala,1
1525=,Aalayha,1
1525=,Aalia,1
1525=,Aalimah,1
1525=,Aaliyah-Jayne,1
1525=,Aalliyah,1
1525=,Aamayah,1
1525=,Aamilah,1
1525=,Aamna,1
1525=,Aankhi,1
1525=,Aaqila,1
1525=,Aariel,1
1525=,Aarika,1
1525=,Aarnavi,1
1525=,Aarohi,1
1525=,Aarya,1
1525=,Aashvi,1
1525=,Aaya,1
1525=,Aayushi,1
1525=,Abaigeal,1
1525=,Abbie-Rose,1
1525=,Abbigail,1
1525=,Abbyanne,1
1525=,Abbygale,1
1525=,Abeera,1
1525=,Abey,1
1525=,Abhigael,1
1525=,Abi-Jade,1
1525=,Abi-Leigh,1
1525=,Abigael,1
1525=,Abigiel,1
1525=,Abiha,1
1525=,Abii,1
1525=,Aby,1
1525=,Abygael,1
1525=,Adah,1
1525=,Adairia,1
1525=,Adalene,1
1525=,Adaline,1
1525=,Adalyn,1
1525=,Adalynn,1
1525=,Adama,1
1525=,Addieson,1
1525=,Addison-Louise,1
1525=,Addyson,1
1525=,Adediwura,1
1525=,Adelaid,1
1525=,Adelaide,1
1525=,Adeleine,1
1525=,Adelia,1
1525=,Adelina,1
1525=,Adeline,1
1525=,Adelya,1
1525=,Aderianna,1
1525=,Aderyn,1
1525=,Adetutu,1
1525=,Adjo,1
1525=,Adna,1
1525=,Adriannah,1
1525=,Adrienne,1
1525=,Ady,1
1525=,Adya,1
1525=,Aeilah,1
1525=,Aelish,1
1525=,Aella,1
1525=,Aelwen,1
1525=,Aena,1
1525=,Aeva,1
1525=,Afia,1
1525=,Afiya,1
1525=,Afrah,1
1525=,Afsa,1
1525=,Aglaya,1
1525=,Agustina,1
1525=,Ahlem,1
1525=,Aibhlin,1
1525=,Aibhlinn,1
1525=,Aichata,1
1525=,Aida-Rose,1
1525=,Aidan,1
1525=,Ailah,1
1525=,Ailbhe,1
1525=,Aileen,1
1525=,Aimee-Grace,1
1525=,Aimee-Lee,1
1525=,Aimee-Rose,1
1525=,Aimeelee,1
1525=,Aimi,1
1525=,Aini,1
1525=,Airdrie,1
1525=,Airis,1
1525=,Airlie,1
1525=,Aisla,1
1525=,Aislinn,1
1525=,Aisosa,1
1525=,Aizehi,1
1525=,Aj,1
1525=,Aja,1
1525=,Akshara,1
1525=,Akshaya,1
1525=,Akuyuma,1
1525=,Akylai,1
1525=,Alaia,1
1525=,Alanah,1
1525=,Alannah-Jaine,1
1525=,Alanoud,1
1525=,Alara,1
1525=,Albi,1
1525=,Aleaha,1
1525=,Aleana,1
1525=,Aleeah,1
1525=,Aleece,1
1525=,Aleema,1
1525=,Aleen,1
1525=,Aleez,1
1525=,Aleia,1
1525=,Alejandra,1
1525=,Aleksja,1
1525=,Alesha-Lily,1
1525=,Aleshia,1
1525=,Alessa,1
1525=,Alessandra,1
1525=,Alessia,1
1525=,Aletheia,1
1525=,Alexa-Jade,1
1525=,Alexi,1
1525=,Aleyna,1
1525=,Aliah,1
1525=,Alianna,1
1525=,Alice-Rose,1
1525=,Alichia,1
1525=,Aliesha,1
1525=,Alina-Mae,1
1525=,Aliona,1
1525=,Alira,1
1525=,Alise,1
1525=,Alissia,1
1525=,Alisya,1
1525=,Aliva,1
1525=,Aliyaah,1
1525=,Alizah,1
1525=,Allanah,1
1525=,Allanis,1
1525=,Alley,1
1525=,Allie-Louise,1
1525=,Allilia,1
1525=,Allyssa,1
1525=,Almina,1
1525=,Alousha,1
1525=,Alteja,1
1525=,Aluinn,1
1525=,Aluna-Rose,1
1525=,Alva,1
1525=,Alvie,1
1525=,Alvina,1
1525=,Aly,1
1525=,Alyce,1
1525=,Alysa,1
1525=,Alysiah,1
1525=,Alyss,1
1525=,Alyssa-Leigh,1
1525=,Alysse,1
1525=,Alyvia,1
1525=,Alyvia-Lilly,1
1525=,Amaal,1
1525=,Amaila,1
1525=,Amaira,1
1525=,Amal,1
1525=,Amalee,1
1525=,Aman,1
1525=,Amandeep,1
1525=,Amanpreet,1
1525=,Amantle,1
1525=,Amarah,1
1525=,Amari,1
1525=,Amarlia,1
1525=,Amarra,1
1525=,Ambar,1
1525=,Amber-Lilly,1
1525=,Amber-Skye,1
1525=,Amberlee,1
1525=,Ameenah,1
1525=,Ameerah,1
1525=,Ameia-Jade,1
1525=,Ameja,1
1525=,Amel,1
1525=,Amelia-Bella,1
1525=,Amelia-Grace,1
1525=,Amelia-Hope,1
1525=,Amelia-Lawrie,1
1525=,Amelia-Leigh,1
1525=,Amelia-Lucy,1
1525=,Amelia-Lynn,1
1525=,Amelia-May,1
1525=,Ameliah,1
1525=,Amelie-Jayne,1
1525=,Amelija,1
1525=,Ameliya,1
1525=,Amellia,1
1525=,Amelliah,1
1525=,Ameya,1
1525=,Ami-Leigh,1
1525=,Amie-Belle,1
1525=,Amieleigh,1
1525=,Amileigh,1
1525=,Amitis,1
1525=,Amiyah-J,1
1525=,Ammarah,1
1525=,Amneet,1
1525=,Amrita,1
1525=,Amukeri,1
1525=,Amy-Grace,1
1525=,Amy-Jane,1
1525=,Amyleigh,1
1525=,Amylynn,1
1525=,An,1
1525=,Ana-Sophia,1
1525=,Anab,1
1525=,Anabella,1
1525=,Anadoo,1
1525=,Anaelechi,1
1525=,Anahi,1
1525=,Anahita,1
1525=,Anaiah,1
1525=,Analiese,1
1525=,Analucia,1
1525=,Anarkali,1
1525=,Anastasija,1
1525=,Anastasiya,1
1525=,Anastassia,1
1525=,Anastazja,1
1525=,Anasuya,1
1525=,Anatswanashe,1
1525=,Anca,1
1525=,Andelka,1
1525=,Andria,1
1525=,Andrinna,1
1525=,Andromeda,1
1525=,Aneesa,1
1525=,Anembom,1
1525=,Angel-Leigh,1
1525=,Angel-Rose,1
1525=,Angela-Rose,1
1525=,Angelea,1
1525=,Angeliki,1
1525=,Angelmarie,1
1525=,Ani,1
1525=,Anica,1
1525=,Anikka,1
1525=,Anisah,1
1525=,Anisha,1
1525=,Anissa,1
1525=,Anjum,1
1525=,Anna-Lee,1
1525=,Anna-Leigh,1
1525=,Anna-Maria,1
1525=,Anna-May,1
1525=,Anna-Rose,1
1525=,Anna-Valentina,1
1525=,Annag,1
1525=,Annalee,1
1525=,Annaleece,1
1525=,Annaleigh,1
1525=,Annalia,1
1525=,Annalice,1
1525=,Annalie,1
1525=,Annalyssa,1
1525=,Annamarie,1
1525=,Annarosa,1
1525=,Annastasia,1
1525=,Annastasia-Beighleigh,1
1525=,Annaya,1
1525=,Anne,1
1525=,Annedy,1
1525=,Annemarie,1
1525=,Anneya,1
1525=,Annie-Mae,1
1525=,Annie-Rose,1
1525=,Annika,1
1525=,Anniyah,1
1525=,Annmiya,1
1525=,Anny,1
1525=,Anoop,1
1525=,Anopa,1
1525=,Anouk,1
1525=,Anoush,1
1525=,Anoushka,1
1525=,Antaliya,1
1525=,Antonette,1
1525=,Antosia,1
1525=,Anum,1
1525=,Anushri,1
1525=,Anvita,1
1525=,Anwen,1
1525=,Aoibhe,1
1525=,Aoibhin,1
1525=,Aonann,1
1525=,Apple,1
1525=,April-Jane,1
1525=,Apryl,1
1525=,Arabell,1
1525=,Arabelle,1
1525=,Aradhna,1
1525=,Arafah,1
1525=,Araina,1
1525=,Aram,1
1525=,Araya,1
1525=,Areeba,1
1525=,Aria-May,1
1525=,Ariabella,1
1525=,Ariah,1
1525=,Ariana-Leigh,1
1525=,Arianne,1
1525=,Arianwen,1
1525=,Ariel,1
1525=,Arielle,1
1525=,Arika,1
1525=,Ariyah,1
1525=,Arla,1
1525=,Armaani,1
1525=,Armani,1
1525=,Armelle,1
1525=,Armndeep,1
1525=,Arohi,1
1525=,Aroosha,1
1525=,Arra,1
1525=,Arrany,1
1525=,Arria,1
1525=,Arrianna,1
1525=,Arrillie,1
1525=,Arrochar,1
1525=,Arryn,1
1525=,Arshpreet,1
1525=,Arulaa,1
1525=,Aryanna,1
1525=,Aryea,1
1525=,Asalah,1
1525=,Aseel,1
1525=,Ash-Leigh,1
1525=,Ashdan,1
1525=,Ashleighann,1
1525=,Ashley-Jo,1
1525=,Ashlynn,1
1525=,Ashlynne,1
1525=,Ashmeet,1
1525=,Asianabasi,1
1525=,Asiyah,1
1525=,Asmah,1
1525=,Asmi,1
1525=,Aspasia,1
1525=,Aster,1
1525=,Aswan,1
1525=,Ateeqeh,1
1525=,Athalia,1
1525=,Athira,1
1525=,Atifa,1
1525=,Attalia,1
1525=,Aubre,1
1525=,Aubyn,1
1525=,August,1
1525=,Aukse,1
1525=,Aurore,1
1525=,Austeja,1
1525=,Autumn-Lucia,1
1525=,Autumn-Rose,1
1525=,Ava-Brooke,1
1525=,Ava-Jai,1
1525=,Ava-Marie,1
1525=,Ava-Poppy,1
1525=,Ava-Rosa,1
1525=,Avah-Rose,1
1525=,Avaleigh,1
1525=,Avalouise,1
1525=,Avana,1
1525=,Aveah,1
1525=,Aven,1
1525=,Avianna,1
1525=,Aviaya,1
1525=,Avigyl,1
1525=,Avneet,1
1525=,Avni,1
1525=,Avonlea,1
1525=,Avrora,1
1525=,Avy,1
1525=,Awa,1
1525=,Awaisa,1
1525=,Aya,1
1525=,Ayaat,1
1525=,Ayana-Noor,1
1525=,Ayanda,1
1525=,Ayezah,1
1525=,Ayiah,1
1525=,Ayishah,1
1525=,Ayleigh-Blue,1
1525=,Aylie,1
1525=,Aylish,1
1525=,Aymun,1
1525=,Aynslie,1
1525=,Ayomide,1
1525=,Ayrah,1
1525=,Ayse,1
1525=,Ayse-Gul,1
1525=,Azari,1
1525=,Azaria,1
1525=,Azeen,1
1525=,Bailei,1
1525=,Baileigh,1
1525=,Bailey-Mae,1
1525=,Baneet,1
1525=,Bani,1
1525=,Bara-Ah,1
1525=,Barbara,1
1525=,Barbara-Anne,1
1525=,Barbora,1
1525=,Bashair,1
1525=,Batul,1
1525=,Bayan,1
1525=,Bayla,1
1525=,Bayleigh,1
1525=,Beatrix,1
1525=,Beaux,1
1525=,Beba,1
1525=,Bebhinn,1
1525=,Becca,1
1525=,Beckett,1
1525=,Becky,1
1525=,Belinay,1
1525=,Belinda,1
1525=,Bell,1
1525=,Bellatrix,1
1525=,Benedikte,1
1525=,Bessie,1
1525=,Bethanie,1
1525=,Bethanny,1
1525=,Bethel,1
1525=,Betsie,1
1525=,Bette,1
1525=,Betti,1
1525=,Bettye,1
1525=,Bhavya,1
1525=,Billie-Ann,1
1525=,Billie-Jean,1
1525=,Billie-Leigh,1
1525=,Billie-Mae,1
1525=,Billiejoe,1
1525=,Billy,1
1525=,Bisma,1
1525=,Bjelle,1
1525=,Blaike,1
1525=,Blaze,1
1525=,Blessing,1
1525=,Blossom,1
1525=,Blyth,1
1525=,Bobbi-Leigh,1
1525=,Bobbie-Leigh,1
1525=,Boma,1
1525=,Bontle,1
1525=,Boroka,1
1525=,Boyana,1
1525=,Braagha,1
1525=,Braelyn,1
1525=,Bramble,1
1525=,Brea,1
1525=,Breesha,1
1525=,Breigha-Mae,1
1525=,Brennah,1
1525=,Briaa,1
1525=,Briar,1
1525=,Briar-Rose,1
1525=,Bridgarisha,1
1525=,Bridgetann,1
1525=,Brigitte,1
1525=,Brihanna,1
1525=,Briley,1
1525=,Brionny,1
1525=,Briony,1
1525=,Briti,1
1525=,Britney,1
1525=,Britta,1
1525=,Brittany,1
1525=,Brodey,1
1525=,Brodi,1
1525=,Bronagh,1
1525=,Brookelyn,1
1525=,Brooklyn-Rose,1
1525=,Brooklynn,1
1525=,Brooklynn-Ann,1
1525=,Brora,1
1525=,Bushra,1
1525=,Cacey,1
1525=,Cacie,1
1525=,Cadha,1
1525=,Cadhla,1
1525=,Caela,1
1525=,Caelyn,1
1525=,Caetlin,1
1525=,Caiann,1
1525=,Caidance,1
1525=,Caidence,1
1525=,Caidi-Lee,1
1525=,Caila,1
1525=,Cailey,1
1525=,Cailin,1
1525=,Caireen,1
1525=,Caitlynn,1
1525=,Caitlynne,1
1525=,Caitriona,1
1525=,Caity,1
1525=,Caladh,1
1525=,Calais,1
1525=,Calaposha,1
1525=,Cali-Rose,1
1525=,Calia,1
1525=,Caliah-Rose,1
1525=,Calie,1
1525=,Calina,1
1525=,Calissa,1
1525=,Calisse,1
1525=,Callai,1
1525=,Calley,1
1525=,Calli-Sophia,1
1525=,Callie-Rose,1
1525=,Calliegh,1
1525=,Calliope,1
1525=,Callista,1
1525=,Cally,1
1525=,Cally-Anne,1
1525=,Cambria,1
1525=,Camila,1
1525=,Cammi,1
1525=,Campbell,1
1525=,Candice,1
1525=,Caoilainn,1
1525=,Caolila-Alba,1
1525=,Cara-Lily,1
1525=,Carah,1
1525=,Caralisa,1
1525=,Carissa,1
1525=,Carleigh,1
1525=,Carlie,1
1525=,Carly-Anne,1
1525=,Carly-Rae,1
1525=,Carly-Rose,1
1525=,Carmyn,1
1525=,Carolanne,1
1525=,Carragh,1
1525=,Carridwyn,1
1525=,Carrie-Ann,1
1525=,Carter,1
1525=,Casey-Lee,1
1525=,Caseyleigh,1
1525=,Casidi,1
1525=,Casie,1
1525=,Casie-Lee,1
1525=,Caspia,1
1525=,Cassey,1
1525=,Cassidy-Rose,1
1525=,Catalina,1
1525=,Catriana,1
1525=,Catrina,1
1525=,Cayden,1
1525=,Caylah,1
1525=,Caylee,1
1525=,Ceara,1
1525=,Cearra,1
1525=,Cece,1
1525=,Cecilia,1
1525=,Cecily,1
1525=,Cecylia,1
1525=,Ceiladh,1
1525=,Ceilidh,1
1525=,Ceilidh-Gabrielle,1
1525=,Ceilidh-Margaret,1
1525=,Ceinwen,1
1525=,Ceira,1
1525=,Celina,1
1525=,Celine,1
1525=,Celiya,1
1525=,Cendall,1
1525=,Cerese,1
1525=,Ceri,1
1525=,Cerin,1
1525=,Chai,1
1525=,Chaise,1
1525=,Chandani,1
1525=,Chanel,1
1525=,Channan,1
1525=,Channing,1
1525=,Charla,1
1525=,Charlae,1
1525=,Charlee,1
1525=,Charleen,1
1525=,Charleigh-Rose,1
1525=,Charlene,1
1525=,Charley-Mae,1
1525=,Charley-Marie,1
1525=,Charleyne,1
1525=,Charlie-Anne,1
1525=,Charlie-May,1
1525=,Charlize,1
1525=,Charlotte-Anne,1
1525=,Charlotte-Dee,1
1525=,Charlotte-Grace,1
1525=,Charlotte-Leigh,1
1525=,Charlotte-Skye,1
1525=,Charlotte-Taylor,1
1525=,Charmaine,1
1525=,Charmeine,1
1525=,Chelsey,1
1525=,Chepi,1
1525=,Cherelle,1
1525=,Cherrie,1
1525=,Cherry,1
1525=,Cheyanne,1
1525=,Chiamanda,1
1525=,Chibunmam,1
1525=,Chidera,1
1525=,Chimamanda,1
1525=,Chimaya,1
1525=,Chimdi,1
1525=,Chinaemerem,1
1525=,Chinonyerem,1
1525=,Chipo,1
1525=,Chisom,1
1525=,Chizara,1
1525=,Chizaram,1
1525=,Chloe-Leigh,1
1525=,Chloe-Mae,1
1525=,Chloe-Mia,1
1525=,Christabel,1
1525=,Christianne,1
1525=,Christie-Joy,1
1525=,Christlia,1
1525=,Christy,1
1525=,Chrystal,1
1525=,Cialla,1
1525=,Ciannah-Lynn,1
1525=,Ciarra,1
1525=,Cienna,1
1525=,Cilia,1
1525=,Cindi,1
1525=,Cindy,1
1525=,Circe,1
1525=,Claude,1
1525=,Claurieli,1
1525=,Clea,1
1525=,Cliodhna,1
1525=,Clodagh,1
1525=,Clooney,1
1525=,Coda,1
1525=,Codi,1
1525=,Codie-Lee,1
1525=,Cody-May,1
1525=,Colby,1
1525=,Colleen,1
1525=,Collette,1
1525=,Comfort,1
1525=,Consuelo,1
1525=,Cooper,1
1525=,Cora-Leigh,1
1525=,Coraline,1
1525=,Cordelia,1
1525=,Cordelle,1
1525=,Corin,1
1525=,Corinna,1
1525=,Corinne,1
1525=,Cornelia,1
1525=,Corra-Linn,1
1525=,Corran,1
1525=,Corri,1
1525=,Corryn,1
1525=,Coryn,1
1525=,Courtney-Anne,1
1525=,Courtny,1
1525=,Cristal,1
1525=,Cristiana,1
1525=,Cristie,1
1525=,Cristina,1
1525=,Cruise,1
1525=,Crystal,1
1525=,Crystal-Rose,1
1525=,Csenge,1
1525=,Cydney,1
1525=,Cyllah,1
1525=,Cyndi,1
1525=,D'arcey,1
1525=,D'arcie,1
1525=,Daania,1
1525=,Dacia,1
1525=,Dagmar,1
1525=,Dagmara,1
1525=,Dahlia,1
1525=,Daiana,1
1525=,Daisy-Lee,1
1525=,Daisybella,1
1525=,Daisymae,1
1525=,Dalidh,1
1525=,Dalila,1
1525=,Daliya,1
1525=,Dallas,1
1525=,Dami,1
1525=,Damilola,1
1525=,Damla,1
1525=,Dani,1
1525=,Dani-Rose,1
1525=,Dania,1
1525=,Danieal,1
1525=,Daniela,1
1525=,Daniella-Liesse,1
1525=,Daniyah,1
1525=,Dannaka,1
1525=,Danniella,1
1525=,Dannii,1
1525=,Dannika,1
1525=,Dannin,1
1525=,Danusia,1
1525=,Danya,1
1525=,Darby,1
1525=,Darci-Lyn,1
1525=,Darcie-Marie,1
1525=,Darcy-Jane,1
1525=,Darcy-May,1
1525=,Darcy-Rose,1
1525=,Dariele,1
1525=,Darragh,1
1525=,Darrah,1
1525=,Darsheen,1
1525=,Darshi,1
1525=,Darsie,1
1525=,Daryl,1
1525=,Dava,1
1525=,Dayli,1
1525=,Dayna,1
1525=,Dea,1
1525=,Dean,1
1525=,Deandra,1
1525=,Debbie,1
1525=,Debora,1
1525=,Deborah,1
1525=,Dee,1
1525=,Deeana,1
1525=,Deepsika,1
1525=,Deetya,1
1525=,Deion,1
1525=,Demah,1
1525=,Demi-Lei,1
1525=,Demi-Louize,1
1525=,Denisa,1
1525=,Denni,1
1525=,Denver,1
1525=,Derry,1
1525=,Derya,1
1525=,Destiney,1
1525=,Devane-Mia,1
1525=,Dexie,1
1525=,Dharci,1
1525=,Dilara,1
1525=,Dillon,1
1525=,Dimitra,1
1525=,Dinara,1
1525=,Dior-Rose,1
1525=,Diorlouise,1
1525=,Dita,1
1525=,Divina,1
1525=,Divine,1
1525=,Diyah,1
1525=,Dobrochna,1
1525=,Domante,1
1525=,Dominica,1
1525=,Dominika,1
1525=,Dominyka,1
1525=,Donna,1
1525=,Dorrit,1
1525=,Dristy,1
1525=,Drooj,1
1525=,Duha,1
1525=,Dulcie,1
1525=,Dumolwakhe,1
1525=,Dura,1
1525=,Durra,1
1525=,Dylahn,1
1525=,Eadaoin,1
1525=,Eadie,1
1525=,Ealasaid,1
1525=,Ebban,1
1525=,Eboney,1
1525=,Ebonyrose,1
1525=,Ebunoluwa,1
1525=,Ecaterina,1
1525=,Ecrin,1
1525=,Edenzoe,1
1525=,Edlyn,1
1525=,Eeshah,1
1525=,Eevie,1
1525=,Eftelya,1
1525=,Ehi,1
1525=,Eila,1
1525=,Eilis,1
1525=,Eimaan,1
1525=,Eimile,1
1525=,Eiona,1
1525=,Eire,1
1525=,Eireanne,1
1525=,Eirica,1
1525=,Eiva-Mae,1
1525=,Eivina,1
1525=,Eiza,1
1525=,Elaaf,1
1525=,Eladija,1
1525=,Elaf,1
1525=,Elanor,1
1525=,Elanur,1
1525=,Eleah,1
1525=,Eleana,1
1525=,Eleen,1
1525=,Elektra,1
1525=,Elen,1
1525=,Eleni,1
1525=,Elenna,1
1525=,Elesi,1
1525=,Elexis,1
1525=,Elexus,1
1525=,Elgin,1
1525=,Elia,1
1525=,Elianeth,1
1525=,Elianna,1
1525=,Elias,1
1525=,Elicia,1
1525=,Elidgh,1
1525=,Elidh,1
1525=,Elie-Mai,1
1525=,Elinor,1
1525=,Eliot-Elise,1
1525=,Elisiah,1
1525=,Eliz,1
1525=,Eliza-Jane,1
1525=,Elizabete,1
1525=,Elizabeth-May,1
1525=,Elizabeth-Rose,1
1525=,Elizah,1
1525=,Elizaveta,1
1525=,Elkie,1
1525=,Ella-Jae,1
1525=,Ella-Jane,1
1525=,Ella-Leigh,1
1525=,Ella-Lilly,1
1525=,Ella-Louise,1
1525=,Ella-Mai,1
1525=,Ella-May,1
1525=,Ella-Raye,1
1525=,Ellagrace,1
1525=,Ellah-Mae,1
1525=,Ellahleigh,1
1525=,Ellamae,1
1525=,Ellamary,1
1525=,Ellamay,1
1525=,Ellanor,1
1525=,Elle-Jai,1
1525=,Elle-May,1
1525=,Ellena,1
1525=,Ellessa,1
1525=,Elli,1
1525=,Elli'may,1
1525=,Elli-Jane,1
1525=,Ellia,1
1525=,Elliana,1
1525=,Elliarna,1
1525=,Ellice,1
1525=,Ellicia,1
1525=,Ellida,1
1525=,Ellie-Anna,1
1525=,Ellie-Brooke,1
1525=,Ellie-Jai,1
1525=,Ellie-Jane,1
1525=,Ellie-Jo,1
1525=,Ellie-Joe,1
1525=,Ellie-Summer,1
1525=,Elliemarie,1
1525=,Elliot,1
1525=,Ellis-Ann,1
1525=,Ellisha,1
1525=,Ellissa,1
1525=,Ellsa,1
1525=,Elly,1
1525=,Elly-Jane,1
1525=,Ellyse,1
1525=,Ellyssa,1
1525=,Ellysse,1
1525=,Elmae,1
1525=,Eloisa,1
1525=,Elseanne,1
1525=,Elsi,1
1525=,Elsie-Rose,1
1525=,Elska,1
1525=,Elva,1
1525=,Elvi,1
1525=,Elvie,1
1525=,Elvira,1
1525=,Elyssa-Beth,1
1525=,Elza,1
1525=,Ema,1
1525=,Emaline,1
1525=,Emaya,1
1525=,Emelia-Crishan,1
1525=,Emelia-Lily,1
1525=,Emelia-Rose,1
1525=,Emellie,1
1525=,Emerald,1
1525=,Emerelle,1
1525=,Emey,1
1525=,Emi-Grace,1
1525=,Emi-Lee,1
1525=,Emie,1
1525=,Emile,1
1525=,Emilee,1
1525=,Emileigh,1
1525=,Emileigh-Rose,1
1525=,Emilija,1
1525=,Emiliya,1
1525=,Emillie-Sue,1
1525=,Emily-Joan,1
1525=,Emily-Lee,1
1525=,Emily-Mae,1
1525=,Emily-Rae,1
1525=,Emma-Jane,1
1525=,Emma-Lee,1
1525=,Emma-Rose,1
1525=,Emmanuela,1
1525=,Emmey,1
1525=,Emmie-Louise,1
1525=,Emmiee-Mai,1
1525=,Emmily,1
1525=,Emory,1
1525=,Emsley,1
1525=,Ena,1
1525=,Enateri,1
1525=,Enaya,1
1525=,Enija-Lote,1
1525=,Eoina,1
1525=,Erin-Grace,1
1525=,Erina,1
1525=,Erinn,1
1525=,Erioluwa,1
1525=,Erleen,1
1525=,Errin,1
1525=,Erryn,1
1525=,Errys,1
1525=,Erum,1
1525=,Eryithsyai,1
1525=,Erykah,1
1525=,Eryna,1
1525=,Eshani,1
1525=,Esma,1
1525=,Esmai,1
1525=,Esmay,1
1525=,Esme-Grace,1
1525=,Esmie-Rose,1
1525=,Esosasere,1
1525=,Esrah,1
1525=,Este,1
1525=,Estera,1
1525=,Estrela,1
1525=,Euna,1
1525=,Eva-Jae,1
1525=,Eva-Leigh,1
1525=,Eva-Mae,1
1525=,Eva-Marie,1
1525=,Evabelle,1
1525=,Evagelia,1
1525=,Evah,1
1525=,Evalyn,1
1525=,Evana,1
1525=,Eve-Isobella,1
1525=,Evere,1
1525=,Everley,1
1525=,Evey,1
1525=,Evianna,1
1525=,Evie-Jane,1
1525=,Evie-Leigh,1
1525=,Evie-Ryan,1
1525=,Evita,1
1525=,Evoleta,1
1525=,Evonie,1
1525=,Ewa,1
1525=,Ezara,1
1525=,Ezel,1
1525=,Ezinne,1
1525=,Fadila,1
1525=,Faiha,1
1525=,Faith-Abella,1
1525=,Faizah,1
1525=,Fajr,1
1525=,Fara,1
1525=,Farha,1
1525=,Farica,1
1525=,Faron,1
1525=,Farrell,1
1525=,Farwa,1
1525=,Faryal,1
1525=,Faryl,1
1525=,Faryn,1
1525=,Fatima-Elena,1
1525=,Fatima-Tuz,1
1525=,Fatimah-Mutmainah,1
1525=,Fatoumatta,1
1525=,Faustyna,1
1525=,Favoured,1
1525=,Fawziyah,1
1525=,Fay,1
1525=,Fayha,1
1525=,Fayme,1
1525=,Fayrouz,1
1525=,Fazilatun,1
1525=,Federica,1
1525=,Felicia,1
1525=,Felicity-May,1
1525=,Felwah,1
1525=,Fergie-Alexis,1
1525=,Feryal,1
1525=,Feyza,1
1525=,Ffion,1
1525=,Fia-Louise,1
1525=,Filza,1
1525=,Finlay,1
1525=,Finleigh,1
1525=,Fionnuala,1
1525=,Fleur,1
1525=,Florrie,1
1525=,Flynn,1
1525=,Fox,1
1525=,Fraia,1
1525=,Frankee,1
1525=,Frankie-Leigh,1
1525=,Frankie-Rose,1
1525=,Frankii,1
1525=,Freia,1
1525=,Freida,1
1525=,Freija,1
1525=,Fremah,1
1525=,Freya-Mae,1
1525=,Freya-Rae,1
1525=,Freyda,1
1525=,Freyja-Lilly,1
1525=,Frieda,1
1525=,Gaia,1
1525=,Gail,1
1525=,Gaukhar,1
1525=,Gaya,1
1525=,Genesia,1
1525=,Geo,1
1525=,Georgi,1
1525=,Georgie-Mae,1
1525=,Ghofran,1
1525=,Giana,1
1525=,Gibson,1
1525=,Gigha,1
1525=,Gigi,1
1525=,Gillie,1
1525=,Gioia,1
1525=,Giselle,1
1525=,Giuliana,1
1525=,Gizelle,1
1525=,Glory,1
1525=,Godwin,1
1525=,Grace-Anne,1
1525=,Grace-Lilly,1
1525=,Gracie-Ann,1
1525=,Gracie-Ellen,1
1525=,Gracie-Jo,1
1525=,Gracie-Mae,1
1525=,Gracie-Mai,1
1525=,Gracie-May,1
1525=,Gracy,1
1525=,Grainne,1
1525=,Grey,1
1525=,Gulalai,1
1525=,Gulianna,1
1525=,Gullaly,1
1525=,Gurleen,1
1525=,Gurmiya,1
1525=,Gurnoor,1
1525=,Gursimran,1
1525=,Guste,1
1525=,Gwendari,1
1525=,Gwendolyn,1
1525=,Gypsy,1
1525=,Haajra,1
1525=,Hadassah,1
1525=,Hadeel,1
1525=,Hadjar,1
1525=,Haidyn,1
1525=,Haifa,1
1525=,Haillie,1
1525=,Hajar,1
1525=,Hajjra,1
1525=,Hajra,1
1525=,Hala,1
1525=,Haleemah,1
1525=,Haleigh,1
1525=,Haleyann,1
1525=,Hali,1
1525=,Halia-Rose,1
1525=,Halimah,1
1525=,Halle-Jai,1
1525=,Halley,1
1525=,Halli,1
1525=,Halliday,1
1525=,Hamayl,1
1525=,Hamna,1
1525=,Hana',1
1525=,Hana-Mae,1
1525=,Hanaan,1
1525=,Hanan,1
1525=,Haneefah,1
1525=,Hanfa,1
1525=,Hanifa,1
1525=,Hannahmaria,1
1525=,Hansika,1
1525=,Hanya,1
1525=,Hareem,1
1525=,Harika,1
1525=,Harini,1
1525=,Harkamal,1
1525=,Harkirat,1
1525=,Harlee,1
1525=,Harli,1
1525=,Harlii,1
1525=,Harlowe,1
1525=,Harper-Elise,1
1525=,Harpreet,1
1525=,Harriette,1
1525=,Harris,1
1525=,Harsirat,1
1525=,Hartley,1
1525=,Hattie,1
1525=,Havana,1
1525=,Hayaa,1
1525=,Hayden-Skye,1
1525=,Haydn,1
1525=,Haylee,1
1525=,Hayley-Rose,1
1525=,Haylie,1
1525=,Heba,1
1525=,Hebe,1
1525=,Hedaya,1
1525=,Hela,1
1525=,Helayna,1
1525=,Helen-Anne,1
1525=,Helga,1
1525=,Hermin,1
1525=,Hessah,1
1525=,Hester,1
1525=,Hettie,1
1525=,Hiba,1
1525=,Hibba-Tul-Jameel,1
1525=,Hilda,1
1525=,Hirah,1
1525=,Hiranur,1
1525=,Hiranya,1
1525=,Ho,1
1525=,Holleigh,1
1525=,Holley,1
1525=,Hollie-Beth,1
1525=,Holly-Mae,1
1525=,Holly-May,1
1525=,Honami,1
1525=,Honey-Grace,1
1525=,Hooriah,1
1525=,Hope-Jeanette,1
1525=,Horiya,1
1525=,Hrishika,1
1525=,Huan,1
1525=,Humaira,1
1525=,Humna,1
1525=,Humnah,1
1525=,Hunter,1
1525=,Hura,1
1525=,Hussna,1
1525=,Ia,1
1525=,Ianthe,1
1525=,Iba,1
1525=,Ieva,1
1525=,Ifechukwu,1
1525=,Ifelola,1
1525=,Ifeoluwa,1
1525=,Ifeoma,1
1525=,Ihla,1
1525=,Ikna,1
1525=,Ikran,1
1525=,Ilaina,1
1525=,Ilgin,1
1525=,Ilinca,1
1525=,Imama,1
1525=,Inaba,1
1525=,Inanna-Maria,1
1525=,Indee,1
1525=,Indi-Blu,1
1525=,India-Rose,1
1525=,Indigo,1
1525=,Indiya,1
1525=,Indyana,1
1525=,Inga,1
1525=,Innayah,1
1525=,Insiya,1
1525=,Io,1
1525=,Ioana,1
1525=,Iola,1
1525=,Ira,1
1525=,Irati,1
1525=,Irene,1
1525=,Isa,1
1525=,Isabella-Rose,1
1525=,Iseabail,1
1525=,Isla-Mae,1
1525=,Isla-Marie,1
1525=,Isla-Rose,1
1525=,Islah,1
1525=,Isobell,1
1525=,Isobelle,1
1525=,Isuara,1
1525=,Isyla,1
1525=,Ita,1
1525=,Itha-Lily,1
1525=,Iva,1
1525=,Ivalo,1
1525=,Ivanah,1
1525=,Ivey,1
1525=,Ivie,1
1525=,Ivy-Grace,1
1525=,Ivy-Lee,1
1525=,Iyaat,1
1525=,Iyana,1
1525=,Iyanuoluwa,1
1525=,Iylie,1
1525=,Iza,1
1525=,Iziebella,1
1525=,Izma,1
1525=,Izzi,1
1525=,J'aimee,1
1525=,Jaazba,1
1525=,Jaden,1
1525=,Jadesola,1
1525=,Jaelah-Rose,1
1525=,Jaemii,1
1525=,Jaiden,1
1525=,Jaimelee,1
1525=,Jaimey,1
1525=,Jaimi-Louise,1
1525=,Jaina,1
1525=,Jaiya,1
1525=,Jamila,1
1525=,Jamilah,1
1525=,Jamirah,1
1525=,Janani,1
1525=,Janemarie,1
1525=,Jannah,1
1525=,Janvi,1
1525=,Jaqueline,1
1525=,Jasemin,1
1525=,Jasminemarie,1
1525=,Jasmyn,1
1525=,Jasnoor,1
1525=,Jassimar,1
1525=,Jawairia,1
1525=,Jay,1
1525=,Jaya-May,1
1525=,Jayden-Leigh,1
1525=,Jaye,1
1525=,Jayla,1
1525=,Jaymee-Leigh,1
1525=,Jaymeleigh,1
1525=,Jaymi,1
1525=,Jayna,1
1525=,Jazlyn,1
1525=,Jazzlene,1
1525=,Jedida,1
1525=,Jelizaveta,1
1525=,Jemimah,1
1525=,Jena,1
1525=,Jeneba,1
1525=,Jenelle,1
1525=,Jenifer,1
1525=,Jenna-Rose,1
1525=,Jennie,1
1525=,Jenny,1
1525=,Jeri,1
1525=,Jerusha,1
1525=,Jesi,1
1525=,Jessica-Eve,1
1525=,Jessica-Hope,1
1525=,Jessica-Lauren,1
1525=,Jessica-Rose,1
1525=,Jessie-Leigh,1
1525=,Jett,1
1525=,Jewel,1
1525=,Jhanvi,1
1525=,Jiayao,1
1525=,Jillian,1
1525=,Jinny,1
1525=,Jinxin,1
1525=,Jiyanna,1
1525=,Jo,1
1525=,Jo-Lee,1
1525=,Joa,1
1525=,Joanna-Jean,1
1525=,Jodi,1
1525=,Joey,1
1525=,Johanna,1
1525=,Johanne,1
1525=,Jojo,1
1525=,Jolin,1
1525=,Joori,1
1525=,Joory,1
1525=,Jordan,1
1525=,Jorden,1
1525=,Jorja-May,1
1525=,Jorja-Rose,1
1525=,Jorji,1
1525=,Josefine,1
1525=,Josiya,1
1525=,Josslyn,1
1525=,Joules,1
1525=,Joyce,1
1525=,Judith,1
1525=,Judy,1
1525=,Jula,1
1525=,Jule,1
1525=,Julia-Rose,1
1525=,Julianne,1
1525=,Julija,1
1525=,Jumana,1
1525=,Junbao,1
1525=,Juniper,1
1525=,Junnut,1
1525=,Junyi,1
1525=,Junying,1
1525=,Justine,1
1525=,Justyna,1
1525=,Juwariyah,1
1525=,Juwayrieh,1
1525=,Kacee-Lee,1
1525=,Kacey-Jay,1
1525=,Kacy-Lee,1
1525=,Kadee,1
1525=,Kadi-Jae,1
1525=,Kady,1
1525=,Kadyleigh,1
1525=,Kaedie,1
1525=,Kaelah,1
1525=,Kaelin,1
1525=,Kaesyn,1
1525=,Kahlan,1
1525=,Kahli,1
1525=,Kaia,1
1525=,Kaicee,1
1525=,Kaicee-May,1
1525=,Kaidie,1
1525=,Kaidy,1
1525=,Kaihla,1
1525=,Kailey,1
1525=,Kailie,1
1525=,Kainaat,1
1525=,Kairah,1
1525=,Kairi,1
1525=,Kairra-May,1
1525=,Kaisey,1
1525=,Kait,1
1525=,Kaitlynn,1
1525=,Kaitlynne-Grace,1
1525=,Kaiyah,1
1525=,Kalei,1
1525=,Kaleigh,1
1525=,Kaleigha,1
1525=,Kaleisha,1
1525=,Kalia,1
1525=,Kalina,1
1525=,Kalishah,1
1525=,Kalli,1
1525=,Kallie-Allek,1
1525=,Kally,1
1525=,Kalsoom,1
1525=,Kamee,1
1525=,Kamina,1
1525=,Kamsirio,1
1525=,Kamsiriochi,1
1525=,Kamsiyochukwu,1
1525=,Kanana,1
1525=,Kandice,1
1525=,Kaniga,1
1525=,Kao,1
1525=,Kara-Lee,1
1525=,Karanveer,1
1525=,Karenna,1
1525=,Kari-Ann,1
1525=,Kari-Rose,1
1525=,Karima,1
1525=,Karlee,1
1525=,Karleize,1
1525=,Karma,1
1525=,Karmayn,1
1525=,Karol,1
1525=,Karra,1
1525=,Karrah,1
1525=,Karris,1
1525=,Karriz,1
1525=,Kasara,1
1525=,Kasha,1
1525=,Kassey-Leigh,1
1525=,Kassie,1
1525=,Kassii,1
1525=,Kasy,1
1525=,Katarzyna,1
1525=,Katerina,1
1525=,Katharine,1
1525=,Katia,1
1525=,Katie-Jean,1
1525=,Katie-Jill,1
1525=,Katie-Lee,1
1525=,Katie-Lou,1
1525=,Katie-Mae,1
1525=,Katie-Maria,1
1525=,Katie-May,1
1525=,Katie-Morag,1
1525=,Katiya,1
1525=,Katrin,1
1525=,Kausar,1
1525=,Kavya,1
1525=,Kay,1
1525=,Kayah,1
1525=,Kayanah,1
1525=,Kayce-Leigh,1
1525=,Kaycee-Lea,1
1525=,Kaycee-Leigh,1
1525=,Kaycie-Marie,1
1525=,Kaydae,1
1525=,Kayden,1
1525=,Kaydie,1
1525=,Kayla-Ann,1
1525=,Kayla-Jay,1
1525=,Kayla-Lee,1
1525=,Kayla-Louise,1
1525=,Kayla-Mai,1
1525=,Kayla-Marie,1
1525=,Kaylan,1
1525=,Kaylay,1
1525=,Kaylee-Marie,1
1525=,Kaysha-J,1
1525=,Kayti,1
1525=,Kaytlin,1
1525=,Kazi,1
1525=,Kaziah,1
1525=,Kd,1
1525=,Keah,1
1525=,Kealii,1
1525=,Keannah,1
1525=,Keavey,1
1525=,Keavi,1
1525=,Keavie,1
1525=,Keeana,1
1525=,Keeva-Louise,1
1525=,Keevagh,1
1525=,Keevah,1
1525=,Keeya,1
1525=,Keilidh-Ann,1
1525=,Keimee,1
1525=,Keiomei,1
1525=,Keirah,1
1525=,Keisha,1
1525=,Keivah,1
1525=,Kelcie,1
1525=,Kelise,1
1525=,Kellielouise,1
1525=,Kelsea,1
1525=,Kelseigh,1
1525=,Kelsey-Leigh,1
1525=,Kelsi-Leigh,1
1525=,Kelsie-Mae,1
1525=,Kelsie-Mai,1
1525=,Kelyn,1
1525=,Kenadie,1
1525=,Kenedi,1
1525=,Keneolisa,1
1525=,Kenna,1
1525=,Kennidi,1
1525=,Kenyah,1
1525=,Kenyia,1
1525=,Kenzy,1
1525=,Keran,1
1525=,Kerensa,1
1525=,Kerin,1
1525=,Kerlisa-May,1
1525=,Kerrigan,1
1525=,Kerrin,1
1525=,Kerry-Anne,1
1525=,Kerryn,1
1525=,Keryn,1
1525=,Keva,1
1525=,Kexin,1
1525=,Keya,1
1525=,Keyara,1
1525=,Keyarah,1
1525=,Keyra,1
1525=,Kezban,1
1525=,Kezia,1
1525=,Khadeeja,1
1525=,Khadeejah,1
1525=,Khadidja,1
1525=,Khadiga,1
1525=,Khalessi,1
1525=,Khalie,1
1525=,Khalisha,1
1525=,Kharis,1
1525=,Khianna,1
1525=,Khiera,1
1525=,Khloe-Louise,1
1525=,Khyla,1
1525=,Kiah,1
1525=,Kiahra,1
1525=,Kianha,1
1525=,Kiara-Louise,1
1525=,Kiarra,1
1525=,Kiea,1
1525=,Kieana,1
1525=,Kihanna-Leigh,1
1525=,Kikelomo,1
1525=,Kiki-Irene,1
1525=,Kimberley-Leigh,1
1525=,Kimiya,1
1525=,Kimmy,1
1525=,Kinley-May,1
1525=,Kinza,1
1525=,Kiran,1
1525=,Kiranpreet,1
1525=,Kiratveer,1
1525=,Kiren,1
1525=,Kirstyn,1
1525=,Kivleen,1
1525=,Kiya,1
1525=,Kiyah,1
1525=,Kiyla,1
1525=,Kiyomi,1
1525=,Kona,1
1525=,Koplyn,1
1525=,Korinn,1
1525=,Kosar,1
1525=,Kotryna,1
1525=,Krissi,1
1525=,Krissie,1
1525=,Kristen,1
1525=,Kristiana,1
1525=,Kristl,1
1525=,Kruze,1
1525=,Krysta,1
1525=,Krystall,1
1525=,Krystyna,1
1525=,Kseniya,1
1525=,Kulneet,1
1525=,Kushi,1
1525=,Kyan,1
1525=,Kyanna,1
1525=,Kyiana,1
1525=,Kyira,1
1525=,Kylie,1
1525=,Kylie-Marie,1
1525=,Kym,1
1525=,Kynnedi,1
1525=,Kyra-Ann,1
1525=,Kyra-Lily,1
1525=,Kyrah-Jade,1
1525=,Kyrie,1
1525=,Laaiba,1
1525=,Laaieah,1
1525=,Laasya,1
1525=,Lacei,1
1525=,Lacey-Jay,1
1525=,Lacey-Mai,1
1525=,Lacey-Marie,1
1525=,Lacey-Rae,1
1525=,Laceyjane,1
1525=,Lacie-Bailey,1
1525=,Lacie-Mai,1
1525=,Lacy-Mae,1
1525=,Ladebi,1
1525=,Laicie,1
1525=,Laihla,1
1525=,Laila-Rose,1
1525=,Lailaa,1
1525=,Lailaha,1
1525=,Lailha,1
1525=,Laima,1
1525=,Lain,1
1525=,Lainah,1
1525=,Lainaigh,1
1525=,Lainee,1
1525=,Lainey,1
1525=,Lainie,1
1525=,Laiya,1
1525=,Lana-May,1
1525=,Lanah,1
1525=,Lang,1
1525=,Lanieyah,1
1525=,Lannah,1
1525=,Laora,1
1525=,Lara-May,1
1525=,Larah,1
1525=,Larisa,1
1525=,Larrah,1
1525=,Larrisa,1
1525=,Latasha,1
1525=,Latifa,1
1525=,Latina,1
1525=,Laurena,1
1525=,Laurianne,1
1525=,Laurya,1
1525=,Lauryn-Rose,1
1525=,Lavender,1
1525=,Lavleen,1
1525=,Lawrie,1
1525=,Laya-Bailey,1
1525=,Layaan,1
1525=,Layan,1
1525=,Layci,1
1525=,Layla-May,1
1525=,Layla-Rose,1
1525=,Laylaah,1
1525=,Layley,1
1525=,Leah-Louise,1
1525=,Leah-Rose,1
1525=,Leaha,1
1525=,Leandra,1
1525=,Leanna,1
1525=,Leela,1
1525=,Leen,1
1525=,Leenah,1
1525=,Leeya,1
1525=,Leiah,1
1525=,Leigha-Grace,1
1525=,Leighah,1
1525=,Leighanna,1
1525=,Leighla,1
1525=,Leighvi,1
1525=,Leilah,1
1525=,Leior,1
1525=,Leith,1
1525=,Leiva,1
1525=,Leliana,1
1525=,Lemma,1
1525=,Lena-Anne,1
1525=,Leni,1
1525=,Lenke,1
1525=,Lennix,1
1525=,Lennox,1
1525=,Leoni,1
1525=,Lesley-Ann,1
1525=,Letitia,1
1525=,Letizia,1
1525=,Letty,1
1525=,Levii,1
1525=,Lexa,1
1525=,Lexi-Billie,1
1525=,Lexi-Jade,1
1525=,Lexi-Lei,1
1525=,Lexi-Leigh,1
1525=,Lexi-Louise,1
1525=,Lexi-Lyn,1
1525=,Lexi-Mae,1
1525=,Lexi-Melissa,1
1525=,Lexi-Shayne,1
1525=,Lexie-Ann,1
1525=,Lexii-Leigh,1
1525=,Lexii-Rose,1
1525=,Lexus,1
1525=,Lexxi,1
1525=,Lexxi-Marie,1
1525=,Lexxie-Rai,1
1525=,Lexxii,1
1525=,Leyana,1
1525=,Leyanna,1
1525=,Leyla-Louise,1
1525=,Leyton,1
1525=,Liadan,1
1525=,Liadh,1
1525=,Liah,1
1525=,Liannah,1
1525=,Libbie,1
1525=,Libby-Ellen,1
1525=,Liberty,1
1525=,Lidia,1
1525=,Light,1
1525=,Lila-Grace,1
1525=,Lilah-Mai,1
1525=,Lileah,1
1525=,Lilian,1
1525=,Lilias,1
1525=,Lilie,1
1525=,Lilie-Ann,1
1525=,Lilien,1
1525=,Lilith,1
1525=,Lilleh,1
1525=,Lilley-Rose,1
1525=,Lillias,1
1525=,Lillie-Jay,1
1525=,Lillie-Jo,1
1525=,Lillie-May,1
1525=,Lillie-Rose,1
1525=,Lillie-Skye,1
1525=,Lilly-Jane,1
1525=,Lilly-Jayne,1
1525=,Lilly-Joh,1
1525=,Lilly-K,1
1525=,Lilly-Mai,1
1525=,Lilly-Sue,1
1525=,Lillyana,1
1525=,Lillyanne,1
1525=,Lillyrose,1
1525=,Liloh,1
1525=,Lilu,1
1525=,Lily-Alex,1
1525=,Lily-Anna,1
1525=,Lily-Anne,1
1525=,Lily-Elizabeth,1
1525=,Lily-J,1
1525=,Lily-James,1
1525=,Lily-Jess,1
1525=,Lily-Louise,1
1525=,Lily-Mags,1
1525=,Lily-Sophia,1
1525=,Lilyan,1
1525=,Lilyann,1
1525=,Lilyanna,1
1525=,Lilyanna-Rose,1
1525=,Lilybella,1
1525=,Lilymae,1
1525=,Lilymay,1
1525=,Lilyrose,1
1525=,Linda-Frances,1
1525=,Lindsay,1
1525=,Linxuan,1
1525=,Linzi,1
1525=,Lishitha,1
1525=,Lita,1
1525=,Liv,1
1525=,Livvi,1
1525=,Livvy-Mei,1
1525=,Liyah,1
1525=,Liyana,1
1525=,Liz-Ellie,1
1525=,Liza,1
1525=,Lochan,1
1525=,Lochlyn,1
1525=,Loen,1
1525=,Loki,1
1525=,Lola-Grace,1
1525=,Lola-Mae,1
1525=,Lola-Rose,1
1525=,Lolita,1
1525=,London,1
1525=,Loralee,1
1525=,Lorelai,1
1525=,Lorelei,1
1525=,Lori-Ann,1
1525=,Lorina,1
1525=,Losalini,1
1525=,Lottie-Mae,1
1525=,Louie,1
1525=,Louisa-Mae,1
1525=,Lourdes,1
1525=,Loveleen,1
1525=,Lovelle,1
1525=,Lovisa,1
1525=,Lowen,1
1525=,Lowra,1
1525=,Luana,1
1525=,Lucea,1
1525=,Lucee,1
1525=,Luci-Jo,1
1525=,Lucia-Emma,1
1525=,Lucie-Jean,1
1525=,Lucija,1
1525=,Lucille,1
1525=,Lucinda,1
1525=,Lucja,1
1525=,Lucy-Anne,1
1525=,Lucy-Leigh,1
1525=,Lucy-Mae,1
1525=,Lucy-Marie,1
1525=,Lucy-May,1
1525=,Lukrecija,1
1525=,Lullah,1
1525=,Lumin,1
1525=,Luna-Rose,1
1525=,Luntha,1
1525=,Lydia-Nicola,1
1525=,Lyla-Rose,1
1525=,Lylah-Lilly,1
1525=,Lylla,1
1525=,Lynda,1
1525=,Lyndsey,1
1525=,Lynne,1
1525=,Lynsey,1
1525=,Lyric,1
1525=,Lysette,1
1525=,Maab,1
1525=,Maahnoor,1
1525=,Mac,1
1525=,Macey-Leigh,1
1525=,Maci-Lee,1
1525=,Maci-Leigh,1
1525=,Macie-Leigh,1
1525=,Mackela,1
1525=,Macy-Lee,1
1525=,Macy-Marie,1
1525=,Madara,1
1525=,Maddalena,1
1525=,Maddi-Jayne,1
1525=,Maddisyn,1
1525=,Maddisynn,1
1525=,Madinah,1
1525=,Maebh,1
1525=,Maecie,1
1525=,Maezie-Florence,1
1525=,Mafaro,1
1525=,Magenta,1
1525=,Maggie-Lou,1
1525=,Maha,1
1525=,Mahiki,1
1525=,Mahira,1
1525=,Mahnoor,1
1525=,Mahreen,1
1525=,Mahri,1
1525=,Mahtab,1
1525=,Mai,1
1525=,Maia-Jai,1
1525=,Maicey,1
1525=,Maicey-Leigh,1
1525=,Maider,1
1525=,Maija-Storme,1
1525=,Maila,1
1525=,Mailin,1
1525=,Maimouna,1
1525=,Mairi-Louise,1
1525=,Mairin,1
1525=,Maise,1
1525=,Maisee,1
1525=,Maisie-Marie,1
1525=,Maiten,1
1525=,Maiyah,1
1525=,Maizie-Rose,1
1525=,Maizy,1
1525=,Maja-Isobel,1
1525=,Makayla-Makenzie,1
1525=,Makenzie,1
1525=,Malayeka,1
1525=,Maleeya,1
1525=,Maleha,1
1525=,Mali,1
1525=,Malia,1
1525=,Malika,1
1525=,Malikah,1
1525=,Malissa,1
1525=,Mally,1
1525=,Maluije,1
1525=,Malvika,1
1525=,Malvina,1
1525=,Malwina,1
1525=,Manahil,1
1525=,Manal,1
1525=,Manpreet,1
1525=,Manroop,1
1525=,Manseerat,1
1525=,Manuella,1
1525=,Manvi,1
1525=,Manya,1
1525=,Mara-Jade,1
1525=,Maraidh,1
1525=,Marcella,1
1525=,Marcia,1
1525=,Marcy,1
1525=,Marcy-Leigh,1
1525=,Maren,1
1525=,Margaux,1
1525=,Mari,1
1525=,Mari-Anne,1
1525=,Mariah,1
1525=,Mariah-Marie,1
1525=,Mariama,1
1525=,Marieke,1
1525=,Mariel,1
1525=,Mariella,1
1525=,Marilyn-Paige,1
1525=,Marin,1
1525=,Marioara,1
1525=,Mariyah,1
1525=,Mariyam,1
1525=,Marja,1
1525=,Marlay,1
1525=,Marlene,1
1525=,Marley-Rose,1
1525=,Marli-Rose,1
1525=,Marlow,1
1525=,Marnja,1
1525=,Marrlie,1
1525=,Marti,1
1525=,Martine,1
1525=,Marwah,1
1525=,Mary-Beth,1
1525=,Mary-Isabel,1
1525=,Mary-Kate,1
1525=,Mary-Louise,1
1525=,Maryella,1
1525=,Maryisa,1
1525=,Maryjane,1
1525=,Marykate,1
1525=,Masyn,1
1525=,Matilda-Rose,1
1525=,Mattea,1
1525=,Maura,1
1525=,Maureen,1
1525=,Mawada,1
1525=,Max,1
1525=,Maxine,1
1525=,Mayaa,1
1525=,Mayaar,1
1525=,Mayar,1
1525=,Maycee,1
1525=,Mayson,1
1525=,Mayukha,1
1525=,Mayzie,1
1525=,Mazy,1
1525=,Mckayla,1
1525=,Mckenna,1
1525=,Mckenzy-Elise,1
1525=,Meera,1
1525=,Meeral,1
1525=,Megan-Leigh,1
1525=,Meggan,1
1525=,Meghna,1
1525=,Mehad,1
1525=,Meher,1
1525=,Mehjabeen,1
1525=,Mehreen,1
1525=,Mehry,1
1525=,Mei,1
1525=,Meilah,1
1525=,Meiya,1
1525=,Melanie-Rose,1
1525=,Melia,1
1525=,Melina,1
1525=,Melinda,1
1525=,Mellissa,1
1525=,Melodi,1
1525=,Mencia,1
1525=,Mengqi,1
1525=,Mercy,1
1525=,Meriel,1
1525=,Meriem,1
1525=,Merrin,1
1525=,Meryl,1
1525=,Mesaan,1
1525=,Metta,1
1525=,Meya,1
1525=,Meyer,1
1525=,Mhairi-Ann,1
1525=,Mhairi-Anne,1
1525=,Mhari,1
1525=,Mhea,1
1525=,Mhirren,1
1525=,Mi'delle,1
1525=,Mia-Belle,1
1525=,Mia-Hazel,1
1525=,Mia-Jade,1
1525=,Mia-Lilli,1
1525=,Miah-Lea,1
1525=,Miali,1
1525=,Miami,1
1525=,Micaela,1
1525=,Michaela-Anne,1
1525=,Michaelle,1
1525=,Micheel,1
1525=,Michel,1
1525=,Michele,1
1525=,Miela,1
1525=,Mihaela,1
1525=,Mihrimah,1
1525=,Mika,1
1525=,Mikaylah,1
1525=,Mikeala,1
1525=,Mikha,1
1525=,Mila-Rose,1
1525=,Milah,1
1525=,Milan,1
1525=,Milannia,1
1525=,Milee,1
1525=,Miley-Mae,1
1525=,Milinia,1
1525=,Milisa,1
1525=,Milissa,1
1525=,Miller,1
1525=,Milley,1
1525=,Millie-Anne,1
1525=,Millie-Beau,1
1525=,Millie-Grace,1
1525=,Millie-Marie,1
1525=,Millie-Rose,1
1525=,Milliejane,1
1525=,Millierose,1
1525=,Milou,1
1525=,Minhal,1
1525=,Minyue,1
1525=,Mirabella,1
1525=,Mirabelle,1
1525=,Mirah,1
1525=,Miren,1
1525=,Miriama,1
1525=,Mirran,1
1525=,Mithian,1
1525=,Miyah,1
1525=,Miyya,1
1525=,Mljet,1
1525=,Mmesomachi,1
1525=,Modesireoluwa,1
1525=,Moira,1
1525=,Moirin,1
1525=,Mollee-Grace,1
1525=,Molli-Kate,1
1525=,Mollie-Jo,1
1525=,Mollie-Mae,1
1525=,Molly-Jane,1
1525=,Momina,1
1525=,Momolaoluwa,1
1525=,Monai,1
1525=,Monika,1
1525=,Montana,1
1525=,Morag,1
1525=,Morayo,1
1525=,Morayooluwa,1
1525=,Morena,1
1525=,Morgan-Ann,1
1525=,Morgana-Kye,1
1525=,Morna,1
1525=,Morrigan,1
1525=,Morwynn,1
1525=,Mowahib,1
1525=,Moxie,1
1525=,Mubashirah,1
1525=,Mufaro,1
1525=,Mulikah,1
1525=,Mumina,1
1525=,Munachiso,1
1525=,Mung,1
1525=,Muram,1
1525=,Murine,1
1525=,Murran,1
1525=,Muskaan,1
1525=,Muzainah,1
1525=,Mya-Louise,1
1525=,Mya-Rose,1
1525=,Mya-Sophia,1
1525=,Myaa,1
1525=,Myca,1
1525=,Myla-Jane,1
1525=,Myleigh,1
1525=,Mylene,1
1525=,Myli,1
1525=,Mylo,1
1525=,Myrcides,1
1525=,Naa,1
1525=,Nabiha,1
1525=,Nabila,1
1525=,Nabilah,1
1525=,Nada,1
1525=,Nadezhda,1
1525=,Nadine,1
1525=,Nafisa,1
1525=,Nahl,1
1525=,Nahom,1
1525=,Naima,1
1525=,Naimh,1
1525=,Naira,1
1525=,Naiya,1
1525=,Najlaa,1
1525=,Namiah,1
1525=,Namy,1
1525=,Nanna,1
1525=,Naomie,1
1525=,Napassara,1
1525=,Naqeebah,1
1525=,Narcisa,1
1525=,Narjis,1
1525=,Narmin,1
1525=,Natalyia,1
1525=,Natasza,1
1525=,Natazha,1
1525=,Nathaira,1
1525=,Natsumi,1
1525=,Navami,1
1525=,Navanah,1
1525=,Nayana,1
1525=,Nayara,1
1525=,Nayla-Rose,1
1525=,Naz,1
1525=,Nea,1
1525=,Neavah,1
1525=,Neeryaana,1
1525=,Neisha,1
1525=,Neli,1
1525=,Nellicy,1
1525=,Nellie,1
1525=,Nellija,1
1525=,Nerys,1
1525=,Ness,1
1525=,Nessa,1
1525=,Nessamay,1
1525=,Netera,1
1525=,Nevaeh-Faith,1
1525=,Nevaeh-Rose,1
1525=,Neveah,1
1525=,Nezek,1
1525=,Niah,1
1525=,Nica,1
1525=,Nickie,1
1525=,Nicolle,1
1525=,Nieema,1
1525=,Nievah,1
1525=,Nika,1
1525=,Nima,1
1525=,Nimah,1
1525=,Nimisha,1
1525=,Nimrit,1
1525=,Niome,1
1525=,Niomi,1
1525=,Nisha,1
1525=,Nishka,1
1525=,Nissi,1
1525=,Nitya,1
1525=,Niu,1
1525=,Nivaya,1
1525=,Njoba,1
1525=,Nnenna,1
1525=,Nogah,1
1525=,Nokutenda,1
1525=,Nooryasin,1
1525=,Norah-Faye,1
1525=,Novah,1
1525=,Novaleigh-Jane,1
1525=,Nowatah,1
1525=,Nulaith,1
1525=,Nura,1
1525=,Nurjenna,1
1525=,Nyanya,1
1525=,Nyawira,1
1525=,Nyla-J,1
1525=,Nyomi,1
1525=,Oakley,1
1525=,Oaliyah,1
1525=,Oghenekaro,1
1525=,Olah,1
1525=,Olerato,1
1525=,Olga,1
1525=,Olimpia,1
1525=,Olivea,1
1525=,Olivia-Blyberg,1
1525=,Olivia-Jamie,1
1525=,Olivia-Jo,1
1525=,Olivia-Katie,1
1525=,Olivia-May,1
1525=,Oliviajo,1
1525=,Olliea,1
1525=,Oluebubechukwu,1
1525=,Olufeyitamilore,1
1525=,Oluwadara,1
1525=,Oluwafimidara,1
1525=,Oluwafunke,1
1525=,Oluwajomiloju,1
1525=,Oluwamidara,1
1525=,Oluwasemiloore,1
1525=,Oluwasemilore,1
1525=,Oluwaseyi,1
1525=,Oluwateniayo,1
1525=,Oluwatofunmi,1
1525=,Oluwatooni,1
1525=,Oluwatosin,1
1525=,Omaidh,1
1525=,Omotola,1
1525=,Oonagh,1
1525=,Oorlagh,1
1525=,Ophelia,1
1525=,Ora,1
1525=,Oren,1
1525=,Oreoluwa,1
1525=,Orla-May,1
1525=,Orla-Rose,1
1525=,Orlaith-Grace,1
1525=,Orlaith-Rose,1
1525=,Orli,1
1525=,Orlla,1
1525=,Osazeme,1
1525=,Osemen,1
1525=,Ottilia,1
1525=,Otylia,1
1525=,Oyindasola,1
1525=,Oyinkansola,1
1525=,Pagan,1
1525=,Pahi,1
1525=,Paisleigh,1
1525=,Paisley,1
1525=,Palden,1
1525=,Panashe,1
1525=,Panna,1
1525=,Paola,1
1525=,Pari,1
1525=,Paria,1
1525=,Parina,1
1525=,Parishay,1
1525=,Parla,1
1525=,Parneet,1
1525=,Paton,1
1525=,Patula,1
1525=,Payton-Jayde,1
1525=,Pebbles,1
1525=,Pene-Anne,1
1525=,Peniel,1
1525=,Pennie,1
1525=,Penrose,1
1525=,Pepper,1
1525=,Perri-Esme,1
1525=,Perry,1
1525=,Petal,1
1525=,Petra,1
1525=,Phebe,1
1525=,Phera,1
1525=,Phillipa,1
1525=,Philomena,1
1525=,Phoebe-Grace,1
1525=,Phoebe-Marie,1
1525=,Pia,1
1525=,Pinky,1
1525=,Pip,1
1525=,Pirrelli,1
1525=,Pixey,1
1525=,Polyxeni,1
1525=,Poppi-Gem,1
1525=,Poppy-Ann,1
1525=,Poppy-Rose,1
1525=,Porscha,1
1525=,Porsche,1
1525=,Posy,1
1525=,Pradnia,1
1525=,Pranitha,1
1525=,Preet,1
1525=,Preety,1
1525=,Presley,1
1525=,Prestina,1
1525=,Preya,1
1525=,Prielle,1
1525=,Primrose,1
1525=,Princess,1
1525=,Prisha,1
1525=,Priyanshi,1
1525=,Purity,1
1525=,Qezel,1
1525=,Qiyana,1
1525=,Rachel-May,1
1525=,Radhika,1
1525=,Raeya,1
1525=,Rafah,1
1525=,Rafiah,1
1525=,Rah'nya,1
1525=,Raha,1
1525=,Rahaf,1
1525=,Rahima,1
1525=,Railay,1
1525=,Raiyna,1
1525=,Ralitza,1
1525=,Raluca,1
1525=,Ramnik,1
1525=,Rana,1
1525=,Ranxi,1
1525=,Rassigatou,1
1525=,Rateel,1
1525=,Raven,1
1525=,Ravyn,1
1525=,Ravza,1
1525=,Rawa,1
1525=,Rawan,1
1525=,Rayan,1
1525=,Rayn-Amelia,1
1525=,Rayna,1
1525=,Rayne,1
1525=,Reagan,1
1525=,Reagen,1
1525=,Reanne,1
1525=,Rebeccah,1
1525=,Rebekah-Leah,1
1525=,Rebekka,1
1525=,Reel,1
1525=,Reid,1
1525=,Rekarah,1
1525=,Remas,1
1525=,Renata,1
1525=,Renelle,1
1525=,Renzette,1
1525=,Reona,1
1525=,Retaj,1
1525=,Reya,1
1525=,Reyya,1
1525=,Rezija,1
1525=,Rhae,1
1525=,Rheigha,1
1525=,Rhema,1
1525=,Rheya,1
1525=,Rhiannan,1
1525=,Rhianne,1
1525=,Rhiara,1
1525=,Rhoan,1
1525=,Rhoda,1
1525=,Rhowyn,1
1525=,Rhua,1
1525=,Rhun,1
1525=,Rhura,1
1525=,Rhyka,1
1525=,Rhys,1
1525=,Ria-Jaye,1
1525=,Rianna,1
1525=,Rianne,1
1525=,Riches,1
1525=,Rida,1
1525=,Riddhi,1
1525=,Rihann,1
1525=,Rihanne,1
1525=,Rikku,1
1525=,Rilee,1
1525=,Rileigh,1
1525=,Riley-Jo,1
1525=,Rinah,1
1525=,Riven,1
1525=,Riyana,1
1525=,Robby,1
1525=,Robyn-Marie,1
1525=,Rochelle,1
1525=,Rogan,1
1525=,Rohma,1
1525=,Rojin,1
1525=,Roksana,1
1525=,Roman,1
1525=,Romana,1
1525=,Romany,1
1525=,Rome,1
1525=,Romeesa,1
1525=,Romie,1
1525=,Romilly,1
1525=,Romina,1
1525=,Ronalie,1
1525=,Roni,1
1525=,Ronica,1
1525=,Ronni,1
1525=,Ronnie,1
1525=,Ronnie-J,1
1525=,Rosa-Leigh,1
1525=,Rosa-May,1
1525=,Rosalia,1
1525=,Rosamund,1
1525=,Rosana,1
1525=,Rosandra,1
1525=,Rosanna,1
1525=,Rosealea,1
1525=,Rosealie,1
1525=,Roseanna,1
1525=,Rosella,1
1525=,Rosemarie,1
1525=,Rosette,1
1525=,Rosey,1
1525=,Roshan,1
1525=,Rosie-Eliza,1
1525=,Rosie-May,1
1525=,Rossa,1
1525=,Rowena,1
1525=,Roxana,1
1525=,Roxane,1
1525=,Roxi,1
1525=,Roxie,1
1525=,Roxymarie,1
1525=,Rozanna,1
1525=,Ruahan,1
1525=,Ruathy,1
1525=,Ruba,1
1525=,Rubee,1
1525=,Rubey,1
1525=,Rubi-Anne,1
1525=,Rubi-Leigh,1
1525=,Rubii,1
1525=,Rubina,1
1525=,Ruby-Ellis,1
1525=,Ruby-Grace,1
1525=,Ruby-Marie,1
1525=,Ruby-Valentine,1
1525=,Rudeena,1
1525=,Rudi,1
1525=,Ruedi,1
1525=,Rufaro,1
1525=,Rufina,1
1525=,Ruiqi,1
1525=,Rumaisa,1
1525=,Rumaysa,1
1525=,Ruo,1
1525=,Ruqayya,1
1525=,Ruthvi,1
1525=,Ruvimbo,1
1525=,Ruwaida,1
1525=,Ruwayda,1
1525=,Ruyi,1
1525=,Ryleigh-Anne,1
1525=,Ryley,1
1525=,Rylie,1
1525=,Ryonie,1
1525=,Saada,1
1525=,Saaliha,1
1525=,Saanvi,1
1525=,Saarah,1
1525=,Sabeen,1
1525=,Sacha,1
1525=,Sachi,1
1525=,Sachleen,1
1525=,Sadhbh,1
1525=,Sadia,1
1525=,Saffy,1
1525=,Safia,1
1525=,Safina,1
1525=,Safiya,1
1525=,Saga,1
1525=,Sahala,1
1525=,Sahitya,1
1525=,Saieda,1
1525=,Saige,1
1525=,Saiva,1
1525=,Sajida,1
1525=,Sakina,1
1525=,Sakinah,1
1525=,Salam,1
1525=,Salamasina,1
1525=,Saleha,1
1525=,Saliena,1
1525=,Salifyanji,1
1525=,Salomeea,1
1525=,Sama,1
1525=,Samaiera,1
1525=,Samaira,1
1525=,Samanta,1
1525=,Samar,1
1525=,Samarah,1
1525=,Sammy,1
1525=,Samriddhi,1
1525=,Samvrita,1
1525=,Samyuktha,1
1525=,Sana,1
1525=,Sandy,1
1525=,Saniya,1
1525=,Sansa,1
1525=,Santina,1
1525=,Sanvithi,1
1525=,Sanya,1
1525=,Saorise,1
1525=,Saorla,1
1525=,Saorlaith,1
1525=,Saphia,1
1525=,Saphira,1
1525=,Sapna,1
1525=,Sara-Mae,1
1525=,Sarah-Ashleigh,1
1525=,Sarah-Cate,1
1525=,Sarah-Jayne,1
1525=,Sarah-Louise,1
1525=,Sareena,1
1525=,Sari,1
1525=,Saroop,1
1525=,Sasmeka,1
1525=,Satvir,1
1525=,Savanah,1
1525=,Savanna-Marie,1
1525=,Savannah-Louise,1
1525=,Savannah-Rose,1
1525=,Saxe,1
1525=,Saya,1
1525=,Sayeda,1
1525=,Sayuri,1
1525=,Scarlett-Beau,1
1525=,Scarlette,1
1525=,Scarllett,1
1525=,Scotland,1
1525=,Seerat,1
1525=,Seereena,1
1525=,Sehar,1
1525=,Selihom,1
1525=,Selma,1
1525=,Senara,1
1525=,Seonaid,1
1525=,Seraphina,1
1525=,Sereana,1
1525=,Sereice,1
1525=,Serene,1
1525=,Serin,1
1525=,Serina,1
1525=,Serine,1
1525=,Seruwaia,1
1525=,Setayesh,1
1525=,Seva,1
1525=,Severine,1
1525=,Sevinc,1
1525=,Shaania,1
1525=,Shae,1
1525=,Shaelyn-Harper,1
1525=,Shahd,1
1525=,Shaih-Nicole,1
1525=,Shakti,1
1525=,Shalom,1
1525=,Shaneice,1
1525=,Shanelle,1
1525=,Shaner,1
1525=,Shani,1
1525=,Shanice,1
1525=,Shanika,1
1525=,Shaniya,1
1525=,Shanley-Nanna,1
1525=,Shannel,1
1525=,Shanum,1
1525=,Shaula,1
1525=,Shauna,1
1525=,Shavannah,1
1525=,Shawa,1
1525=,Shayann,1
1525=,Shayna,1
1525=,Shazia,1
1525=,Shea,1
1525=,Sheena,1
1525=,Sheila,1
1525=,Shekhinah,1
1525=,Shelby-Leigh,1
1525=,Shelly,1
1525=,Shereena,1
1525=,Sheryl,1
1525=,Shi,1
1525=,Shiann,1
1525=,Shirley-Anne,1
1525=,Shiva,1
1525=,Shonagh,1
1525=,Shonah,1
1525=,Shree,1
1525=,Shrestha,1
1525=,Shristi,1
1525=,Shu,1
1525=,Shyanna,1
1525=,Shyloh,1
1525=,Si,1
1525=,Sia,1
1525=,Siana,1
1525=,Siddiqah,1
1525=,Sienaleigh,1
1525=,Sienna-Grace,1
1525=,Sienna-May,1
1525=,Sienna-Rose,1
1525=,Sierra,1
1525=,Silver,1
1525=,Silvia,1
1525=,Simar,1
1525=,Simarraj,1
1525=,Simina,1
1525=,Simona,1
1525=,Simra,1
1525=,Simreet,1
1525=,Sindija,1
1525=,Siqi,1
1525=,Sirah,1
1525=,Sirana,1
1525=,Siya,1
1525=,Siyona,1
1525=,Skai,1
1525=,Skyann,1
1525=,Skyla-Grace,1
1525=,Skyla-Mae,1
1525=,Skylah,1
1525=,Skylee,1
1525=,Sloan,1
1525=,Sloane,1
1525=,Soffia,1
1525=,Sofia-Louise,1
1525=,Sofia-Mae,1
1525=,Sofia-Rose,1
1525=,Sofianna,1
1525=,Sofija,1
1525=,Sofina,1
1525=,Soleil,1
1525=,Soley,1
1525=,Soliyana,1
1525=,Solveig,1
1525=,Sonja,1
1525=,Sonya-Maria,1
1525=,Sophia-Brooke,1
1525=,Sophia-Gabriella,1
1525=,Sophia-Grace,1
1525=,Sophia-Lily,1
1525=,Sophia-Rena,1
1525=,Sophia-Rose,1
1525=,Sophiajane,1
1525=,Sophie-Anne,1
1525=,Sophie-Ellen,1
1525=,Sophie-Helena,1
1525=,Sophie-Jane,1
1525=,Sophie-Louise,1
1525=,Sophie-Mae,1
1525=,Sophie-May,1
1525=,Sophieleigh,1
1525=,Sophiemarie,1
1525=,Sorrel,1
1525=,Sowayba,1
1525=,Spencer,1
1525=,Sree,1
1525=,Sreshtha,1
1525=,Stacie,1
1525=,Starla,1
1525=,Starling,1
1525=,Starr,1
1525=,Stavriani,1
1525=,Steevie,1
1525=,Stefania,1
1525=,Stefanie,1
1525=,Stevi,1
1525=,Stevie-Lee,1
1525=,Stevie-Leigh,1
1525=,Stevii,1
1525=,Storm,1
1525=,Suaad,1
1525=,Subina,1
1525=,Success,1
1525=,Sue,1
1525=,Sukaynh,1
1525=,Sukhmani,1
1525=,Suki,1
1525=,Sula,1
1525=,Sultana,1
1525=,Sumaiyah,1
1525=,Sumaya,1
1525=,Sumia,1
1525=,Summa,1
1525=,Summaiya,1
1525=,Summaya,1
1525=,Summer-Ette,1
1525=,Summer-Leigh,1
1525=,Summer-Marie,1
1525=,Surabi,1
1525=,Surbani,1
1525=,Survin,1
1525=,Susana,1
1525=,Suzan,1
1525=,Suzannah,1
1525=,Suzanne,1
1525=,Suzy,1
1525=,Sylvan,1
1525=,Tabatha,1
1525=,Taeghan,1
1525=,Tahani,1
1525=,Tahlia,1
1525=,Tahreem,1
1525=,Taiba,1
1525=,Taina,1
1525=,Tait,1
1525=,Taleigha,1
1525=,Taliya,1
1525=,Talli,1
1525=,Tallia,1
1525=,Talulah,1
1525=,Tammy-Grace,1
1525=,Tamzyn,1
1525=,Tanjot,1
1525=,Tanveer,1
1525=,Tanvi,1
1525=,Tanya,1
1525=,Tarannom,1
1525=,Tarn,1
1525=,Taryn,1
1525=,Tashi,1
1525=,Tasneem,1
1525=,Tatheer,1
1525=,Tavga,1
1525=,Tawni,1
1525=,Tayla,1
1525=,Taylah,1
1525=,Taylor-Leigh,1
1525=,Taylor-Rae,1
1525=,Tayyeba,1
1525=,Teagan-Lee,1
1525=,Teal,1
1525=,Teale,1
1525=,Tealoh,1
1525=,Teddie,1
1525=,Teddy,1
1525=,Teegan-Lilly,1
1525=,Tehya,1
1525=,Tejaswini,1
1525=,Temilolaoluwa,1
1525=,Temperance-Lee,1
1525=,Teninlanimi,1
1525=,Tenioluwa,1
1525=,Teodora,1
1525=,Teomi-Leigh,1
1525=,Teresa,1
1525=,Teresa-Bernadette,1
1525=,Teri,1
1525=,Teribafolu,1
1525=,Terri,1
1525=,Theresa-Marie,1
1525=,Thomais,1
1525=,Tia-Rose,1
1525=,Tiah,1
1525=,Tiana-Lily,1
1525=,Tianah,1
1525=,Tiannah,1
1525=,Tiara-Leigh,1
1525=,Tibbie,1
1525=,Tierney-Grace,1
1525=,Tiffany-Elaine,1
1525=,Tiffany-Murren,1
1525=,Tiffini-Louise,1
1525=,Tilda,1
1525=,Tilli,1
1525=,Tillie-May,1
1525=,Tillie-Rose,1
1525=,Tilly-May,1
1525=,Tippi,1
1525=,Tiree,1
1525=,Tiyana,1
1525=,Toleen,1
1525=,Toluwani,1
1525=,Toni-Leigh,1
1525=,Toritsefe,1
1525=,Toshita,1
1525=,Trudie,1
1525=,'True,1
1525=,Tulise,1
1525=,Tuliya,1
1525=,Tvesta,1
1525=,Tylah,1
1525=,Tylar,1
1525=,Tyra,1
1525=,Tyrie-Lee,1
1525=,Ugomsinachi,1
1525=,Umaamah,1
1525=,Umaima,1
1525=,Umaymah,1
1525=,Umemaah,1
1525=,Umm-E-Rumman,1
1525=,Ummaima,1
1525=,Umme,1
1525=,Ummehani,1
1525=,Unaisa,1
1525=,Ushika,1
1525=,Uxia,1
1525=,Uyaiabasi,1
1525=,Uyo,1
1525=,Vania,1
1525=,Vanilla,1
1525=,Vanshika,1
1525=,Varnika,1
1525=,Veda,1
1525=,Veerica,1
1525=,Vera,1
1525=,Veronica-Ann,1
1525=,Vhari,1
1525=,Vicky,1
1525=,Vidura,1
1525=,Vidya,1
1525=,Vilte,1
1525=,Vimbai-Nashe,1
1525=,Violet-Maria,1
1525=,Violet-Noelle,1
1525=,Violeta,1
1525=,Vivien,1
1525=,Vogue,1
1525=,Wadad,1
1525=,Wallis,1
1525=,Wan,1
1525=,Wanessa,1
1525=,Washma,1
1525=,Waverley,1
1525=,Wayna,1
1525=,Wei,1
1525=,Wendy,1
1525=,Werdha,1
1525=,Willo,1
1525=,Willowmena,1
1525=,Winifred,1
1525=,Wumi,1
1525=,Xavyera,1
1525=,Xiang,1
1525=,Xinya,1
1525=,Xiyue,1
1525=,Xuan,1
1525=,Yael,1
1525=,Yahan,1
1525=,Yamur,1
1525=,Yanqi,1
1525=,Yara,1
1525=,Yasemin,1
1525=,Yashfa,1
1525=,Yashna,1
1525=,Yasmen,1
1525=,Yasmina,1
1525=,Yassin,1
1525=,Yezda,1
1525=,Yichen,1
1525=,Yixuan,1
1525=,Yosra,1
1525=,Yu-Chen,1
1525=,Yuan,1
1525=,Yuetong,1
1525=,Yulia,1
1525=,Yusrah,1
1525=,Yutao,1
1525=,Yuvasri,1
1525=,Yuxi,1
1525=,Zaarah,1
1525=,Zaha,1
1525=,Zahira,1
1525=,Zaina,1
1525=,Zainub,1
1525=,Zaira,1
1525=,Zanab,1
1525=,Zara-Mae,1
1525=,Zareen,1
1525=,Zareesha,1
1525=,Zaria,1
1525=,Zarina,1
1525=,Zarish,1
1525=,Zariya,1
1525=,Zarrah,1
1525=,Zaynah,1
1525=,Zaynb,1
1525=,Zaynub,1
1525=,Zeenat,1
1525=,Zeineb,1
1525=,Zelda,1
1525=,Zella,1
1525=,Zen,1
1525=,Zena,1
1525=,Zenab,1
1525=,Zenia,1
1525=,Zenib,1
1525=,Zeynep,1
1525=,Ziana,1
1525=,Zihan,1
1525=,Zilan,1
1525=,Zimal,1
1525=,Zinah,1
1525=,Ziva-Nicole,1
1525=,Zixin,1
1525=,Ziya,1
1525=,Ziyan,1
1525=,Zoey-Rai,1
1525=,Zohra,1
1525=,Zoi,1
1525=,Zola,1
1525=,Zosia,1
1525=,Zoulikha,1
1525=,Zsofia,1
1525=,Zufash,1
1525=,Zulekha,1
1525=,Zulfa,1
1525=,Zuree,1
1525=,Zynah,1
