NAME,count
AARTI,54
ABAGAIL,21
ABBE,14
ABBEY,2764
ABBEYGAIL,56
ABBEYGALE,13
ABBI,1135
ABBIE,16181
ABBIEGAIL,77
ABBIEGALE,14
ABBIE-JO,22
ABBIE-LEIGH,115
ABBIE-LOUISE,59
ABBIE-MAE,42
ABBIE-MAY,36
ABBIE-ROSE,19
ABBIGAIL,551
ABBIGALE,51
ABBIGAYLE,29
ABBY,4473
ABBYGAIL,113
ABBYGALE,12
ABBY-LEIGH,10
ABI,1465
ABIE,25
ABIGAEL,206
ABIGAIL,43219
ABIGAILE,34
ABIGALE,292
ABIGAYLE,283
ABIMBOLA,32
ABIOLA,32
ABIR,25
ABIRAMI,39
ABISOLA,56
ABRIL,7
ABY,22
ABYGAIL,78
ACACIA,383
ADA,6035
ADAEZE,140
ADAMA,114
ADANNA,104
ADARA,70
ADDISON,505
ADEL,56
ADELA,264
ADELAIDE,675
ADELE,1815
ADELIA,8
ADELIE,3
ADELINA,231
ADELINE,247
ADELL,2
ADELLA,18
ADELLE,237
ADENIKE,46
ADEOLA,116
ADERINOLA,1
ADERONKE,16
ADESIRE,1
ADETOKUNBO,1
ADETUTU,7
ADI,87
ADIA,17
ADIBA,178
ADILA,57
ADILAH,26
ADINA,326
ADISA,9
ADITI,367
ADJOA,31
ADNA,120
ADONIA,14
ADRIANA,933
ADRIANE,4
ADRIANNA,434
ADRIANNE,79
ADRIEN,3
ADRIENNE,232
ADVIKA,9
ADWOA,58
AEMILIA,43
AERIN,73
AERITH,1
AESHA,34
AFEEFAH,79
AFIA,259
AFIFA,107
AFIFAH,92
AFIYA,102
AFIYAH,109
AFNAN,153
AFRA,99
AFRAH,87
AFREEN,283
AFRICA,20
AFRIDA,7
AFRIN,58
AFSA,100
AFSANA,340
AFSHA,69
AFSHAH,14
AFSHAN,25
AFSHEEN,86
AFTON,7
AFUA,62
AGATA,289
AGATHA,604
AGGIE,1
AGNES,5802
AGNESA,14
AHLAM,250
AIBHLINN,9
AICHA,262
AIDA,332
AIDAN,15
AIDEEN,26
AIDEN,7
AIESHA,221
AILA,467
AILEEN,132
AILIDH,3
AILIN,1
AILIS,86
AILISE,3
AILISH,321
AILISHA,11
AILSA,553
AIMA,130
AIMAN,159
AIME,81
AIMEE,16025
AIMEE-LEIGH,225
AIMEE-LOUISE,97
AIMEN,116
AIMI,35
AIMIE,304
AIMY,11
AINE,619
AINSLEIGH,7
AINSLEY,54
AISHA,9703
AISHAH,1440
A'ISHAH,80
AISHANI,80
AISHAT,132
AISHIA,16
AISHLING,23
AISHWARYA,138
AISLA,63
AISLIN,42
AISLING,778
AISLINN,182
AISSATOU,14
AISTE,11
AIYANA,250
AIYSHA,245
AIZA,1242
AJA,22
AJI,46
AJUNI,8
AKASHA,65
AKILA,30
AKILAH,62
AKIRA,311
AKISHA,7
AKLIMA,64
AKOSUA,83
AKSA,185
AKSAH,39
AKUA,90
AL,24
ALAA,282
ALABAMA,17
ALAINA,423
ALANA,4234
ALANAH,550
ALANIS,332
ALANNA,1309
ALANNAH,1662
ALANNIS,17
ALANTA,85
ALANTIS,2
ALANYA,182
ALARA,388
ALARNA,299
ALASKA,91
ALAW,261
ALAYA,188
ALAYAH,173
ALAYNA,814
ALBA,817
ALBANY,66
ALBERTA,96
ALBINA,29
ALBIONA,6
ALEA,33
ALEAH,383
ALEASHA,161
ALECIA,232
ALEECE,2
ALEEMA,206
ALEEN,22
ALEENA,3439
ALEESA,33
ALEESHA,918
ALEEZA,1243
ALEIGHA,182
ALEISHA,779
ALEJANDRA,88
ALEKSANDRA,1245
ALENA,359
ALERO,15
ALESHA,2568
ALESHIA,83
ALESI,16
ALESIA,160
ALESSANDRA,415
ALESSI,7
ALESSIA,1026
ALETHEA,197
ALETIA,6
ALEX,2957
ALEXA,3419
ALEXANDRA,19405
ALEXANDREA,69
ALEXANDRIA,1087
ALEXI,122
ALEXIA,3306
ALEXIE,267
ALEXINA,14
ALEXIS,4876
ALEXUS,166
ALEYA,87
ALEYNA,320
ALEYSHA,128
ALFIE,20
ALI,16
ALIA,887
ALIAH,139
ALICA,13
ALICE,49691
ALICEA,20
ALICE-LOUISE,3
ALICE-ROSE,44
ALICIA,11626
ALICJA,1280
ALIDA,7
ALIDIA,3
ALIESHA,249
ALIKA,68
ALIMA,305
ALIMAH,84
ALINA,2094
ALINE,53
ALIS,110
ALISA,739
ALISCIA,12
ALISE,174
ALISHA,13304
ALISHAH,149
ALISHA-MARIE,29
ALISHBA,1209
ALISHIA,276
ALISIA,309
ALISON,10337
ALISSA,853
ALISSIA,426
ALITA,12
ALIVIA,734
ALIX,822
ALIXANDRA,30
ALIYA,1555
ALIYAH,3417
ALIYSHA,30
ALIYYAH,109
ALIZA,1775
ALIZE,40
ALLANA,338
ALLANAH,237
ALLANNA,12
ALLANNAH,59
ALLEGRA,604
ALLESSE,7
ALLI,3
ALLIE,142
ALLISHA,49
ALLISON,138
ALLISSA,6
ALLIYAH,203
ALLY,174
ALLYSHA,48
ALLYSON,38
ALMA,1077
ALMAAS,45
ALMAS,128
ALMIRA,73
ALPHONSA,5
ALTHEA,152
ALVINA,107
ALYA,226
ALYCE,146
ALYCIA,269
ALYISHA,12
ALYS,1086
ALYSA,66
ALYSHA,1292
ALYSHIA,140
ALYSIA,528
ALYSON,51
ALYSSA,4740
ALYSSIA,1048
ALYX,175
ALYXANDRA,15
AMA,163
AMAAL,124
AMAANI,280
AMAARA,119
AMAARAH,94
AMAIA,201
AMAL,842
AMALIA,589
AMALIE,661
AMAN,258
AMANA,251
AMANDA,11092
AMANDEEP,252
AMANDINE,57
AMANI,1259
AMANPREET,220
AMARA,1621
AMARACHI,180
AMARAH,370
AMARDEEP,16
AMARI,200
AMARIS,154
AMARNI,81
AMARPREET,38
AMATULLAH,110
AMAYA,1835
AMBA,298
AMBAH,7
AMBAR,144
AMBER,27234
AMBEREEN,3
AMBER-JADE,45
AMBER-JANE,7
AMBER-JAYNE,3
AMBERLEA,3
AMBER-LEE,4
AMBER-LEIGH,94
AMBERLEY,168
AMBER-LILY,50
AMBER-LOUISE,124
AMBERLY,26
AMBER-MARIE,37
AMBER-ROSE,357
AMBIA,37
AMBIKA,82
AMBRA,31
AMBREEN,135
AMBRIN,37
AMBROSIA,1
AME,15
AMEE,82
AMEENA,494
AMEENAH,169
AMEERA,1270
AMEERAH,548
AMEL,141
AMELIA,65400
AMELIA-GRACE,89
AMELIAH,37
AMELIA-JANE,101
AMELIA-LILLY,34
AMELIA-ROSE,1183
AMELIE,12341
AMELINE,4
AMELIYA,20
AMENA,212
AMENAH,45
AMERA,146
AMETHYST,78
AMEY,35
AMI,792
AMIE,2856
AMIEE,460
AMIE-LOUISE,26
AMIKA,26
AMILAH,149
AMILEE,8
AMILIA,200
AMI-LOUISE,13
AMINA,4591
AMINAH,2184
AMINAT,87
AMINATA,241
AMIRA,3069
AMIRAH,1816
AMISHA,237
AMITY,23
AMIYA,225
AMMA,26
AMMAARAH,401
AMMARA,366
AMMARAH,492
AMMIE,49
AMNA,1409
AMNAH,191
AMORA,8
AMRA,52
AMRAN,70
AMREEN,210
AMREET,71
AMRIN,14
AMRIT,674
AMRITA,614
AMUN,26
AMY,63777
AMY-BETH,8
AMY-JANE,86
AMY-JAYNE,25
AMY-JO,79
AMYLEA,11
AMY-LEA,14
AMYLEE,36
AMY-LEE,102
AMYLEIGH,81
AMY-LEIGH,335
AMY-LOUISE,344
AMY-MAY,65
AMY-ROSE,105
ANA,1834
ANABEL,432
ANABELL,12
ANABELLA,76
ANABELLE,715
ANAH,124
ANAHITA,77
ANAIAH,54
ANAIS,1812
ANAIYA,508
ANALEIGH,8
ANALIESE,7
ANALISA,6
ANALISE,120
ANAM,458
ANAMIKA,55
ANANYA,472
ANASTACIA,52
ANASTASIA,2574
ANASTASIJA,30
ANASTAZIA,38
ANAYA,2363
ANCHAL,5
ANDI,93
ANDIE,168
ANDRADA,7
ANDREA,5338
ANDREIA,94
ANDRIA,27
ANDRIANA,75
ANDRIANNA,19
ANEEKA,289
ANEELA,96
ANEEQA,235
ANEEQAH,22
ANEESA,904
ANEESAH,438
ANEESHA,217
ANEEZA,7
ANEKA,52
ANESHA,50
ANEST,72
ANETA,48
ANEZKA,21
ANFAL,72
ANGE,11
ANGEL,7029
ANGELA,13816
ANGELENA,3
ANGELICA,1124
ANGELIKA,235
ANGELINA,1791
ANGELINE,127
ANGELIQUE,175
ANGELLE,15
ANGEL-ROSE,71
ANGHARAD,883
ANGIE,129
ANH,86
ANIA,349
ANICA,24
ANIELA,243
ANIELLA,15
ANIKA,1502
ANIKE,7
ANILA,103
ANIQA,306
ANIQAH,122
ANISA,2222
ANISAH,876
ANISE,68
ANISHA,1532
ANISHAH,15
ANISSA,178
ANITA,3247
ANIYA,113
ANJA,419
ANJALI,892
ANJANA,71
ANJANI,26
ANJELICA,37
ANJLI,15
ANJOLAOLUWA,153
ANJULI,9
ANJUM,135
ANJUMA,98
ANJUMAN,9
ANKITA,65
ANMOL,226
ANN,18508
ANNA,28268
ANNABEL,8757
ANNABELL,360
ANNABELLA,1349
ANNABELLE,9881
ANNABETH,18
ANNAIS,9
ANNALEA,23
ANNALEE,70
ANNA-LEE,14
ANNALEIGH,81
ANNA-LEIGH,54
ANNALEISE,67
ANNALESE,53
ANNALIE,37
ANNALIESE,411
ANNALISA,150
ANNALISE,1821
ANNALIZE,10
ANNA-LOUISE,117
ANNAM,105
ANNA-MAE,50
ANNAMARIA,59
ANNA-MARIA,166
ANNAMARIE,26
ANNA-MARIE,138
ANNA-MAY,54
ANNA-ROSE,75
ANNASTASIA,56
ANNAYA,71
ANNE,16596
ANNEKA,192
ANNEKE,20
ANNELIE,17
ANNELIESE,291
ANNELISE,239
ANNEMARIE,65
ANNE-MARIE,317
ANNEST,22
ANNETTE,1636
ANNI,123
ANNICE,52
ANNIE,20502
ANNIE-MAE,86
ANNIE-MAY,130
ANNIE-ROSE,127
ANNIKA,620
ANNIS,72
ANNISA,32
ANNISE,1
ANNISHA,13
ANNIYAH,89
ANNMARIE,132
ANN-MARIE,259
ANNUM,26
ANNYA,68
ANOUK,238
ANOUSHA,77
ANOUSHKA,647
ANOUSKA,167
ANSA,79
ANTHEA,97
ANTHONIA,22
ANTIGONE,44
ANTOINETTE,193
ANTONELLA,103
ANTONIA,2994
ANTONIETTA,15
ANTONINA,416
ANU,20
ANUM,459
ANUOLUWAPO,102
ANUSHA,294
ANUSHKA,531
ANVI,33
ANWEN,527
ANWYN,12
ANYA,6416
AOIBH,1
AOIBHE,13
AOIBHEANN,19
AOIBHIN,1
AOIFE,3154
AOIFE-BELLE,3
AOIFFE,3
APHRA,75
APOLLONIA,20
APOLONIA,9
APPHIA,9
APRIL,3480
APRYL,56
AQEELA,29
AQEELAH,33
AQILA,23
AQSA,1382
AQSAH,29
ARABELLA,3306
ARABELLE,27
ARAMINTA,177
ARAYA,33
ARCHANA,47
ARDEN,30
AREEBA,512
AREEJ,207
AREFA,8
ARFA,177
ARIA,1575
ARIADNE,201
ARIAH,32
ARIAN,44
ARIANA,2353
ARIANE,270
ARIANNA,1336
ARIANNE,371
ARIANWEN,90
ARIBA,139
ARIBAH,179
ARIEL,220
ARIELA,23
ARIELE,5
ARIELLA,646
ARIELLE,294
ARIENNE,4
ARIFA,171
ARIFAH,87
ARIJ,41
ARINA,184
ARISHA,375
ARISSA,137
ARIYA,79
ARIZONA,62
ARLA,31
ARLENE,17
ARLINDA,16
ARMANI,338
ARMELA,28
ARNYA,11
AROOB,30
AROOJ,383
AROOSA,145
AROUSA,3
AROUSH,118
ARRABELLA,17
ARRIANNE,8
ARRIELLA,2
ARRIETTY,20
ARTEMIS,160
ARTI,10
ARUB,32
ARUBA,13
ARUSA,17
ARWA,390
ARWEN,606
ARWYN,12
ARYA,1097
ARZOO,171
ARZU,81
ASENA,22
ASFA,3
ASHA,1422
ASHANTI,473
ASHDEN,6
ASHDON,7
ASHER,82
ASHIA,82
ASHIKA,53
ASHLEA,370
ASHLEAH,3
ASHLEE,700
ASHLEEN,71
ASHLEIGH,8481
ASHLEIGH-JADE,3
ASHLEIGH-LOUISE,8
ASHLEIGH-MARIE,11
ASHLEY,2462
ASHLI,34
ASHLIE,183
ASHLIN,45
ASHLING,59
ASHLYN,355
ASHLYNN,50
ASHNA,119
ASHNI,54
ASHTON,334
ASHWINI,54
ASIA,845
ASIMA,35
ASIYA,730
ASIYAH,295
ASLI,80
ASMA,997
ASMAA,447
ASMAH,23
ASMI,4
ASPEN,68
ASRA,117
ASSIA,93
ASTER,11
ASTON,73
ASTRA,30
ASTRID,787
ASUKA,3
ASYA,284
ATALANTA,36
ATALIA,30
ATALYA,19
ATENE,12
ATHEA,28
ATHENA,1177
ATHENE,57
ATHINA,109
ATIA,48
ATIFA,75
ATIKA,96
ATIKAH,32
ATIYA,266
ATIYAH,73
ATIYYAH,51
ATLANTA,615
ATLANTIS,26
ATTIYA,24
AUBREE,84
AUBREY,80
AUBRIE,9
AUDREY,9360
AUDRIE,1
AUGUST,20
AUGUSTA,74
AUGUSTE,34
AURA,112
AURELIA,1058
AURELIE,90
AURIANNA,1
AURIEL,6
AURIELLA,1
AURIKA,1
AURORA,1660
AUTUMN,2858
AVA,30832
AVA-GRACE,135
AVA-LEIGH,54
AVALON,117
AVANGELINE,2
AVANI,437
AVERIL,3
AVERY,187
AVIE,29
AVIGAIL,28
AVIGAYIL,2
AVITA,3
AVITAL,49
AVIVA,23
AVNEET,605
AVNI,303
AVRIL,197
AWEL,73
AWEN,142
AWO,34
AYA,1132
AYAAN,97
AYAH,791
AYALA,67
AYAN,274
AYANA,603
AYANNA,257
AYASHA,21
AYAT,435
AYEESHA,74
AYEISHA,64
AYELET,22
AYESHA,4788
AYESHAH,62
AYESHIA,9
AYISHA,322
AYLA,2435
AYLIN,233
AYLISH,27
AYLISHA,12
AYMAN,151
AYNSLEY,3
AYODELE,6
AYOMIDE,301
AYOMIKUN,40
AYRA,111
AYSE,503
AYSEL,30
AYSENUR,22
AYSHA,1934
AYSHE,19
AYSHIA,22
AYSIA,63
AYUSHI,112
AYZA,28
AZALEA,30
AZARA,39
AZARIA,248
AZIA,7
AZIZA,169
AZIZAH,66
AZMINA,11
AZRA,359
AZRAA,24
BABITA,7
BABY,134
BAHAR,115
BAILA,15
BAILEE,151
BAILEIGH,80
BAILEY,1604
BAILIE,98
BAILLIE,22
BAKHTAWAR,18
BALDEEP,8
BALI,10
BALQIS,13
BAMBI,1
BANA,12
BANITA,28
BANU,3
BARAN,4
BARBARA,21322
BARLEY,3
BASMA,99
BASYA,17
BATHSHEBA,3
BATOOL,112
BATSHEVA,98
BAY,40
BAYAN,63
BAYLA,11
BAYLEE,176
BAYLEIGH,294
BAYLEY,144
BAYLIE,85
BEA,242
BEATA,15
BEATRICE,11702
BEATRIS,7
BEATRISE,1
BEATRIX,1655
BEATRIZ,444
BEATTIE,3
BEAU,2007
BEAUTY,1
BEAUX,40
BEBE,152
BECA,284
BECCA,73
BECCI,15
BECKI,56
BECKIE,90
BECKY,965
BEGUM,24
BEIBHINN,7
BEKKI,13
BELA,27
BELICIA,6
BELINA,3
BELINDA,325
BELLA,6815
BELLA-MAE,25
BELLA-MAY,15
BELLATRIX,5
BELLE,1339
BELYNDA,3
BENEDICTA,56
BENEDICTE,46
BENICIA,1
BENITA,159
BEREN,20
BERENICE,60
BERFIN,222
BERIVAN,37
BERNADETTE,355
BERNADINE,3
BERNICE,236
BERRA,6
BERRI,4
BERRIE,9
BERRY,106
BERTA,2
BERTHA,522
BERYL,6026
BESARTA,5
BESS,89
BESSIE,1925
BESSY,1
BETH,6851
BETHAN,8336
BETHANE,3
BETHANEE,4
BETHANEY,153
BETHANI,64
BETHANIE,948
BETHANN,2
BETH-ANNE,10
BETHANNEY,3
BETHANNIE,52
BETHANY,44380
BETHANY-ANN,27
BETHANY-ANNE,28
BETHANY-JADE,3
BETHANY-JANE,16
BETHANY-JAYNE,10
BETHANY-JO,7
BETHANY-LOUISE,18
BETHANY-MAE,6
BETHANY-ROSE,79
BETHEL,164
BETHEN,21
BETHENY,36
BETHIA,94
BETHLEHEM,44
BETHNEY,24
BETHONY,6
BETI,7
BETIEL,4
BETSAN,163
BETSEY,17
BETSIE,54
BETSY,2384
BETTIE,21
BETTINA,44
BETTSIE,1
BETTSY,1
BETTY,10022
BETUL,47
BEULAH,91
BEVERLEY,3023
BEVERLY,73
BHAKTI,54
BHAVIKA,59
BHAVINA,9
BHAVINI,57
BHAVISHA,47
BHUMI,34
BHUMIKA,32
BIANCA,1194
BIANKA,86
BIBA,104
BIBI,614
BIJAL,24
BILLI,60
BILLIE,2372
BILLIE-JADE,7
BILLIE-JAY,8
BILLIE-JEAN,65
BILLIEJO,37
BILLIE-JO,660
BILLIE-JOE,22
BILLIE-MAY,19
BILLIE-RAE,46
BILLIE-ROSE,39
BILLI-JO,10
BILLY,20
BILLY-JO,8
BINTA,100
BINTOU,15
BINTU,4
BIRDIE,2
BISMA,305
BISMAH,237
BLAIR,38
BLAIRE,21
BLAISE,145
BLAITHIN,7
BLAIZE,26
BLAKE,95
BLANAID,2
BLANCA,22
BLANCHE,190
BLANKA,99
BLAZE,40
BLEONA,30
BLERINA,10
BLERTA,17
BLESSING,679
BLEU,7
BLISS,252
BLOSSOM,748
BLU,36
BLUE,62
BLUEBELL,262
BLUEBELLE,120
BLYTHE,329
BO,562
BOBBI,833
BOBBIE,1008
BOBBIE-JO,112
BOBBIE-LEIGH,45
BOBBI-JO,58
BOBBY,103
BODHI,7
BOE,57
BONITA,239
BONNIE,3310
BONNIE-LEE,9
BONNY,96
BOO,9
BOUDICA,1
BRACHA,79
BRACKEN,129
BRADIE,39
BRADY,18
BRANDI,39
BRANDIE,12
BRANDY,42
BRANNAGH,1
BRANWEN,94
BREA,96
BREAGHA,3
BREAH,4
BREANA,3
BREANNA,455
BREANNE,57
BRECON,2
BREE,285
BREEZE,122
BRENDA,8731
BRENNA,134
BRIA,193
BRIANA,311
BRIANNA,1514
BRIANNAH,38
BRIANNE,176
BRIANNY,3
BRIAR,102
BRIDEY,61
BRIDGET,3536
BRIDGETTE,24
BRIDGIE,1
BRIDIE,818
BRIE,5
BRIEANNA,32
BRIEGE,3
BRIELLE,46
BRIENNE,3
BRIERLEY,3
BRIGID,34
BRIGIT,6
BRIGITA,7
BRIGITTE,37
BRIONEY,24
BRIONI,10
BRIONIE,8
BRIONNY,3
BRIONY,1046
BRITANEY,3
BRITANI,8
BRITANIE,4
BRITANNIA,15
BRITANNY,8
BRITANY,71
BRITNEE,6
BRITNEY,995
BRITNIE,3
BRITTANEY,11
BRITTANI,24
BRITTANIE,33
BRITTANNY,3
BRITTANY,1714
BRITTENY,12
BRITTNEY,88
BRITTONY,6
BRIYANA,2
BROCHA,10
BROCHO,6
BRODI,8
BRODIE,819
BRODIE-LEIGH,4
BRODY,107
BROGAN,1420
BROGEN,51
BROGHAN,37
BROMWYN,6
BRONAGH,120
BRONIA,23
BRONNEN,4
BRONTE,875
BRONTI,3
BRONTY,1
BRONWEN,572
BRONWYN,914
BRONYA,51
BROOK,319
BROOKE,15999
BROOKLYN,960
BROOKLYNE,3
BROOKLYNN,73
BRUCHA,37
BRUNA,30
BRYANA,41
BRYANIE,9
BRYANNA,94
BRYDIE,133
BRYHER,81
BRYN,3
BRYNIE,4
BRYONEY,9
BRYONI,60
BRYONIE,79
BRYONNY,9
BRYONY,2895
BUKET,3
BUNNY,2
BURCU,31
BUSE,88
BUSHRA,738
BUSRA,69
CACIE,2
CADENCE,126
CADEY,22
CADI,507
CADIE,142
CADY,122
CAELAN,6
CAELIA,6
CAERA,11
CAGLA,54
CAICEY,2
CAIDY,3
CAILEIGH,16
CAILEY,57
CAILIN,135
CAILYN,25
CAIRA,69
CAIRO,26
CAISEY,12
CAIT,80
CAITHLIN,3
CAITLAIN,67
CAITLAN,649
CAITLAND,27
CAITLEN,115
CAITLIN,28157
CAITLINE,3
CAITLUN,3
CAITLYN,4786
CAITLYNN,69
CAITRIN,3
CAITRIONA,70
CAJA,13
CALAIS,16
CALEIGH,44
CALEY,42
CALI,264
CALIE,2
CALISE,8
CALISTA,242
CALLA,80
CALLAN,8
CALLEIGH,56
CALLEY,7
CALLI,132
CALLIE,1500
CALLIOPE,12
CALLISTA,90
CALLY,357
CALYPSO,80
CAMARA,22
CAMELIA,53
CAMELLIA,33
CAMEO,10
CAMERON,672
CAMI,1
CAMILA,162
CAMILIA,2
CAMILLA,1055
CAMILLE,798
CAMILLIA,3
CAMISHA,3
CAMMIE,3
CAMMY,3
CAMPBELL,1
CAMRYN,62
CANDACE,84
CANDICE,695
CANDIS,4
CANDY,79
CANSEL,7
CANSU,78
CAOIFE,3
CAOILAINN,5
CAOILFHINN,4
CAOILINN,1
CAOIMHE,716
CAPRI,37
CAPRICE,447
CAPUCINE,20
CARA,5135
CARAGH,184
CARENZA,105
CAREY,60
CARI,387
CARIAD,185
CARIANNE,7
CARICE,3
CARINA,398
CARIS,279
CARISS,13
CARISSA,152
CARITA,3
CARLA,3253
CARLA-LOUISE,3
CARLEE,41
CARLEIGH,34
CARLENA,3
CARLENE,31
CARLEY,363
CARLI,71
CARLIE,337
CARLOTA,62
CARLOTTA,170
CARLY,3465
CARMAN,19
CARMEL,332
CARMELA,104
CARMEN,1819
CAROL,13643
CAROLANN,21
CAROL-ANN,17
CAROLANNE,53
CAROLE,4318
CAROLINA,445
CAROLINE,11735
CAROLYN,2220
CARON,3
CARRA,22
CARRAGH,3
CARRERA,29
CARRIANNE,5
CARRIE,842
CARRIEANN,11
CARRIE-ANN,84
CARRIEANNE,12
CARRIE-ANNE,94
CARRIGAN,40
CARRIS,75
CARYL,38
CARYS,4541
CASANDRA,3
CASEY,6610
CASEY-ANNE,4
CASEY-JANE,15
CASEY-LEIGH,214
CASIE,182
CASSANDRA,886
CASSEY,82
CASSI,17
CASSIA,396
CASSIDY,968
CASSIE,1669
CASSY,29
CATALINA,248
CATARINA,176
CATE,172
CATELIN,8
CATELYN,53
CATERINA,164
CATHARINE,50
CATHERINA,16
CATHERINE,25838
CATHLEEN,23
CATHRINE,20
CATHRYN,158
CATHY,58
CATIA,25
CATIE,44
CATLIN,18
CATRIN,1433
CATRINA,184
CATRIONA,677
CATRYN,25
CAYDEE,6
CAYLA,236
CAYLEIGH,58
CAYLEY,27
CEANA,5
CEANNA,6
CEARA,125
CECE,25
CECELIA,160
CECILE,126
CECILIA,1020
CECILIE,34
CECILLE,1
CECILY,732
CECYLIA,5
CEDAR,4
CEEJAY,16
CEINWEN,60
CEIRA,156
CEIRE,4
CELENE,3
CELESTE,656
CELESTINA,3
CELESTINE,63
CELIA,620
CELICIA,3
CELINA,272
CELINE,866
CELSIE,4
CELYN,431
CEREN,151
CERI,706
CERIAN,104
CERI-ANN,14
CERIDWEN,52
CERIS,100
CERISE,158
CERYN,34
CERYS,6888
CEYDA,182
CEYLAN,67
CEYLIN,13
CHAE,8
CHAI,12
CHAISE,42
CHALICE,6
CHANA,298
CHANAI,7
CHANCE,52
CHANDLER,9
CHANDNI,148
CHANDRA,10
CHANEL,1662
CHANELL,88
CHANELLE,1405
CHANI,80
CHANIA,9
CHANICE,229
CHANIE,1
CHANIECE,19
CHANISE,50
CHANNA,8
CHANNAH,8
CHANNEL,89
CHANNELLE,111
CHANNING,6
CHANNON,62
CHANTAE,58
CHANTAI,8
CHANTAL,325
CHANTALLE,21
CHANTAY,64
CHANTE,288
CHANTEL,627
CHANTELE,5
CHANTELL,119
CHANTELLE,5294
CHARA,4
CHARELLE,17
CHARIS,854
CHARISE,5
CHARISSE,70
CHARITY,155
CHARLA,32
CHARLEA,95
CHARLEE,557
CHARLEEN,28
CHARLEIGH,587
CHARLENE,1478
CHARLETTE,28
CHARLEY,4259
CHARLEY-ANN,32
CHARLEY-ANNE,12
CHARLEY-LOUISE,6
CHARLI,571
CHARLIE,7479
CHARLIE-ANN,94
CHARLIE-ANNE,59
CHARLIE-JANE,7
CHARLIE-JO,10
CHARLIE-LEIGH,17
CHARLIE-LOUISE,24
CHARLIZE,292
CHARLOTTE,83255
CHARLOTTE-ANNE,6
CHARLOTTE-LOUISE,38
CHARLOTTE-MAY,4
CHARLOTTE-ROSE,50
CHARLY,405
CHARM,26
CHARMAIN,17
CHARMAINE,650
CHARMI,4
CHARMIAN,10
CHARNA,28
CHARNELLE,19
CHARNEY,3
CHARYS,15
CHASE,131
CHAUNTELLE,3
CHAVA,123
CHAY,9
CHAYA,651
CHAYSE,16
CHE,54
CHELBIE,4
CHELBY,9
CHELCIE,53
CHELSEA,14192
CHELSEA-ANN,18
CHELSEA-ANNE,13
CHELSEA-JADE,10
CHELSEA-LEA,8
CHELSEA-LEE,26
CHELSEA-LEIGH,106
CHELSEA-LOUISE,56
CHELSEA-MARIE,23
CHELSEE,64
CHELSEY,1668
CHELSI,116
CHELSIE,1163
CHELSIE-LOUISE,4
CHELSY,223
CHEN,10
CHENAI,201
CHENELLE,61
CHENICE,30
CHENISE,64
CHENNAI,7
CHER,16
CHERELLE,110
CHERI,24
CHERICE,28
CHERIE,259
CHERILYN,6
CHERISE,271
CHERISH,254
CHERISSE,17
CHEROKEE,6
CHERRELLE,14
CHERRI,14
CHERRIE,67
CHERRY,590
CHERYL,3329
CHESKA,5
CHESNEY,24
CHEVELLE,25
CHEVON,3
CHEVONNE,35
CHEY,7
CHEYANNE,372
CHEYENNE,1031
CHEYNE,15
CHEZNEY,7
CHI,55
CHIAMAKA,172
CHIANA,55
CHIANNE,2
CHIARA,1073
CHIDIMMA,8
CHIDO,7
CHIDUBEM,3
CHIKA,45
CHINA,163
CHING,3
CHINWE,11
CHINWENDU,1
CHIOMA,201
CHIQUITA,11
CHISOM,116
CHIYO,1
CHIZARA,22
CHIZITELU,1
CHIZITERE,2
CHLOE,106152
CHLOE-ANN,191
CHLOE-ANNE,157
CHLOE-JADE,15
CHLOE-JANE,30
CHLOE-JAYNE,18
CHLOE-LEIGH,64
CHLOE-LOUISE,274
CHLOE-MAE,91
CHLOE-MARIE,131
CHLOE-MAY,113
CHLOE-ROSE,60
CHLOEY,17
CHLOIE,51
CHOI,6
CHOLE,42
CHONTELLE,3
CHRISSIE,64
CHRISSY,44
CHRISTA,149
CHRISTABEL,324
CHRISTABELLE,57
CHRISTAL,37
CHRISTEL,22
CHRISTELLE,68
CHRISTI,11
CHRISTIANA,442
CHRISTIANE,28
CHRISTIANNA,50
CHRISTIANNE,4
CHRISTIE,594
CHRISTINA,4635
CHRISTINE,19906
CHRISTY,257
CHRYSTAL,175
CHYANNE,98
CHYNA,385
CHYNNA,50
CIAN,31
CIANA,94
CIANNA,160
CIANNE,6
CIARA,5120
CIARAH,2
CIARRA,22
CICELY,302
CICI,9
CICILY,2
CIDNEY,6
CIELO,4
CIENNA,106
CIERA,205
CINDY,392
CINZIA,14
CIONA,14
CLAIR,557
CLAIRA,16
CLAIRE,17603
CLAIRE-LOUISE,16
CLARA,6055
CLARE,7533
CLARICE,316
CLARIS,1
CLARISA,1
CLARISE,4
CLARISSA,666
CLARISSE,81
CLARRISA,3
CLAUDETTE,21
CLAUDIA,4652
CLAUDIE,6
CLAUDINE,24
CLEA,105
CLEMENCE,154
CLEMENCY,94
CLEMENTINA,26
CLEMENTINE,1163
CLEO,1608
CLEOPATRA,128
CLIO,185
CLIODHNA,47
CLIONA,109
CLODAGH,295
CLODIE,3
CLOE,422
CLOEY,4
CLOTILDE,1
CLOVER,150
COBI,2
COBIE,26
COBY,31
COCO,863
CODEY,85
CODI,209
CODIE,1156
CODY,1158
COLBIE,39
COLBY,42
COLEEN,32
COLETTE,417
COLLEEN,225
COLLETTE,184
COMFORT,91
CONDOLEEZZA,1
CONNIE,5391
CONNIE-MAE,52
CONNIE-MAY,5
CONNIE-ROSE,9
CONNY,1
CONSTANCE,7465
CONSTANZA,2
CONSUELA,2
CORA,1645
CORAH,45
CORAL,1022
CORALE,3
CORALENA,6
CORALIE,210
CORALINE,11
CORAN,13
CORDELIA,749
CORELLE,3
COREY,141
CORI,71
CORIE,36
CORIN,85
CORINA,87
CORINNA,128
CORINNE,343
CORNELIA,124
CORRA,5
CORRAN,11
CORREY,3
CORRI,3
CORRIE,114
CORRIN,57
CORRINA,126
CORRINE,48
CORRINNE,10
CORRYN,9
CORTNEY,155
CORTNIE,3
CORY,39
CORYN,19
COSIMA,173
COUNTESS,3
COURTENAY,90
COURTENEY,798
COURTNAY,30
COURTNEE,22
COURTNEY,23410
COURTNEY-JADE,37
COURTNEY-JANE,7
COURTNEY-LEE,21
COURTNEY-LEIGH,107
COURTNEY-LOUISE,63
COURTNEY-MARIE,20
COURTNEY-PAIGE,7
COURTNEY-ROSE,26
COURTNIE,118
CREE,21
CRESSIDA,147
CRISTA,3
CRISTABEL,1
CRISTINA,364
CRISTY,7
CRYSTAL,2861
CYAN,65
CYANNE,1
CYDNEE,41
CYDNEY,473
CYDNI,12
CYDNIE,24
CYNTHIA,1177
CYPRUS,4
CYRA,89
DACEY,4
DACIA,12
DAENA,15
DAENERYS,6
DAGMARA,15
DAHLIA,262
DAINA,84
DAIRE,5
DAISEY,160
DAISIE,753
DAISY,37742
DAISY-LEIGH,23
DAISY-MAE,658
DAISY-MAI,238
DAISY-MAY,629
DAIZY,72
DAKOTA,876
DALAL,37
DALE,16
DALIA,367
DALILA,7
DALLAS,51
DALYA,41
DAMARIS,107
DAMILOLA,76
DAMINI,49
DAMLA,107
DANA,1459
DANAE,166
DANAH,61
DANAI,15
DANAYA,6
DANEKA,9
DANELLA,6
DANELLE,12
DANI,342
DANIA,394
DANICA,349
DANIELA,1076
DANIELE,132
DANIELLA,3688
DANIELLE,17797
DANIKA,364
DANIQUE,10
DANISHA,52
DANNA,26
DANNI,777
DANNICA,6
DANNIE,8
DANNIELLA,286
DANNIELLE,492
DANNII,138
DANNIKA,30
DANNI-LEIGH,17
DANYA,220
DANYELLE,23
DAPHNE,3059
DARA,198
DARBY,121
DARCEE,20
DARCEY,6440
DARCI,741
DARCIA,17
DARCIE,5178
DARCIE-MAE,42
DARCY,6569
D'ARCY,195
DARIA,760
DARIAN,41
DARIANNE,4
DARLA,53
DARLENE,54
DARLEY,1
DARLIA,1
DARNA,1
DARRIAN,3
DARYA,163
DARYL,53
DASHA,77
DAVEENA,30
DAVINA,1037
DAVINIA,48
DAVITA,4
DAWN,5589
DAYLE,7
DAYNA,562
DEA,148
DEANA,125
DEANDRA,14
DEANNA,1226
DEANNA-MARIE,3
DEANNE,157
DEARBHLA,27
DEBBIE,1313
DEBBY,4
DEBORA,73
DEBORAH,12225
DEBRA,2422
DEBRAH,1
DECCA,1
DEE,87
DEEANNA,13
DEENA,205
DEENAH,13
DEEPA,28
DEEPALI,18
DEEPIKA,64
DEESHA,17
DEIA,13
DEIRDRE,6
DEJA,104
DEKA,3
DELA,1
DELANEY,102
DELANIE,3
DELCIE,4
DELENN,9
DELIA,208
DELICIA,64
DELIGHT,1
DELILAH,1770
DELLA,212
DELORES,8
DELPHI,166
DELPHIE,7
DELPHINA,2
DELPHINE,200
DELYTH,115
DEMELZA,110
DEMETRA,20
DEMI,8686
DEMIE,104
DEMI-JAY,4
DEMI-JO,19
DEMILEA,24
DEMI-LEA,211
DEMILEE,89
DEMI-LEE,399
DEMILEIGH,173
DEMI-LEIGH,1394
DEMI-LOUISE,186
DEMI-MARIE,41
DEMITRA,13
DEMITRIA,3
DEMMI,115
DEMMIE,5
DEMPSEY,70
DENA,105
DENBY,13
DENI,112
DENICA,3
DENIKA,23
DENIQUE,3
DENISA,277
DENISE,5229
DENISHA,63
DENIZ,147
DENNI,105
DENNIE,32
DENNY,11
DENVER,85
DEON,20
DEQA,30
DERI,3
DERRI,10
DERRIE,3
DERRY,28
DERRYN,20
DERVLA,41
DERYA,52
DERYN,127
DESIRE,69
DESIREE,202
DESREE,8
DESTINEE,142
DESTINI,79
DESTINY,3047
DEVAN,77
DEVEN,28
DEVIKA,116
DEVIN,15
DEVINA,172
DEVON,1158
DEVONNE,7
DEVORAH,145
DHANISHA,11
DHARA,87
DHARMA,76
DHRUVI,118
DIALA,3
DIAMOND,171
DIANA,4359
DIANDRA,10
DIANE,9700
DIANNA,23
DIANNE,9
DIAZ,64
DIDEM,6
DILAN,169
DILARA,326
DILEK,31
DILPREET,91
DILYS,118
DIMA,19
DIMPLE,19
DINA,569
DINAH,138
DION,327
DIONA,10
DIONE,194
DIONNE,731
DIOR,178
DISHA,145
DISNEY,19
DIVA,57
DIVINE,459
DIVYA,244
DIXIE,310
DIYA,1502
DOHA,5
DOLCIE,486
DOLLIE,60
DOLLY,920
DOLORES,115
DOLSIE,1
DOMENICA,20
DOMINI,3
DOMINICA,95
DOMINIKA,470
DOMINIQUE,745
DOMINO,5
DOMONIQUE,4
DONA,13
DONATELLA,5
DONIA,59
DONIKA,24
DONNA,6202
DONNA-MARIE,3
DONYA,102
DORA,3152
DORCAS,157
DOREEN,12505
DORIS,21649
DOROTHEA,137
DOROTHY,27351
DORSA,14
DOTTIE,68
DOTTY,34
DREAM,1
DREW,793
DUA,374
DUAA,226
DUANA,3
DUCHESS,2
DULCIE,858
DUNYA,80
DURU,9
DUYGU,35
DYLAN,172
EABHA,25
EADIE,479
EANNA,14
EASTER,1
EBANY,16
EBBA,101
EBBIE,6
EBBONIE,2
EBONEY,82
EBONI,274
EBONIE,431
EBONY,6261
EBONY-ROSE,115
EBRU,57
EBUBECHUKWU,2
EBUNOLUWA,97
ECE,95
ECEM,59
ECHO,83
EDA,201
EDDI,3
EDEL,19
EDELE,6
EDEN,5770
EDEN-ROSE,30
EDIE,2547
EDIL,11
EDINA,24
EDITH,19012
EDNA,8250
EDWINA,91
EESHA,497
EEVEE,12
EFA,394
EFE,6
EFFI,2
EFFIE,681
EFFY,28
EGLE,3
EHLANA,26
EIBHLIN,69
EIBHLINN,1
EILA,50
EILEEN,14185
EILIDH,500
EILIS,115
EILISH,239
EIMAAN,40
EIMAN,75
EIMEAR,179
EIMER,15
EIRA,393
EIRE,6
EIREANN,71
EIRENE,3
EIRIAN,35
EIRIN,3
EIRINN,87
EIRLYS,47
EIRWEN,13
EISHA,201
EITHNE,51
EKATERINA,133
EKTA,37
ELA,1345
ELAIN,99
ELAINA,370
ELAINE,6788
ELAN,236
ELANA,485
ELANI,9
ELANNA,39
ELANOR,240
ELANYA,4
ELARA,34
ELAYNA,84
ELBA,3
ELCIE,6
ELDA,39
ELEANA,188
ELEANER,21
ELEANOR,37762
ELEANORA,72
ELEANORE,105
ELEASHA,117
ELECTRA,120
ELEEN,6
ELEESHA,33
ELEISHA,109
ELEN,581
ELENA,4994
ELENI,742
ELENNA,2
ELENOR,125
ELENORA,3
ELENORE,15
ELENYA,27
ELEONORA,159
ELEONORE,91
ELERI,705
ELESE,20
ELESHA,117
ELEYNA,19
ELFIE,13
ELFIN,2
ELFREDA,3
ELHAM,55
ELI,95
ELIA,281
ELIANA,1426
ELIANE,76
ELICE,21
ELICIA,595
ELIE,9
ELIESHA,33
ELIF,750
ELIKA,65
ELIN,1630
ELINA,557
ELINOR,1276
ELINORE,19
ELIORA,38
ELIRA,4
ELIS,69
ELISA,1398
ELISABET,1
ELISABETA,44
ELISABETH,1427
ELISABETTA,60
ELISE,7747
ELISH,7
ELISHA,4178
ELISHEVA,163
ELISHIA,122
ELISIA,310
ELISKA,134
ELISSA,1294
ELISSE,84
ELISSIA,242
ELITA,35
ELIVIA,93
ELIYA,68
ELIZ,204
ELIZA,10167
ELIZABET,3
ELIZABETH,69956
ELIZABETH-ROSE,51
ELIZAH,31
ELIZE,148
ELKA,25
ELKE,50
ELKIE,99
ELLA,53129
ELLA-GRACE,87
ELLA-LOUISE,978
ELLA-MAE,800
ELLA-MARIE,203
ELLAMAY,46
ELLA-MAY,562
ELLAN,16
ELLANA,122
ELLAND,14
ELLANOR,80
ELLAOUISE,2
ELLA-ROSE,1226
ELLE,4880
ELLEANA,9
ELLEANOR,168
ELLECIA,32
ELLEE,119
ELLEISE,10
ELLE-JANE,3
ELLE-JAY,3
ELLE-JO,21
ELLE-LOUISE,62
ELLE-MAE,173
ELLE-MARIE,9
ELLE-MAY,183
ELLEN,16228
ELLENA,1298
ELLENI,17
ELLENOR,258
ELLE-ROSE,23
ELLESE,110
ELLESHA,128
ELLESHIA,4
ELLESIA,17
ELLESSE,327
ELLEY,58
ELLI,435
ELLIA,174
ELLIANA,164
ELLIANNA,14
ELLIANNE,8
ELLICE,200
ELLICIA,117
ELLIE,56480
ELLIEANN,3
ELLIE-ANN,96
ELLIE-ANNE,63
ELLIE-JADE,35
ELLIE-JAE,12
ELLIE-JANE,109
ELLIE-JAY,74
ELLIE-JAYNE,68
ELLIE-JO,150
ELLIE-LOUISE,442
ELLIEMAE,91
ELLIE-MAE,2563
ELLIE-MAI,1140
ELLIE-MARIE,223
ELLIEMAY,222
ELLIE-MAY,2560
ELLIE-RAE,57
ELLIE-ROSE,541
ELLIESE,13
ELLINOR,68
ELLIOT,34
ELLIS,1224
ELLISA,102
ELLISE,594
ELLISHA,329
ELLISHIA,7
ELLISIA,114
ELLISS,8
ELLISSA,122
ELLISSE,12
ELLIW,151
ELLOISE,198
ELLORA,119
ELLOUISE,461
ELLSIE,11
ELLY,522
ELLYCE,3
ELLY-MAY,20
ELLYN,73
ELLYS,41
ELLYSE,118
ELLYSIA,57
ELLYSSE,9
ELMA,84
ELMIRA,1
ELODIE,2224
ELODY,3
ELOISA,315
ELOISE,10079
ELONA,61
ELORA,274
ELOUISA,79
ELOUISE,913
ELOWEN,53
ELOWYN,10
ELSA,2892
ELSBETH,140
ELSI,35
ELSIE,23651
ELSIE-MAE,96
ELSPETH,854
ELUNED,67
ELVA,68
ELVIA,3
ELVIE,175
ELVINA,59
ELVIRA,60
ELWEN,1
ELWYN,1
ELYCE,3
ELYCIA,33
ELYS,10
ELYSE,628
ELYSHA,189
ELYSHIA,26
ELYSIA,1161
ELYSSA,292
ELYSSE,37
ELYSSIA,142
EMA,484
EMAAN,759
EMAN,344
EMANUELA,122
EMBER,193
EME,4
EMEL,79
EMELIA,2724
EMELIE,207
EMELINE,93
EMELLIA,6
EMELYE,36
EMER,186
EMERALD,192
EMERSON,74
EMI,240
EMIE,189
EMIKO,13
EMILA,3
EMILE,28
EMILEE,431
EMILEIGH,35
EMILEY,29
EMILIA,10765
EMILIE,2750
EMILLIA,93
EMILLIE,309
EMILLY,173
EMILY,115131
EMILY-ANN,31
EMILY-JADE,15
EMILYJANE,3
EMILY-JANE,275
EMILY-JAYNE,117
EMILY-JO,35
EMILY-KATE,6
EMILY-LOUISE,85
EMILY-MAE,143
EMILY-MAY,201
EMILY-RAE,4
EMILY-ROSE,578
EMINA,41
EMINE,197
EMIRA,8
EMMA,62544
EMMA-JADE,4
EMMA-JANE,141
EMMA-JAYNE,53
EMMA-JO,12
EMMA-LEA,9
EMMA-LEE,34
EMMALEIGH,9
EMMA-LEIGH,136
EMMALENE,7
EMMALINE,18
EMMALOUISE,6
EMMA-LOUISE,356
EMMANUELA,190
EMMANUELLA,606
EMMANUELLE,173
EMMA-ROSE,53
EMME,385
EMMELIA,8
EMMELINE,729
EMMEY,1
EMMI,282
EMMIE,2171
EMMI-LEIGH,3
EMMILY,13
EMMY,1024
EMY,49
ENA,146
ENAS,9
ENAYA,20
ENESA,4
ENID,2255
ENIOLA,185
ENISA,12
ENISE,3
ENLLI,62
ENNA,46
ENNIS,3
ENO,4
ENOLA,140
ENRIKA,10
ENYA,1014
EOS,1
EOWYN,29
EPIPHANY,6
ERAM,15
ERI,15
ERICA,2145
ERICKA,28
ERIDA,3
ERIKA,1231
ERIN,26715
ERINA,176
ERINE,3
ERINN,129
ERINNE,1
ERIS,29
ERISA,68
ERNA,3
ERRIN,83
ERRIS,1
ERRON,4
ERUM,38
ERYKAH,63
ERYN,1062
ERYNN,87
ESE,8
ESEN,10
ESHA,1276
ESHE,19
ESHER,2
ESMA,217
ESMAE,1687
ESMAI,113
ESMAY,341
ESME,10607
ESMEE,1612
ESMERALDA,134
ESMERELDA,13
ESMI,3
ESMIE,50
ESOHE,4
ESRA,247
ESSIE,23
ESTA,118
ESTEE,44
ESTELA,17
ESTELLA,273
ESTELLE,984
ESTER,204
ESTERE,7
ESTHER,7261
ESTI,8
ESTRA,3
ESTRELLA,6
ESTY,4
ESYLLT,30
ESZTER,8
ETERNITY,2
ETHEL,9256
ETHNE,9
ETHOLLE,2
ETIENNE,84
ETTA,389
ETTIE,34
ETTIENNE,2
ETTY,16
EUDORA,1
EUGENIA,78
EUGENIE,139
EUNICE,270
EUPHEMIA,46
EVA,22402
EVA-GRACE,25
EVALEIGH,1
EVALINE,8
EVA-MAE,40
EVA-MARIE,28
EVAN,66
EVANGALINE,3
EVANGELINA,161
EVANGELINE,2222
EVA-ROSE,74
EVE,12710
EVELIN,15
EVELINA,416
EVELINE,131
EVELYN,19040
EVELYNE,94
EVELYNN,50
EVELYNNE,48
EVERLEIGH,13
EVERLEY,12
EVERLY,60
EVERLYN,22
EVERLYNN,1
EVETTE,1
EVEY,90
EVI,17
EVIE,36949
EVIE-GRACE,99
EVIE-JO,6
EVIE-ROSE,544
EVIN,19
EVITA,105
EVLIN,1
EVLYN,23
EVY,71
EYDIE,2
EZGI,79
EZMAI,28
EZMAY,19
EZME,157
EZMEE,20
EZMIE,4
EZMIRA,1
EZO,3
EZRA,83
EZRI,77
FAAIZA,53
FAAIZAH,107
FAARIA,30
FAATIMA,86
FAATIMAH,378
FABBIHA,48
FABIA,49
FABIANA,70
FABIENNE,115
FABIHA,181
FADIME,14
FADUMA,98
FADUMO,72
FAE,202
FAEEZA,6
FAHEEMA,84
FAHEEMAH,69
FAHIMA,523
FAHMIDA,422
FAIGE,4
FAISA,68
FAITH,11655
FAIZA,1043
FAIZAH,499
FALAK,433
FALLON,520
FANNY,203
FANTA,14
FARA,6
FARADAY,11
FARAH,1336
FAREEHA,155
FARHA,100
FARHANA,414
FARHAT,56
FARHEEN,150
FARHIA,14
FARHIN,8
FARHIYA,50
FARIA,176
FARIDA,195
FARIDAH,88
FARIHA,402
FARIHAH,75
FARJANA,107
FARRAH,1009
FARRAN,24
FARREN,60
FARYAL,165
FARYL,8
FARZANA,397
FATEHA,150
FATEMA,404
FATEMAH,71
FATEMEH,19
FATHEHA,28
FATHEMA,93
FATHIMA,526
FATIHA,116
FATIM,4
FATIMA,6693
FATIMAH,1822
FATMA,656
FATOU,179
FATUMA,69
FAUZIA,17
FAVOUR,121
FAWN,29
FAWZIA,47
FAWZIYAH,61
FAY,986
FAYE,7557
FAYTH,126
FAYZA,15
FAZEELA,16
FAZILA,38
FEARN,61
FEARNE,829
FEDERICA,47
FEIGE,9
FELICE,6
FELICIA,356
FELICITE,3
FELICITY,4454
FELIX,14
FEMI,13
FEMKE,19
FEN,6
FENELLA,349
FENN,18
FENNA,12
FERN,1922
FERNANDA,43
FERNE,225
FFION,5006
FFLUR,117
FIA,125
FIADH,5
FIANNA,7
FIDAN,10
FIFI,74
FILIPA,46
FILIPPA,8
FILIZ,12
FINELLA,1
FINLAE,3
FINLAY,224
FINLEA,1
FINLEIGH,14
FINLEY,178
FINN,37
FINNLAY,10
FINNLEY,3
FINOLA,74
FINTY,50
FIONA,6785
FIONN,35
FIONNA,13
FIONNOULA,1
FIONNUALA,177
FIONNULA,3
FIORELLA,51
FIRDAUS,90
FIRDAWS,63
FIRDOUS,15
FIRDOWS,4
FIYINFOLUWA,14
FIZA,713
FIZAH,82
FJOLLA,20
FLAVIA,155
FLEUR,1839
FLORA,1904
FLORANCE,4
FLOREN,2
FLORENCE,30060
FLORES,3
FLORI,7
FLORIANE,1
FLORIE,13
FLORRIE,323
FLOURISH,4
FLYNN,10
FOLAKE,4
FOLAKEMI,6
FOLASADE,77
FOLASHADE,35
FORIDA,16
FORTUNA,1
FORTUNE,1
FOUZIA,29
FOX,1
FOZIA,133
FRANCES,10873
FRANCESCA,15275
FRANCESKA,56
FRANCESSCA,137
FRANCHESCA,217
FRANCHESKA,57
FRANCINE,174
FRANCIS,26
FRANCISCA,122
FRANCOISE,2
FRANKI,98
FRANKIE,3157
FRANKY,1
FRAYA,350
FREDA,4072
FREDDIE,32
FREDERICA,89
FREDERIKA,1
FREDERIQUE,3
FREDRIKA,3
FREEDA,4
FREIA,43
FREIDA,63
FREIYA,4
FREJA,505
FREYA,32206
FREYA-GRACE,6
FREYAH,34
FREYIA,2
FREYJA,742
FRIDA,306
FRIEDA,133
FYZA,1
GABBIE,14
GABBY,37
GABI,13
GABRIEL,50
GABRIELA,1950
GABRIELE,383
GABRIELLA,7796
GABRIELLE,7068
GABY,46
GAGANDEEP,43
GAIA,412
GAIL,1646
GALA,26
GAMZE,65
GAYLE,9
GAYNOR,31
GAZEL,3
GEENA,96
GEETA,3
GEMIMA,26
GEMINI,27
GEMMA,16560
GEMMA-LOUISE,18
GENESIS,109
GENEVA,82
GENEVIEVE,1638
GENIE,16
GENNA,85
GEORGA,146
GEORGE,26
GEORGEA,18
GEORGEANA,3
GEORGEINA,3
GEORGENA,8
GEORGETTE,111
GEORGI,101
GEORGIA,45159
GEORGIA-LEE,18
GEORGIA-LEIGH,93
GEORGIA-LOUISE,43
GEORGIA-MAE,121
GEORGIA-MAY,104
GEORGIANA,580
GEORGIANNA,49
GEORGIA-ROSE,96
GEORGIE,2923
GEORGINA,17640
GEORGY,9
GERALDINE,1416
GERDA,57
GERI,66
GERMAINE,24
GERRI,3
GERTA,1
GERTRUDE,3768
GHAZAL,5
GHAZALA,12
GHISLAINE,12
GIA,367
GIADA,63
GIANA,6
GIANNA,280
GIFT,17
GIFTY,19
GIGI,54
GILA,47
GILLIAN,10302
GINA,630
GINEVRA,43
GINNIE,1
GINNY,94
GIORGI,4
GIORGIA,428
GIORGINA,18
GIOVANNA,257
GISELA,20
GISELE,41
GISELLE,481
GITA,13
GITTEL,100
GITTY,136
GIULIA,476
GIULIANA,54
GIULIETTA,6
GIUSEPPINA,12
GIZELLE,1
GIZEM,132
GLADYS,14674
GLENA,1
GLENDA,18
GLENYS,185
GLESNI,78
GLORIA,2271
GLORIOUS,1
GLORY,143
GLYNIS,174
GODIVA,2
GOLDA,45
GOLDEN,1
GOLDIE,52
GOLDY,25
GOODNESS,3
GOPIKA,3
GOZDE,30
GRACE,68670
GRACIA,60
GRACIE,12841
GRACIE-LEE,20
GRACIE-LEIGH,82
GRACIE-MAE,822
GRACIE-MAY,184
GRACIOUS,4
GRACY,20
GRAINNE,124
GRANIA,3
GRAYCE,61
GRAZIELLA,3
GRESA,20
GRETA,827
GRETEL,80
GRETTA,2
GRISELDA,2
GUINEVERE,14
GUL,44
GULCAN,10
GULCIN,10
GULSEN,11
GULSHAN,10
GUNAY,4
GURJINDER,8
GURKIRAN,49
GURLEEN,360
GURMEET,3
GURNEET,86
GURPREET,239
GURSHARAN,55
GURSHARON,21
GURSIMRAN,194
GURVINDER,7
GURVIR,1
GWAWR,17
GWEN,659
GWENAN,75
GWENDOLEN,65
GWENDOLINE,5508
GWENDOLYN,153
GWENETH,1
GWENEVERE,1
GWENI,1
GWENLLI,2
GWENLLIAN,352
GWENNA,5
GWENNAN,173
GWENNIE,1
GWENNO,191
GWENYTH,1
GWYNETH,171
GYPSY,179
HA,42
HAADIYA,145
HAAJARAH,47
HAAJIRA,8
HAAJRA,44
HAAJRAH,37
HABEEBA,81
HABEEBAH,108
HABIBA,708
HABIBAH,326
HADASSAH,204
HADDY,76
HADEEL,60
HADEEQA,56
HADIA,313
HADIAH,3
HADIQA,174
HADIYA,346
HADIYAH,259
HADLEY,37
HAF,79
HAFINA,3
HAFIZA,214
HAFIZAH,79
HAFSA,2964
HAFSAH,2043
HAFZA,86
HAGER,6
HAIDEE,71
HAIFA,34
HAILEY,389
HAILIE,170
HAIQA,116
HAJA,54
HAJAR,262
HAJARA,101
HAJER,61
HAJERA,70
HAJIRA,172
HAJIRAH,91
HAJRA,686
HAJRAH,479
HALA,211
HALEEMA,1795
HALEEMAH,470
HALEENA,39
HALEIGH,32
HALEMA,46
HALEY,171
HALI,15
HALIMA,2309
HALIMAH,595
HALINA,93
HALLE,1981
HALLI,7
HALLIE,1730
HALLY,19
HALO,11
HAMDA,235
HAMDI,144
HAMERA,25
HAMIDA,174
HAMIDAH,51
HAMNA,246
HAMNAH,240
HANA,2867
HANAA,233
HANAAN,94
HANAE,18
HANAH,148
HANAKO,15
HANAN,482
HANAR,8
HANEEFA,78
HANEEFAH,90
HANEEN,178
HANI,88
HANIA,363
HANIAH,142
HANIFA,413
HANIFAH,178
HANIFE,3
HANISHA,29
HANIYA,638
HANNA,3211
HANNAH,73432
HANNAH-JAYNE,3
HANNAH-LEIGH,3
HANNAH-LOUISE,90
HANNAH-MAE,24
HANNAH-MARIE,40
HANNAH-MAY,51
HANNAH-ROSE,33
HANNALISE,3
HANNAN,178
HANNE,13
HANNELORE,3
HANSA,89
HANYA,56
HAPPINESS,3
HARDEEP,37
HARIETTE,2
HARINI,151
HARJOT,73
HARKIRAN,112
HARLEE,83
HARLEEN,664
HARLEIGH,359
HARLEY,1569
HARLIE,310
HARLOW,135
HARLOWE,8
HARMEET,32
HARMONIE,140
HARMONY,1590
HARNEET,74
HARPER,757
HARPREET,287
HARRIE,27
HARRIET,18523
HARRIETT,820
HARRIETTE,406
HARRIOT,46
HARRIOTT,23
HARSIMRAN,241
HARUKA,39
HARVEEN,118
HARVINDER,10
HASEEBA,30
HASEENA,100
HASIBA,8
HASINA,94
HASNA,211
HATICE,164
HATTI,14
HATTIE,1315
HAVANA,211
HAVANNA,6
HAWA,492
HAWRA,28
HAWWA,326
HAYA,279
HAYAM,3
HAYAT,156
HAYDEN,202
HAYDN,16
HAYLEE,60
HAYLEIGH,360
HAYLEY,10573
HAYLEY-JANE,4
HAYLIE,78
HAZAL,174
HAZEL,6746
HAZERA,117
HAZRA,10
HEATHER,11495
HEAVEN,188
HEAVEN-LEIGH,19
HEAVENLY,33
HEBA,267
HEBE,387
HEENA,224
HEIDI,8274
HEINI,6
HELA,3
HELAINA,99
HELANA,28
HELAYNA,37
HELEDD,121
HELEENA,20
HELEN,25703
HELENA,3728
HELENE,120
HELIN,304
HELINA,28
HELLY,1
HELOISE,159
HEMA,112
HEMALI,17
HENA,164
HENAL,7
HENNA,857
HENNAH,38
HENRIETTA,1181
HENRIETTE,24
HEPHZIBAH,72
HERA,66
HERMIONE,1778
HERMIONIE,2
HERO,44
HESSA,15
HESTER,343
HETAL,19
HETTI,7
HETTIE,453
HETTY,332
HEULWEN,24
HIBA,941
HIBAH,553
HIBAQ,53
HIBBA,360
HIBBAH,60
HIBO,53
HIDAYA,17
HIFSA,89
HIFSAH,22
HIFZA,181
HILA,6
HILARY,2160
HILDA,11276
HILLARY,98
HIMANI,97
HINA,288
HINAL,23
HIND,71
HINNA,44
HIRA,446
HIRAL,30
HIRANUR,8
HIROKO,3
HIRRA,29
HODA,66
HODAN,148
HODO,20
HOI,20
HOLLEIGH,18
HOLLEY,31
HOLLI,339
HOLLIE,16318
HOLLIE-ANNE,28
HOLLIE-MAE,144
HOLLIE-MARIE,43
HOLLIE-MAY,67
HOLLY,49533
HOLLYANN,11
HOLLY-ANN,94
HOLLYANNE,6
HOLLY-ANNE,71
HOLLY-LOUISE,42
HOLLY-MAE,103
HOLLY-MARIE,77
HOLLY-ROSE,20
HONESTY,1
HONEY,3121
HONOR,1571
HONOUR,141
HOPE,6065
HOSANNA,20
HOUDA,25
HUDA,690
HUI,19
HULYA,6
HUMA,268
HUMAIRA,1280
HUMAIRAA,308
HUMAIRAH,173
HUMAYRA,517
HUMAYRAA,27
HUMERA,280
HUMMA,30
HUMNA,105
HURIYA,10
HURIYAH,6
HUSNA,765
HUSNAA,105
HYDIE,1
IANTHE,58
IBA,10
IBIRONKE,4
IBTIHAL,23
IBTISAM,163
IBUKUNOLUWA,80
IDA,2639
IDA-ROSE,3
IDIL,133
IDMAN,12
IESHA,190
IEVA,140
IFEOLUWA,198
IFEOLUWAPO,6
IFEOMA,68
IFFAH,23
IFFAT,84
IFFATH,6
IFRA,184
IFRAH,301
IFSA,9
IFZA,74
IGA,77
IJEOMA,50
IKHLAS,27
IKHRA,20
IKRA,497
IKRAA,17
IKRAH,148
IKRAM,233
IKRAN,82
ILA,165
ILANA,312
ILARIA,153
ILAYDA,246
ILENA,6
ILENIA,1
ILHAM,193
ILHAN,127
ILIA,7
ILIANA,139
ILIYA,1
ILLIANA,7
ILLYANA,1
ILONA,198
ILSA,107
ILSE,6
ILYSSA,1
IMAAN,2116
IMAANI,182
IMAGEN,2
IMAN,2067
IMANE,97
IMANI,911
IMARA,71
IMARNI,96
IMELDA,62
IMELIA,2
IMEN,5
IMMACULATE,1
IMMOGEN,48
IMOGEN,25475
IMOGENE,91
IMOGEN-ROSE,15
IMOGIN,2
IMOJEN,12
IMREN,3
INA,81
INAARA,8
INAAYA,602
INAIYA,5
INARA,73
INARAH,4
INARI,6
INAS,76
INAYA,1367
INAYAH,1414
INCA,48
INDEA,26
INDERPREET,49
INDI,398
INDIA,6448
INDIANA,679
INDIANNA,234
INDIA-ROSE,176
INDICA,23
INDIE,1042
INDIE-ROSE,25
INDIGO,656
INDIRA,183
INDIYA,92
INDRA,37
INDY,167
INDYA,191
INES,1051
INESA,7
INEZ,222
INGA,96
INGRID,365
INIKA,2
INIOLUWA,27
INIYA,9
INNA,5
INNAYA,18
INNES,30
INOLA,10
INSHA,121
INZA,7
IO,6
IOANA,159
IOANNA,72
IOLA,216
IOLANTHE,2
IONA,2819
IONE,178
IONELA,5
IONIE,52
IPEK,36
IQLAS,5
IQRA,3348
IQRAA,72
IQRAH,204
IRA,90
IRAM,549
IRELAND,13
IREM,144
IREMIDE,5
IRENA,46
IRENE,15440
IREOLUWA,3
IRINA,125
IRIS,10098
IRISA,1
IRMA,3
IRRAM,28
IRRUM,3
IRSA,20
IRUM,76
IRYS,2
IRZA,2
ISA,71
ISABEL,17540
ISABELA,295
ISABELL,540
ISABELLA,40904
ISABELLA-ROSE,78
ISABELLE,33532
ISADORA,338
ISATOU,133
ISATU,18
ISBAH,38
ISEULT,2
ISHA,1813
ISHANA,65
ISHANI,202
ISHBEL,108
ISHER,22
ISHITA,32
ISHRAT,146
ISHRATH,10
ISIDORA,10
ISIS,571
ISLA,26675
ISLA-GRACE,41
ISLA-JANE,5
ISLA-MAE,68
ISLA-MAY,29
ISLA-RAE,30
ISLA-ROSE,179
ISLAY,165
ISMA,328
ISMAE,1
ISMAH,183
ISMAHAN,49
ISMAY,91
ISOBEL,16863
ISOBELL,80
ISOBELLA,1025
ISOBELLE,2216
ISOLA,6
ISOLDE,96
ISRA,948
ISRAEL,22
ISSABELL,1
ISSABELLE,113
ISSEY,40
ISSRA,4
ISSY,8
ITALIA,171
ITOHAN,3
IUDITA,1
IVA,24
IVANA,284
IVANNA,65
IVIE,196
IVORY,30
IVY,15117
IWINOSA,4
IXIA,1
IYANNAH,2
IYESHA,22
IYINOLUWA,5
IYLA,251
IYLAH,31
IYLA-MAE,6
IYOBOSA,2
IYSHA,29
IYSLA,1
IZA,8
IZABEL,414
IZABELA,427
IZABELL,20
IZABELLA,1602
IZABELLE,759
IZADORA,2
IZAH,5
IZEL,42
IZMA,27
IZOBEL,123
IZOBELLE,12
IZUMI,1
IZZA,120
IZZABELLA,187
IZZI,9
IZZIE,80
IZZY,767
JACEY,255
JACINTA,132
JACINTHA,1
JACKIE,88
JACLYN,15
JACQUELINE,16053
JACQUELYN,13
JACQUI,15
JADA,1380
JADE,23417
JADE-LOUISE,42
JADE-MARIE,47
JADEN,210
JADENE,59
JADESOLA,114
JADIE,85
JADINE,68
JADZIA,90
JAE,64
JAEGER,7
JAEL,84
JAGODA,82
JAI,119
JAIDA,333
JAIDEN,110
JAIME,1002
JAIMEE,412
JAIMEE-LEIGH,52
JAIME-LEE,31
JAIME-LEIGH,123
JAIMEY,12
JAIMI,7
JAIMIE,301
JAIMIE-LEIGH,19
JAINA,125
JAMEELA,142
JAMEELAH,89
JAMELIA,219
JAMEY,28
JAMI,18
JAMIE,2440
JAMIE-ANN,4
JAMIEE,19
JAMIELEA,10
JAMIE-LEA,96
JAMIELEE,70
JAMIE-LEE,564
JAMIELEIGH,79
JAMIE-LEIGH,796
JAMIE-LOUISE,36
JAMILA,542
JAMILAH,167
JAMILLA,67
JAMIMA,47
JAN,25
JANA,622
JANAE,233
JANAKI,14
JANAY,61
JANE,19204
JANELLE,456
JANESSA,23
JANET,18918
JANEY,97
JANICE,2732
JANIE,124
JANINA,57
JANINE,167
JANIS,8
JANITA,7
JANKI,54
JANNA,143
JANNAH,573
JANNAT,870
JANNATH,99
JANNATUL,93
JANNET,1
JANVI,120
JAPLEEN,5
JAQUELINE,3
JASDEEP,64
JASKARAN,12
JASKIRAN,173
JASLEEN,549
JASMEEN,143
JASMEET,198
JASMIN,4306
JASMINA,261
JASMINDER,30
JASMINE,30582
JASMYN,308
JASNEET,76
JASPREET,405
JASVEER,6
JASWINDER,9
JAVAIRIA,57
JAVARIA,26
JAVERIA,242
JAWAHIR,6
JAWAIRIA,15
JAY,214
JAYA,1101
JAYCEE,244
JAYCIE,96
JAYDA,611
JAYDE,394
JAYDEAN,15
JAYDEE,47
JAYDEN,303
JAYDENE,68
JAYE,160
JAYME,120
JAYMEE,166
JAYMEE-LEIGH,17
JAYMI,9
JAYMIE,190
JAYNA,119
JAYNE,2462
JAYNIE,14
JAZ,25
JAZMIN,1579
JAZMINE,1282
JAZMYN,245
JAZMYNE,28
JAZZ,116
JAZZMIN,97
JAZZMINE,37
JEAN,21383
JEANETTE,2142
JEANIE,101
JEANINE,1
JEANNA,3
JEANNE,100
JEANNETTE,6
JEANNIE,101
JEEVAN,54
JELENA,72
JEMA,23
JEMILA,9
JEMIMA,5100
JEMIMAH,593
JEMINA,13
JEMMA,4742
JEMMA-LOUISE,5
JENA,246
JENAE,51
JENAI,39
JENELLE,63
JENESSA,27
JENEVIEVE,9
JENI,16
JENIFER,126
JENIKA,26
JENNA,5515
JENNAH,227
JENNER,3
JENNI,125
JENNIE,255
JENNIFER,25686
JENNY,1835
JEORGIA,56
JERI,15
JERICA,3
JERRY,15
JERSEY,93
JERSIE,6
JERUSHA,65
JESAMINE,17
JESICA,49
JESMIN,6
JESS,421
JESSAMINE,22
JESSAMY,94
JESSE,306
JESSI,85
JESSICA,101043
JESSICA-ANNE,15
JESSICA-JADE,13
JESSICA-JANE,43
JESSICA-LEIGH,73
JESSICA-LOUISE,101
JESSICA-MAE,75
JESSICA-MAI,24
JESSICA-MAY,85
JESSICA-ROSE,113
JESSICCA,38
JESSIE,8098
JESSIE-LEIGH,41
JESSIKA,234
JESSIKAH,8
JESSY,110
JESSYE,10
JETA,4
JEWEL,159
JEYDA,115
JI,18
JIA,540
JIANA,4
JILL,3185
JILLIAN,58
JILLY,13
JIN,9
JING,35
JINNY,1
JIORDAN,13
JISHA,1
JIYA,201
JO,213
JOAN,20914
JOANA,233
JOANIE,104
JOANN,14
JO-ANN,7
JOANNA,7646
JOANNE,12455
JO-ANNE,13
JOCASTA,24
JOCELYN,743
JOCIE,2
JODEE,11
JODHI,7
JODI,786
JODIE,11566
JODIE-LEE,33
JODIE-LEIGH,99
JODIE-MAY,7
JODINE,10
JODY,520
JOELLA,108
JOELLE,261
JOELY,406
JOEY,81
JOHANNA,487
JOHURA,11
JOJO,7
JOLANDA,3
JOLEEN,27
JOLEIGH,4
JOLENE,249
JOLEY,30
JOLIE,552
JOLIN,3
JONI,289
JORDAINE,14
JORDAN,4443
JORDANA,180
JORDANE,45
JORDAN-LEIGH,24
JORDANN,40
JORDANNA,220
JORDANNE,154
JORDEN,110
JORDON,137
JORDYN,127
JORGIA,138
JORGIE,493
JORJA,1914
JORJIA,14
JOSCELINE,3
JOSCELYN,56
JOSE,7
JOSEFIN,1
JOSEFINA,32
JOSEFINE,30
JOSELYN,22
JOSEPHINE,9346
JOSETTE,21
JOSEY,29
JOSIANE,9
JOSIE,3711
JOSSLYN,4
JOURDAIN,3
JOURDAN,21
JOURI,2
JOURY,6
JOVAIRIA,7
JOVANA,38
JOVI,15
JOY,2814
JOYCE,13932
JU,10
JUANA,2
JUANITA,159
JUBAYDAH,3
JUBILEE,3
JUDE,311
JUDI,7
JUDIE,2
JUDITH,4607
JUDY,190
JUHI,63
JULES,10
JULIA,11492
JULIANA,380
JULIANNA,176
JULIANNE,138
JULIE,15184
JULIEANN,9
JULIE-ANN,17
JULIEANNE,9
JULIE-ANNE,24
JULIENNE,12
JULIET,1207
JULIETA,14
JULIETTE,1364
JULITA,15
JUMAIMA,6
JUMANA,139
JUMANAH,83
JUN,4
JUNAINAH,6
JUNE,9161
JUNIPER,35
JUNO,382
JUPITER,1
JURI,1
JUSTICE,108
JUSTINA,129
JUSTINE,454
JUWAIRIAH,18
JUWAIRIYAH,198
JUWAIRIYYAH,73
JUWARIAH,84
JUWARIYA,9
JUWAYRIYAH,119
JYOTI,70
KA,69
KAAJAL,16
KACEE,24
KACEY,3863
KACI,1748
KACIA,8
KACIE,1644
KACY,320
KADEY,34
KADI,179
KADIE,980
KADIJA,141
KADISHA,15
KADY,438
KAELA,164
KAI,175
KAIA,551
KAIDY,24
KAIJA,12
KAILA,359
KAILEE,27
KAILEIGH,28
KAILEY,127
KAILYN,19
KAINAAT,181
KAINAT,158
KAIRA,344
KAIRI,36
KAISHA,243
KAITLAN,234
KAITLAND,16
KAITLEN,51
KAITLIN,2833
KAITLYN,4693
KAITLYNN,145
KAIYA,537
KAJA,396
KAJAL,195
KAJOL,121
KALA,41
KALEIGH,95
KALEY,94
KALI,321
KALILA,63
KALISE,19
KALISHA,121
KALISSA,4
KALLI,75
KALLIE,298
KALLISTA,7
KALLY,57
KALSOOM,40
KAMALA,10
KAMALJIT,8
KAMARA,84
KAMERON,33
KAMILA,392
KAMILAH,130
KAMILE,120
KAMISHA,15
KANDICE,29
KANEEZ,44
KANIKA,34
KANISHA,75
KANWAL,27
KAPRICE,4
KAR,20
KARA,3336
KARAH,18
KARA-LOUISE,21
KARAM,44
KARDELEN,50
KAREEMA,71
KAREEMAH,44
KAREENA,407
KAREN,15251
KARENA,23
KARENZA,54
KARI,83
KARIMA,186
KARIMAH,87
KARIN,119
KARINA,1365
KARIS,869
KARISHMA,357
KARISMA,31
KARISS,23
KARISSA,55
KARLA,749
KARLEE,22
KARLEEN,3
KARLEIGH,40
KARLEY,86
KARLI,86
KARLIE,176
KARLY,198
KARMA,106
KARMAN,16
KARMEN,114
KAROLINA,862
KARRA,12
KARRIE,16
KARRIS,50
KARYN,16
KARYS,169
KASEY,1480
KASHA,52
KASHMIR,5
KASIA,209
KASIE,185
KASSANDRA,88
KASSEY,14
KASSI,11
KASSIA,93
KASSIDY,124
KASSIE,141
KATARINA,380
KATARZYNA,207
KATE,14304
KATELAN,105
KATELAND,30
KATELEN,24
KATELIN,427
KATELYN,2906
KATELYNN,255
KATERINA,636
KATEY,201
KATHARINA,78
KATHARINE,1095
KATHERINE,15843
KATHERYN,50
KATHLEEN,26045
KATHLYN,8
KATHRINE,103
KATHRYN,8630
KATHRYNE,15
KATHY,96
KATI,47
KATIA,180
KATIE,60354
KATIE-ANN,143
KATIE-ANNE,92
KATIE-JANE,95
KATIE-JAYNE,36
KATIE-LEIGH,155
KATIE-LOUISE,289
KATIE-MAE,86
KATIE-MARIE,108
KATIE-MAY,139
KATIE-ROSE,91
KATJA,115
KATLIN,65
KATLYN,207
KATLYNN,6
KATNISS,2
KATRESE,4
KATRIANA,4
KATRIEL,6
KATRIN,82
KATRINA,2076
KATRINE,21
KATRIONA,65
KATRYN,11
KATY,5760
KATYA,322
KATY-JAYNE,3
KATY-LOUISE,10
KAUSER,4
KAUTHAR,33
KAVITA,173
KAWSAR,4
KAWTHAR,122
KAWTHER,19
KAY,2266
KAYA,1382
KAYCE,65
KAYCEE,439
KAYCEY,28
KAYCIE,298
KAYDE,12
KAYDEE,384
KAYDENCE,22
KAYE,83
KAYLA,5361
KAYLAH,266
KAYLE,11
KAYLEA,92
KAYLEE,1022
KAYLEIGH,11604
KAY-LEIGH,23
KAYLEIGH-ANN,30
KAYLEIGH-ANNE,34
KAYLEIGH-JANE,3
KAYLEIGH-LOUISE,9
KAYLEN,51
KAYLEY,1250
KAYLI,36
KAYLIE,219
KAYLIEGH,50
KAYLIN,150
KAYNAT,34
KAYSHA,240
KAYSIE,138
KAYTLIN,135
KAYTLYN,68
KAZI,103
KAZIA,92
KAZIAH,9
KC,68
KEA,85
KEAH,110
KEALEIGH,18
KEALEY,69
KEALIE,16
KEALY,27
KEANA,78
KEANNA,169
KEARA,152
KEASHA,4
KEAVEY,42
KEAVY,264
KEEGAN,48
KEELA,31
KEELEIGH,244
KEELEY,3822
KEELI,15
KEELIE,223
KEELIN,29
KEELY,1053
KEERA,124
KEESHA,67
KEEVA,276
KEHINDE,117
KEIA,7
KEIGHLEY,106
KEIKO,5
KEILA,93
KEILAH,23
KEILEIGH,26
KEILEY,27
KEILY,11
KEIR,8
KEIRA,12768
KEISHA,1206
KEITA,31
KEIVA,7
KEJSI,19
KELBY,7
KELCEY,54
KELCI,114
KELCIE,131
KELCY,6
KELECHI,39
KELEIGH,82
KELIS,406
KELISE,166
KELLEY,10
KELLI,35
KELLIE,323
KELLISE,10
KELLSIE,7
KELLY,10237
KELLYANN,15
KELLY-ANN,50
KELLYANNE,7
KELLY-ANNE,50
KELLY-JO,3
KELLYMARIE,3
KELLY-MARIE,73
KELSEA,371
KELSEE,13
KELSEIGH,10
KELSEY,6873
KELSEY-LEIGH,62
KELSI,331
KELSIE,1725
KELSY,66
KEMI,107
KENDAL,295
KENDALL,426
KENDEL,3
KENDELL,11
KENDRA,625
KENECHUKWU,1
KENISHA,63
KENNA,64
KENNADY,15
KENNEDIE,11
KENNEDY,787
KENSA,38
KENSEY,9
KENYA,301
KENZA,250
KENZI,128
KENZIE,639
KERA,82
KERAN,9
KERBY,3
KEREN,302
KERENSA,73
KERENZA,159
KERI,249
KERINA,6
KERIS,185
KERISHA,3
KERRA,2
KERRI,416
KERRI-ANN,35
KERRIANNE,20
KERRI-ANNE,14
KERRIE,370
KERRIE-ANN,4
KERRIE-ANNE,7
KERRIGAN,13
KERRIS,200
KERRY,5886
KERRYANN,32
KERRY-ANN,87
KERRYANNE,22
KERRY-ANNE,72
KERRY-LEIGH,3
KERRY-LOUISE,3
KERRYN,60
KERSHA,13
KERSTIN,12
KERYN,55
KERYS,268
KES,15
KESHA,57
KESHIA,23
KESIA,119
KESTRA,3
KETSIA,111
KETURAH,77
KEYA,282
KEYLA,12
KEYLEIGH,98
KEZIA,868
KEZIAH,1046
KHADEEJA,431
KHADEEJAH,437
KHADEJA,88
KHADIJA,3236
KHADIJAT,28
KHADIZA,152
KHADRA,65
KHALIDAH,3
KHALISAH,120
KHANSA,120
KHARIS,61
KHATIJA,94
KHEIRA,5
KHIA,141
KHIRA,24
KHLOE,829
KHUSHBU,3
KHUSHI,175
KIA,1445
KIAH,623
KIAN,6
KIANA,799
KIANNA,470
KIARA,1996
KIARNA,113
KIARRA,13
KIAYA,119
KIEANA,9
KIEARA,19
KIEGAN,3
KIERA,6539
KIERAH,57
KIERA-LEIGH,75
KIERAN,27
KIERRA,126
KIERSTEN,8
KIESHA,152
KIKA,6
KIKI,442
KIM,2923
KIMAN,3
KIMBERLEE,15
KIMBERLEIGH,34
KIMBERLEY,7160
KIMBERLIE,3
KIMBERLY,1165
KIMI,116
KIMIA,66
KIMORA,60
KIMRAN,183
KINSEY,6
KINZA,258
KIOMI,2
KIONA,46
KIONI,2
KIRA,4090
KIRAH,64
KIRAN,1332
KIRANDEEP,211
KIRANJEET,26
KIRANJIT,39
KIRANPREET,43
KIRANVEER,3
KIRBIE,21
KIRBY,232
KIREN,82
KIRENDEEP,3
KIRI,245
KIRIN,7
KIRIT,1
KIRRA,62
KIRRAN,8
KIRREN,3
KIRSTEN,2136
KIRSTEY,7
KIRSTI,24
KIRSTIE,821
KIRSTIN,238
KIRSTINA,3
KIRSTY,10241
KIRSTY-ANN,3
KIRSTY-JANE,3
KIRSTYN,93
KIRTAN,19
KIRTHIKA,3
KIRTI,13
KISHA,60
KISHWAR,3
KISMET,13
KIT,12
KITANA,37
KITTIE,64
KITTY,3054
KIYA,517
KIYAH,94
KIYANA,70
KIYOMI,6
KIZZIE,129
KIZZY,275
KLARA,576
KLARISSA,3
KLAUDIA,674
KLEA,93
KLEO,8
KLOE,329
KOBY,3
KODI,169
KODIE,264
KODY,66
KOFI,3
KOLSUMA,33
KOMAL,299
KONNIE,99
KORA,109
KORAL,3
KOREN,52
KORI,36
KORIN,3
KORINA,3
KORNELIA,137
KORRA,2
KORRIE,8
KOURTNEY,418
KOWSAR,15
KRINA,27
KRIPA,4
KRISHA,340
KRISHMA,60
KRISHNA,220
KRISSIE,2
KRISSY,2
KRISTA,199
KRISTAL,122
KRISTEL,6
KRISTEN,439
KRISTI,53
KRISTIANA,79
KRISTIE,150
KRISTIN,179
KRISTINA,940
KRISTINE,98
KRISTY,252
KRISTYN,3
KRUPA,83
KRYSTA,17
KRYSTAL,1110
KRYSTEN,1
KRYSTINA,38
KRYSTLE,40
KRYSTYNA,47
KSENIA,86
KUBRA,91
KUBRAH,3
KULJEET,8
KULSOOM,88
KULSUM,116
KULSUMA,57
KULTHOOM,19
KUMBA,11
KUNDAI,5
KUPAKWASHE,1
KYA,553
KYAH,219
KYANNA,80
KYANNE,49
KYARA,34
KYIA,67
KYLA,2347
KYLAH,230
KYLER,20
KYLIE,869
KYM,92
KYMBERLEY,88
KYMBERLY,25
KYNA,41
KYOKO,3
KYOMI,13
KYRA,3407
KYRAH,248
KYRA-LEIGH,54
KYRIA,32
KYRIE,57
LA,42
LABIBA,73
LACE,35
LACEY,11450
LACEY-MAE,205
LACI,73
LACIE,2124
LACY,350
LADAN,68
LADY,85
LAELA,29
LAETITIA,152
LAIBA,2085
LAIKA,1
LAIKEN,9
LAILA,5244
LAILAH,266
LAINA,109
LAINE,53
LAINEY,467
LAINI,6
LAINIE,34
LAISHA,9
LAKEISHA,194
LAKEN,13
LAKESHA,7
LAKISHA,94
LAKOTA,6
LAKSHMI,159
LALANA,1
LAMARA,36
LAMEES,130
LAMIA,76
LAMIS,60
LAMISAH,52
LAMORNA,50
LAN,9
LANA,3256
LANEY,290
LANI,376
LANIKA,3
LANNA,31
LAOISE,48
LARA,8917
LARAH,24
LARAIB,303
LAREB,20
LAREN,5
LARIAH,6
LARISA,163
LARISSA,988
LARNA,247
LARNIE,3
LARRISSA,7
LASHAY,48
LATASHA,69
LATEISHA,11
LATESHA,31
LATIA,98
LATICIA,3
LATIFA,190
LATIFAH,187
LATIKA,5
LATISHA,503
LATOYA,179
LATOYAH,24
LAUNA,18
LAURA,36075
LAURA-ANN,3
LAURA-ANNE,11
LAURA-BETH,13
LAURA-JANE,53
LAURA-JAYNE,20
LAURA-LOUISE,5
LAURA-MAY,16
LAURAN,88
LAURA-ROSE,6
LAUREEN,6
LAUREL,370
LAURELL,6
LAURELLE,61
LAUREN,57909
LAUREN-JADE,7
LAUREN-LOUISE,7
LAUREN-MARIE,16
LAUREN-ROSE,7
LAURI,12
LAURIE,603
LAURIE-ANNE,4
LAURISSA,16
LAURREN,7
LAURYN,1534
LAVANYA,74
LAVENDER,21
LAVERNE,5
LAVINA,41
LAVINIA,499
LAYA,128
LAYLA,15465
LAYLAH,313
LAYLA-MAE,75
LAYLA-MAI,41
LAYNA,95
LAYNE,8
LEA,1143
LEAH,30824
LEAHA,34
LEAH-JAYNE,3
LEAH-MAE,43
LEAH-MARIE,130
LEALA,66
LEANA,119
LEANDA,3
LEANDER,6
LEANDRA,106
LEANE,22
LEANN,84
LEANNA,534
LEANNAH,3
LEANNE,5964
LEE,48
LEEANN,24
LEEANNE,32
LEE-ANNE,11
LEELA,583
LEENA,714
LEESHA,16
LEEYA,91
LEEZA,72
LEIA,1385
LEIAH,46
LEIGH,868
LEIGHA,576
LEIGHANN,17
LEIGH-ANN,71
LEIGHANNA,22
LEIGH-ANNA,3
LEIGHANNE,39
LEIGH-ANNE,75
LEILA,4922
LEILAH,281
LEILANI,513
LEISHA,149
LEKEISHA,16
LELA,67
LELIANA,1
LEMA,14
LENA,3221
LENAH,1
LENE,37
LENI,59
LENNA,10
LENNON,4
LENNOX,3
LENYA,1
LEONA,1940
LEONE,69
LEONI,914
LEONIE,2088
LEONNA,48
LEONNE,9
LEONNI,7
LEONNIE,90
LEONOR,139
LEONORA,205
LEORA,84
LERRYN,28
LESLEY,5960
LESLEY-ANNE,7
LESLIE,16
LETIA,37
LETICIA,347
LETISHA,179
LETITIA,371
LETTY,62
LEVI,548
LEXA,15
LEXEY,5
LEXI,10156
LEXIA,89
LEXIE,6709
LEXIE-MAE,45
LEXI-MAE,127
LEXI-MAI,98
LEXI-MAY,72
LEXINE,19
LEXUS,175
LEXY,78
LEYA,270
LEYAN,20
LEYANA,5
LEYANNA,3
LEYLA,1796
LEYLAH,15
LI,63
LIA,1822
LIAH,124
LIAN,79
LIANA,803
LIANE,50
LIANNA,233
LIANNE,227
LIBBEY,1
LIBBI,328
LIBBIE,883
LIBBY,12922
LIBERTY,3550
LICIA,18
LIDIA,383
LIELA,1
LIELLE,6
LILA,2046
LILAC,127
LILA-GRACE,4
LILAH,1097
LILE,1
LILI,1545
LILIA,2143
LILIAN,13115
LILIANA,1960
LILIANNA,354
LILIANNE,8
LILIBETH,7
LILIE,170
LILIEN,15
LILI-MAE,88
LILITH,295
LILIWEN,2
LILLA,53
LILLAH,4
LILLEY,124
LILLI,1037
LILLIA,731
LILLIAN,4164
LILLIANA,248
LILLIANNA,122
LILLIBETH,4
LILLIE,5403
LILLIE-MAE,796
LILLIE-MAI,89
LILLIE-MAY,94
LILLIE-ROSE,116
LILLI-ROSE,15
LILLITH,15
LILLY,16031
LILLY-ANN,97
LILLY-ANNE,252
LILLY-GRACE,74
LILLY-MAE,1302
LILLY-MAI,175
LILLY-MAY,1477
LILLY-ROSE,334
LILY,60044
LILYANA,120
LILY-ANN,440
LILYANNA,35
LILY-ANNA,82
LILYANNE,17
LILY-ANNE,325
LILYBELLE,15
LILYELLA,33
LILY-LOUISE,44
LILY-MAE,2264
LILY-MAI,708
LILY-MARIE,42
LILYMAY,136
LILY-MAY,1738
LILY-ROSE,2000
LIMA,40
LIN,10
LINA,1044
LINDA,13684
LINDSAY,945
LINDSEY,1611
LINDY,7
LINETTE,1
LING,7
LINNEA,93
LINNET,3
LINSEY,41
LINZI,102
LIONA,17
LIORA,100
LIPA,4
LISA,15504
LISAMARIE,50
LISA-MARIE,230
LISBETH,7
LISE,4
LISETTE,11
LISHA,79
LITA,17
LIV,253
LIVIA,1276
LIVIE,19
LIVVI,19
LIVY,15
LIYA,345
LIYAH,139
LIZ,30
LIZA,300
LIZZIE,206
LIZZY,57
LLANA,6
LLEUCU,88
LLINOS,176
LLIO,113
LLIWEN,10
LOGAN,358
LOIS,8167
LOKI,2
LOLA,17262
LOLA-GRACE,41
LOLA-MAE,83
LOLA-MAY,45
LOLITA,110
LONDON,35
LONI,8
LORA,150
LORALEI,1
LORAN,21
LOREDANA,38
LORELAI,65
LORELEI,288
LORELIE,2
LORELL,7
LORELLE,73
LOREN,791
LORENA,383
LORENNA,7
LORENZA,51
LORETTA,255
LORI,341
LORIANNE,3
LORIEN,71
LORIN,28
LORNA,1924
LORNA-JEAN,3
LORRAINE,4342
LORREN,48
LORRETTA,19
LORRIE,3
LORYN,11
LOTI,10
LOTTE,191
LOTTI,181
LOTTIE,5126
LOTTY,90
LOTUS,42
LOUANNE,21
LOUELLA,65
LOUIE,16
LOUISA,6038
LOUISE,21111
LOUISHA,35
LOUIZA,52
LOURDES,148
LOVE,40
LOVEDAY,55
LOVELLE,5
LOWEN,14
LOWENNA,243
LOWRI,1813
LOWRIE,26
LUA,10
LUAN,4
LUANA,295
LUANNA,28
LUANNE,7
LUBNA,198
LUBNAA,8
LUCA,171
LUCEE,3
LUCEY,2
LUCHIA,125
LUCI,363
LUCIA,4255
LUCIANA,362
LUCIANNA,90
LUCIANNE,21
LUCIE,4999
LUCIENNE,57
LUCILLA,1
LUCILLE,311
LUCINA,7
LUCINDA,1217
LUCKY,21
LUCRETIA,15
LUCY,74889
LUCY-ANN,109
LUCY-ANNA,14
LUCYANNE,7
LUCY-ANNE,101
LUCY-ELLEN,3
LUCY-JANE,37
LUCY-JAYNE,18
LUCY-MAE,110
LUCY-MAY,150
LUELLA,300
LUISA,704
LUISE,9
LUJAIN,41
LUKA,208
LULA,318
LULU,520
LUMEN,6
LUMI,5
LUNA,1764
LUNAR,3
LUNA-RAE,6
LUPE,1
LUWAM,3
LUX,13
LYANA,4
LYANNA,4
LYBA,153
LYDIA,16309
LYDIA-ROSE,53
LYDIE,12
LYLA,3732
LYLAH,87
LYLIA,6
LYN,15
LYNA,15
LYNDA,1386
LYNDSAY,46
LYNDSEY,716
LYNETTE,65
LYNN,2818
LYNNE,2453
LYNNETTE,6
LYNSAY,3
LYNSEY,614
LYRA,1588
LYRAH,4
LYRIC,40
LYSETTE,4
LYSSA,6
LYSSIA,4
MABEL,5915
MABLE,5
MACEY,3809
MACI,629
MACIE,3057
MACIE-LEIGH,41
MACKENNA,6
MACKENZIE,1257
MACY,3909
MACY-JANE,10
MADALAINE,58
MADALEINE,102
MADALENA,71
MADALENE,17
MADALIN,39
MADALINE,128
MADALYN,191
MADDALENA,68
MADDI,125
MADDIE,2462
MADDISON,10882
MADDOX,5
MADDY,403
MADEEHA,373
MADEHA,53
MADELAINE,1042
MADELEINE,11036
MADELENE,61
MADELIENE,4
MADELIN,65
MADELINE,5251
MADELYN,442
MADELYNE,43
MADHIYA,11
MADIA,39
MADIE,6
MADIHA,628
MADIHAH,318
MADINA,342
MADISON,15259
MADISSON,16
MADIYA,66
MADLEN,37
MADONNA,2
MADYSON,102
MAE,1865
MAEA,4
MAEBH,19
MAEGAN,184
MAELLE,6
MAELYS,13
MAEVA,58
MAEVE,852
MAGAN,15
MAGDA,76
MAGDALEN,16
MAGDALENA,505
MAGDALENE,107
MAGENTA,64
MAGGI,7
MAGGIE,2595
MAGI,44
MAHA,578
MAHAM,288
MAHDIYA,237
MAHEEN,436
MAHIMA,470
MAHNOOR,896
MAHREEN,135
MAHZABIN,5
MAI,428
MAIA,3971
MAICEY,83
MAICIE,41
MAICY,34
MAIGAN,13
MAIJA,82
MAIMIE,1
MAIMUNA,157
MAIR,206
MAIRA,634
MAIRE,14
MAIREAD,288
MAIRI,124
MAISA,21
MAISE,4
MAISEY,1402
MAISHA,766
MAISIE,22848
MAISIE-JANE,54
MAISIE-LEIGH,40
MAISSA,2
MAISY,5460
MAIYA,681
MAIZIE,1160
MAIZY,237
MAJA,3555
MAJELLA,3
MAJENTA,3
MAKALA,12
MAKAYLA,536
MAKEDA,135
MAKENZIE,173
MAKI,3
MALA,95
MALAIKA,1784
MALAIKAH,212
MALAK,585
MALANDRA,8
MALI,984
MALIHA,777
MALIKA,747
MALIKAH,272
MALISHA,11
MALISSA,31
MALKA,305
MALKY,91
MALLORY,120
MALWINA,36
MAMIE,34
MANDY,1447
MANHA,183
MANISHA,463
MANPREET,307
MANSI,94
MANUELA,185
MANUELLA,60
MAPLE,8
MARA,416
MARAM,153
MARCELA,10
MARCELINE,6
MARCELLA,215
MARCELLE,3
MARCEY,8
MARCI,14
MARCIA,321
MARCIE,443
MARCY,179
MARED,243
MAREEN,6
MAREENA,6
MARELLA,6
MARGARET,43478
MARGAUX,195
MARGED,54
MARGERY,373
MARGHERITA,53
MARGO,97
MARGOT,734
MARGUERITE,82
MARI,631
MARIA,21059
MARIAH,1017
MARIAM,4633
MARIAMA,332
MARIAN,2669
MARIANA,554
MARIANNA,423
MARIANNE,723
MARIBEL,2
MARICA,1
MARIE,10256
MARIE-CLAIRE,14
MARIEKE,6
MARIEL,21
MARIELLA,560
MARIELLE,74
MARIEM,31
MARIETTE,31
MARIGOLD,19
MARIHAH,22
MARIKA,300
MARILENA,19
MARILYN,2635
MARINA,2700
MARINE,47
MARION,6563
MARISA,514
MARISHA,41
MARISOL,1
MARISSA,911
MARIUM,184
MARIYA,895
MARIYAH,749
MARIYAM,365
MARIYUM,26
MARIZA,1
MARJANA,51
MARJORIE,12409
MARLA,218
MARLEE,171
MARLENA,117
MARLENE,1736
MARLEY,866
MARLIE,376
MARLOWE,17
MARNEY,41
MARNI,539
MARNIE,1903
MARRIA,23
MARRIAM,28
MARRISA,6
MARRIYAH,34
MARSELA,13
MARSHA,76
MARTA,601
MARTELL,4
MARTHA,11129
MARTIKA,9
MARTINA,671
MARTINE,179
MARTINIQUE,3
MARVEL,1
MARVELLOUS,8
MARVELOUS,2
MARWA,1118
MARWAH,299
MARY,47932
MARYA,177
MARYAH,27
MARYAM,8892
MARYAMA,262
MARYAN,141
MARYANN,138
MARY-ANN,137
MARYANNE,114
MARY-ANNE,83
MARYBETH,18
MARY-BETH,24
MARYIAM,15
MARYJANE,43
MARY-JANE,219
MARY-KATE,151
MARYLOU,22
MARYUM,207
MASA,4
MASHA,6
MASHAL,49
MASIE,183
MASUMA,287
MASUMAH,18
MATHILDA,847
MATHILDE,421
MATHURA,28
MATILDA,16728
MATILDE,249
MATTEA,67
MATTIA,3
MAUD,125
MAUDE,72
MAURA,31
MAUREEN,12519
MAVIS,1209
MAVISH,27
MAWAHIB,4
MAWIYAH,8
MAX,1
MAXIE,4
MAXIME,9
MAXINE,1001
MAY,6982
MAYA,14370
MAYAH,228
MAYAR,35
MAYBEL,6
MAYBELLE,10
MAYCEE,46
MAYCIE,75
MAYRA,19
MAYSIE,102
MAYU,12
MAYURI,36
MAZIE,375
MCKENZIE,777
MEA,257
MEABH,61
MEADHBH,6
MEADOW,621
MEAGAN,191
MEAGHAN,104
MEAH,129
MEDHA,11
MEDI,88
MEDINA,256
MEDINE,10
MEEGAN,12
MEEKA,7
MEENA,187
MEENAKSHI,30
MEERA,471
MEESHA,75
MEG,658
MEGAN,71679
MEGAN-ANNE,1
MEGANE,14
MEGAN-LEIGH,18
MEGAN-LOUISE,71
MEGANN,17
MEGANNE,11
MEGAN-ROSE,109
MEGEN,10
MEGGAN,51
MEGGIE,23
MEGHA,99
MEGHAN,1737
MEGHANA,6
MEGHANN,57
MEGHNA,114
MEGI,38
MEGUMI,8
MEHA,27
MEHAK,336
MEHEK,248
MEHMOONA,24
MEHNAZ,103
MEHNOOR,26
MEHR,54
MEHRAB,1
MEHREEN,526
MEHRIN,12
MEHRISH,8
MEHRUN,3
MEHRUNNISA,3
MEHVISH,158
MEHWISH,106
MEHZABIN,3
MEI,230
MEIDA,7
MEI-LING,3
MEINIR,3
MEIRA,11
MEISHA,167
MEJA,10
MEL,1
MELA,9
MELANIE,5614
MELANIJA,6
MELANY,8
MELEK,212
MELENA,6
MELERI,13
MELIA,30
MELIKA,93
MELIKE,96
MELINA,395
MELINDA,199
MELIS,221
MELISA,811
MELISHA,29
MELISSA,13794
MELITA,168
MELIZ,51
MELLISA,96
MELLISSA,162
MELODIE,224
MELODY,2190
MELTEM,17
MELVINA,13
MELYSSA,9
MEMOONA,30
MEMPHIS,29
MENNA,398
MERA,1
MERCEDES,1155
MERCI,7
MERCIA,1
MERCY,443
MEREDITH,909
MEREDYDD,1
MEREDYTH,1
MEREL,3
MERIAM,112
MERIDA,8
MERIEL,63
MERIEM,127
MERISSA,47
MERITA,6
MERLE,53
MERLYN,9
MERON,20
MERRIE,1
MERRIN,10
MERRY,2
MERRYN,419
MERVE,128
MERVEILLE,8
MERYEM,267
MERYL,51
MERYN,27
MESHA,54
MEVISH,23
MHAIRI,154
MIA,47801
MIAH,796
MIA-LILLY,13
MIAMI,29
MIA-RAE,43
MIA-ROSE,616
MICA,472
MICAELA,174
MICAH,113
MICAYLA,8
MICHA,156
MICHAELA,3216
MICHAELLA,179
MICHAL,143
MICHALA,14
MICHEALA,84
MICHELA,80
MICHELE,572
MICHELLA,19
MICHELLE,14645
MICKAELA,2
MICKAYLA,23
MIGLE,31
MIHAELA,15
MIHRIBAN,3
MIKA,405
MIKAELA,389
MIKAL,1
MIKALA,34
MIKAYELA,3
MIKAYLA,669
MIKEALA,3
MIKELA,9
MIKHAELA,1
MIKHELA,1
MIKI,40
MIKILA,3
MIKKI,34
MILA,2645
MILAN,375
MILANA,502
MILANNA,1
MILDA,9
MILDRED,2182
MILENA,846
MILETA,1
MILEY,886
MILI,156
MILICA,40
MILISSA,49
MILLA,514
MILLE,19
MILLEN,8
MILLENA,1
MILLI,403
MILLICENT,3021
MILLIE,31858
MILLIE-ANN,37
MILLIE-MAE,360
MILLIE-MAY,209
MILLIE-ROSE,428
MILLISSA,22
MILLY,4550
MIMI,590
MINA,684
MINAHIL,343
MINAL,115
MINDY,66
MINERVA,62
MINETTE,20
MING,29
MINH,6
MINI,2
MINNA,139
MINNI,1
MINNIE,3217
MINNY,1
MINUKI,1
MIR,26
MIRA,413
MIRABEL,78
MIRABELLA,6
MIRAIN,26
MIRANDA,1136
MIREL,24
MIREN,13
MIRHA,7
MIRI,106
MIRIAM,3050
MIROSLAVA,6
MIRREN,126
MIRRI,1
MIRUNA,22
MIRYAM,48
MIRZA,20
MISAKI,4
MISBA,79
MISBAH,482
MISCHA,623
MISHA,726
MISHAAL,63
MISHAL,144
MISHALL,9
MISHIKA,9
MISK,7
MISSY,302
MISTY,234
MITZEE,5
MITZI,76
MITZIE,4
MITZY,5
MIYA,1156
MIYAH,241
MIYU,5
MIZUKI,12
MOBEEN,21
MOESHA,115
MOHIMA,96
MOHINI,37
MOIA,3
MOIRA,62
MOLI,93
MOLLEY,10
MOLLI,143
MOLLIE,12452
MOLLIE-ANN,64
MOLLIE-JO,12
MOLLIE-MAE,162
MOLLIE-ROSE,57
MOLLY,40851
MOLLY-ANN,146
MOLLY-ANNE,117
MOLLY-JO,45
MOLLY-MAE,155
MOLLY-MAY,217
MOLLY-ROSE,140
MOMENA,40
MOMINA,397
MOMINAH,70
MONA,281
MONAE,84
MONET,226
MONICA,3077
MONIKA,433
MONIQUE,1065
MONIRA,18
MONISHA,103
MONROE,28
MONTANA,339
MONTANNA,64
MOONISAH,13
MORAG,23
MORENIKE,56
MORGAN,9103
MORGANA,73
MORGANE,76
MORGAN-LEIGH,37
MORGANN,11
MORGANNA,17
MORGANNE,35
MORGEN,90
MORNA,3
MORRIGAN,36
MORVEN,60
MORWENNA,195
MOTUNRAYO,30
MOYA,75
MOYINOLUWA,69
MOYOSOREOLUWA,48
MUIREANN,12
MUMINA,79
MUMINAH,182
MUNA,509
MUNEEBA,95
MUNEEBAH,115
MUNIBA,106
MUNIBAH,36
MUNIRA,336
MUNIRAH,30
MUNTAHA,185
MUQADAS,77
MUQADDAS,67
MURIEL,6151
MURPHY,2
MURREN,6
MURRON,38
MUSAMMAD,27
MUSAMMAT,72
MUSAMMATH,41
MUSKA,8
MUSKAAN,550
MUSKAN,275
MYA,7207
MYAH,989
MYESHA,82
MYFANWY,99
MYIAH,41
MYLA,481
MYLEEN,4
MYLEENE,14
MYLEY,28
MYLIE,122
MYRA,393
MYREEN,1
MYRIAM,103
MYRTLE,60
MYSHA,93
NAA,48
NABA,21
NABEEHA,173
NABEELA,170
NABEELAH,75
NABIHA,402
NABIHAH,157
NABILA,327
NABILAH,192
NADA,455
NADENE,14
NADIA,4695
NADINA,10
NADINE,1418
NADIRA,211
NADIRAH,82
NADIYA,149
NADIYAH,127
NADJA,29
NADRA,28
NADYA,124
NAEEMA,196
NAEEMAH,76
NAEVE,24
NAFEESA,384
NAFEESAH,147
NAFISA,615
NAFISAH,232
NAGINA,31
NAHEEDA,10
NAHIDA,126
NAHIMA,97
NAILA,358
NAILAH,294
NAIMA,836
NAIMAH,305
NAIMH,12
NAINA,239
NAIOMI,33
NAJAH,88
NAJIYAH,33
NAJMA,521
NAJWA,53
NAKISHA,24
NAKITA,179
NALA,120
NAMIRA,9
NAMRA,28
NAMRATA,16
NAN,15
NANA,605
NANCIE,194
NANCY,9443
NANDI,38
NANDINI,137
NAOISE,15
NAOMI,11434
NAOMIE,52
NARA,52
NARCISA,6
NARDIA,16
NAREECE,8
NAREEN,6
NARGES,6
NARGIS,46
NARISSA,13
NARLA,6
NASEEM,14
NASEEMA,20
NASIMA,72
NASRA,212
NASREEN,172
NASRIN,114
NASTASSJA,21
NATACHA,59
NATALIA,4906
NATALIE,16717
NATALIYA,41
NATALLIE,3
NATALY,26
NATALYA,609
NATASCHA,74
NATASHA,19468
NATASHIA,14
NATASIA,8
NATASJA,51
NATASSIA,20
NATASSJA,18
NATAYA,54
NATEA,15
NATHALIA,74
NATHALIE,341
NATHANIA,87
NATISHA,24
NATSUKI,2
NATSUMI,2
NAUREEN,13
NAUSHEEN,14
NAVDEEP,62
NAVEENA,20
NAVJOT,53
NAVNEET,177
NAVPREET,60
NAWAAL,105
NAWAL,432
NAYA,217
NAYAAB,73
NAYAB,90
NAYANA,97
NAYARA,15
NAYEEMA,19
NAYLA,131
NAZAR,8
NAZIA,329
NAZIFA,304
NAZIHAH,18
NAZIRA,34
NAZISH,104
NAZLI,94
NAZMA,72
NAZMEEN,28
NAZMIN,148
NAZNEEN,77
NAZNIN,10
NAZREEN,35
NAZRIN,16
NDIDI,3
NEA,32
NEAH,5
NEALA,4
NEAMH,21
NEAVE,1087
NECHAMA,110
NEDA,129
NEELA,24
NEELAM,295
NEELEY,3
NEELIMA,12
NEELY,6
NEEMA,41
NEENA,55
NEESHA,72
NEEVA,14
NEEVE,286
NEHA,1106
NEHIR,37
NEILA,13
NEISHA,74
NEIVA,7
NEIVE,431
NEL,347
NELA,82
NELI,8
NELL,1791
NELLE,14
NELLI,8
NELLIE,5852
NELLY,173
NENEH,44
NEOMI,3
NERIAH,91
NERICE,8
NERISSA,91
NERYS,201
NESHA,16
NESSA,9
NESTA,62
NETHMI,1
NETTIE,1
NEVA,30
NEVADA,5
NEVE,5753
NGA,3
NGAIRE,14
NGOZICHUKWUKA,3
NIA,3266
NIAH,373
NIALA,10
NIAMBH,4
NIAMH,16783
NIAOMI,20
NICHOL,23
NICHOLA,864
NICHOLE,199
NICHOLL,3
NICKI,55
NICKITA,3
NICKOLA,3
NICKY,92
NICO,84
NICOL,279
NICOLA,19364
NICOLE,19474
NICOLE-LOUISE,3
NICOLETTA,44
NICOLETTE,55
NICOLL,7
NICOLLE,118
NIDA,309
NIDAH,17
NIDHI,171
NIESHA,32
NIEVE,983
NIGELLA,8
NIKETA,15
NIKHITA,139
NIKI,112
NIKIA,14
NIKISHA,118
NIKITA,3053
NIKITTA,40
NIKKI,760
NIKKIA,9
NIKKITA,282
NIKOLA,1327
NIKOLE,104
NIKOLINA,13
NILA,124
NILAH,13
NILIMA,41
NIMA,44
NIMAH,46
NIMCO,39
NIMISHA,50
NIMO,62
NIMRA,549
NIMRAH,396
NINA,4211
NIOMI,187
NIRALI,32
NIRVANA,140
NISA,247
NISBA,8
NISBAH,12
NISHA,640
NISHAT,251
NISHI,69
NISHITA,18
NISHKA,30
NISHMA,9
NISSA,13
NITA,16
NIXIE,14
NNEKA,61
NNENNA,41
NOA,447
NOELLA,54
NOEMI,233
NOEMIE,100
NOKUTENDA,10
NOLA,319
NOMI,12
NON,79
NOON,3
NOOR,1951
NOORA,114
NORA,4399
NORAH,3243
NOREEN,151
NORMA,2565
NOSHEEN,114
NOSHIN,82
NOUR,401
NOURA,110
NOUREEN,5
NOVA,246
NOYA,8
NUALA,445
NUHA,381
NULA,12
NUR,388
NURA,133
NURIA,101
NURUL,61
NUSAYBAH,470
NUSRAT,267
NUSRATH,41
NUZHAT,70
NYA,268
NYAH,970
NYASHA,116
NYLA,842
NYOMI,51
NYREE,88
NYSA,4
NYSSA,37
NYX,1
OAKLEIGH,29
OAKLEY,69
OASIS,3
OCEA,12
OCEAN,861
OCEANA,71
OCEANIA,1
OCTAVIA,418
ODELIA,9
ODESSA,9
ODETTE,109
ODILIA,3
OFELIA,19
OFURE,6
OGECHI,37
OGOCHUKWU,3
OKSANA,13
OLA,185
OLAMIDE,190
OLANNA,13
OLGA,194
OLINA,7
OLIVE,9216
OLIVIA,91094
OLIVIA-GRACE,263
OLIVIA-LOUISE,19
OLIVIA-MAE,233
OLIVIA-MAI,34
OLIVIA-MAY,173
OLIVIA-PAIGE,12
OLIVIA-ROSE,447
OLIVYA,3
OLOLADE,37
OLUFUNMILAYO,3
OLUKEMI,3
OLUMAYOWA,3
OLUTOMI,3
OLUTOYIN,3
OLUWABUKOLA,17
OLUWADAMILOLA,201
OLUWAFOLAKEMI,9
OLUWAKEMI,122
OLUWAPELUMI,54
OLUWASEUN,100
OLUWASEYI,79
OLUWATOBI,110
OLUWATOBILOBA,68
OLUWATOMI,38
OLUWATOMISIN,84
OLUWATONI,99
OLUWATOSIN,122
OLUWATOYIN,33
OLWEN,71
OLYMPIA,124
OLYVIA,43
OMAIMA,28
OMNIA,14
OMOBOLANLE,3
OMOLABAKE,3
OMOLADE,9
OMOLARA,79
OMOLOLA,57
OMOSEDE,2
OMOTARA,31
OMOWUNMI,6
ONIKA,6
ONYINYECHUKWU,28
ONYX,1
OONA,140
OONAGH,141
OPAL,123
OPEOLUWA,10
OPEYEMI,58
OPHELIA,1334
OPHELIE,3
OPRAH,12
OREOLUWA,204
ORIANA,340
ORIANE,22
ORIANNA,71
ORIANNE,19
ORIEL,10
ORISSA,3
ORLA,4549
ORLAGH,298
ORLAIGH,3
ORLAITH,727
OTTILIE,602
OTTOLINE,8
OYINDAMOLA,77
OYINKANSOLA,116
OYKU,2
OZGE,59
OZLEM,49
PACEY,2
PACHA,9
PADME,1
PAGAN,140
PAGE,76
PAIGE,24059
PAIGE-LOUISE,26
PAIGE-MARIE,38
PAIGEN,6
PAIGHTON,153
PAIGNTON,20
PAISLEE,4
PAISLEIGH,17
PAISLEY,612
PAITON,53
PAKEEZAH,6
PALLAVI,23
PALOMA,310
PAMELA,11034
PANASHE,14
PANAYIOTA,38
PANDORA,204
PAOLA,92
PARADISE,6
PARDEEP,3
PARIS,3713
PARISA,210
PARISHA,51
PARISS,19
PARISSE,3
PARKER,24
PARMINDER,13
PARNIKA,3
PARRIS,152
PARVEEN,45
PARYS,76
PASCALE,72
PASCHA,3
PASHA,51
PASSION,1
PATIENCE,309
PATRICE,86
PATRICIA,24638
PATSIE,6
PATSY,236
PAULA,3802
PAULINA,510
PAULINE,12026
PAVAN,159
PAVANDEEP,77
PAVNEET,56
PAYAL,94
PAYGE,25
PAYNTON,15
PAYTEN,6
PAYTON,562
PEACE,132
PEACH,9
PEACHES,183
PEARL,1667
PEBBLES,64
PEGGIE,2
PEGGY,2890
PELIN,55
PENELOPE,4656
PENIEL,14
PENINA,33
PENNIE,55
PENNY,1864
PEONY,22
PEPPER,24
PERDITA,114
PERI,113
PERL,1
PERPETUA,1
PERRI,64
PERRIE,101
PERRY,21
PERSEPHONE,290
PERSEPHONIE,1
PERSIA,113
PETA,53
PETRA,387
PETRINA,28
PEYTON,1351
PHAEDRA,60
PHEBE,283
PHEOBE,634
PHILIPA,19
PHILIPPA,3307
PHILLIPA,364
PHILLIPPA,279
PHILOMENA,148
PHOEBE,32249
PHOEBIE,195
PHOENIX,849
PHUONG,29
PHYLLIS,3480
PIA,500
PINAR,39
PIP,6
PIPER,1358
PIPPA,2651
PIPPI,7
PIXIE,224
POLLY,3244
POLLYANNA,448
POLLY-ANNA,22
POOJA,233
POONAM,35
POPPI,228
POPPIE,992
POPPY,34571
POPPY-MAE,218
POPPY-MAY,53
PORSCHA,165
PORSCHE,99
PORSHA,250
PORTIA,426
PRABHJOT,69
PRECIOUS,1295
PREENA,20
PREET,125
PREETI,75
PREEYA,95
PRESLEY,23
PRIA,73
PRIANKA,23
PRIMROSE,605
PRINA,22
PRINCESS,1176
PRISCA,56
PRISCILLA,513
PRITHIKA,7
PRITI,3
PRIYA,2420
PRIYAL,58
PRIYANKA,448
PROMISE,15
PRUDENCE,202
PUI,34
PUJA,62
PURITY,6
QENDRESA,8
QUDSIA,52
QUEEN,69
QUEENIE,180
QUIANA,18
QUIN,2
QUINN,478
QUINNE,1
QUORRA,4
QURATULAIN,12
RABEEAH,15
RABIA,651
RABIAH,143
RABIYA,137
RACHAEL,7777
RACHEAL,247
RACHEL,31409
RACHELE,18
RACHELLE,189
RACQUEL,6
RADEYAH,31
RADHA,123
RADHIKA,263
RADIA,45
RAE,609
RAEANNE,22
RAE-ANNE,9
RAEESA,192
RAEESAH,239
RA'EESAH,21
RAEGAN,232
RAFA,28
RAFAELA,125
RAFAELLA,101
RAFFAELLA,107
RAFIA,113
RAFIAH,38
RAGAN,14
RAHAT,14
RAHEELA,33
RAHEEMA,152
RAHEEMAH,62
RAHELA,122
RAHILA,17
RAHIMA,417
RAHIMAH,77
RAHMA,625
RAI,5
RAIA,15
RAIGAN,14
RAIHANA,98
RAIN,60
RAINA,171
RAINBOW,28
RAINE,178
RAINIE,6
RAISA,229
RAISAH,38
RAISHA,22
RAISSA,10
RAJDEEP,33
RAJNI,23
RAJPREET,34
RAJVEER,32
RAJVINDER,25
RAMA,42
RAMAN,41
RAMANDEEP,86
RAMANPREET,25
RAMEEN,140
RAMEESHA,75
RAMISA,128
RAMISHA,88
RAMLA,169
RAMNEET,19
RAMONA,227
RAMONE,3
RAMSHA,78
RANA,287
RANI,141
RANIA,653
RANYA,153
RAPHAELA,95
RAPHAELLA,159
RAPHAELLE,47
RAQIYA,20
RAQUEL,166
RASHA,49
RASHIDA,118
RASHIDAT,8
RASHMI,16
RAVEEN,16
RAVEENA,183
RAVEN,419
RAVINA,51
RAVINDER,34
RAVNEET,156
RAWAN,203
RAY,7
RAYA,659
RAYAN,441
RAYANN,132
RAYANNE,87
RAYHANA,90
RAYNA,187
RAYNE,145
RAYNOR,9
RAZ,16
RAZAN,125
RAZIA,61
RAZINA,14
REA,242
REAGAN,313
REAH,96
REANN,33
REANNA,530
REANNE,375
REANNON,7
REBA,25
REBBECA,20
REBBECCA,54
REBECA,371
REBECCA,61125
REBECCAH,24
REBECCA-LOUISE,17
REBECKA,83
REBECKAH,22
REBEKA,306
REBEKAH,4669
REBEKHA,9
REBEKKA,269
REBEKKAH,79
RED,28
REDA,4
REECE,95
REEGAN,117
REEM,522
REEMA,264
REEMAS,3
REENA,158
REESE,389
REESHA,22
REEVA,73
REEYA,105
REGAN,727
REGINA,161
REHA,29
REHANA,167
REHANNA,52
REI,1
REIA,1
REIGAN,4
REIGN,5
REINA,101
REISA,1
REISEL,30
REISHA,7
REISS,8
REJOICE,6
REKHA,17
REMA,49
REMAE,7
REMAS,15
REME,4
REMEE,7
REMI,635
REMIE,62
REMMI,18
REMMIE,22
REMY,312
REN,13
RENA,86
RENAD,20
RENAE,575
RENAI,54
RENATA,118
RENAY,82
RENAYA,13
RENE,216
RENEA,49
RENEE,2057
RENEECE,9
RENNA,6
RENU,16
RENUKA,10
REO,26
RESHMA,102
REVA,25
REYA,212
REYAH,34
REYHAN,15
REYNA,16
REZWANA,102
RHAYA,6
RHEA,2025
RHEAGAN,1
RHEANA,4
RHEANN,3
RHEANNA,240
RHEANNAN,1
RHEANNE,80
RHEANNON,32
RHEGAN,1
RHEIA,4
RHEMA,68
RHEO,1
RHEYA,22
RHIA,547
RHIAIN,20
RHIAN,1515
RHIANA,279
RHIANAN,11
RHIANE,38
RHIANEDD,3
RHIANN,306
RHIANNA,4289
RHIANNAH,46
RHIANNAN,193
RHIANNE,794
RHIANNON,6496
RHIANON,76
RHIANWEN,43
RHIANYDD,21
RHOANNE,3
RHODA,133
RHONA,188
RHONDA,4
RHONWEN,3
RHOSWEN,2
RHOSYN,1
RHYA,28
RHYAN,4
RHYANNA,119
RHYANNE,27
RHYANNON,36
RIA,3294
RIAH,173
RIAN,56
RIANA,273
RIANAH,1
RIANN,26
RIANNA,1100
RIANNAN,3
RIANNE,329
RIANNON,94
RIARNA,7
RICHA,65
RICHELLE,88
RICKI,43
RIDA,462
RIDDHI,117
RIDHA,82
RIDHI,83
RIFAT,17
RIFKA,54
RIHANA,232
RIHANNA,534
RIHANNAH,9
RIHANNON,5
RIKI,9
RIKKI,106
RILEY,727
RIMA,183
RIMINI,55
RIMSHA,302
RIMSHAH,50
RINA,162
RINOA,8
RIO,605
RIONA,158
RIPLEY,84
RISA,18
RISHA,132
RITA,5443
RITIKA,34
RITU,3
RIVA,116
RIVER,532
RIVKA,358
RIVKAH,41
RIYA,1515
RIZWANA,107
ROA,1
ROAN,3
ROANNA,35
ROANNE,15
ROBBIE,4
ROBBYN,14
ROBERTA,593
ROBIN,415
ROBINA,15
ROBYN,8931
ROBYNE,3
ROBYNN,6
ROBYNNE,40
ROCHANA,6
ROCHE,16
ROCHEL,132
ROCHELLE,907
RODA,10
ROGUE,12
ROHA,18
ROHAN,20
ROHANNA,25
ROHIMA,56
ROHINI,63
ROISIN,1744
ROJDA,64
ROKSANA,95
ROMA,475
ROMAANA,15
ROMANA,262
ROMANI,58
ROMANY,351
ROMESSA,29
ROMEY,122
ROMI,148
ROMILLY,618
ROMILY,74
ROMINA,100
ROMY,746
RONA,143
RONI,144
RONIA,5
RONJA,9
RONNI,219
RONNIE,558
RONNY,12
RONYA,11
ROOP,13
ROSA,3083
ROSABELLA,133
ROSABELLE,78
ROSALEE,39
ROSALEEN,16
ROSALIA,101
ROSALIE,825
ROSALIND,676
ROSALYN,240
ROSAMOND,3
ROSAMUND,118
ROSANA,6
ROSANNA,1206
ROSANNAH,15
ROSANNE,28
ROSE,15523
ROSEANN,41
ROSEANNA,609
ROSEANNE,244
ROSELINE,6
ROSELLA,38
ROSELLE,14
ROSELYN,60
ROSEMARIE,248
ROSE-MARIE,86
ROSEMARY,7010
ROSETTA,98
ROSEY,194
ROSHAN,35
ROSHANA,13
ROSHANI,14
ROSHEEN,61
ROSHELLE,1
ROSHINI,16
ROSHNI,409
ROSIE,21126
ROSIE-BETH,3
ROSIE-MAE,165
ROSIE-MAY,218
ROSINA,1674
ROSITA,40
ROSLYN,74
ROSSLYN,3
ROSY,241
ROWAN,1422
ROWANNE,41
ROWDA,3
ROWEN,138
ROWENA,328
ROWENNA,19
ROXANA,308
ROXANE,39
ROXANN,25
ROXANNA,278
ROXANNE,1965
ROXI,111
ROXIE,114
ROXXI,6
ROXY,1074
ROYA,128
ROZ,1
ROZA,184
ROZALIA,121
ROZE,1
ROZEENA,35
ROZELIN,2
ROZERIN,67
ROZI,1
ROZIE,1
ROZINA,39
ROZITA,2
RUA,1
RUBI,456
RUBIE,1053
RUBINA,128
RUBY,51592
RUBY-ANN,42
RUBY-ANNE,21
RUBY-GRACE,37
RUBY-LEIGH,123
RUBY-MAE,610
RUBY-MAY,479
RUCHI,38
RUDI,57
RUE,7
RUELLE,1
RUGILE,28
RUHE,3
RUHENA,15
RUHI,140
RUI,21
RUJINA,13
RUKAIYA,77
RUKAYA,50
RUKHSAAR,27
RUKHSANA,10
RUKHSAR,166
RUKIA,39
RUKIYA,63
RUKSANA,62
RUKSAR,60
RUKSHANA,26
RUMA,13
RUMAANAH,41
RUMAISA,331
RUMANA,122
RUMAYSA,526
RUMENA,17
RUMER,48
RUMESSA,3
RUMI,12
RUMINA,15
RUMSHA,1
RUNA,26
RUNAKO,1
RUPA,13
RUPALI,9
RUPINDER,51
RUQAIYA,72
RUQAIYAH,186
RUQAYA,177
RUQAYAH,111
RUQAYYA,287
RUQAYYAH,939
RUQIYA,77
RUSHDA,8
RUTA,9
RUTH,12529
RUTHIE,27
RUWAIDA,22
RUWEYDA,35
RUYA,33
RUZINA,12
RWAN,1
RYA,40
RYAH,19
RYANNA,42
RYANNE,17
RYLA,1
RYLEIGH,196
SABA,789
SABAH,1006
SABAHAT,36
SABBA,37
SABBAH,20
SABIHA,381
SABIHAH,85
SABINA,509
SABINE,154
SABIRA,28
SABIRAH,44
SABIYA,46
SABRA,2
SABREEN,73
SABREENA,24
SABRIN,138
SABRINA,2416
SABRINE,63
SACHA,766
SACHI,66
SADAF,268
SADE,534
SADHANA,7
SADIA,1246
SADIAH,40
SADIE,5265
SADIKA,40
SAFAA,1037
SAFAH,521
SAFARI,4
SAFFRON,3716
SAFIA,1187
SAFINA,185
SAFIRA,51
SAFIYA,1247
SAFIYAH,591
SAFIYE,66
SAFIYYAH,964
SAFRON,10
SAGAL,179
SAGE,24
SAHAR,620
SAHARA,478
SAHDIA,12
SAHER,105
SAIBA,112
SAIBAH,74
SAIDA,155
SAIGE,3
SAIKA,11
SAIMA,856
SAIRA,1082
SAIRAH,210
SALEENA,137
SALEHA,211
SALEMA,4
SALI,33
SALIHA,246
SALIHAH,124
SALIMA,124
SALINA,213
SALLIE,29
SALLY,8630
SALLYANN,23
SALLY-ANN,67
SALLY-ANNE,41
SALMA,2142
SALOME,142
SALONI,73
SALWA,235
SAM,85
SAMAIRA,167
SAMANTHA,25672
SAMANTHA-JANE,3
SAMANTHA-JO,3
SAMANTHA-LOUISE,3
SAMAR,181
SAMARA,786
SAMARIA,4
SAMEERA,348
SAMI,27
SAMIA,736
SAMIHA,536
SAMINA,351
SAMIRA,1208
SAMIRAH,315
SAMMI,116
SAMMIE,107
SAMMY,125
SAMMY-JO,105
SAMRA,110
SAMRAH,101
SAMYA,90
SANA,3117
SANAA,715
SANAH,562
SANAM,167
SANDIE,25
SANDRA,13254
SANDY,134
SANEELA,12
SANGEETA,18
SANHA,18
SANIA,488
SANITA,8
SANIYA,434
SANIYAH,191
SANJANA,287
SANJIDA,99
SANJIDAH,73
SANJNA,14
SANNA,345
SANNAH,181
SANSA,9
SANTANA,77
SANYA,286
SAOIRSE,901
SAONA,3
SAPHIA,163
SAPHIRA,71
SAPHIRE,183
SAPHRON,58
SAPNA,39
SAPPHIRA,86
SAPPHIRE,1817
SARA,12429
SARAH,54631
SARAH-ANN,16
SARAHJANE,12
SARAH-JANE,343
SARAH-JAYNE,116
SARAHLOUISE,7
SARAH-LOUISE,241
SARAH-ROSE,5
SARA-LOUISE,7
SARAN,101
SARANYA,24
SARAYA,120
SAREENA,148
SARENA,40
SARGUN,6
SARI,6
SARIA,53
SARIAH,162
SARIKA,64
SARINA,505
SARISH,35
SARITA,66
SARRA,38
SASCHA,180
SASHA,5555
SASHA-LOUISE,7
SASKIA,3337
SASKYA,6
SATVEER,32
SAUDAH,47
SAVANA,150
SAVANAGH,7
SAVANAH,211
SAVANNA,878
SAVANNAH,5431
SAVERA,97
SAVITA,3
SAVREEN,3
SAWYER,5
SAXON,41
SAYA,166
SAYEDA,124
SAYEEDA,50
SAYEMA,24
SAYMA,62
SAYRA,6
SAYURI,10
SCARLET,4094
SCARLETT,24145
SCARLETTE,293
SCARLETT-ROSE,139
SCARLOTTE,19
SCOUT,140
SEANA,83
SEANAGH,4
SEANNA,108
SEDA,47
SEDRA,8
SEEMA,148
SEETAL,11
SEHAR,272
SEHER,266
SEHR,111
SEHRISH,230
SEJAL,59
SELA,1
SELEN,74
SELENA,566
SELENE,98
SELIN,443
SELINA,1421
SELINE,15
SELMA,271
SEMA,92
SEMRA,23
SENA,138
SENAY,36
SENIZ,13
SENNA,87
SENNEN,123
SEONA,27
SEONAID,15
SEPHORA,89
SEQUOIA,9
SERA,90
SERAFINA,128
SERAH,13
SERAI,2
SERAN,20
SERAPHINA,249
SERAPHINE,15
SERAY,13
SEREEN,9
SEREENA,51
SEREN,5582
SERENA,2662
SERENDIPITY,1
SERENE,143
SERENITY,149
SERIFE,27
SERINA,136
SERISH,62
SEVAL,3
SEVCAN,3
SEVERINE,3
SEVGI,36
SEVIL,6
SEVILAY,4
SEYMA,20
SEZEN,18
SHAAN,219
SHABANA,106
SHABINA,20
SHABNAM,161
SHABNUM,9
SHADE,34
SHADI,15
SHADIA,75
SHAE,299
SHAFIA,65
SHAH,185
SHAHANA,135
SHAHD,123
SHAHEEN,47
SHAHEENA,18
SHAHENA,17
SHAHIDA,89
SHAHIMA,8
SHAHINA,44
SHAHNAZ,63
SHAI,151
SHAILA,87
SHAIMA,155
SHAINA,158
SHAIRA,36
SHAISTA,78
SHAJEDA,13
SHAKEELA,31
SHAKERA,38
SHAKIA,47
SHAKIERA,15
SHAKILA,113
SHAKIRA,1415
SHAKIRAH,105
SHALINI,95
SHALOM,240
SHAM,11
SHAMA,99
SHAMAILA,44
SHAMARA,36
SHAMEELA,13
SHAMEELAH,8
SHAMEEM,10
SHAMIKA,28
SHAMILA,93
SHAMILAH,15
SHAMILLA,13
SHAMIM,35
SHAMIMA,149
SHAMINA,24
SHAMIRA,29
SHAMS,22
SHAMSA,106
SHAN,67
SHANA,414
SHANADE,142
SHANAE,395
SHANAI,255
SHANAY,294
SHANAYA,445
SHANAYE,58
SHANAZ,101
SHANE,13
SHANEA,29
SHANEE,12
SHANEECE,20
SHANEICE,9
SHANEL,142
SHANELL,66
SHANELLE,367
SHANEY,55
SHANI,422
SHANIA,2669
SHANIAH,145
SHANICE,1527
SHANIE,173
SHANIECE,107
SHANIKA,100
SHANINE,23
SHANIQUA,115
SHANIQUE,101
SHANISE,46
SHANIYA,264
SHANLEY,15
SHANNA,168
SHANNAGH,18
SHANNAH,92
SHANNAN,303
SHANNAY,83
SHANNEL,74
SHANNEN,215
SHANNIA,29
SHANNICE,43
SHANNIE,11
SHANNON,26946
SHANNON-LEE,6
SHANNON-LEIGH,46
SHANNON-LOUISE,67
SHANNON-MARIE,24
SHANNON-PAIGE,3
SHANON,124
SHANTAE,59
SHANTAI,25
SHANTAY,92
SHANTE,118
SHANTEL,158
SHANTELL,48
SHANTELLE,276
SHANTI,151
SHANZA,55
SHAQUILLA,11
SHARA,112
SHARANDEEP,21
SHARANJIT,15
SHARDAE,67
SHARDAY,74
SHAREEN,112
SHARELLE,17
SHARI,40
SHARICE,12
SHARIFA,78
SHARIFAH,33
SHARIKA,23
SHARLA,64
SHARLEEN,22
SHARLENE,59
SHARLOTTE,53
SHARMAINE,61
SHARMILA,35
SHARMIN,208
SHARMINA,34
SHARMINE,3
SHARN,123
SHARNA,935
SHARNAH,15
SHARNAY,46
SHARNE,45
SHARNELLE,9
SHARNEY,19
SHARNI,99
SHARNIA,15
SHARNIE,96
SHARNNA,9
SHARON,10314
SHARONA,28
SHAUNA,2997
SHAUNAGH,57
SHAUNAH,17
SHAUNA-LEA,4
SHAUNA-LEIGH,27
SHAUNA-MARIE,3
SHAUNI,58
SHAUNIE,92
SHAUNNA,233
SHAUNNAH,16
SHAUNTELLE,3
SHAUNY,4
SHAWNA,147
SHAWNEE,25
SHAWNIE,13
SHAY,258
SHAYAN,17
SHAYE,132
SHAYLA,831
SHAYLEE,83
SHAYLEIGH,92
SHAYMA,185
SHAYNA,376
SHAYNE,29
SHAZIA,206
SHAZMEEN,14
SHAZMIN,42
SHAZNA,17
SHAZNAY,49
SHEA,121
SHEBA,8
SHEEMA,35
SHEENA,203
SHEEREEN,13
SHEFALI,23
SHEIKH,292
SHEIKHA,36
SHEILA,12269
SHEKINAH,192
SHELBEY,11
SHELBI,38
SHELBIE,223
SHELBY,2525
SHELDON,35
SHELINA,38
SHELLBY,55
SHELLEY,379
SHELLIE,22
SHELLY,164
SHENADE,14
SHENELLE,21
SHENICE,68
SHENISE,11
SHENIZ,21
SHEREE,130
SHEREECE,30
SHEREEN,176
SHERELLE,69
SHERENA,11
SHERENE,12
SHERI,22
SHERICE,25
SHERIDAN,161
SHERIE,26
SHERILYN,8
SHERISH,3
SHERNICE,3
SHERRELL,4
SHERRI,29
SHERRIE,71
SHERRY,96
SHERYL,86
SHEVAUN,26
SHIONA,17
SHIRA,158
SHIREEN,140
SHIRELLE,14
SHIRIN,97
SHIRLEY,8869
SHIVA,3
SHIVANGI,19
SHIVANI,852
SHIVONNE,4
SHOANA,3
SHOLA,310
SHONA,1462
SHONAGH,26
SHONAH,3
SHONIE,3
SHONNA,9
SHYLA,399
SHYLO,3
SIA,350
SIAH,1
SIAMA,14
SIAN,7495
SIANA,306
SIANI,34
SIANIE,10
SIANN,13
SIANNA,357
SIANNAH,15
SIANNE,61
SIANTE,1
SIARA,8
SIBEL,84
SIBGHA,3
SICILY,13
SIDDHI,12
SIDDIKA,5
SIDDIQA,40
SIDDRA,9
SIDHRA,17
SIDNEY,218
SIDNIE,3
SIDONIE,88
SIDRA,550
SIDRAH,295
SIENA,975
SIENNA,16603
SIENNA-RAE,22
SIENNA-ROSE,122
SIERRA,164
SIGOURNEY,41
SIGRID,1
SIHAM,241
SILA,162
SILVA,15
SILVANA,54
SILVER,30
SILVIA,219
SILVIE,15
SIMA,141
SIMAR,40
SIMARAN,8
SIMERAN,8
SIMGE,34
SIMI,79
SIMILOLUWA,26
SIMISOLA,66
SIMMONE,3
SIMONA,353
SIMONE,1211
SIMPHIWE,1
SIMRA,451
SIMRAH,350
SIMRAN,3543
SINAI,9
SINDI,17
SINDY,48
SINEAD,2806
SINEM,63
SIOBAHN,7
SIOBHAIN,6
SIOBHAN,2033
SIOFRA,2
SION,6
SIONA,55
SIONED,347
SIREEN,34
SIRI,73
SIRIN,32
SIRIOL,11
SITA,63
SITI,39
SIUBHAN,3
SIVAN,9
SIWAN,173
SIYA,294
SKAISTE,12
SKIE,134
SKY,2310
SKYE,10762
SKYLA,2049
SKYLAH,59
SKYLAR,1077
SKYLER,488
SLOANE,11
SNEHA,284
SNOW,9
SOBIA,127
SOBIYA,3
SOFEA,1
SOFFIA,22
SOFI,68
SOFIA,14451
SOFIAT,5
SOFIE,572
SOFINA,40
SOFIYA,182
SOHA,261
SOLACE,3
SOLEIL,6
SOLENE,7
SOLENNE,6
SOLIANA,17
SOLVEIG,9
SOMA,17
SOMER,113
SOMERSET,3
SOMIA,26
SOMMER,329
SOMTOCHUKWU,1
SONA,78
SONIA,1946
SONICA,3
SONIKA,6
SONITA,3
SONIYA,57
SONJA,78
SONYA,235
SOOKIE,7
SOPHEA,5
SOPHI,16
SOPHIA,28274
SOPHIE,97630
SOPHIE-ANN,54
SOPHIE-ANNE,55
SOPHIE-JANE,31
SOPHIE-JAYNE,14
SOPHIE-JO,20
SOPHIE-LEIGH,149
SOPHIE-LOUISE,215
SOPHIE-MAE,82
SOPHIE-MARIE,69
SOPHIE-MAY,100
SOPHIE-ROSE,70
SOPHINA,37
SOPHY,146
SORAYA,763
SORCHA,451
SOREL,2
SOROH,68
SORREL,183
SORRELL,17
SORRELLE,3
SPIRIT,1
STACEY,5194
STACI,13
STACIA,6
STACIE,356
STACY,276
STAR,671
STARLA,34
STARR,283
STASIA,3
STASSY,3
STEFANI,45
STEFANIA,216
STEFANIE,203
STEFANY,21
STEFFANIE,19
STEFFANY,3
STEFFI,79
STELA,8
STELLA,2815
STEPHANIE,14801
STEPHANNIE,7
STEPHANY,62
STEPHENIE,40
STEVEY,3
STEVI,45
STEVIE,1193
STEVIE-LEE,15
STEVIE-LEIGH,110
STEVIE-LOUISE,19
STORM,668
STORME,24
SUCCESS,4
SUDE,116
SUE,24
SUELA,6
SUFIA,52
SUGHRA,3
SUGRA,8
SUHA,198
SUHAILA,62
SUHANA,238
SUHANI,37
SUKI,250
SUKIE,20
SULA,6
SULTAN,70
SULTANA,57
SUMAIYAH,544
SUMAN,133
SUMAYA,1353
SUMER,49
SUMMA,211
SUMMAR,66
SUMMER,18939
SUMMER-LEA,17
SUMMER-LEIGH,122
SUMMER-LOUISE,232
SUNA,15
SUNAH,11
SUNDAY,10
SUNDUS,184
SUNITA,57
SUNNIE,38
SUNNY,202
SUNSHINE,26
SURI,208
SUSAN,24095
SUSANA,72
SUSANNA,567
SUSANNAH,919
SUSANNE,33
SUSIE,222
SUWAIBAH,7
SUZAN,69
SUZANNA,451
SUZANNAH,307
SUZANNE,3980
SUZI,84
SUZIE,254
SUZY,119
SVETLANA,7
SYAN,19
SYBIL,578
SYBILLA,1
SYDELLE,1
SYDNEE,174
SYDNEY,3275
SYDNI,71
SYDNIE,220
SYEDA,3179
SYLVANA,11
SYLVIA,8028
SYLVIE,1043
SYMONE,49
SYMPHONY,2
SYMRAN,34
SYRA,35
SZOFIA,6
SZONJA,1
TABATHA,350
TABETHA,88
TABITHA,4629
TACITA,16
TAEGAN,40
TAELA,29
TAELOR,7
TAHANI,92
TAHERA,103
TAHIBA,16
TAHIRA,368
TAHIRAH,133
TAHIYA,157
TAHIYAH,52
TAHLIA,868
TAHMIDA,38
TAHMINA,349
TAHSIN,140
TAI,51
TAIA,104
TAIBA,342
TAIBAH,180
TAILA,104
TAILOR,6
TAISHA,76
TAITE,36
TAIWO,101
TAIYA,197
TAJA,64
TAJAH,23
TAKARA,85
TALA,246
TALEAH,81
TALI,141
TALIA,3118
TALIAH,315
TALISA,44
TALISHA,231
TALITHA,443
TALIYA,92
TALLIA,48
TALLIS,30
TALLULA,186
TALLULAH,2872
TALULA,92
TALULAH,49
TALULLA,65
TALYA,269
TAMANA,86
TAMANNA,371
TAMAR,309
TAMARA,2921
TAMEKA,64
TAMELIA,4
TAMERA,256
TAMESHA,8
TAMI,43
TAMIA,380
TAMICA,18
TAMIKA,342
TAMILORE,11
TAMINA,37
TAMIRA,80
TAMISHA,29
TAMLYN,15
TAMMI,70
TAMMIE,82
TAMMY,714
TAMSIN,1586
TAMSYN,226
TAMZIN,1952
TAMZYN,128
TANAKA,28
TANATSWA,15
TANAYA,147
TANEESHA,69
TANEISHA,59
TANEKA,4
TANESHA,116
TANIA,744
TANICHA,8
TANIKA,151
TANISHA,1934
TANISHIA,7
TANITA,13
TANITH,108
TANIYA,130
TANJA,4
TANJILA,21
TANJIMA,11
TANJINA,59
TANSI,1
TANSY,162
TANVEE,1
TANVEER,34
TANVI,269
TANWEN,55
TANYA,2964
TANYEL,22
TANZEELA,160
TANZILA,120
TANZIM,31
TANZINA,39
TANZY,3
TAOME,47
TAOMI,16
TAPIWA,6
TARA,5001
TARAH,31
TARA-JADE,4
TARA-LEIGH,3
TARA-LOUISE,7
TARA-MARIE,3
TARAN,56
TARIN,26
TARRYN,61
TARYN,588
TASFIA,87
TASHA,333
TASIA,83
TASLEEMA,16
TASLIMA,257
TASMIA,97
TASMIAH,38
TASMIN,421
TATANIA,3
TATE,177
TATIANA,746
TATJANA,42
TATUM,206
TATYANA,151
TAVIA,74
TAWANA,77
TAWNIE,2
TAWNY,42
TAY,14
TAYA,1299
TAYABAH,18
TAYAH,435
TAYANNA,1
TAYBA,145
TAYBAH,313
TAYIBA,108
TAYLA,2653
TAYLAH,243
TAYLAR,75
TAYLER,383
TAYLIA,7
TAYLOR,6617
TAYLOR-ANN,16
TAYLOR-ANNE,4
TAYLOR-JADE,19
TAYLOR-JAYNE,26
TAYLOR-LEIGH,44
TAYLOR-MARIE,12
TAYMAR,18
TAYSHA,2
TAZMEEN,7
TAZMIN,405
TEA,197
TEAGAN,1905
TEAGEN,11
TEAGHAN,13
TEAH,195
TEAL,52
TEANNA,84
TEDDY,42
TEEGAN,902
TEELA,25
TEGAN,6325
TEGEN,156
TEGHAN,8
TEGWEN,20
TEHREEM,143
TEHYA,284
TEHZEEB,20
TEIA,53
TEIFI,5
TEIGAN,1582
TEIGEN,3
TEIGHAN,79
TEIJA,7
TEILA,11
TEISHA,31
TEJAL,57
TEJASWINI,1
TELERI,100
TEMIDAYO,52
TEMILOLUWA,163
TEMITAYO,59
TEMITOPE,174
TEMPANY,74
TEMPERANCE,41
TENESHA,7
TENIOLA,85
TENISHA,85
TENNESSEE,1
TENZIN,12
TEODORA,41
TEONA,66
TEONI,70
TEQUILA,15
TERESA,4935
TEREZA,22
TERI,375
TERI-ANN,17
TERIANNE,3
TERI-ANNE,3
TERI-LEIGH,3
TERRI,660
TERRI-ANN,56
TERRIANNE,7
TERRI-ANNE,31
TERRIE,37
TERRI-LEE,7
TERRI-LEIGH,40
TERRI-LOUISE,4
TERTIA,3
TESNI,187
TESS,1248
TESSA,1216
TESSIE,3
TESTIMONY,8
TEXAS,21
TEYA,189
TEYLA,18
THAHMINA,47
THAI,8
THAIS,54
THALIA,977
THAMANNA,32
THAMINA,44
THANDEKA,13
THANDI,7
THANDIE,13
THANIA,28
THANIYA,8
THARA,28
THASLIMA,21
THEA,4813
THEADORA,189
THEA-GRACE,3
THEIA,77
THELMA,1807
THEODORA,501
THERESA,1673
THERESE,94
THEYA,2
THI,16
THIA,30
THIERRY,15
THOMASIN,7
THOMASINA,58
THORA,15
THULASI,3
THUY,18
TIA,14558
TIAGAN,3
TIAH,335
TIAHNA,82
TIA-JADE,25
TIA-LEIGH,64
TIA-LEONI,8
TIA-LOUISE,223
TIA-MAE,64
TIAN,108
TIANA,2698
TIANEY,22
TIANN,21
TIANNA,2063
TIANNAH,113
TIANNE,97
TIARA,222
TIARNA,421
TIA-ROSE,128
TIEGAN,1598
TIENNA,15
TIERNEY,534
TIFFANI,66
TIFFANIE,46
TIFFANY,4057
TIFFINY,15
TIGAN,6
TIGER,117
TIGERLILLY,2
TIGERLILY,41
TIGGI,1
TIGGY,95
TILA,3
TILDA,208
TILIA,46
TILLEE,6
TILLEY,130
TILLI,107
TILLIA,2
TILLIE,1270
TILLY,8467
TILLY-LEIGH,1
TILLY-MAE,75
TILLY-MAY,54
TIMERA,3
TINA,1714
TINESHA,4
TINIKA,3
TINISHA,50
TIOLUWANI,14
TIONE,3
TIONNE,41
TIRION,157
TISHA,90
TITILAYO,32
TITILOPE,6
TIWATOPE,6
TIYA,246
TIYANA,125
TOBY,115
TOCHI,9
TOLANI,7
TOLULOPE,68
TOLUWALASE,52
TOLUWALOPE,20
TOLUWANIMI,43
TOMASINA,1
TOMIKA,3
TOMISHA,3
TOMOKA,1
TONI,3473
TONIA,52
TONI-ANNE,19
TONICHA,193
TONICHIA,3
TONIE,25
TONIKA,12
TONILEE,3
TONILEIGH,4
TONI-LEIGH,50
TONI-LOUISE,20
TONI-MARIE,67
TONISHA,82
TONYA,25
TOPAZ,60
TORA,39
TORAL,3
TORI,1180
TORIE,45
TORI-LEE,1
TORIN,1
TOYA,14
TOYAH,151
TOYIN,3
TRACEY,9122
TRACIE,3
TRACY,7022
TREA,3
TREASURE,17
TRELAWNY,1
TRICIA,35
TRILBY,1
TRINA,24
TRINITY,2210
TRIONA,3
TRISH,4
TRISHA,346
TRISHNA,46
TRIXIE,45
TROI,3
TROY,3
TRUDI,93
TRUDIE,105
TRUDY,175
TRUE,4
TRULY,48
TUANA,101
TUBA,42
TUESDAY,77
TUGCE,43
TULA,147
TULAH,5
TULAY,3
TULI,4
TULIA,1
TULIP,12
TULISA,103
TULISE,4
TULISIA,5
TULISSA,4
TULLIA,7
TULLY,1
TULSI,146
TULULA,4
TUSCANY,7
TWYLA,7
TYANA,80
TYANNA,92
TYBAH,3
TYE,3
TYESHA,51
TYLA,591
TYLAH,66
TYLAR,14
TYLER,1695
TYLER-JADE,10
TYLER-MARIE,3
TYNE,69
TYONA,3
TYRA,901
TZIVIA,43
UBAH,14
UCHECHUKWU,2
UISCE,1
ULA,34
ULLA,9
ULRIKA,3
UMA,394
UMAIMAH,221
UMAIRA,68
UMAMA,49
UMAMAH,165
UMARA,29
UMARAH,85
UMAY,20
UMAYMAH,354
UMBER,4
UME,43
UMERA,26
UMME,289
UMMI,14
UMRAH,9
UNA,348
UNAISAH,117
UNIQUE,67
UNITY,28
URJA,11
URMI,7
UROOSA,21
URSULA,384
URSZULA,20
URVASHI,27
URVI,67
USMA,20
USWA,21
UXIA,1
UZMA,333
VADA,22
VAISHALI,54
VALA,2
VALENCIA,55
VALENTINA,1252
VALENTINE,92
VALERIA,188
VALERIE,10029
VALERIYA,1
VANDANA,3
VANESA,361
VANESSA,3827
VANI,36
VANIA,75
VANISHA,82
VANYA,46
VARYA,1
VASILIKI,20
VAYA,1
VEDA,17
VEENA,30
VEGA,12
VEGAS,1
VELA,1
VELVET,62
VENESSA,28
VENETIA,103
VENICE,16
VENUS,181
VERA,10058
VERENA,27
VERITY,2322
VERONA,32
VERONICA,3308
VERONIKA,331
VERONIQUE,33
VESA,20
VESPA,1
VESPER,20
VESTA,15
VI,1
VICKI,110
VICKIE,32
VICKY,342
VICTOIRE,23
VICTORIA,26630
VICTORIA-LOUISE,1
VICTORIOUS,1
VICTORY,70
VIDA,71
VIDHI,122
VIENNA,497
VIENNA-ROSE,1
VIKKI,98
VIKTORIA,415
VINAYA,8
VINCENZA,19
VINISHA,28
VIOLA,247
VIOLET,14943
VIOLETA,10
VIOLETTE,37
VIRGINIA,217
VISHALI,33
VITA,122
VITTORIA,88
VIVIAN,354
VIVIANA,77
VIVIANE,7
VIVIANNE,8
VIVIEN,339
VIVIENNE,1271
VOGUE,9
WAFA,123
WAHEEDA,21
WAHIDA,117
WAI,28
WALLIS,68
WAN,71
WANDA,13
WARDA,137
WARDAH,41
WARDAT,1
WARSAN,7
WASIMA,36
WEDNESDAY,42
WEI,19
WEN,15
WENDY,8519
WENG,2
WERONIKA,206
WHITLEY,4
WHITNEY,780
WHITNEY-MARIE,1
WILHELMINA,84
WILHEMINA,3
WILLA,200
WILLOW,8226
WILLOW-ROSE,38
WILMA,6
WIN,3
WING,100
WINIFRED,13690
WINNIE,422
WINNIFRED,8
WINNY,3
WINONA,69
WINTER,222
WITNEY,7
WREN,435
WURAOLA,14
XANA,6
XANTHE,804
XANTHIE,8
XANTIA,9
XARA,98
XENA,247
XENIA,191
XI,11
XIA,45
XIAN,3
XIAO,15
XIN,92
XING,6
XSARA,21
XU,1
XUAN,5
XYLA,8
YAEL,188
YAELLE,4
YAGMUR,209
YANA,231
YANIQUE,15
YANNA,21
YARA,637
YARAH,6
YAREN,102
YASEMIN,451
YASMEEN,361
YASMIN,9246
YASMINA,291
YASMINE,1959
YASSMIN,6
YASSMINE,6
YAZ,1
YAZMIN,698
YAZMINE,92
YELENA,39
YEVA,2
YEWANDE,21
YEZDA,8
YIFEI,2
YIN,3
YING,88
YLANA,3
YOANNA,5
YOCHEVED,79
YOHANNA,10
YOLANDA,240
YOLANDE,17
YOMNA,9
YOUSRA,113
YOYO,1
YSABEAU,1
YSABEL,124
YSABELLA,109
YSABELLE,98
YSANNE,8
YSEULT,3
YSOBEL,44
YSOBELLA,12
YU,287
YUE,6
YUEN,5
YUI,16
YUKI,78
YULIA,6
YUMI,12
YUMNA,333
YUN,25
YUNA,32
YUQI,1
YUQIAO,1
YURI,10
YUSRA,1368
YUSRAA,10
YUVAL,3
YUXI,2
YUXUAN,1
YVE,12
YVES,14
YVETTE,217
YVIE,358
YVONNE,5044
ZABRINA,27
ZAFIRAH,61
ZAFREEN,17
ZAHARA,278
ZAHIDA,27
ZAHIRA,128
ZAHIRAH,62
ZAHRA,5517
ZAHRAH,505
ZAIB,3
ZAIBA,104
ZAINA,1020
ZAINAB,6273
ZAINAH,122
ZAINEB,130
ZAINUB,92
ZAIRA,157
ZALA,10
ZALIKA,8
ZANA,104
ZARA,12709
ZARAH,821
ZARA-MARIA,1
ZAYA,7
ZAYNA,535
ZAYNAB,2400
ZAYNAH,1069
ZAYNEB,13
ZEA,18
ZEBA,161
ZEENA,114
ZEENAT,324
ZEHRA,271
ZEINA,69
ZEINAB,210
ZELDA,101
ZENA,368
ZENAB,229
ZENDAYA,6
ZENIA,74
ZENNA,44
ZENOBIA,16
ZENUB,6
ZENYA,2
ZETA,71
ZEYA,2
ZEYNAB,80
ZEYNEP,480
ZHANE,156
ZHARA,42
ZIA,285
ZIGGY,7
ZILAN,141
ZINA,83
ZINEB,31
ZION,112
ZIXUAN,2
ZLATA,10
ZOBIA,142
ZOE,24470
ZOE-LOUISE,11
ZOEY,571
ZOEYA,21
ZOFIA,1451
ZOHA,576
ZOHRA,226
ZOIE,44
ZOIYA,1
ZOLA,97
ZOPHIA,2
ZORA,59
ZORAH,1
ZOWIE,27
ZOYA,2209
ZOYAH,102
ZUBAIDAH,10
ZULAKHA,7
ZULEIKA,35
ZULEKHA,189
ZUNAIRA,329
ZURI,27
ZUZANA,18
ZUZANNA,2718
ZUZU,3
ZVIKOMBORERO,4
